title,isAdult,runtimeMinutes,genres,IMDBavgRating,numVotes,rank,worldwideGross,domesticGross,domestic%,foreignGross,foreign%,year,originalLang,productionCountries
Kate & Leopold (2001),0,118,"['Comedy,Fantasy,Romance']",6.4,91304,56,76019048.0,47121859.0,62.0,28897189.0,38.0,2001,en,['United States of America']
The Sorcerer's Apprentice (2010),0,86,"['Adventure,Family,Fantasy']",4.2,757,34,215283742.0,63150991.0,29.3,152132751.0,70.7,2010,en,['United States of America']
Fantastic Four (2005),0,106,"['Action,Adventure,Fantasy']",5.7,353227,11,333535934.0,154696080.0,46.4,178839854.0,53.6,2005,en,"['Germany', 'United States of America']"
Fantastic Four (2015),0,106,"['Action,Adventure,Fantasy']",5.7,353227,44,167882881.0,56117548.0,33.4,111765333.0,66.6,2015,en,"['United Kingdom', 'Germany', 'United States of America']"
Frida (2002),0,123,"['Biography,Drama,Romance']",7.3,97408,78,56298474.0,25885000.0,46.0,30413474.0,54.0,2002,en,"['Canada', 'Mexico', 'United States of America']"
From Hell (2001),0,122,"['Crime,Horror,Mystery']",6.7,167582,58,74558115.0,31602566.0,42.4,42955549.0,57.6,2001,en,['United States of America']
The Lord of the Rings: The Fellowship of the Ring (2001),0,178,"['Adventure,Drama,Fantasy']",8.9,2086193,2,868385360.0,313364114.0,36.1,555021246.0,63.9,2001,en,"['New Zealand', 'United States of America']"
Resident Evil (2002),0,100,"['Action,Horror,Sci-Fi']",6.6,297181,50,102984862.0,40119709.0,39.0,62865153.0,61.0,2002,en,"['Canada', 'France', 'Germany', 'United Kingdom']"
The Shipping News (2001),0,111,['Drama'],6.7,34225,114,24690441.0,11434216.0,46.3,13256225.0,53.7,2001,en,"['Canada', 'United States of America']"
Trance (2013),0,86,"['Action,Comedy,Horror']",5.0,71,197,24261569.0,2328743.0,9.6,21932826.0,90.4,2013,en,"['France', 'United Kingdom', 'United States of America']"
Men in Black II (2002),0,88,"['Action,Adventure,Comedy']",6.2,415574,5,441818803.0,190418803.0,43.1,251400000.0,56.9,2002,en,['United States of America']
Corpse Bride (2005),0,77,"['Animation,Comedy,Drama']",7.4,311298,43,117195061.0,53359111.0,45.5,63835950.0,54.5,2005,en,"['United Kingdom', 'United States of America']"
Star Wars: Episode II - Attack of the Clones (2002),0,142,"['Action,Adventure,Fantasy']",6.6,781777,4,645256452.0,302191252.0,46.8,343065200.0,53.2,2002,en,['United States of America']
Star Wars: Episode III - Revenge of the Sith (2005),0,140,"['Action,Adventure,Fantasy']",7.6,871098,2,849997605.0,380270577.0,44.7,469727028.0,55.3,2005,en,['United States of America']
Heartbreakers (2001),0,123,"['Comedy,Crime,Romance']",6.3,59461,74,57756408.0,40336607.0,69.8,17419801.0,30.2,2001,en,['United States of America']
Shrek (2001),0,90,"['Adventure,Animation,Comedy']",7.9,763871,4,484596038.0,267851831.0,55.3,216744207.0,44.7,2001,en,['United States of America']
Split (2017),0,700,"['Action,Crime,Sci-Fi']",5.1,32,34,278454358.0,138291365.0,49.7,140162993.0,50.3,2017,en,['United States of America']
Driven (2001),0,116,"['Action,Drama,Sport']",4.6,43914,76,54744738.0,32720065.0,59.8,22024673.0,40.2,2001,en,"['Australia', 'Canada', 'Switzerland', 'United States of America']"
Planet of the Apes (2001),0,120,"['Action,Adventure,Sci-Fi']",5.7,237193,9,362211740.0,180011740.0,49.7,182200000.0,50.3,2001,en,['United States of America']
Treasure Planet (2002),0,95,"['Adventure,Animation,Family']",7.2,139210,45,109578115.0,38176783.0,34.8,71401332.0,65.2,2002,en,['United States of America']
Intolerable Cruelty (2003),0,100,"['Comedy,Crime,Romance']",6.3,103431,49,120801243.0,35327628.0,29.2,85473615.0,70.8,2003,en,['United States of America']
Training Day (2001),0,122,"['Crime,Drama,Thriller']",7.8,491141,40,104876233.0,76631907.0,73.1,28244326.0,26.9,2001,en,['United States of America']
Town & Country (2001),0,104,"['Comedy,Romance']",4.5,5356,170,10372291.0,6719973.0,64.8,3652318.0,35.2,2001,en,['United States of America']
Spider-Man (2002),0,121,"['Action,Adventure,Sci-Fi']",7.4,913210,3,821708551.0,403706375.0,49.1,418002176.0,50.9,2002,en,['United States of America']
Lara Croft: Tomb Raider (2001),0,100,"['Action,Adventure,Fantasy']",5.8,223834,16,274703340.0,131168070.0,47.7,143535270.0,52.3,2001,en,"['Germany', 'Japan', 'United Kingdom', 'United States of America']"
Clockstoppers (2002),0,94,"['Action,Adventure,Comedy']",5.2,15373,99,38793283.0,36989956.0,95.4,1803327.0,4.6,2002,en,['United States of America']
Behind Enemy Lines (2001),0,106,"['Action,Drama,Thriller']",6.4,115399,47,91753202.0,58856790.0,64.1,32896412.0,35.9,2001,en,['United States of America']
Cold Mountain (2003),0,154,"['Adventure,Drama,Romance']",7.2,159740,32,173013509.0,95636509.0,55.3,77377000.0,44.7,2003,en,"['United States of America', 'United Kingdom', 'Romania', 'Italy']"
What's the Worst That Could Happen? (2001),0,94,"['Comedy,Crime']",5.5,17311,90,38464131.0,32269834.0,83.9,6194297.0,16.1,2001,en,['United States of America']
Nowhere in Africa (2001),0,141,"['Biography,Drama,History']",7.5,14388,116,24322180.0,6180200.0,25.4,18141980.0,74.6,2001,de,['Germany']
Ghost World (2001),0,111,"['Comedy,Drama']",7.3,129000,179,8764007.0,6217849.0,70.9,2546158.0,29.1,2001,en,"['Germany', 'United Kingdom', 'United States of America']"
Jurassic Park III (2001),0,92,"['Action,Adventure,Sci-Fi']",5.9,349919,8,368780809.0,181171875.0,49.1,187608934.0,50.9,2001,en,['United States of America']
Dark Water (2002),0,92,"['Crime,Drama,Mystery']",5.1,202,130,24010000.0,0.0,0.0,24010000.0,100.0,2002,ja,['Japan']
The Sum of All Fears (2002),0,124,"['Action,Drama,Thriller']",6.5,127354,23,193921372.0,118907036.0,61.3,75014336.0,38.7,2002,en,"['Canada', 'Germany', 'United States of America']"
Along Came a Spider (2001),0,104,"['Crime,Drama,Mystery']",6.4,98632,39,105178561.0,74078174.0,70.4,31100387.0,29.6,2001,en,"['Canada', 'United States of America']"
Vidocq (2001),0,98,"['Action,Crime,Fantasy']",6.4,23473,157,13240767.0,0.0,0.0,13240767.0,100.0,2001,fr,['France']
Sinbad: Legend of the Seven Seas (2003),0,86,"['Adventure,Animation,Comedy']",6.7,61426,66,80773077.0,26483452.0,32.8,54289625.0,67.2,2003,en,['United States of America']
Bones (2001),0,96,"['Crime,Horror']",4.5,8455,183,8378853.0,7316658.0,87.3,1062195.0,12.7,2001,en,['United States of America']
Monkeybone (2001),0,93,"['Comedy,Fantasy']",4.8,19583,187,7622365.0,5411999.0,71.0,2210366.0,29.0,2001,en,['United States of America']
Spirit: Stallion of the Cimarron (2002),0,83,"['Adventure,Animation,Drama']",7.2,89228,37,122563539.0,73280117.0,59.8,49283422.0,40.2,2002,en,['United States of America']
Mulholland Drive (2001),0,147,"['Drama,Mystery,Thriller']",7.9,401841,125,20117339.0,7220243.0,35.9,12897096.0,64.1,2001,en,"['France', 'United States of America']"
Hellboy (2004),0,122,"['Action,Adventure,Fantasy']",6.9,359378,58,99318987.0,59623958.0,60.0,39695029.0,40.0,2004,en,"['Czech Republic', 'United States of America']"
Hellboy (2019),0,122,"['Action,Adventure,Fantasy']",6.9,359378,110,55064690.0,21903748.0,39.8,33160942.0,60.2,2019,en,"['Bulgaria', 'United States of America']"
The Lord of the Rings: The Return of the King (2003),0,201,"['Adventure,Drama,Fantasy']",9.0,2057150,1,1118887224.0,377027325.0,33.7,741859899.0,66.3,2003,en,"['New Zealand', 'United States of America']"
The Lord of the Rings: The Two Towers (2002),0,179,"['Adventure,Drama,Fantasy']",8.8,1853963,1,923015234.0,339789881.0,36.8,583225353.0,63.2,2002,en,"['New Zealand', 'United States of America']"
Thunderbirds (2004),0,95,"['Action,Adventure,Comedy']",4.3,14731,123,28283637.0,6880917.0,24.3,21402720.0,75.7,2004,en,"['France', 'United Kingdom']"
Antwone Fisher (2002),0,120,"['Biography,Drama']",7.3,39416,135,23367586.0,21078145.0,90.2,2289441.0,9.8,2002,en,['United States of America']
Bad Boys II (2003),0,147,"['Action,Comedy,Crime']",6.6,279288,10,273339556.0,138608444.0,50.7,134731112.0,49.3,2003,en,['United States of America']
Final Fantasy: The Spirits Within (2001),0,106,"['Action,Adventure,Animation']",6.4,84851,51,85131830.0,32131830.0,37.7,53000000.0,62.3,2001,en,"['Japan', 'United States of America']"
The Proposal (2009),0,91,"['Drama,Thriller']",5.3,794,21,317375031.0,163958031.0,51.7,153417000.0,48.3,2009,en,['United States of America']
15 Minutes (2001),0,120,"['Action,Crime,Drama']",6.1,52562,75,56359980.0,24403552.0,43.3,31956428.0,56.7,2001,en,"['Germany', 'United States of America']"
Hardball (2001),0,106,"['Comedy,Drama,Sport']",6.4,34471,81,44102389.0,40222729.0,91.2,3879660.0,8.8,2001,en,"['Germany', 'United States of America']"
Minority Report (2002),0,145,"['Action,Crime,Mystery']",7.6,598604,10,358372926.0,132072926.0,36.9,226300000.0,63.1,2002,en,['United States of America']
Osmosis Jones (2001),0,95,"['Action,Adventure,Animation']",6.3,39929,153,14026418.0,13596911.0,96.9,429507.0,3.1,2001,en,['United States of America']
Terminator 3: Rise of the Machines (2003),0,109,"['Action,Sci-Fi']",6.3,426262,7,433371112.0,150371112.0,34.7,283000000.0,65.3,2003,en,"['Germany', 'United Kingdom', 'United States of America']"
Phone Booth (2003),0,81,"['Crime,Thriller']",7.1,293065,57,97837138.0,46566212.0,47.6,51270926.0,52.4,2003,en,['United States of America']
A Knight's Tale (2001),0,132,"['Action,Adventure,Romance']",7.0,208752,37,117487473.0,56569702.0,48.1,60917771.0,51.9,2001,en,['United States of America']
O (2001),0,95,"['Drama,Romance,Thriller']",6.1,22217,132,19260537.0,16025437.0,83.2,3235100.0,16.8,2001,en,['United States of America']
Sugar & Spice (2001),0,81,"['Comedy,Crime']",5.7,15715,140,16908947.0,13305101.0,78.7,3603846.0,21.3,2001,en,['United States of America']
Blade II (2002),0,117,"['Action,Horror,Sci-Fi']",6.7,242960,32,155010032.0,82348319.0,53.1,72661713.0,46.9,2002,en,['United States of America']
Birthday Girl (2002),0,93,"['Comedy,Crime,Thriller']",6.0,26680,167,16171098.0,5142576.0,31.8,11028522.0,68.2,2002,en,"['United Kingdom', 'United States of America']"
Just Visiting (2001),0,88,"['Adventure,Comedy,Fantasy']",5.7,20598,142,16176732.0,4781539.0,29.6,11395193.0,70.4,2001,en,"['France', 'United States of America']"
The Fighting Temptations (2003),0,123,"['Comedy,Drama,Music']",5.6,7795,113,33972062.0,30250745.0,89.0,3721317.0,11.0,2003,en,['United States of America']
Get Over It (2001),0,87,"['Comedy,Romance']",5.7,20456,128,19900366.0,11576464.0,58.2,8323902.0,41.8,2001,en,['United States of America']
Head Over Heels (2001),0,86,"['Comedy,Mystery,Romance']",5.4,15623,158,13127022.0,10424470.0,79.4,2702552.0,20.6,2001,en,['United States of America']
Head Over Heels (2010),0,86,"['Comedy,Mystery,Romance']",5.4,15623,198,18876082.0,0.0,0.0,18876082.0,100.0,2010,pt,['Brazil']
The Order (2002),0,89,"['Action,Adventure,Comedy']",4.6,9720,194,11560806.0,7660806.0,66.3,3900000.0,33.7,2002,en,"['Japan', 'United Kingdom']"
Orphan (2009),0,99,['Drama'],7.1,32,74,77912251.0,41596251.0,53.4,36316000.0,46.6,2009,en,['United States of America']
Zoolander (2001),0,90,['Comedy'],6.5,303529,71,60780981.0,45172250.0,74.3,15608731.0,25.7,2001,en,['United States of America']
"Monsters, Inc. (2001)",0,92,"['Adventure,Animation,Comedy']",8.1,1016851,3,528773250.0,255873250.0,48.4,272900000.0,51.6,2001,en,['United States of America']
In the Cut (2003),0,119,"['Mystery,Thriller']",5.4,27104,131,23726793.0,4750602.0,20.0,18976191.0,80.0,2003,en,"['France', 'United States of America']"
Riding in Cars with Boys (2001),0,132,"['Biography,Comedy,Drama']",6.5,31032,94,35743308.0,30165536.0,84.4,5577772.0,15.6,2001,en,['United States of America']
The Bank Job (2008),0,111,"['Crime,Thriller']",7.2,192542,89,64822796.0,30060660.0,46.4,34762136.0,53.6,2008,en,"['Australia', 'United Kingdom', 'United States of America']"
Rock Star (2001),0,105,"['Drama,Music']",6.3,46096,131,19334145.0,17008282.0,88.0,2325863.0,12.0,2001,en,['United States of America']
Moulin Rouge! (2001),0,127,"['Drama,Musical,Romance']",7.6,305733,23,179213434.0,57386607.0,32.0,121826827.0,68.0,2001,en,"['Australia', 'United States of America']"
One Night at McCool's (2001),0,93,"['Comedy,Crime']",6.2,31626,156,13473370.0,6290673.0,46.7,7182697.0,53.3,2001,en,['United States of America']
Exorcist: The Beginning (2004),0,114,"['Horror,Mystery,Thriller']",5.1,40784,69,78110021.0,41821986.0,53.5,36288035.0,46.5,2004,en,['United States of America']
Save the Last Dance (2001),0,112,"['Drama,Music,Romance']",6.2,67336,36,131706809.0,91057006.0,69.1,40649803.0,30.9,2001,en,['United States of America']
Joy Ride (2001),0,97,"['Drama,Mystery,Thriller']",6.6,78466,93,36642838.0,21974919.0,60.0,14667919.0,40.0,2001,en,['United States of America']
Joy Ride (2023),0,97,"['Drama,Mystery,Thriller']",6.6,78466,145,15787674.0,12897789.0,81.7,2889885.0,18.3,2023,en,"['Canada', 'United Kingdom', 'United States of America']"
Children of Men (2006),0,109,"['Drama,Sci-Fi,Thriller']",7.9,544036,81,70455770.0,35552383.0,50.5,34903387.0,49.5,2006,en,"['United Kingdom', 'United States of America']"
The Son's Room (2001),0,99,['Drama'],7.3,21966,164,11767402.0,1016340.0,8.6,10751062.0,91.4,2001,it,"['France', 'Italy']"
The Mummy Returns (2001),0,130,"['Action,Adventure,Fantasy']",6.4,355493,7,433013274.0,202019785.0,46.7,230993489.0,53.3,2001,en,['United States of America']
The Wedding Planner (2001),0,103,"['Comedy,Romance']",5.4,89165,46,94728529.0,60400856.0,63.8,34327673.0,36.2,2001,en,"['Germany', 'United Kingdom', 'United States of America']"
The Forest (2016),0,105,"['Drama,Romance']",5.6,305,142,39712000.0,26594261.0,67.0,13117739.0,33.0,2016,en,['United States of America']
Jason X (2001),0,92,"['Action,Horror,Sci-Fi']",4.5,63675,139,16951798.0,13121555.0,77.4,3830243.0,22.6,2001,en,['United States of America']
Knockaround Guys (2002),0,92,"['Crime,Drama,Thriller']",6.1,25244,184,12806614.0,11715637.0,91.5,1090977.0,8.5,2002,en,['United States of America']
Amélie (2001),0,122,"['Comedy,Romance']",8.3,813289,25,173921954.0,33225499.0,19.1,140696455.0,80.9,2001,fr,"['France', 'Germany']"
Awake (2007),0,84,"['Crime,Drama,Mystery']",6.5,82814,135,32730062.0,14377198.0,43.9,18352864.0,56.1,2007,en,['United States of America']
2046 (2004),0,129,"['Drama,Romance,Sci-Fi']",7.4,63341,153,19470239.0,1444588.0,7.4,18025651.0,92.6,2004,zh,"['Germany', 'Hong Kong', 'China', 'France', 'Italy']"
A.I. Artificial Intelligence (2001),0,146,"['Adventure,Drama,Sci-Fi']",7.2,329517,17,235926552.0,78616689.0,33.3,157309863.0,66.7,2001,en,"['United Kingdom', 'United States of America']"
Hannibal (2001),0,131,"['Crime,Drama,Thriller']",6.8,302354,10,351692268.0,165092268.0,46.9,186600000.0,53.1,2001,en,"['United Kingdom', 'United States of America']"
Pearl Harbor (2001),0,183,"['Action,Drama,Romance']",6.2,359420,6,449220945.0,198542554.0,44.2,250678391.0,55.8,2001,en,['United States of America']
Would I Lie to You? 2 (2003),0,105,['Comedy'],6.3,3812,152,17317084.0,0.0,0.0,17317084.0,100.0,2003,,[]
Enemy at the Gates (2001),0,131,"['Action,Drama,War']",7.5,283591,45,96976270.0,51401758.0,53.0,45574512.0,47.0,2001,en,"['France', 'Germany', 'Ireland', 'United Kingdom', 'United States of America']"
Gangs of New York (2002),0,167,"['Crime,Drama']",7.5,485231,24,193772504.0,77812000.0,40.2,115960504.0,59.8,2002,en,"['Italy', 'United States of America']"
Antitrust (2001),0,108,"['Action,Crime,Drama']",6.1,30754,138,18195610.0,11328094.0,62.3,6867516.0,37.7,2001,en,"['Canada', 'United States of America']"
Original Sin (2001),0,116,"['Crime,Drama,Mystery']",6.0,61404,95,35402320.0,16534221.0,46.7,18868099.0,53.3,2001,en,"['France', 'Mexico', 'Switzerland', 'United Kingdom', 'United States of America']"
Bandits (2001),0,123,"['Comedy,Crime,Drama']",6.5,72347,65,67631903.0,41575141.0,61.5,26056762.0,38.5,2001,en,['United States of America']
Duplicity (2009),0,90,['Crime'],5.3,38,73,78176181.0,40572825.0,51.9,37603356.0,48.1,2009,en,"['Germany', 'United States of America']"
Halloween: Resurrection (2002),0,90,"['Horror,Thriller']",3.9,51258,102,37664855.0,30354442.0,80.6,7310413.0,19.4,2002,en,['United States of America']
Sleepless (2017),0,117,"['Horror,Mystery,Thriller']",6.2,7739,159,32917353.0,20783704.0,63.1,12133649.0,36.9,2017,en,['United States of America']
Blow (2001),0,124,"['Biography,Crime,Drama']",7.5,280527,53,83282296.0,52990775.0,63.6,30291521.0,36.4,2001,en,['United States of America']
The Glass House (2001),0,106,"['Crime,Drama,Mystery']",5.8,40956,119,23619609.0,18150259.0,76.8,5469350.0,23.2,2001,en,['United States of America']
Angel Eyes (2001),0,102,"['Drama,Romance']",5.7,26056,105,29715606.0,24174218.0,81.4,5541388.0,18.6,2001,en,"['Canada', 'United States of America']"
Made (2001),0,95,"['Comedy,Crime,Drama']",6.3,19859,200,5480653.0,5313300.0,96.9,167353.0,3.1,2001,en,['United States of America']
The Score (2001),0,124,"['Crime,Drama,Thriller']",6.8,137557,38,113579918.0,71107711.0,62.6,42472207.0,37.4,2001,en,"['Canada', 'France', 'Germany', 'United States of America']"
Spy Kids (2001),0,88,"['Action,Adventure,Comedy']",5.6,130791,28,147934180.0,112719001.0,76.2,35215179.0,23.8,2001,en,['United States of America']
Formula 51 (2001),0,93,"['Action,Comedy,Crime']",6.3,51632,159,12881605.0,5204007.0,40.4,7677598.0,59.6,2001,en,"['Canada', 'United Kingdom']"
Ghosts of Mars (2001),0,98,"['Action,Horror,Sci-Fi']",4.9,59345,154,14010832.0,8709640.0,62.2,5301192.0,37.8,2001,en,['United States of America']
Kiss Kiss Bang Bang (2005),0,101,"['Comedy,Thriller']",6.2,2111,191,15785148.0,4243756.0,26.9,11541392.0,73.1,2005,en,['United States of America']
Atlantis: The Lost Empire (2001),0,95,"['Action,Adventure,Animation']",6.9,139756,22,186053725.0,84056472.0,45.2,101997253.0,54.8,2001,en,['United States of America']
The Others (2001),0,104,"['Horror,Mystery,Thriller']",7.6,406559,18,209947037.0,96522687.0,46.0,113424350.0,54.0,2001,en,"['Spain', 'United States of America']"
Sweet November (2001),0,119,"['Drama,Romance']",6.7,96396,67,65754228.0,25288103.0,38.5,40466125.0,61.5,2001,en,['United States of America']
Crocodile Dundee in Los Angeles (2001),0,95,"['Adventure,Comedy,Crime']",4.8,26764,87,39438674.0,25635682.0,65.0,13802992.0,35.0,2001,en,"['Australia', 'United States of America']"
Down to Earth (2001),0,87,"['Comedy,Fantasy']",5.4,25180,61,71186502.0,64186502.0,90.2,7000000.0,9.8,2001,en,"['Germany', 'United States of America']"
The Fast and the Furious (2001),0,106,"['Action,Crime,Thriller']",6.8,433976,19,207283925.0,144533925.0,69.7,62750000.0,30.3,2001,en,"['Germany', 'United States of America']"
3000 Miles to Graceland (2001),0,125,"['Action,Comedy,Crime']",6.0,49734,135,18720175.0,15749959.0,84.1,2970216.0,15.9,2001,en,"['Germany', 'United States of America']"
Collateral Damage (2002),0,108,"['Action,Drama,Thriller']",5.5,79132,58,78382433.0,40077257.0,51.1,38305176.0,48.9,2002,en,['United States of America']
The Matrix Reloaded (2003),0,138,"['Action,Sci-Fi']",7.2,647615,3,739412035.0,281576461.0,38.1,457835574.0,61.9,2003,en,['United States of America']
Monte Carlo (2011),0,85,['Drama'],6.4,72,132,39782683.0,23186769.0,58.3,16595914.0,41.7,2011,en,['United States of America']
Summer Catch (2001),0,104,"['Comedy,Drama,Romance']",5.1,16899,129,19772447.0,19753553.0,99.9,18894.0,0.0,2001,en,['United States of America']
Josie and the Pussycats (2001),0,98,"['Comedy,Music']",5.7,25475,148,14866015.0,14271015.0,96.0,595000.0,4.0,2001,en,"['Canada', 'United States of America']"
The Mexican (2001),0,123,"['Adventure,Comedy,Drama']",6.1,117982,29,147845033.0,66845033.0,45.2,81000000.0,54.8,2001,en,['United States of America']
The Tailor of Panama (2001),0,109,"['Drama,Thriller']",6.1,31856,109,28008462.0,13729742.0,49.0,14278720.0,51.0,2001,en,"['Ireland', 'United States of America']"
Brotherhood of the Wolf (2001),0,142,"['Action,Adventure,Drama']",7.0,73773,62,70752904.0,11260096.0,15.9,59492808.0,84.1,2001,fr,['France']
The Pledge (2001),0,124,"['Crime,Drama,Mystery']",6.7,72061,106,29419291.0,19733089.0,67.1,9686202.0,32.9,2001,en,"['Switzerland', 'United States of America']"
Captain Corelli's Mandolin (2001),0,131,"['Drama,Music,Romance']",5.9,36605,70,62112895.0,25543895.0,41.1,36569000.0,58.9,2001,en,"['France', 'United Kingdom', 'United States of America']"
Tangled (2010),0,86,"['Drama,Thriller']",5.5,2687,8,591794936.0,200821936.0,33.9,390973000.0,66.1,2010,en,['United States of America']
Queen of the Damned (2002),0,101,"['Drama,Fantasy,Horror']",5.3,61981,92,45479110.0,30336800.0,66.7,15142310.0,33.3,2002,en,"['Australia', 'United States of America']"
Double Take (2001),0,88,"['Action,Comedy,Crime']",5.4,8878,99,31603059.0,29831583.0,94.4,1771476.0,5.6,2001,en,['United States of America']
The Cave (2005),0,90,"['Crime,Mystery,Romance']",6.7,695,127,33296457.0,15007991.0,45.1,18288466.0,54.9,2005,en,"['Germany', 'United States of America', 'Denmark', 'Romania']"
Cats & Dogs (2001),0,87,"['Action,Adventure,Comedy']",5.2,63819,21,200687492.0,93385515.0,46.5,107301977.0,53.5,2001,en,['United States of America']
Saving Silverman (2001),0,90,"['Comedy,Crime,Romance']",5.9,43842,112,26086706.0,19402030.0,74.4,6684676.0,25.6,2001,en,"['Australia', 'United States of America']"
Say It Isn't So (2001),0,95,"['Comedy,Romance']",5.0,13967,163,12320393.0,5520393.0,44.8,6800000.0,55.2,2001,en,['United States of America']
The Girl from Paris (2001),0,103,"['Comedy,Drama']",6.6,2493,161,12812396.0,183266.0,1.4,12629130.0,98.6,2001,fr,['France']
Dr. Dolittle 2 (2001),0,87,"['Comedy,Family,Fantasy']",4.7,48426,24,176104344.0,112952899.0,64.1,63151445.0,35.9,2001,en,['United States of America']
Kung Pow: Enter the Fist (2002),0,81,"['Action,Comedy']",6.2,49429,157,16994625.0,16037962.0,94.4,956663.0,5.6,2002,en,['United States of America']
The Four Feathers (2002),0,132,"['Adventure,Drama,Romance']",6.5,35952,114,29882645.0,18306166.0,61.3,11576479.0,38.7,2002,en,"['Morocco', 'United States of America', 'United Kingdom']"
Freddy Got Fingered (2001),0,87,['Comedy'],4.7,52684,152,14333252.0,14254993.0,99.5,78259.0,0.5,2001,en,"['Switzerland', 'United States of America']"
Ocean's Eleven (2001),0,116,"['Crime,Thriller']",7.7,639826,5,450717150.0,183417150.0,40.7,267300000.0,59.3,2001,en,['United States of America']
Serendipity (2001),0,90,"['Comedy,Romance']",6.8,125728,55,77516304.0,50294317.0,64.9,27221987.0,35.1,2001,en,"['United States of America', 'India']"
Vanity Fair (2004),0,141,['Drama'],6.2,23794,154,19463185.0,16136476.0,82.9,3326709.0,17.1,2004,en,"['United Kingdom', 'United States of America']"
Harry Potter and the Sorcerer's Stone (2001),0,152,"['Adventure,Family,Fantasy']",7.7,895143,1,974755371.0,317575550.0,32.6,657179821.0,67.4,2001,en,"['United Kingdom', 'United States of America']"
The New Guy (2002),0,88,['Comedy'],5.8,38547,111,31167388.0,29760152.0,95.5,1407236.0,4.5,2002,en,['United States of America']
Exit Wounds (2001),0,101,"['Action,Crime,Thriller']",5.6,37582,54,79958599.0,51758599.0,64.7,28200000.0,35.3,2001,en,"['Canada', 'United States of America']"
The Hole (2001),0,102,"['Drama,Mystery,Thriller']",6.2,48964,185,7644361.0,0.0,0.0,7644361.0,100.0,2001,en,"['France', 'United Kingdom']"
The Matrix Revolutions (2003),0,129,"['Action,Sci-Fi']",6.7,557655,8,427343298.0,139313948.0,32.6,288029350.0,67.4,2003,en,['United States of America']
Valentine (2001),0,96,"['Horror,Mystery,Thriller']",4.9,30573,92,36684136.0,20384136.0,55.6,16300000.0,44.4,2001,en,['United States of America']
The Man Who Wasn't There (2001),0,116,"['Crime,Drama']",7.5,117362,133,18916623.0,7504257.0,39.7,11412366.0,60.3,2001,en,"['United Kingdom', 'United States of America']"
Bridget Jones's Diary (2001),0,97,"['Comedy,Drama,Romance']",6.8,274241,14,281929795.0,71543427.0,25.4,210386368.0,74.6,2001,en,"['France', 'Ireland', 'United Kingdom', 'United States of America']"
The Closet (2001),0,84,['Comedy'],7.0,18629,78,50104745.0,6678894.0,13.3,43425851.0,86.7,2001,fr,['France']
The Closet (2020),0,84,['Comedy'],7.0,18629,119,9189552.0,0.0,0.0,9189552.0,100.0,2020,ko,['South Korea']
Stuart Little 2 (2002),0,77,"['Adventure,Comedy,Family']",5.5,59945,31,169956806.0,64956806.0,38.2,105000000.0,61.8,2002,en,['United States of America']
40 Days and 40 Nights (2002),0,96,"['Comedy,Romance']",5.6,76979,52,95146283.0,37950822.0,39.9,57195461.0,60.1,2002,en,"['United States of America', 'France', 'United Kingdom']"
American Outlaws (2001),0,94,"['Action,Western']",5.9,17995,155,13678913.0,13342790.0,97.5,336123.0,2.5,2001,en,['United States of America']
Swordfish (2001),0,99,"['Action,Crime,Thriller']",6.5,199430,30,147080413.0,69772969.0,47.4,77307444.0,52.6,2001,en,"['Australia', 'United States of America']"
Someone Like You (2001),0,97,"['Comedy,Romance']",6.1,28054,89,38689940.0,27343067.0,70.7,11346873.0,29.3,2001,en,['United States of America']
The Forsaken (2001),0,90,"['Action,Fantasy,Horror']",5.3,9424,180,8704851.0,7288451.0,83.7,1416400.0,16.3,2001,en,['United States of America']
Invincible (2006),0,133,"['Drama,War']",6.4,4632,98,58480828.0,57806952.0,98.8,673876.0,1.2,2006,en,['United States of America']
Moonlight (2016),0,90,['Thriller'],6.0,851,107,65172611.0,27854932.0,42.7,37317679.0,57.3,2016,en,['United States of America']
Spirited Away (2001),0,124,"['Adventure,Animation,Family']",8.6,895950,15,274925095.0,10055859.0,3.7,264869236.0,96.3,2001,ja,['Japan']
Windtalkers (2002),0,134,"['Action,Drama,War']",6.1,75127,60,77628265.0,40914068.0,52.7,36714197.0,47.3,2002,en,['United States of America']
Y tu mamá también (2001),0,106,['Drama'],7.7,133055,97,33616692.0,13839658.0,41.2,19777034.0,58.8,2001,es,['Mexico']
Thir13en Ghosts (2001),0,91,"['Fantasy,Horror']",5.6,96933,63,68467960.0,41867960.0,61.1,26600000.0,38.9,2001,en,['United States of America']
Joe Dirt (2001),0,91,"['Adventure,Comedy,Drama']",6.0,62692,102,30987695.0,27087695.0,87.4,3900000.0,12.6,2001,en,['United States of America']
Bulletproof Monk (2003),0,104,"['Action,Comedy,Fantasy']",5.5,52894,110,37713879.0,23358708.0,61.9,14355171.0,38.1,2003,en,['United States of America']
The Count of Monte Cristo (2002),0,131,"['Action,Adventure,Drama']",7.7,153589,63,75395048.0,54234062.0,71.9,21160986.0,28.1,2002,en,"['Ireland', 'United States of America']"
Kingdom Come (2001),0,94,"['Comedy,Drama']",5.5,2516,121,23396049.0,23249649.0,99.4,146400.0,0.6,2001,en,['United States of America']
Die Another Day (2002),0,133,"['Action,Adventure,Thriller']",6.1,233494,6,431971116.0,160942139.0,37.3,271028977.0,62.7,2002,en,"['Spain', 'United Kingdom', 'United States of America']"
The Musketeer (2001),0,104,"['Action,Adventure,Romance']",4.8,15218,98,32533802.0,27073640.0,83.2,5460162.0,16.8,2001,en,"['Germany', 'Luxembourg', 'United Kingdom', 'United States of America']"
Focus (2015),0,106,"['Drama,Romance']",6.7,3173,47,159162963.0,53862963.0,33.8,105300000.0,66.2,2015,en,['United States of America']
Rollerball (2002),0,98,"['Action,Sci-Fi,Sport']",3.1,30230,125,25852764.0,18990798.0,73.5,6861966.0,26.5,2002,en,"['Germany', 'Japan', 'United States of America']"
Tomcats (2001),0,95,['Comedy'],5.3,20177,120,23430766.0,13558739.0,57.9,9872027.0,42.1,2001,en,['United States of America']
In the Bedroom (2001),0,131,"['Crime,Drama']",7.4,43143,82,43368779.0,35930604.0,82.8,7438175.0,17.2,2001,en,['United States of America']
Juwanna Mann (2002),0,91,"['Comedy,Drama,Romance']",4.7,7253,180,13802599.0,13670733.0,99.0,131866.0,1.0,2002,en,['United States of America']
The Princess Diaries (2001),0,115,"['Comedy,Family,Romance']",6.4,171677,27,165335153.0,108248956.0,65.5,57086197.0,34.5,2001,en,['United States of America']
Super Troopers (2002),0,100,"['Comedy,Crime,Mystery']",7.0,115459,137,23182223.0,18492362.0,79.8,4689861.0,20.2,2002,en,['United States of America']
Kabhi Khushi Kabhie Gham... (2001),0,210,"['Drama,Musical,Romance']",7.4,58998,167,11329690.0,2902000.0,25.6,8427690.0,74.4,2001,hi,"['India', 'United Kingdom']"
Manitou's Shoe (2001),0,87,"['Comedy,Western']",6.7,20979,57,75482094.0,0.0,0.0,75482094.0,100.0,2001,de,['Germany']
Ali (2001),0,157,"['Biography,Drama,Sport']",6.7,107581,49,87713825.0,58203105.0,66.4,29510720.0,33.6,2001,en,['United States of America']
Tom Thumb (2001),0,90,"['Drama,Family,Fantasy']",5.3,987,197,5867304.0,0.0,0.0,5867304.0,100.0,2001,fr,['France']
Domestic Disturbance (2001),0,89,"['Crime,Thriller']",5.6,29226,77,54249294.0,45246095.0,83.4,9003199.0,16.6,2001,en,['United States of America']
Asterix & Obelix: Mission Cleopatra (2002),0,107,"['Adventure,Comedy,Family']",6.7,59764,47,108012365.0,0.0,0.0,108012365.0,100.0,2002,fr,"['France', 'Germany']"
Crazy/Beautiful (2001),0,99,"['Drama,Romance']",6.4,26025,127,19937988.0,16937988.0,85.0,3000000.0,15.0,2001,en,['United States of America']
The Experiment (2001),0,120,"['Drama,Thriller']",7.7,97421,166,11455141.0,0.0,0.0,11455141.0,100.0,2001,de,['Germany']
The Brothers (2001),0,106,"['Comedy,Drama,Romance']",6.3,5184,110,27958191.0,27457409.0,98.2,500782.0,1.8,2001,en,['United States of America']
Corky Romano (2001),0,86,"['Comedy,Crime']",4.7,13942,113,25272752.0,23980304.0,94.9,1292448.0,5.1,2001,en,['United States of America']
The Deep End (2001),0,101,"['Crime,Drama,Mystery']",6.5,12289,175,10031529.0,8823109.0,88.0,1208420.0,12.0,2001,en,['United States of America']
Legally Blonde (2001),0,96,"['Comedy,Romance']",6.5,262413,32,141774679.0,96520674.0,68.1,45254005.0,31.9,2001,en,['United States of America']
Rat Race (2001),0,112,"['Action,Adventure,Comedy']",6.5,125917,50,85498534.0,56618055.0,66.2,28880479.0,33.8,2001,en,"['Canada', 'United States of America']"
See Spot Run (2001),0,94,"['Action,Comedy,Crime']",5.4,9920,83,43057552.0,33357476.0,77.5,9700076.0,22.5,2001,en,"['Australia', 'United States of America']"
Unfaithful (2002),0,124,"['Drama,Romance,Thriller']",6.7,101983,40,119137784.0,52775765.0,44.3,66362019.0,55.7,2002,en,"['Germany', 'Switzerland', 'United States of America']"
Evolution (2001),0,101,"['Comedy,Sci-Fi']",6.1,138809,43,98376292.0,38345494.0,39.0,60030798.0,61.0,2001,en,['United States of America']
Hart's War (2002),0,125,"['Drama,War']",6.4,56314,109,32287044.0,19077641.0,59.1,13209403.0,40.9,2002,en,['United States of America']
How to Lose a Guy in 10 Days (2003),0,116,"['Comedy,Romance']",6.5,292349,30,177503042.0,105813373.0,59.6,71689014.0,40.4,2003,en,['United States of America']
John Q (2002),0,116,"['Crime,Drama,Thriller']",7.1,147695,51,102244770.0,71756802.0,70.2,30487968.0,29.8,2002,en,['United States of America']
House of 1000 Corpses (2003),0,89,['Horror'],6.0,96626,153,16829545.0,12634962.0,75.1,4194583.0,24.9,2003,en,['United States of America']
Long Time Dead (2002),0,94,"['Horror,Thriller']",4.7,6154,183,13102295.0,0.0,0.0,13102295.0,100.0,2002,en,"['France', 'United Kingdom']"
Surviving Christmas (2004),0,91,"['Comedy,Romance']",5.5,29427,170,15125687.0,11663156.0,77.1,3462531.0,22.9,2004,en,['United States of America']
Maid in Manhattan (2002),0,105,"['Comedy,Drama,Romance']",5.4,98869,33,154906693.0,94011225.0,60.7,60895468.0,39.3,2002,en,['United States of America']
Rabbit-Proof Fence (2002),0,94,"['Adventure,Biography,Drama']",7.4,30928,166,16217411.0,6199600.0,38.2,10017811.0,61.8,2002,en,['Australia']
Hearts in Atlantis (2001),0,101,"['Drama,Mystery']",6.9,41920,103,30919415.0,24185781.0,78.2,6733634.0,21.8,2001,en,"['Australia', 'United States of America']"
Heist (2001),0,109,"['Action,Crime,Drama']",6.5,39805,108,28510652.0,23510841.0,82.5,4999811.0,17.5,2001,en,['United States of America']
American Pie 2 (2001),0,108,['Comedy'],6.4,276638,13,287553595.0,145103595.0,50.5,142450000.0,49.5,2001,en,['United States of America']
The Pianist (2002),0,150,"['Biography,Drama,Music']",8.5,955988,38,120072577.0,32572577.0,27.1,87500000.0,72.9,2002,en,"['France', 'Germany', 'Poland', 'United Kingdom']"
Reign of Fire (2002),0,101,"['Action,Adventure,Fantasy']",6.2,148489,55,82150183.0,43061982.0,52.4,39088201.0,47.6,2002,en,"['Ireland', 'United Kingdom', 'United States of America']"
Star Trek: Nemesis (2002),0,116,"['Action,Adventure,Sci-Fi']",6.4,85512,68,67336470.0,43254409.0,64.2,24082061.0,35.8,2002,en,['United States of America']
Out Cold (2001),0,89,"['Comedy,Sport']",6.2,18849,149,14782676.0,13906394.0,94.1,876282.0,5.9,2001,en,['United States of America']
The Sweetest Thing (2002),0,84,"['Comedy,Romance']",5.2,63975,66,68696770.0,24718164.0,36.0,43978606.0,64.0,2002,en,['United States of America']
Be Somebody (2021),0,101,['Romance'],6.2,13,35,132326332.0,0.0,0.0,132326332.0,100.0,2021,zh,['China']
Sex and Lucía (2001),0,128,"['Drama,Romance']",7.0,39567,186,7640680.0,1594779.0,20.9,6045901.0,79.1,2001,es,['Spain']
Koi... Mil Gaya (2003),0,171,"['Action,Drama,Fantasy']",7.1,28952,180,12168232.0,671372.0,5.5,11496860.0,94.5,2003,hi,['India']
The Piano Teacher (2001),0,131,"['Drama,Music']",7.5,75234,192,6749315.0,1012069.0,15.0,5737246.0,85.0,2001,fr,"['Austria', 'France']"
The Point Men (2023),0,100,"['Action,Drama,Thriller']",4.3,1268,159,13433834.0,0.0,0.0,13433834.0,100.0,2023,ko,['South Korea']
China: The Panda Adventure (2001),0,48,['Drama'],5.7,235,190,6784985.0,3921642.0,57.8,2863343.0,42.2,2001,en,['United States of America']
Pinocchio (2002),0,108,"['Comedy,Family,Fantasy']",4.3,8763,98,41314585.0,3675719.0,8.9,37638866.0,91.1,2002,it,['Italy']
Pinocchio (2019),0,108,"['Comedy,Family,Fantasy']",4.3,8763,178,23841090.0,1831718.0,7.7,22009372.0,92.3,2019,it,"['Belgium', 'France', 'Italy', 'United Kingdom']"
The Animal (2001),0,84,"['Comedy,Sci-Fi']",4.8,65291,52,84772742.0,57743062.0,68.1,27029680.0,31.9,2001,en,['United States of America']
Baby Boy (2001),0,130,"['Crime,Drama,Romance']",6.5,17343,107,29381649.0,28734552.0,97.8,647097.0,2.2,2001,en,['United States of America']
The Devil's Backbone (2001),0,106,"['Drama,Horror,Thriller']",7.4,72768,194,6459020.0,755249.0,11.7,5703771.0,88.3,2001,es,"['Mexico', 'Spain']"
Possession (2002),0,102,"['Drama,Mystery,Romance']",6.3,13831,174,14815898.0,10113733.0,68.3,4702165.0,31.7,2002,en,"['United Kingdom', 'United States of America']"
Shallow Hal (2001),0,114,"['Comedy,Drama,Fantasy']",6.0,148599,34,141069860.0,70839203.0,50.2,70230657.0,49.8,2001,en,['United States of America']
Sweet Home Alabama (2002),0,108,"['Comedy,Romance']",6.2,127382,26,180622424.0,127223418.0,70.4,53399006.0,29.6,2002,en,['United States of America']
The Curse of the Jade Scorpion (2001),0,103,"['Comedy,Crime,Mystery']",6.7,43052,134,18914307.0,7517191.0,39.7,11397116.0,60.3,2001,en,"['Germany', 'United States of America']"
Road to Perdition (2002),0,117,"['Crime,Drama,Thriller']",7.7,291484,25,181001478.0,104454762.0,57.7,76546716.0,42.3,2002,en,['United States of America']
S.W.A.T. (2003),0,117,"['Action,Adventure,Crime']",6.1,156511,22,207725639.0,116934650.0,56.3,90790989.0,43.7,2003,en,['United States of America']
Scary Movie 2 (2001),0,83,"['Comedy,Horror']",5.4,181300,33,141220678.0,71308997.0,50.5,69911681.0,49.5,2001,en,"['Canada', 'United States of America']"
About Schmidt (2002),0,125,['Drama'],7.2,135413,48,105834556.0,65016287.0,61.4,40818269.0,38.6,2002,en,['United States of America']
Cursed (2005),0,97,"['Comedy,Horror,Mystery']",5.1,36085,140,29621722.0,19297522.0,65.1,10324200.0,34.9,2005,en,"['Germany', 'United States of America']"
Kangaroo Jack (2003),0,89,"['Action,Adventure,Comedy']",4.5,34587,62,88929111.0,66934963.0,75.3,21994148.0,24.7,2003,en,['United States of America']
Black Widow (2021),0,93,"['Comedy,Thriller']",6.4,167,13,379751655.0,183651655.0,48.4,196100000.0,51.6,2021,en,['United States of America']
High Crimes (2002),0,115,"['Crime,Drama,Mystery']",6.4,49548,71,63781810.0,41543917.0,65.1,22237893.0,34.9,2002,en,['United States of America']
Panic Room (2002),0,112,"['Crime,Drama,Thriller']",6.8,304859,22,196397415.0,96397334.0,49.1,100000081.0,50.9,2002,en,['United States of America']
The Quiet American (2002),0,101,"['Drama,Romance,Thriller']",7.0,30269,122,27674124.0,12988801.0,46.9,14685323.0,53.1,2002,en,"['France', 'Germany', 'United Kingdom', 'United States of America', 'Vietnam']"
S1m0ne (2002),0,117,"['Comedy,Drama,Sci-Fi']",6.1,63222,145,19576023.0,9688676.0,49.5,9887347.0,50.5,2002,en,['United States of America']
The Bourne Identity (2002),0,119,"['Action,Mystery,Thriller']",7.8,591024,19,214034224.0,121661683.0,56.8,92372541.0,43.2,2002,en,"['United States of America', 'Germany', 'Czech Republic']"
Girls on Top (2001),0,90,['Comedy'],5.3,4567,174,10038662.0,0.0,0.0,10038662.0,100.0,2001,de,['Germany']
Dragonfly (2002),0,104,"['Drama,Fantasy,Mystery']",6.1,40729,84,52323400.0,30323400.0,58.0,22000000.0,42.0,2002,en,"['Germany', 'United States of America']"
Ghost Rider (2007),0,110,"['Action,Fantasy,Thriller']",5.3,259060,24,228738393.0,115802596.0,50.6,112935797.0,49.4,2007,en,['United States of America']
Lantana (2001),0,121,"['Drama,Mystery,Romance']",7.2,20490,144,15747450.0,4623189.0,29.4,11124261.0,70.6,2001,en,"['Germany', 'Australia']"
My Big Fat Greek Wedding (2002),0,95,"['Comedy,Drama,Romance']",6.6,147638,9,368744044.0,241438208.0,65.5,127305836.0,34.5,2002,en,"['Canada', 'United States of America']"
Vanilla Sky (2001),0,136,"['Fantasy,Mystery,Romance']",6.9,292464,20,203388341.0,100618344.0,49.5,102769997.0,50.5,2001,en,"['United States of America', 'Spain']"
Don't Say a Word (2001),0,113,"['Drama,Mystery,Thriller']",6.3,58427,42,100020092.0,55001642.0,55.0,45018450.0,45.0,2001,en,"['Canada', 'United States of America']"
Serving Sara (2002),0,99,"['Comedy,Romance']",5.3,19215,142,20146150.0,16930185.0,84.0,3215965.0,16.0,2002,en,['United States of America']
Jay and Silent Bob Strike Back (2001),0,104,['Comedy'],6.8,163322,96,33788161.0,30085147.0,89.0,3703014.0,11.0,2001,en,['United States of America']
Empire (2002),0,90,"['Crime,Drama,Thriller']",5.9,8019,151,18591272.0,17600423.0,94.7,990849.0,5.3,2002,en,['United States of America']
Gamer (2009),0,92,"['Comedy,Sci-Fi']",3.1,350,124,40828540.0,20534907.0,50.3,20293633.0,49.7,2009,en,['United States of America']
Jeepers Creepers (2001),0,90,"['Horror,Mystery']",6.2,148768,73,59217789.0,37904175.0,64.0,21313614.0,36.0,2001,en,"['Germany', 'United States of America']"
Megiddo: The Omega Code 2 (2001),0,104,"['Action,Adventure,Fantasy']",3.9,3025,195,6047691.0,6047691.0,100.0,0.0,0.0,2001,en,['United States of America']
Uptown Girls (2003),0,92,"['Comedy,Drama,Romance']",6.2,46062,100,44617342.0,37182494.0,83.3,7434848.0,16.7,2003,en,['United States of America']
View from the Top (2003),0,87,"['Comedy,Romance']",5.3,29525,143,19526014.0,15614000.0,80.0,3912014.0,20.0,2003,en,['United States of America']
Basic (2003),0,98,"['Crime,Drama,Mystery']",6.4,67781,103,42792561.0,26793311.0,62.6,15999250.0,37.4,2003,en,"['Germany', 'United Kingdom', 'United States of America']"
Catch Me If You Can (2002),0,141,"['Biography,Crime,Drama']",8.1,1149309,11,352114312.0,164615351.0,46.8,187498961.0,53.2,2002,en,['United States of America']
Changing Lanes (2002),0,98,"['Drama,Thriller']",6.5,76039,53,94935764.0,66818548.0,70.4,28117216.0,29.6,2002,en,['United States of America']
Frailty (2002),0,100,"['Crime,Drama,Thriller']",7.2,94697,155,17423030.0,13110448.0,75.2,4312582.0,24.8,2002,en,"['Germany', 'United States of America', 'Italy']"
Life as a House (2001),0,125,['Drama'],7.4,46231,118,23903791.0,15667270.0,65.5,8236521.0,34.5,2001,en,['United States of America']
Murder by Numbers (2002),0,115,"['Crime,Mystery,Thriller']",6.2,64073,77,56714147.0,31945749.0,56.3,24768398.0,43.7,2002,en,['United States of America']
America's Sweethearts (2001),0,102,"['Comedy,Romance']",5.7,61590,35,138307673.0,93607673.0,67.7,44700000.0,32.3,2001,en,['United States of America']
Black Hawk Down (2001),0,144,"['Action,Drama,History']",7.7,435795,26,172989651.0,108638745.0,62.8,64350906.0,37.2,2001,en,"['United Kingdom', 'United States of America']"
Black Knight (2001),0,95,"['Adventure,Comedy,Fantasy']",4.9,44364,85,39976235.0,33426971.0,83.6,6549264.0,16.4,2001,en,['United States of America']
Chaos (2001),0,109,"['Comedy,Crime,Drama']",7.0,2544,196,6042938.0,0.0,0.0,6042938.0,100.0,2001,fr,['France']
The Girl Next Door (2004),0,109,"['Comedy,Drama,Romance']",6.7,249264,118,30381722.0,14589444.0,48.0,15792278.0,52.0,2004,en,"['Switzerland', 'United States of America']"
Big Fat Liar (2002),0,88,"['Adventure,Comedy,Family']",5.5,41428,83,52970014.0,48360547.0,91.3,4609467.0,8.7,2002,en,['United States of America']
Monsoon Wedding (2001),0,114,"['Comedy,Drama,Romance']",7.3,27089,104,30787356.0,13885966.0,45.1,16901390.0,54.9,2001,hi,"['France', 'Germany', 'Italy', 'United States of America', 'India']"
The Mothman Prophecies (2002),0,119,"['Drama,Horror,Mystery']",6.4,86785,79,55157539.0,35746370.0,64.8,19411169.0,35.2,2002,en,['United States of America']
One Hour Photo (2002),0,96,"['Drama,Thriller']",6.8,135268,85,52223306.0,31597131.0,60.5,20626175.0,39.5,2002,en,['United States of America']
Recess: School's Out (2001),0,82,"['Adventure,Animation,Comedy']",6.5,12036,80,44460850.0,36706141.0,82.6,7754709.0,17.4,2001,en,['United States of America']
The Rookie (2002),0,127,"['Drama,Family,Sport']",6.9,38015,56,80693537.0,75600072.0,93.7,5093465.0,6.3,2002,en,['United States of America']
The Royal Tenenbaums (2001),0,110,"['Comedy,Drama']",7.6,319461,60,71441250.0,52364010.0,73.3,19077240.0,26.7,2001,en,['United States of America']
The Slurb (2001),0,102,"['Comedy,Family,Fantasy']",5.7,1246,189,6854681.0,0.0,0.0,6854681.0,100.0,2001,de,['Germany']
Stealing Harvard (2002),0,85,"['Comedy,Crime']",5.1,13962,176,14277032.0,14036406.0,98.3,240626.0,1.7,2002,en,['United States of America']
The Last Kiss (2002),0,115,"['Comedy,Drama,Romance']",6.9,8916,154,17720347.0,1048950.0,5.9,16671397.0,94.1,2002,it,['Italy']
A Man Apart (2003),0,109,"['Action,Crime,Drama']",6.0,50167,101,44350926.0,26736098.0,60.3,17614828.0,39.7,2003,en,"['Germany', 'United States of America']"
Duplex (2003),0,89,['Comedy'],5.9,63885,144,19322135.0,9692135.0,50.2,9630000.0,49.8,2003,en,"['Germany', 'United States of America']"
Finding Nemo (2003),0,100,"['Adventure,Animation,Comedy']",8.2,1148845,2,871014978.0,339714978.0,39.0,531300000.0,61.0,2003,en,['United States of America']
Kill Bill: Vol. 1 (2003),0,111,"['Action,Crime,Thriller']",8.2,1237978,27,180899045.0,70099045.0,38.8,110800000.0,61.2,2003,en,['United States of America']
Rush Hour 2 (2001),0,90,"['Action,Comedy,Crime']",6.7,247545,11,347325802.0,226164286.0,65.1,121161516.0,34.9,2001,en,['United States of America']
Spy Game (2001),0,126,"['Action,Crime,Thriller']",7.1,171566,31,143049560.0,62362560.0,43.6,80687000.0,56.4,2001,en,"['France', 'Germany', 'Hong Kong', 'Japan', 'United States of America']"
Abandon (2002),0,99,"['Drama,Mystery,Romance']",4.8,10284,189,12302219.0,10727683.0,87.2,1574536.0,12.8,2002,en,"['Australia', 'United States of America']"
K-19: The Widowmaker (2002),0,138,"['Drama,History,Thriller']",6.7,69279,70,65716126.0,35168966.0,53.5,30547160.0,46.5,2002,en,"['Canada', 'Germany', 'Russia', 'United Kingdom', 'United States of America']"
The One (2001),0,87,"['Action,Sci-Fi,Thriller']",5.9,97543,59,72689126.0,43905746.0,60.4,28783380.0,39.6,2001,en,['United States of America']
The Ringer (2005),0,94,"['Comedy,Sport']",5.8,39524,112,40442443.0,35428675.0,87.6,5013768.0,12.4,2005,en,['United States of America']
Scooby-Doo (2002),0,86,"['Adventure,Comedy,Family']",5.3,131344,15,275650703.0,153294164.0,55.6,122356539.0,44.4,2002,en,['United States of America']
Adaptation. (2002),0,115,"['Comedy,Drama']",7.7,207694,108,32801173.0,22498520.0,68.6,10302653.0,31.4,2002,en,['United States of America']
Home Sweet Home (2021),0,101,['Drama'],6.3,463,92,32178677.0,0.0,0.0,32178677.0,100.0,2021,en,['United States of America']
Ice Age (2002),0,81,"['Adventure,Animation,Comedy']",7.5,538124,8,383257136.0,176387405.0,46.0,206869731.0,54.0,2002,en,['United States of America']
Jimmy Neutron: Boy Genius (2001),0,82,"['Action,Adventure,Animation']",6.1,39143,41,102992536.0,80936232.0,78.6,22056304.0,21.4,2001,en,['United States of America']
The Time Machine (2002),0,96,"['Action,Adventure,Sci-Fi']",6.0,132777,36,123729176.0,56832494.0,45.9,66896682.0,54.1,2002,en,['United States of America']
A Beautiful Mind (2001),0,135,"['Biography,Drama,Mystery']",8.2,1014403,12,313542341.0,170742341.0,54.5,142800000.0,45.5,2001,en,['United States of America']
The Majestic (2001),0,152,"['Drama,Romance']",6.9,59073,91,37317558.0,27807266.0,74.5,9510292.0,25.5,2001,en,['United States of America']
City by the Sea (2002),0,108,"['Crime,Drama,Mystery']",6.1,27008,115,29414087.0,22449000.0,76.3,6965087.0,23.7,2002,en,['United States of America']
Two Can Play That Game (2001),0,90,"['Comedy,Romance']",6.1,7638,122,22391450.0,22235901.0,99.3,155549.0,0.7,2001,en,['United States of America']
The Hunted (2003),0,94,"['Action,Crime,Drama']",6.1,52822,98,46061847.0,34244097.0,74.3,11817750.0,25.7,2003,en,['United States of America']
Confessions of a Dangerous Mind (2002),0,113,"['Biography,Comedy,Crime']",7.0,93434,107,33013805.0,16007718.0,48.5,17006087.0,51.5,2002,en,"['Germany', 'United Kingdom', 'United States of America']"
Mad Love (2001),0,115,"['Biography,Drama,History']",6.5,4143,176,9306362.0,280046.0,3.0,9026316.0,97.0,2001,es,"['Spain', 'Italy', 'Portugal']"
My Boss's Daughter (2003),0,86,"['Comedy,Romance']",4.7,31029,147,18191005.0,15550605.0,85.5,2640400.0,14.5,2003,en,['United States of America']
Kiss of the Dragon (2001),0,98,"['Action,Crime,Thriller']",6.6,67851,69,64437847.0,36845124.0,57.2,27592723.0,42.8,2001,en,"['France', 'United States of America']"
Eight Crazy Nights (2002),0,76,"['Animation,Comedy,Musical']",5.3,26973,133,23833131.0,23586598.0,99.0,246533.0,1.0,2002,en,['United States of America']
Eight Legged Freaks (2002),0,99,"['Action,Adventure,Comedy']",5.5,61471,91,45867333.0,17322606.0,37.8,28544727.0,62.2,2002,en,"['Australia', 'United States of America']"
Black Swan (2010),0,90,"['Comedy,Drama']",3.4,115,16,329398046.0,106954678.0,32.5,222443368.0,67.5,2010,en,['United States of America']
National Security (2003),0,88,"['Action,Comedy,Crime']",5.6,55895,94,50097949.0,36381186.0,72.6,13716763.0,27.4,2003,en,"['United Kingdom', 'United States of America']"
The Last Castle (2001),0,131,"['Action,Drama,Thriller']",6.9,87147,111,27642707.0,18244060.0,66.0,9398647.0,34.0,2001,en,['United States of America']
The Forgotten (2004),0,0,"['Action,Drama']",6.6,86,46,117592831.0,67133509.0,57.1,50459322.0,42.9,2004,en,['United States of America']
K-PAX (2001),0,120,"['Drama,Mystery,Sci-Fi']",7.4,196420,68,65001485.0,50338485.0,77.4,14663000.0,22.6,2001,en,"['Germany', 'United Kingdom', 'United States of America']"
Narc (2002),0,105,"['Crime,Drama,Mystery']",7.1,44120,185,12633747.0,10465659.0,82.8,2168088.0,17.2,2002,en,"['Canada', 'Germany', 'United States of America']"
Punch-Drunk Love (2002),0,95,"['Comedy,Drama,Romance']",7.3,183821,128,24665649.0,17844216.0,72.3,6821433.0,27.7,2002,en,['United States of America']
Contagion (2011),0,95,"['Drama,Sci-Fi']",4.1,849,60,136515867.0,75658097.0,55.4,60857770.0,44.6,2011,en,"['United States of America', 'United Arab Emirates']"
Darkness (2002),0,88,['Horror'],5.4,20648,104,33988736.0,22163442.0,65.2,11825294.0,34.8,2002,en,"['Spain', 'United States of America']"
Max Keeble's Big Move (2001),0,86,"['Action,Comedy,Crime']",5.4,8979,136,18634654.0,17294293.0,92.8,1340361.0,7.2,2001,en,['United States of America']
Orange County (2002),0,82,"['Comedy,Drama']",6.2,52705,95,43325009.0,41076018.0,94.8,2248991.0,5.2,2002,en,['United States of America']
Tanguy (2001),0,108,['Comedy'],6.4,7534,117,24272365.0,0.0,0.0,24272365.0,100.0,2001,fr,['France']
Johnny English (2003),0,87,"['Action,Adventure,Comedy']",6.3,179073,36,160466000.0,28082366.0,17.5,132383634.0,82.5,2003,en,['United Kingdom']
The Hours (2002),0,110,"['Drama,Romance']",7.5,143558,46,108846072.0,41675994.0,38.3,67170078.0,61.7,2002,en,"['United Kingdom', 'United States of America']"
Crossroads (2002),0,93,"['Comedy,Drama,Romance']",3.8,45542,73,61141030.0,37191304.0,60.8,23949726.0,39.2,2002,en,['United States of America']
Bad Education (2004),0,106,"['Crime,Drama']",7.4,64668,105,40350837.0,5211842.0,12.9,35138995.0,87.1,2004,es,"['Belgium', 'Spain']"
Lilo & Stitch (2002),0,85,"['Adventure,Animation,Comedy']",7.3,221469,16,273144151.0,145794338.0,53.4,127349813.0,46.6,2002,en,['United States of America']
The Country Bears (2002),0,88,"['Comedy,Family,Music']",4.3,6319,152,18012097.0,16990825.0,94.3,1021272.0,5.7,2002,en,['United States of America']
About a Boy (2002),0,101,"['Comedy,Drama,Romance']",7.1,195275,34,130549455.0,41385278.0,31.7,89164177.0,68.3,2002,en,"['France', 'United Kingdom', 'United States of America']"
Dogville (2003),0,171,"['Crime,Drama']",8.0,162846,155,16680836.0,1535286.0,9.2,15145550.0,90.8,2003,en,"['Denmark', 'Finland', 'France', 'Germany', 'Netherlands', 'Norway', 'Sweden', 'United Kingdom']"
I Am Sam (2001),0,132,['Drama'],7.6,157836,44,97818139.0,40311852.0,41.2,57506287.0,58.8,2001,en,['United States of America']
Bad Company (2002),0,98,['Drama'],6.7,109,69,65977295.0,30160161.0,45.7,35817134.0,54.3,2002,en,['United States of America']
The Scorpion King (2002),0,92,"['Action,Adventure,Fantasy']",5.5,148317,27,178799308.0,91047077.0,50.9,87752231.0,49.1,2002,en,"['United States of America', 'Germany', 'Belgium']"
Not Another Teen Movie (2001),0,89,['Comedy'],5.8,120089,66,66468332.0,38252284.0,57.5,28216048.0,42.5,2001,en,['United States of America']
We Were Soldiers (2002),0,138,"['Action,Drama,History']",7.2,154874,42,114660784.0,78122718.0,68.1,36538066.0,31.9,2002,en,"['Germany', 'United Kingdom', 'United States of America']"
All About the Benjamins (2002),0,95,"['Action,Comedy,Crime']",5.8,15994,124,26306533.0,25916319.0,98.5,390214.0,1.5,2002,en,['United States of America']
Enough (2002),0,115,"['Crime,Drama,Thriller']",5.8,49273,87,51806184.0,40007742.0,77.2,11798442.0,22.8,2002,en,['United States of America']
How High (2001),0,93,"['Comedy,Fantasy']",6.2,63251,100,31283740.0,31178740.0,99.7,105000.0,0.3,2001,en,['United States of America']
The Importance of Being Earnest (2002),0,97,"['Comedy,Drama,Romance']",6.8,25257,156,17290970.0,8384929.0,48.5,8906041.0,51.5,2002,en,"['France', 'United Kingdom', 'United States of America']"
Insomnia (2002),0,118,"['Drama,Mystery,Thriller']",7.2,327447,43,113714830.0,67355513.0,59.2,46359317.0,40.8,2002,en,['United States of America']
Hollywood Ending (2002),0,112,"['Comedy,Romance']",6.5,28550,175,14569744.0,4850753.0,33.3,9718991.0,66.7,2002,en,['United States of America']
Gods and Generals (2003),0,219,"['Biography,Drama,History']",6.2,17561,174,12923936.0,12882934.0,99.7,41002.0,0.3,2003,en,['United States of America']
"Godzilla, Mothra and King Ghidorah: Giant Monsters All-Out Attack (2001)",0,105,"['Action,Adventure,Drama']",7.0,7483,137,18623382.0,0.0,0.0,18623382.0,100.0,2001,ja,['Japan']
The Good Girl (2002),0,93,"['Drama,Romance']",6.4,48437,160,16856124.0,14018296.0,83.2,2837828.0,16.8,2002,en,"['Netherlands', 'Germany', 'United States of America']"
On the Line (2021),0,85,"['Comedy,Family,Romance']",4.2,4452,156,12058986.0,0.0,0.0,12058986.0,100.0,2021,ko,['South Korea']
Dark Blue (2003),0,118,"['Crime,Drama,Thriller']",6.6,24738,181,12150301.0,9250301.0,76.1,2900000.0,23.9,2003,en,"['Germany', 'United Kingdom', 'United States of America']"
Undercover Brother (2002),0,86,"['Action,Comedy']",5.9,36856,97,41604473.0,39089928.0,94.0,2514545.0,6.0,2002,en,['United States of America']
Divine Secrets of the Ya-Ya Sisterhood (2002),0,116,['Drama'],6.1,21348,64,73839240.0,69599016.0,94.3,4240224.0,5.7,2002,en,['United States of America']
Sorority Boys (2002),0,93,['Comedy'],5.5,16519,187,12517488.0,10200032.0,81.5,2317456.0,18.5,2002,en,['United States of America']
Dream (2023),0,0,"['Comedy,Drama,Romance']",6.9,10,197,8317251.0,0.0,0.0,8317251.0,100.0,2023,en,['France']
Brother (2001),0,90,['Drama'],6.7,61,147,15250594.0,450594.0,3.0,14800000.0,97.0,2001,en,"['United States of America', 'Japan', 'United Kingdom']"
Joe Somebody (2001),0,98,"['Comedy,Drama']",5.6,11339,115,24516772.0,22771646.0,92.9,1745126.0,7.1,2001,en,['United States of America']
Return to Never Land (2002),0,72,"['Adventure,Animation,Family']",5.8,22854,44,109862682.0,48430258.0,44.1,61432424.0,55.9,2002,en,"['Australia', 'Canada', 'United States of America']"
Trapped (2002),0,106,"['Action,Crime,Drama']",6.1,26344,181,13414416.0,7073251.0,52.7,6341165.0,47.3,2002,en,"['Germany', 'United States of America']"
The Banger Sisters (2002),0,98,"['Comedy,Drama']",5.7,17623,101,38068353.0,30307416.0,79.6,7760937.0,20.4,2002,en,['United States of America']
Carnage (2011),0,130,"['Comedy,Drama,Romance']",6.1,754,163,30035601.0,2547047.0,8.5,27488554.0,91.5,2011,en,"['France', 'Germany', 'Poland', 'Spain', 'United States of America']"
Mr. Deeds (2002),0,96,"['Comedy,Romance']",5.8,157015,30,171269535.0,126293452.0,73.7,44976083.0,26.3,2002,en,['United States of America']
Femme Fatale (2002),0,114,"['Crime,Drama,Mystery']",6.2,38358,161,16838910.0,6630252.0,39.4,10208658.0,60.6,2002,en,"['Switzerland', 'France']"
Gosford Park (2001),0,137,"['Comedy,Drama,Mystery']",7.2,97561,48,87754044.0,41308615.0,47.1,46445429.0,52.9,2001,en,"['Italy', 'United States of America']"
The Guru (2002),0,94,"['Comedy,Music,Romance']",5.4,15631,129,24128852.0,3095506.0,12.8,21033346.0,87.2,2002,en,"['France', 'United Kingdom', 'United States of America']"
Heidi (2015),0,135,"['Comedy,Drama,Family']",5.6,134,167,35755670.0,0.0,0.0,35755670.0,100.0,2015,de,"['Belgium', 'Germany', 'Switzerland']"
Iris (2001),0,91,"['Biography,Drama,Romance']",7.0,19427,143,16153953.0,5594617.0,34.6,10559336.0,65.4,2001,en,"['United Kingdom', 'United States of America']"
Wanderlust (2012),0,95,['Drama'],6.0,44,189,23812816.0,17450535.0,73.3,6362281.0,26.7,2012,en,['United States of America']
Undisputed (2002),0,94,"['Action,Crime,Drama']",6.1,35328,173,14946150.0,12764657.0,85.4,2181493.0,14.6,2002,en,['United States of America']
A Walk to Remember (2002),0,101,"['Drama,Romance']",7.3,225789,90,47494916.0,41281092.0,86.9,6213824.0,13.1,2002,en,['United States of America']
Wasabi (2001),0,94,"['Action,Comedy,Crime']",6.6,44011,171,10366360.0,97220.0,0.9,10269140.0,99.1,2001,fr,"['Japan', 'France']"
Snow Dogs (2002),0,99,"['Adventure,Comedy,Family']",5.2,29207,41,115035090.0,81172560.0,70.6,33862530.0,29.4,2002,en,"['Canada', 'United States of America']"
The Circle (2017),0,100,['Thriller'],5.1,676,141,40656399.0,20497844.0,50.4,20158555.0,49.6,2017,en,"['United Arab Emirates', 'United States of America']"
The Wild Thornberrys (2002),0,85,"['Adventure,Animation,Comedy']",5.7,15527,74,60694737.0,40108697.0,66.1,20586040.0,33.9,2002,en,['United States of America']
Darkness Falls (2003),0,86,"['Fantasy,Horror,Mystery']",5.0,34290,96,47488536.0,32551396.0,68.5,14937140.0,31.5,2003,en,"['Australia', 'United States of America']"
The Crossing (2014),0,85,['Documentary'],7.1,59,171,32806475.0,0.0,0.0,32806475.0,100.0,2014,en,[]
Inferno (2016),0,91,"['Action,Drama']",3.5,321,40,220021259.0,34343574.0,15.6,185677685.0,84.4,2016,en,['United States of America']
Life or Something Like It (2002),0,103,"['Comedy,Romance']",5.8,28653,159,16872671.0,14448589.0,85.6,2424082.0,14.4,2002,en,"['Canada', 'United States of America']"
Swimfan (2002),0,85,"['Drama,Thriller']",5.1,21671,103,34411240.0,28564995.0,83.0,5846245.0,17.0,2002,en,['United States of America']
Tuck Everlasting (2002),0,90,"['Drama,Family,Fantasy']",6.6,25933,147,19344615.0,19161999.0,99.1,182616.0,0.9,2002,en,['United States of America']
Van Wilder (2002),0,92,"['Comedy,Romance']",6.4,117885,100,38275483.0,21305259.0,55.7,16970224.0,44.3,2002,en,['United States of America']
White Oleander (2002),0,109,['Drama'],7.1,34850,140,21672284.0,16357770.0,75.5,5314514.0,24.5,2002,en,"['Germany', 'United States of America']"
Extreme Ops (2002),0,93,"['Action,Adventure,Thriller']",4.4,5783,196,10959475.0,4842259.0,44.2,6117216.0,55.8,2002,en,"['Germany', 'Luxembourg', 'United Kingdom', 'United States of America']"
Twisted (2004),0,119,"['Drama,Mystery,Thriller']",6.2,38,104,40954603.0,25198598.0,61.5,15756005.0,38.5,2004,en,"['Germany', 'United States of America']"
The Jungle Book 2 (2003),0,72,"['Adventure,Animation,Comedy']",5.3,18629,43,135703599.0,47901582.0,35.3,87802017.0,64.7,2003,en,['United States of America']
Kandahar (2001),0,81,['Drama'],6.8,7156,177,8914751.0,1418314.0,15.9,7496437.0,84.1,2001,en,"['Iran', 'France']"
Kandahar (2023),0,81,['Drama'],6.8,7156,189,9387311.0,4813132.0,51.3,4574179.0,48.7,2023,en,"['United Arab Emirates', 'United States of America']"
No Man's Land (2013),0,98,"['Comedy,Drama,War']",7.9,49554,142,41807712.0,0.0,0.0,41807712.0,100.0,2013,zh,"['China', 'Hong Kong']"
The Emperor's Club (2002),0,109,['Drama'],6.9,18146,165,16318449.0,14118751.0,86.5,2199698.0,13.5,2002,en,['United States of America']
They (2002),0,89,"['Horror,Mystery,Thriller']",4.8,14353,162,16446271.0,12840842.0,78.1,3605429.0,21.9,2002,en,['United States of America']
8 Women (2002),0,111,"['Comedy,Crime,Musical']",7.0,35164,96,42426583.0,3098776.0,7.3,39327807.0,92.7,2002,fr,"['France', 'Italy']"
The Spanish Apartment (2002),0,122,"['Comedy,Drama,Romance']",7.3,43317,120,28193749.0,1067438.0,3.8,27126311.0,96.2,2002,fr,"['France', 'Spain', 'United States of America']"
Dead Weight (2002),0,107,"['Action,Adventure,Comedy']",5.9,5522,158,16987957.0,0.0,0.0,16987957.0,100.0,2002,fr,"['France', 'United Kingdom']"
Nebraska (2013),0,88,['Drama'],8.1,34,176,27682872.0,17654912.0,63.8,10027960.0,36.2,2013,en,['United States of America']
Showtime (2002),0,95,"['Action,Comedy,Crime']",5.6,66049,59,77741732.0,38082712.0,49.0,39659020.0,51.0,2002,en,['United States of America']
Sisters (2015),0,83,"['Crime,Drama']",7.0,4325,72,105011053.0,87044645.0,82.9,17966408.0,17.1,2015,en,['United States of America']
Ali G Indahouse (2002),0,87,['Comedy'],6.2,97568,136,23280529.0,0.0,0.0,23280529.0,100.0,2002,en,"['France', 'Germany', 'United Kingdom']"
Boat Trip (2002),0,94,['Comedy'],4.9,32813,172,15020293.0,8600126.0,57.3,6420167.0,42.7,2002,en,"['Germany', 'United States of America']"
Dreamcatcher (2003),0,134,"['Drama,Horror,Sci-Fi']",5.5,98030,71,75715436.0,33715436.0,44.5,42000000.0,55.5,2003,en,['United States of America']
Monster's Ball (2001),0,111,"['Drama,Romance']",7.0,95920,79,44909486.0,31273922.0,69.6,13635564.0,30.4,2001,en,['United States of America']
Once Upon a Time in Mexico (2003),0,102,"['Action,Crime,Thriller']",6.3,172920,56,98096026.0,56359780.0,57.5,41736246.0,42.5,2003,en,['United States of America']
Les rois mages (2001),0,102,"['Comedy,Fantasy']",5.6,2522,165,11702020.0,0.0,0.0,11702020.0,100.0,2001,fr,['France']
Signs (2002),0,106,"['Drama,Mystery,Sci-Fi']",6.8,398855,7,408247917.0,227966634.0,55.8,180281283.0,44.2,2002,en,['United States of America']
Silence (2016),0,90,"['Mystery,Thriller']",4.6,304,193,23834809.0,7100177.0,29.8,16734632.0,70.2,2016,en,"['Mexico', 'Taiwan', 'United States of America']"
Shaolin Soccer (2001),0,87,"['Action,Comedy,Fantasy']",7.3,92135,84,42776760.0,489600.0,1.1,42287160.0,98.9,2001,cn,['Hong Kong']
The Triplets of Belleville (2003),0,80,"['Adventure,Animation,Comedy']",7.7,58037,163,14776760.0,7007149.0,47.4,7769611.0,52.6,2003,fr,"['Belgium', 'Canada', 'France', 'United Kingdom', 'Latvia', 'United States of America']"
Bend It Like Beckham (2002),0,112,"['Comedy,Drama,Romance']",6.7,118752,62,76583333.0,32543449.0,42.5,44039884.0,57.5,2002,en,"['Germany', 'United Kingdom', 'United States of America']"
Hulk (2003),0,138,"['Action,Sci-Fi']",5.6,284155,15,245285165.0,132177234.0,53.9,113107931.0,46.1,2003,en,['United States of America']
Pulse (2006),0,119,"['Horror,Mystery,Sci-Fi']",6.5,27964,145,29907685.0,20264436.0,67.8,9643249.0,32.2,2006,en,"['United States of America', 'Romania', 'South Africa']"
What a Girl Wants (2003),0,105,"['Comedy,Drama,Family']",5.8,68152,92,50732139.0,36105433.0,71.2,14626706.0,28.8,2003,en,"['United States of America', 'United Kingdom']"
Earth (2007),0,140,['Documentary'],5.8,28,52,108975160.0,32011576.0,29.4,76963584.0,70.6,2007,en,"['France', 'United Kingdom']"
Pokemon 4Ever: Celebi - Voice of the Forest (2002),0,75,"['Action,Adventure,Animation']",5.8,9722,121,28023563.0,1727447.0,6.2,26296116.0,93.8,2002,ja,['Japan']
Spy Kids 2: Island of Lost Dreams (2002),0,100,"['Action,Adventure,Comedy']",5.3,75826,39,119723358.0,85846429.0,71.7,33876929.0,28.3,2002,en,['United States of America']
Animal (2023),0,92,['Comedy'],6.3,120,58,92870950.0,15004482.0,16.2,77866468.0,83.8,2023,hi,['India']
Daredevil (2003),0,103,"['Action,Crime']",5.3,234258,29,179179718.0,102543518.0,57.2,76636200.0,42.8,2003,en,"['Switzerland', 'United States of America']"
The Medallion (2003),0,88,"['Action,Comedy,Fantasy']",5.2,44804,112,34268701.0,22219192.0,64.8,12049509.0,35.2,2003,en,"['Hong Kong', 'United States of America']"
Zelary (2003),0,150,"['Drama,Romance,War']",7.5,3817,157,15461305.0,330033.0,2.1,15131272.0,97.9,2003,cs,"['Austria', 'Czech Republic', 'Slovakia']"
Ghost Ship (2002),0,91,"['Horror,Mystery,Thriller']",5.6,112625,67,68349884.0,30113491.0,44.1,38236393.0,55.9,2002,en,"['Australia', 'United States of America']"
28 Days Later (2002),0,113,"['Drama,Horror,Sci-Fi']",7.5,469089,54,82719885.0,45064915.0,54.5,37654970.0,45.5,2002,en,['United Kingdom']
The Powerpuff Girls Movie (2002),0,73,"['Action,Adventure,Animation']",6.5,11308,163,16426471.0,11412414.0,69.5,5014057.0,30.5,2002,en,['United States of America']
Red Dragon (2002),0,124,"['Crime,Drama,Thriller']",7.2,300624,20,209196298.0,93149898.0,44.5,116046400.0,55.5,2002,en,"['Germany', 'Italy', 'United States of America']"
Analyze That (2002),0,96,"['Comedy,Crime']",5.9,90827,80,55003135.0,32130627.0,58.4,22872508.0,41.6,2002,en,['United States of America']
The Butterfly Effect (2004),0,113,"['Drama,Sci-Fi,Thriller']",7.6,536751,59,96693728.0,57938693.0,59.9,38754724.0,40.1,2004,en,"['Canada', 'United States of America']"
The Life of David Gale (2003),0,130,"['Crime,Drama,Mystery']",7.5,128823,107,38955598.0,19955598.0,51.2,19000000.0,48.8,2003,en,"['Germany', 'United Kingdom', 'United States of America']"
Meet the Fockers (2004),0,115,"['Comedy,Romance']",6.3,293774,7,522657936.0,279261160.0,53.4,243396776.0,46.6,2004,en,['United States of America']
The Tuxedo (2002),0,98,"['Action,Comedy,Sci-Fi']",5.4,90522,49,104391623.0,50547998.0,48.4,53843625.0,51.6,2002,en,['United States of America']
Max (2015),0,106,"['Drama,War']",6.4,8854,146,43956255.0,42656255.0,97.0,1300000.0,3.0,2015,en,['United States of America']
Space Station 3D (2002),0,47,['Documentary'],7.4,1768,35,128363881.0,93383953.0,72.7,34979928.0,27.3,2002,en,"['Canada', 'United States of America']"
The Wash (2001),0,93,['Comedy'],4.8,7878,172,10229331.0,10097538.0,98.7,131793.0,1.3,2001,en,['United States of America']
X2: X-Men United (2003),0,134,"['Action,Sci-Fi,Thriller']",7.4,593895,9,407711549.0,214949694.0,52.7,192761855.0,47.3,2003,en,['United States of America']
Mean Machine (2001),0,99,"['Comedy,Crime,Drama']",6.4,42624,188,7310206.0,92770.0,1.3,7217436.0,98.7,2001,en,['United Kingdom']
The Recruit (2003),0,115,"['Action,Thriller']",6.6,144309,55,101191884.0,52802140.0,52.2,48389744.0,47.8,2003,en,['United States of America']
Son of the Bride (2001),0,123,"['Comedy,Drama']",7.8,16881,178,8772695.0,624757.0,7.1,8147938.0,92.9,2001,es,"['Argentina', 'Spain']"
No Good Deed (2014),0,97,"['Crime,Drama,Thriller']",5.4,7965,120,54323210.0,52543632.0,96.7,1779578.0,3.3,2014,en,['United States of America']
The Rules of Attraction (2002),0,110,"['Comedy,Drama,Romance']",6.6,54259,192,11819244.0,6532619.0,55.3,5286625.0,44.7,2002,en,"['Germany', 'United States of America']"
Before the Devil Knows You're Dead (2007),0,117,"['Crime,Drama,Thriller']",7.3,115708,167,25037657.0,7084227.0,28.3,17953430.0,71.7,2007,en,"['United States of America', 'United Kingdom']"
The Gift (2015),0,0,['Sci-Fi'],5.3,30,120,58978653.0,43787265.0,74.2,15191388.0,25.8,2015,en,"['Australia', 'United States of America']"
Mortal Kombat (2021),0,110,"['Action,Adventure,Fantasy']",6.0,195391,48,84426031.0,42326031.0,50.1,42100000.0,49.9,2021,en,['United States of America']
The Phantom of the Opera (2004),0,143,"['Drama,Musical,Romance']",7.2,133829,35,154648887.0,51268815.0,33.2,103380072.0,66.8,2004,en,"['United Kingdom', 'United States of America']"
Radio (2003),0,95,"['Comedy,Thriller']",7.1,371,90,53293628.0,52333738.0,98.2,959890.0,1.8,2003,en,['United States of America']
Rush Hour 3 (2007),0,91,"['Action,Comedy,Crime']",6.2,189772,20,258097122.0,140125968.0,54.3,117971154.0,45.7,2007,en,['United States of America']
The Transporter (2002),0,92,"['Action,Crime,Thriller']",6.8,328199,93,43928932.0,25296447.0,57.6,18632485.0,42.4,2002,en,"['United States of America', 'France']"
Friday After Next (2002),0,85,"['Comedy,Drama']",5.8,31214,105,33526835.0,33253609.0,99.2,273226.0,0.8,2002,en,['United States of America']
The Little Polar Bear (2001),0,78,"['Adventure,Animation,Family']",5.9,837,168,11243547.0,0.0,0.0,11243547.0,100.0,2001,de,['Germany']
2009: Lost Memories (2002),0,136,"['Action,Drama,Sci-Fi']",6.1,3469,191,12049825.0,0.0,0.0,12049825.0,100.0,2002,ko,['South Korea']
Beyond Borders (2003),0,127,"['Adventure,Drama,Romance']",6.4,29349,182,11705002.0,4430101.0,37.8,7274901.0,62.2,2003,en,"['Canada', 'Germany', 'United States of America']"
Rent (2005),0,135,"['Drama,Musical,Romance']",6.8,56839,134,31670620.0,29077547.0,91.8,2593073.0,8.2,2005,en,['United States of America']
Austin Powers in Goldmember (2002),0,94,"['Action,Adventure,Comedy']",6.2,227702,13,296939148.0,213307889.0,71.8,83630912.0,28.2,2002,en,['United States of America']
Feardotcom (2002),0,101,"['Crime,Horror,Thriller']",3.4,23216,150,18902015.0,13258249.0,70.1,5643766.0,29.9,2002,en,"['Canada', 'Germany', 'Luxembourg', 'United Kingdom', 'United States of America']"
A Guy Thing (2003),0,101,"['Comedy,Romance']",5.6,18756,151,17432163.0,15545431.0,89.2,1886732.0,10.8,2003,en,['United States of America']
Harry Potter and the Chamber of Secrets (2002),0,161,"['Adventure,Family,Fantasy']",7.4,721837,2,878979634.0,261988482.0,29.8,616991152.0,70.2,2002,en,"['United Kingdom', 'United States of America', 'Germany']"
The Master of Disguise (2002),0,80,"['Adventure,Comedy,Family']",3.4,27980,94,43411001.0,40388794.0,93.0,3022207.0,7.0,2002,en,['United States of America']
Merry Christmas (2001),0,98,['Comedy'],4.5,1142,184,8228560.0,0.0,0.0,8228560.0,100.0,2001,it,"['Italy', 'Spain']"
Savages (2012),0,98,['Drama'],6.4,163,82,82966152.0,47382068.0,57.1,35584084.0,42.9,2012,en,"['France', 'United States of America']"
Wrong Turn (2003),0,84,"['Horror,Thriller']",6.1,137876,123,28650575.0,15418790.0,53.8,13231785.0,46.2,2003,en,"['Canada', 'Germany', 'United States of America']"
xXx (2002),0,124,"['Action,Adventure,Drama']",5.8,189397,14,277448382.0,142109382.0,51.2,135339000.0,48.8,2002,en,"['United States of America', 'Czech Republic']"
Taxi 3 (2003),0,84,"['Action,Comedy,Crime']",5.8,46881,78,65497208.0,497208.0,0.8,65000000.0,99.2,2003,fr,['France']
The Chronicles of Riddick (2004),0,119,"['Action,Adventure,Sci-Fi']",6.6,246699,48,115900534.0,57761012.0,49.8,58139522.0,50.2,2004,en,['United States of America']
Brown Sugar (2002),0,109,"['Comedy,Drama,Music']",6.5,10598,119,28316451.0,27363891.0,96.6,952560.0,3.4,2002,en,['United States of America']
Ghosts of the Abyss (2003),0,61,"['Documentary,Family']",6.8,6550,138,22141539.0,17040871.0,77.0,5100668.0,23.0,2003,en,"['Mexico', 'United States of America']"
Half Past Dead (2002),0,98,"['Action,Crime,Thriller']",4.6,17173,148,19233280.0,15567860.0,80.9,3665420.0,19.1,2002,en,"['Germany', 'United States of America']"
I Spy (2002),0,97,"['Action,Adventure,Comedy']",5.4,54256,88,51386477.0,33561137.0,65.3,17825340.0,34.7,2002,en,['United States of America']
Mindhunters (2004),0,106,"['Crime,Horror,Thriller']",6.3,65408,146,21148829.0,4480744.0,21.2,16668085.0,78.8,2004,en,"['Finland', 'Netherlands', 'United Kingdom', 'United States of America']"
Argo (2012),0,106,"['Action,Comedy']",7.0,4231,36,232325503.0,136025503.0,58.5,96300000.0,41.5,2012,en,"['United Kingdom', 'United States of America']"
Far from Heaven (2002),0,107,"['Drama,Romance']",7.3,50253,117,29027914.0,15901849.0,54.8,13126065.0,45.2,2002,en,"['United States of America', 'France']"
The Ring (2002),0,115,"['Horror,Mystery']",7.1,386683,17,249348933.0,129128133.0,51.8,120220800.0,48.2,2002,en,['United States of America']
Shrek 2 (2004),0,93,"['Adventure,Animation,Comedy']",7.4,524494,1,928974162.0,441426807.0,47.5,487534523.0,52.5,2004,en,['United States of America']
8 Mile (2002),0,110,"['Drama,Music']",7.2,334484,18,242875078.0,116750901.0,48.1,126124177.0,51.9,2002,en,"['Germany', 'United States of America']"
Whale Rider (2003),0,101,"['Drama,Family']",7.5,44640,104,41062976.0,20779666.0,50.6,20283310.0,49.4,2003,en,"['Germany', 'New Zealand']"
Derailed (2005),0,89,"['Action,Thriller']",3.9,8804,87,57479076.0,36024076.0,62.7,21455000.0,37.3,2005,en,"['United Kingdom', 'United States of America']"
Jonah: A VeggieTales Movie (2002),0,82,"['Adventure,Animation,Comedy']",6.4,4665,126,25615231.0,25581229.0,99.9,34002.0,0.1,2002,en,['United States of America']
The Invisible (2007),0,101,"['Drama,Fantasy,Thriller']",6.4,3367,161,26810113.0,20578909.0,76.8,6231204.0,23.2,2007,en,"['Canada', 'United States of America']"
The Core (2003),0,135,"['Action,Adventure,Sci-Fi']",5.5,109613,72,73498611.0,31186896.0,42.4,42311715.0,57.6,2003,en,"['United States of America', 'Canada', 'Germany']"
In America (2003),0,105,['Drama'],7.7,44771,126,25382911.0,15539656.0,61.2,9843255.0,38.8,2003,en,"['Ireland', 'United States of America']"
Hop (2011),0,106,"['Comedy,Drama']",6.9,460,39,183953723.0,108085305.0,58.8,75868418.0,41.2,2011,en,"['Japan', 'United States of America']"
The Uninvited (2009),0,102,['Horror'],6.5,386,120,41633384.0,28596818.0,68.7,13036566.0,31.3,2009,en,['United States of America']
Home on the Range (2004),0,76,"['Adventure,Animation,Comedy']",5.4,27342,37,145358062.0,50030461.0,34.4,95327601.0,65.6,2004,en,['United States of America']
Chicago (2002),0,113,"['Comedy,Crime,Musical']",7.2,248790,12,306776732.0,170687518.0,55.6,136089214.0,44.4,2002,en,"['Germany', 'Canada', 'United States of America']"
The Photograph (2020),0,66,['Drama'],6.4,147,63,20690779.0,20578185.0,99.5,112594.0,0.5,2020,en,"['United States of America', 'China']"
Hero (2002),0,107,"['Action,Adventure,Drama']",7.9,190079,28,177395557.0,53710019.0,30.3,123685538.0,69.7,2002,zh,"['Hong Kong', 'China']"
Hero (2007),0,107,"['Action,Adventure,Drama']",7.9,190079,74,76089199.0,0.0,0.0,76089199.0,100.0,2007,ja,['Japan']
Hero (2015),0,107,"['Action,Adventure,Drama']",7.9,190079,144,45565534.0,88675.0,0.2,45476859.0,99.8,2015,ja,['Japan']
Hero (2022),0,107,"['Action,Adventure,Drama']",7.9,190079,92,24392492.0,0.0,0.0,24392492.0,100.0,2022,fr,"['Brazil', 'Canada', 'France', 'South Korea', 'United Kingdom', 'United States of America']"
Jersey Girl (2004),0,102,"['Comedy,Drama,Romance']",6.2,72459,109,35492921.0,25268157.0,71.2,10224764.0,28.8,2004,en,['United States of America']
Shanghai Knights (2003),0,114,"['Action,Adventure,Comedy']",6.2,114611,63,88323487.0,60476872.0,68.5,27846615.0,31.5,2003,en,"['Hong Kong', 'United States of America']"
Blue Crush (2002),0,104,"['Drama,Romance,Sport']",5.7,33576,86,51843679.0,40390647.0,77.9,11453032.0,22.1,2002,en,"['Germany', 'United States of America', 'Brazil']"
Timeline (2003),0,116,"['Action,Adventure,Sci-Fi']",5.6,67207,102,43935763.0,19481943.0,44.3,24453820.0,55.7,2003,en,"['Italy', 'United Kingdom', 'United States of America']"
Deliver Us from Eva (2003),0,105,"['Comedy,Drama,Romance']",6.0,7905,150,17573594.0,17573594.0,100.0,0.0,0.0,2003,en,['United States of America']
Dirty Pretty Things (2002),0,97,"['Crime,Drama,Thriller']",7.2,44644,179,13904766.0,8112414.0,58.3,5792352.0,41.7,2002,en,['United Kingdom']
Good Bye Lenin! (2003),0,121,"['Comedy,Drama,Romance']",7.7,155651,69,79316957.0,4064200.0,5.1,75252757.0,94.9,2003,de,['Germany']
Jeepers Creepers 2 (2003),0,104,['Horror'],5.7,73048,79,63102666.0,35667218.0,56.5,27435448.0,43.5,2003,en,['United States of America']
The Other Side of the Bed (2002),0,114,"['Comedy,Drama,Musical']",6.4,5919,186,12630208.0,0.0,0.0,12630208.0,100.0,2002,es,['Spain']
Winged Migration (2001),0,89,['Documentary'],7.9,12497,123,21493351.0,924651.0,4.3,20568700.0,95.7,2001,fr,"['Switzerland', 'Germany', 'Spain', 'France', 'Italy']"
The Hot Chick (2002),0,104,"['Comedy,Fantasy']",5.6,105513,81,54639553.0,35081594.0,64.2,19557959.0,35.8,2002,en,['United States of America']
Old School (2003),0,88,['Comedy'],7.0,249089,64,87135520.0,75585093.0,86.7,11550427.0,13.3,2003,en,['United States of America']
Barbershop (2002),0,102,"['Comedy,Drama']",6.3,34429,61,77063924.0,75782105.0,98.3,1281819.0,1.7,2002,en,['United States of America']
Cabin Fever (2003),0,93,['Horror'],5.6,85720,118,30553394.0,21158188.0,69.2,9395206.0,30.8,2003,en,['United States of America']
Drumline (2002),0,118,"['Comedy,Drama,Music']",6.0,36767,76,57588485.0,56399184.0,97.9,1189301.0,2.1,2002,en,['United States of America']
Harry Potter and the Prisoner of Azkaban (2004),0,142,"['Adventure,Family,Fantasy']",7.9,721668,2,795634069.0,249541069.0,31.4,546093000.0,68.6,2004,en,"['United Kingdom', 'United States of America']"
Mona Lisa Smile (2003),0,117,['Drama'],6.6,94798,42,141337989.0,63860942.0,45.2,77477047.0,54.8,2003,en,['United States of America']
The Santa Clause 2 (2002),0,104,"['Comedy,Family,Fantasy']",5.7,66635,29,172855065.0,139236327.0,80.6,33618738.0,19.4,2002,en,"['United States of America', 'Canada']"
Anger Management (2003),0,106,['Comedy'],6.3,233600,24,195745823.0,135645823.0,69.3,60100000.0,30.7,2003,en,['United States of America']
Charlie's Angels: Full Throttle (2003),0,106,"['Action,Adventure,Comedy']",4.9,135607,12,259175788.0,100830111.0,38.9,158345677.0,61.1,2003,en,"['United States of America', 'Brazil']"
The Crocodile Hunter: Collision Course (2002),0,90,"['Action,Adventure,Comedy']",5.4,8341,106,33082548.0,28442574.0,86.0,4639974.0,14.0,2002,en,"['Australia', 'United States of America']"
Bringing Down the House (2003),0,105,['Comedy'],5.6,40063,33,164729679.0,132716677.0,80.6,32013002.0,19.4,2003,en,['United States of America']
Just Married (2003),0,95,"['Comedy,Romance']",5.5,75802,54,101564935.0,56127162.0,55.3,45437773.0,44.7,2003,en,"['Germany', 'United States of America']"
The Prince and the Pirate (2001),0,90,['Comedy'],5.5,842,182,8579972.0,0.0,0.0,8579972.0,100.0,2001,it,['Italy']
Scary Movie 3 (2003),0,84,['Comedy'],5.6,163162,19,220673217.0,110003217.0,49.8,110670000.0,50.2,2003,en,['United States of America']
Whiplash (2014),0,110,"['Comedy,Drama']",7.1,40,129,48982041.0,13092000.0,26.7,35890041.0,73.3,2014,en,['United States of America']
Cradle 2 the Grave (2003),0,101,"['Action,Crime,Drama']",5.8,47552,86,56489558.0,34712347.0,61.4,21777211.0,38.6,2003,en,['United States of America']
The Divorce (2003),0,117,"['Comedy,Drama,Romance']",4.9,12320,173,12991996.0,9081057.0,69.9,3910939.0,30.1,2003,en,"['France', 'United States of America']"
The Lizzie McGuire Movie (2003),0,94,"['Adventure,Comedy,Family']",5.6,43257,87,55534455.0,42734455.0,77.0,12800000.0,23.0,2003,en,['United States of America']
Public Enemy (2002),0,138,"['Action,Crime']",7.1,2418,170,15897574.0,0.0,0.0,15897574.0,100.0,2002,ko,['South Korea']
Shark Tale (2004),0,90,"['Adventure,Animation,Comedy']",6.0,204520,9,374583879.0,160861908.0,42.9,213721971.0,57.1,2004,en,['United States of America']
Solaris (2002),0,99,"['Drama,Mystery,Romance']",6.2,87357,113,30002758.0,14973382.0,49.9,15029376.0,50.1,2002,en,['United States of America']
The Wild (2006),0,87,"['Adventure,Drama,Mystery']",5.5,57,57,102338515.0,37384046.0,36.5,64954469.0,63.5,2006,en,"['Canada', 'United States of America']"
25th Hour (2002),0,135,['Drama'],7.6,187035,131,23928503.0,13084595.0,54.7,10843908.0,45.3,2002,en,['United States of America']
Bad Santa (2003),0,92,"['Comedy,Crime,Drama']",7.0,160929,70,76488889.0,60060328.0,78.5,16428561.0,21.5,2003,en,['United States of America']
Bobby (2006),0,117,"['Biography,Drama,History']",7.0,43290,181,20704591.0,11242801.0,54.3,9461790.0,45.7,2006,en,['United States of America']
Ballistic: Ecks vs. Sever (2002),0,91,"['Action,Crime,Mystery']",3.7,21399,144,19924033.0,14307963.0,71.8,5616070.0,28.2,2002,en,"['Germany', 'Switzerland', 'United States of America']"
Happily N'Ever After (2007),0,87,"['Adventure,Animation,Comedy']",4.5,11334,119,38085778.0,15589393.0,40.9,22496385.0,59.1,2007,en,"['Germany', 'United Kingdom', 'United States of America']"
The Human Stain (2003),0,106,"['Drama,Romance,Thriller']",6.2,32880,135,22954068.0,5381908.0,23.4,17572160.0,76.6,2003,en,"['France', 'Germany', 'United States of America']"
Like Mike (2002),0,99,"['Comedy,Family,Fantasy']",5.4,23346,72,62274780.0,51432760.0,82.6,10842020.0,17.4,2002,en,['United States of America']
Finding Neverland (2004),0,106,"['Biography,Drama,Family']",7.7,214216,47,116650613.0,51680613.0,44.3,64970000.0,55.7,2004,en,"['United Kingdom', 'United States of America']"
Thelma (2024),0,95,['Drama'],6.8,53,139,12419513.0,9002073.0,72.5,3417440.0,27.5,2024,en,"['Switzerland', 'United States of America']"
War (2007),0,120,"['Action,Drama,War']",7.5,5675,116,40481352.0,22486409.0,55.5,17994943.0,44.5,2007,en,"['United States of America', 'Canada']"
War (2019),0,120,"['Action,Drama,War']",7.5,5675,98,67179155.0,4654000.0,6.9,62525155.0,93.1,2019,hi,['India']
Blood Work (2002),0,110,"['Action,Crime,Drama']",6.4,49085,110,31794718.0,26235081.0,82.5,5559637.0,17.5,2002,en,['United States of America']
Down with Love (2003),0,101,"['Comedy,Romance']",6.3,45501,105,39468111.0,20305251.0,51.4,19162860.0,48.6,2003,en,"['Germany', 'Switzerland', 'United States of America']"
Final Destination 2 (2003),0,90,"['Horror,Thriller']",6.2,190358,60,90941129.0,46961214.0,51.6,43979915.0,48.4,2003,en,"['United States of America', 'Canada']"
Identity (2003),0,90,"['Mystery,Thriller']",7.3,276955,61,90259536.0,52159536.0,57.8,38100000.0,42.2,2003,en,['United States of America']
Luther (2003),0,123,"['Biography,Drama,History']",6.6,16293,120,29413900.0,5791328.0,19.7,23622572.0,80.3,2003,en,"['Germany', 'United States of America']"
The Dreamers (2003),0,115,"['Drama,Romance']",7.1,136491,159,15121165.0,2532228.0,16.7,12588937.0,83.3,2003,en,"['France', 'Italy', 'United Kingdom']"
Ruby & Quentin (2003),0,85,"['Comedy,Crime']",7.1,31451,124,27720972.0,312824.0,1.1,27408148.0,98.9,2003,fr,['France']
A Mighty Wind (2003),0,91,"['Comedy,Music']",7.2,30077,146,18750246.0,17781006.0,94.8,969240.0,5.2,2003,en,['United States of America']
Bowling for Columbine (2002),0,120,"['Crime,Documentary,Drama']",8.0,150340,75,58008423.0,21576018.0,37.2,36432405.0,62.8,2002,en,"['Canada', 'Germany', 'United States of America']"
Confidence (2003),0,97,"['Crime,Thriller']",6.6,35836,134,23014206.0,12251640.0,53.2,10762566.0,46.8,2003,en,"['Canada', 'Germany', 'United States of America']"
Master and Commander: The Far Side of the World (2003),0,138,"['Action,Adventure,Drama']",7.5,244978,21,211622535.0,93927920.0,44.4,117694615.0,55.6,2003,en,['United States of America']
The Flying Classroom (2003),0,110,"['Comedy,Drama,Family']",6.2,1450,196,9378807.0,0.0,0.0,9378807.0,100.0,2003,de,['Germany']
Holes (2003),0,117,"['Adventure,Comedy,Drama']",7.0,104152,73,71406573.0,67406573.0,94.4,4000000.0,5.6,2003,en,['United States of America']
The League of Extraordinary Gentlemen (2003),0,110,"['Action,Adventure,Fantasy']",5.8,187294,28,179265204.0,66465204.0,37.1,112800000.0,62.9,2003,en,"['Germany', 'United States of America']"
Wallace & Gromit: The Curse of the Were-Rabbit (2005),0,85,"['Adventure,Animation,Comedy']",7.5,152130,20,192614977.0,56110897.0,29.1,136504080.0,70.9,2005,en,"['United Kingdom', 'United States of America']"
Long Shot (2019),0,0,['Comedy'],5.9,18,112,53873809.0,30316271.0,56.3,23557538.0,43.7,2019,en,['United States of America']
The Cat in the Hat (2003),0,82,"['Adventure,Comedy,Family']",4.1,90196,44,133960541.0,101149285.0,75.5,32811256.0,24.5,2003,en,['United States of America']
Veronica Guerin (2003),0,98,"['Biography,Crime,Drama']",6.8,22463,195,9439660.0,1571504.0,16.6,7868156.0,83.4,2003,en,"['Ireland', 'United Kingdom', 'United States of America']"
The Foreigner (2017),0,95,"['Action,Thriller']",3.4,7485,61,145374099.0,34393507.0,23.7,110980592.0,76.3,2017,en,"['China', 'India', 'United Kingdom', 'United States of America']"
The Way Home (2002),0,80,['Drama'],7.7,6052,127,24952738.0,445367.0,1.8,24507371.0,98.2,2002,ko,"['South Korea', 'United States of America']"
Der Wixxer (2004),0,85,"['Comedy,Crime,Mystery']",6.2,9426,180,13607165.0,0.0,0.0,13607165.0,100.0,2004,de,['Germany']
The Crime of Padre Amaro (2002),0,118,"['Drama,Romance']",6.7,14645,123,26996738.0,5717044.0,21.2,21279694.0,78.8,2002,es,['Mexico']
Out of Time (2003),0,105,"['Crime,Drama,Mystery']",6.5,67719,88,55495563.0,41088845.0,74.0,14406718.0,26.0,2003,en,['United States of America']
Paris (2008),0,98,"['Crime,Drama,Romance']",4.0,517,175,23328518.0,1010194.0,4.3,22318324.0,95.7,2008,fr,['France']
Punch (2011),0,90,['Drama'],5.9,472,148,33556725.0,0.0,0.0,33556725.0,100.0,2011,hi,['India']
Runaway Jury (2003),0,127,"['Crime,Drama,Thriller']",7.1,107796,68,80154140.0,49443628.0,61.7,30710512.0,38.3,2003,en,['United States of America']
Two Weeks Notice (2002),0,101,"['Comedy,Romance']",6.2,129692,21,199043242.0,93354851.0,46.9,105688391.0,53.1,2002,en,['United States of America']
Anything Else (2003),0,108,"['Comedy,Romance']",6.3,33301,169,13585075.0,3212310.0,23.6,10372765.0,76.4,2003,en,['United States of America']
Agent Cody Banks (2003),0,102,"['Action,Adventure,Comedy']",5.1,37857,84,58795814.0,47938330.0,81.5,10857484.0,18.5,2003,en,"['Canada', 'United States of America']"
Godzilla Against Mechagodzilla (2002),0,88,"['Action,Sci-Fi,Thriller']",6.6,5816,177,14122958.0,0.0,0.0,14122958.0,100.0,2002,ja,['Japan']
Mortadelo & Filemon: The Big Adventure (2003),0,107,"['Action,Adventure,Comedy']",5.3,3734,129,23920411.0,0.0,0.0,23920411.0,100.0,2003,es,['Spain']
Hey Arnold! The Movie (2002),0,76,"['Adventure,Animation,Comedy']",6.0,8021,171,15249308.0,13728902.0,90.0,1520406.0,10.0,2002,en,['United States of America']
Love Actually (2003),0,135,"['Comedy,Drama,Romance']",7.6,556051,16,244931766.0,59696144.0,24.4,185235622.0,75.6,2003,en,"['France', 'United Kingdom', 'United States of America']"
Tears of the Sun (2003),0,121,"['Action,Drama,Thriller']",6.6,133731,65,86468162.0,43734876.0,50.6,42733286.0,49.4,2003,en,['United States of America']
My Life Without Me (2003),0,106,"['Drama,Romance']",7.4,26149,192,9726954.0,400948.0,4.1,9326006.0,95.9,2003,en,"['Canada', 'Spain']"
Hope Springs (2012),0,92,"['Comedy,Romance']",5.4,8081,67,114281051.0,63536011.0,55.6,50745040.0,44.4,2012,en,['United States of America']
The Perfect Score (2004),0,93,"['Comedy,Crime,Drama']",5.7,26654,200,10898337.0,10391003.0,95.3,507334.0,4.7,2004,en,"['Germany', 'United States of America']"
Sucker Punch (2011),0,90,"['Comedy,Crime,Drama']",3.5,174,78,89792502.0,36392502.0,40.5,53400000.0,59.5,2011,en,"['Canada', 'United States of America']"
The In-Laws (2003),0,98,"['Action,Comedy,Thriller']",5.7,18139,125,26891849.0,20453431.0,76.1,6438418.0,23.9,2003,en,"['Germany', 'United States of America']"
Bruce Almighty (2003),0,101,"['Comedy,Fantasy']",6.8,448490,5,484592874.0,242829261.0,50.1,241763613.0,49.9,2003,en,['United States of America']
21 Grams (2003),0,124,"['Crime,Drama,Thriller']",7.6,249179,82,60427839.0,16290476.0,27.0,44137363.0,73.0,2003,en,['United States of America']
House of Sand and Fog (2003),0,126,"['Crime,Drama']",7.5,74096,154,16763804.0,13040288.0,77.8,3723516.0,22.2,2003,en,"['United States of America', 'United Kingdom']"
Open Range (2003),0,139,"['Action,Drama,Romance']",7.4,80832,75,68296293.0,58331254.0,85.4,9965039.0,14.6,2003,en,"['United Kingdom', 'United States of America']"
Peter Pan (2003),0,113,"['Adventure,Family,Fantasy']",6.8,82151,48,121975011.0,48462608.0,39.7,73512403.0,60.3,2003,en,"['United Kingdom', 'United States of America']"
Spider-Man 2 (2004),0,127,"['Action,Adventure,Sci-Fi']",7.5,737709,3,783766341.0,373585825.0,47.7,410180516.0,52.3,2004,en,['United States of America']
Because of Winn-Dixie (2005),0,106,"['Comedy,Drama,Family']",6.4,13092,126,33589427.0,32647042.0,97.2,942385.0,2.8,2005,en,['United States of America']
Bridget Jones: The Edge of Reason (2004),0,108,"['Comedy,Drama,Romance']",6.0,127010,16,265126918.0,40226215.0,15.2,224900703.0,84.8,2004,en,"['France', 'Ireland', 'United Kingdom', 'United States of America']"
Black Box (2021),0,81,['Drama'],6.0,142,169,9738741.0,0.0,0.0,9738741.0,100.0,2021,en,['United States of America']
Cars (2006),0,116,"['Adventure,Animation,Comedy']",7.3,495129,6,461983149.0,244082982.0,52.8,217900167.0,47.2,2006,en,['United States of America']
City of God (2002),0,130,"['Crime,Drama']",8.6,829552,112,30641770.0,7564459.0,24.7,23077311.0,75.3,2002,pt,"['Brazil', 'France', 'Germany']"
Daddy Day Care (2003),0,92,"['Comedy,Family']",5.6,75795,34,164433867.0,104297061.0,63.4,60136806.0,36.6,2003,en,['United States of America']
Hidalgo (2004),0,136,"['Action,Adventure,Biography']",6.7,86991,52,108040622.0,67303450.0,62.3,40737172.0,37.7,2004,en,"['United States of America', 'Morocco']"
House of the Dead (2003),0,90,"['Action,Adventure,Horror']",2.1,39146,168,13818181.0,10249719.0,74.2,3568462.0,25.8,2003,en,"['Canada', 'Germany', 'Japan', 'United States of America']"
The Incredibles (2004),0,115,"['Action,Adventure,Animation']",8.0,844788,4,631442092.0,261441092.0,41.4,370001000.0,58.6,2004,en,['United States of America']
The Italian Job (2003),0,111,"['Action,Crime,Thriller']",7.0,396694,31,176070171.0,106128601.0,60.3,69941570.0,39.7,2003,en,"['France', 'United Kingdom', 'United States of America']"
Mission: Impossible III (2006),0,126,"['Action,Adventure,Thriller']",6.9,401090,8,398479497.0,134029801.0,33.6,264449696.0,66.4,2006,en,['United States of America']
Looney Tunes: Back in Action (2003),0,91,"['Adventure,Animation,Comedy']",5.8,41478,74,68514844.0,20991364.0,30.6,47523480.0,69.4,2003,en,['United States of America']
To Be and to Have (2002),0,104,"['Documentary,Family']",7.8,8543,168,16063920.0,777129.0,4.8,15286791.0,95.2,2002,fr,['France']
Alex & Emma (2003),0,96,"['Comedy,Romance']",5.5,14057,158,15368897.0,14218698.0,92.5,1150199.0,7.5,2003,en,['United States of America']
The Cooler (2003),0,101,"['Drama,Romance']",6.9,36197,186,10464788.0,8291572.0,79.2,2173216.0,20.8,2003,en,"['United Kingdom', 'United States of America']"
The Magdalene Sisters (2002),0,114,['Drama'],7.7,29093,164,16373112.0,306989.0,1.9,16066123.0,98.1,2002,en,"['Ireland', 'United Kingdom']"
The Motorcycle Diaries (2004),0,126,"['Adventure,Biography,Drama']",7.7,106339,90,57663224.0,16781387.0,29.1,40881837.0,70.9,2004,es,"['Argentina', 'France', 'United Kingdom', 'United States of America']"
Resident Evil: Apocalypse (2004),0,94,"['Action,Horror,Sci-Fi']",6.1,214574,43,129342769.0,51201453.0,39.6,78141316.0,60.4,2004,en,"['Canada', 'United Kingdom', 'United States of America']"
Sahara (2005),0,124,"['Action,Adventure,Comedy']",6.1,105989,42,119240351.0,68671925.0,57.6,50568426.0,42.4,2005,en,"['Germany', 'Morocco', 'Spain', 'United Kingdom', 'United States of America']"
The Young Black Stallion (2003),0,50,"['Adventure,Drama,Family']",5.4,1378,193,9638389.0,6751389.0,70.0,2887000.0,30.0,2003,en,['United States of America']
The Alamo (2004),0,137,"['Drama,History,War']",6.1,22787,128,25819961.0,22414961.0,86.8,3405000.0,13.2,2004,en,['United States of America']
Big Fish (2003),0,125,"['Adventure,Drama,Fantasy']",8.0,467253,47,123218424.0,66809693.0,54.2,56408731.0,45.8,2003,en,['United States of America']
The Day After Tomorrow (2004),0,124,"['Action,Adventure,Sci-Fi']",6.5,493360,6,552639571.0,186740799.0,33.8,365898772.0,66.2,2004,en,['United States of America']
Elf (2003),0,97,"['Adventure,Comedy,Family']",7.1,328424,20,220443451.0,173398518.0,78.7,47044933.0,21.3,2003,en,['United States of America']
How to Deal (2003),0,101,"['Comedy,Drama,Romance']",5.6,10048,165,14390329.0,14195227.0,98.6,195102.0,1.4,2003,en,['United States of America']
Man of the Year (2006),0,92,"['Comedy,Drama']",5.3,248,117,42472472.0,37327390.0,87.9,5145082.0,12.1,2006,en,['United States of America']
Kingdom of Heaven (2005),0,144,"['Action,Adventure,Drama']",7.3,329730,17,218122627.0,47398413.0,21.7,170724214.0,78.3,2005,en,"['Germany', 'Spain', 'United Kingdom', 'United States of America']"
Underworld (2003),0,121,"['Action,Fantasy,Thriller']",7.0,292193,58,95708457.0,51970690.0,54.3,43737767.0,45.7,2003,en,['United States of America']
Warrior (2011),0,95,"['Action,Adventure,Fantasy']",3.9,231,181,23308615.0,13657115.0,58.6,9651500.0,41.4,2011,en,['United States of America']
Bibi Blocksberg (2002),0,102,"['Comedy,Family,Fantasy']",5.3,1069,198,10325928.0,0.0,0.0,10325928.0,100.0,2002,de,['Germany']
2 Fast 2 Furious (2003),0,107,"['Action,Crime,Thriller']",5.9,307410,17,236350661.0,127154901.0,53.8,109195760.0,46.2,2003,en,"['Germany', 'United States of America']"
Freaky Friday (2003),0,97,"['Comedy,Family,Fantasy']",6.3,158849,35,160846332.0,110230332.0,68.5,50616000.0,31.5,2003,en,['United States of America']
Honey (2003),0,94,"['Drama,Music,Romance']",5.3,48277,81,62228395.0,30308417.0,48.7,31919978.0,51.3,2003,en,['United States of America']
Inuyasha the Movie: Affections Touching Across Time (2001),0,100,"['Action,Adventure,Animation']",7.2,2916,169,10539779.0,0.0,0.0,10539779.0,100.0,2001,ja,['Japan']
Jackass: The Movie (2002),0,85,"['Action,Comedy,Documentary']",6.6,103936,57,79493831.0,64255312.0,80.8,15238519.0,19.2,2002,en,['United States of America']
Laws of Attraction (2003),0,90,"['Comedy,Romance']",5.9,25093,119,30031874.0,17871255.0,59.5,12160619.0,40.5,2003,,[]
Chasing Papi (2003),0,80,"['Comedy,Romance']",4.8,4532,176,12661189.0,6130049.0,48.4,6531140.0,51.6,2003,en,['United States of America']
Phone (2002),0,104,"['Horror,Mystery,Thriller']",6.1,5359,139,21784403.0,0.0,0.0,21784403.0,100.0,2002,ko,['South Korea']
Piglet's Big Movie (2003),0,75,"['Adventure,Animation,Comedy']",6.1,9046,80,62870546.0,23103423.0,36.7,39767123.0,63.3,2003,en,['United States of America']
"Remember Me, My Love (2003)",0,125,"['Comedy,Drama,Romance']",6.4,4502,175,12671306.0,227986.0,1.8,12443320.0,98.2,2003,it,['Italy']
Suspect Zero (2004),0,99,"['Crime,Horror,Mystery']",5.8,21777,195,11416075.0,8725813.0,76.4,2690262.0,23.6,2004,en,"['Germany', 'United Kingdom', 'United States of America']"
Swimming Pool (2003),0,102,"['Crime,Drama,Mystery']",6.7,49627,136,22441497.0,10130108.0,45.1,12311389.0,54.9,2003,en,"['France', 'United Kingdom']"
The Texas Chainsaw Massacre (2003),0,98,['Horror'],6.2,156287,53,107071655.0,80571655.0,75.3,26500000.0,24.7,2003,en,['United States of America']
Wicker Park (2004),0,114,"['Drama,Mystery,Romance']",6.9,59581,142,21568818.0,13001257.0,60.3,8567561.0,39.7,2004,en,['United States of America']
Champion (2002),0,117,"['Biography,Drama,Sport']",6.5,404,197,10569737.0,0.0,0.0,10569737.0,100.0,2002,en,['United States of America']
Dickie Roberts: Former Child Star (2003),0,98,['Comedy'],5.6,15924,130,23769505.0,22738671.0,95.7,1030834.0,4.3,2003,en,['United States of America']
Head of State (2003),0,95,['Comedy'],5.5,21614,108,38620484.0,38125247.0,98.7,495237.0,1.3,2003,en,['United States of America']
The Eye (2002),0,99,"['Horror,Mystery,Thriller']",6.6,30486,190,12165016.0,512049.0,4.2,11652967.0,95.8,2002,en,['United States of America']
The Eye (2008),0,99,"['Horror,Mystery,Thriller']",6.6,30486,92,58010320.0,31418697.0,54.2,26591623.0,45.8,2008,en,"['United States of America', 'Canada']"
Lara Croft: Tomb Raider - The Cradle of Life (2003),0,117,"['Action,Adventure,Fantasy']",5.5,147738,37,160099222.0,65660196.0,41.0,94439026.0,59.0,2003,en,"['Germany', 'Hong Kong', 'Japan', 'United Kingdom', 'United States of America']"
The Last Samurai (2003),0,154,"['Action,Drama']",7.8,485031,6,454627263.0,111127263.0,24.4,343500000.0,75.6,2003,en,"['New Zealand', 'United States of America']"
Matchstick Men (2003),0,116,"['Comedy,Crime,Drama']",7.3,141383,77,65565672.0,36906460.0,56.3,28659212.0,43.7,2003,en,"['United Kingdom', 'United States of America']"
Perfect Strangers (2016),0,96,"['Drama,Romance,Thriller']",5.2,1638,158,31254929.0,0.0,0.0,31254929.0,100.0,2016,it,['Italy']
Perfect Strangers (2017),0,96,"['Drama,Romance,Thriller']",5.2,1638,158,33262366.0,1014507.0,3.1,32247859.0,96.9,2017,it,['Italy']
Pirates of the Caribbean: The Curse of the Black Pearl (2003),0,143,"['Action,Adventure,Fantasy']",8.1,1252747,4,654264015.0,305413918.0,46.7,348850097.0,53.3,2003,en,['United States of America']
The Miracle of Bern (2003),0,118,"['Drama,Sport']",6.7,7647,127,24816750.0,0.0,0.0,24816394.0,100.0,2003,de,['Germany']
X (2022),0,100,"['Action,Adventure,Crime']",5.8,216,135,14740889.0,11765309.0,79.8,2975580.0,20.2,2022,en,['United States of America']
Yesterday (2019),0,121,"['Action,Crime,Sci-Fi']",4.9,929,56,154608856.0,73286650.0,47.4,81322206.0,52.6,2019,en,"['United Kingdom', 'United States of America']"
The Star (2017),0,97,"['Action,Adventure,Drama']",6.9,2873,96,62812974.0,40852824.0,65.0,21960150.0,35.0,2017,en,['United States of America']
Biker Boyz (2003),0,110,"['Action,Drama']",4.7,14383,132,23510621.0,22076772.0,93.9,1433849.0,6.1,2003,en,['United States of America']
Envy (2004),0,99,['Comedy'],4.8,32741,176,14494036.0,13562325.0,93.6,931711.0,6.4,2004,en,['United States of America']
Good Boy (2003),0,87,"['Comedy,Drama,Family']",5.1,4752,99,45312217.0,37667746.0,83.1,7644471.0,16.9,2003,en,['United States of America']
Martin Lawrence Live: Runteldat (2002),0,113,"['Comedy,Documentary']",5.4,1806,149,19184820.0,19184820.0,100.0,0.0,0.0,2002,en,['United States of America']
Mystic River (2003),0,138,"['Crime,Drama,Mystery']",7.9,500014,38,156595191.0,90135191.0,57.6,66460000.0,42.4,2003,en,['United States of America']
Over the Hedge (2006),0,83,"['Adventure,Animation,Comedy']",6.7,194949,11,339795890.0,155019340.0,45.6,184776550.0,54.4,2006,en,['United States of America']
Secondhand Lions (2003),0,109,"['Comedy,Drama,Family']",7.5,63732,95,48249017.0,42070939.0,87.2,6178078.0,12.8,2003,en,['United States of America']
The Stepford Wives (2004),0,93,"['Comedy,Horror,Sci-Fi']",5.4,71465,53,103370127.0,59484742.0,57.5,43885385.0,42.5,2004,en,['United States of America']
The Whole Ten Yards (2004),0,98,"['Comedy,Crime,Thriller']",5.5,59459,127,26170671.0,16328471.0,62.4,9842200.0,37.6,2004,en,['United States of America']
Around the World in 80 Days (2004),0,120,"['Action,Adventure,Comedy']",5.9,96900,75,72178895.0,24008137.0,33.3,48170758.0,66.7,2004,en,"['Germany', 'Ireland', 'United Kingdom', 'United States of America']"
Catwoman (2004),0,104,"['Action,Crime,Fantasy']",3.4,128398,67,82402379.0,40202379.0,48.8,42200000.0,51.2,2004,en,"['Canada', 'United States of America']"
Coraline (2009),0,100,"['Animation,Drama,Family']",7.8,280654,46,125462427.0,75286229.0,60.0,50176198.0,40.0,2009,en,['United States of America']
Ella Enchanted (2004),0,96,"['Comedy,Family,Fantasy']",6.3,77519,125,27388767.0,22918387.0,83.7,4470380.0,16.3,2004,en,"['Ireland', 'United Kingdom']"
The Rundown (2003),0,104,"['Action,Adventure,Comedy']",6.7,145769,67,80657921.0,47726342.0,59.2,32931579.0,40.8,2003,en,['United States of America']
Kingdom (2019),0,96,"['Adventure,Family,Fantasy']",7.2,53,115,50574061.0,0.0,0.0,50574061.0,100.0,2019,en,['Switzerland']
Malibu's Most Wanted (2003),0,86,"['Comedy,Crime']",5.2,21349,111,34622504.0,34432201.0,99.5,190303.0,0.5,2003,en,['United States of America']
Man on Fire (2004),0,146,"['Action,Crime,Drama']",7.7,400521,41,130834852.0,77911774.0,59.5,52923078.0,40.5,2004,en,"['Switzerland', 'United Kingdom', 'United States of America']"
Thirteen (2003),0,100,['Drama'],6.8,102216,188,10128960.0,4601043.0,45.4,5527917.0,54.6,2003,en,"['United Kingdom', 'United States of America']"
Under the Tuscan Sun (2003),0,113,"['Comedy,Drama,Romance']",6.7,62364,83,58878723.0,43610723.0,74.1,15268000.0,25.9,2003,en,"['Italy', 'United States of America']"
American Wedding (2003),0,96,['Comedy'],6.3,221902,18,232722935.0,104565114.0,44.9,128157821.0,55.1,2003,en,['United States of America']
Brother Bear (2003),0,85,"['Adventure,Animation,Comedy']",6.9,128978,14,250397798.0,85336277.0,34.1,165061521.0,65.9,2003,en,['United States of America']
Chouchou (2003),0,105,['Comedy'],4.7,2488,137,22288364.0,0.0,0.0,22288364.0,100.0,2003,fr,['France']
Dumb and Dumberer: When Harry Met Lloyd (2003),0,85,['Comedy'],3.5,43318,106,39267515.0,26276465.0,66.9,12991050.0,33.1,2003,en,['United States of America']
Freddy vs. Jason (2003),0,97,"['Action,Horror']",5.7,131059,52,116632628.0,82622655.0,70.8,34009973.0,29.2,2003,en,['United States of America']
Monsieur Ibrahim (2003),0,95,"['Comedy,Drama']",7.3,11775,179,12364836.0,2823890.0,22.8,9540946.0,77.2,2003,fr,['France']
Our Times (2015),0,65,['Documentary'],7.2,137,89,83867493.0,0.0,0.0,83867493.0,100.0,2015,zh,"['China', 'Hong Kong', 'Taiwan']"
Seabiscuit (2003),0,140,"['Drama,History,Sport']",7.3,78063,40,148336445.0,120277854.0,81.1,28058591.0,18.9,2003,en,['United States of America']
Torque (2003),0,84,"['Action,Comedy,Crime']",4.1,29939,97,46546197.0,21215059.0,45.6,25331138.0,54.4,2003,,[]
Hollywood Homicide (2003),0,116,"['Action,Comedy,Crime']",5.3,40261,91,51142659.0,30940691.0,60.5,20201968.0,39.5,2003,en,['United States of America']
xXx: State of the Union (2005),0,101,"['Action,Adventure,Crime']",4.5,74872,77,71410636.0,26873932.0,37.6,44536704.0,62.4,2005,en,['United States of America']
Shadow (2018),0,89,"['Horror,Romance']",6.4,26,79,91708374.0,521396.0,0.6,91186978.0,99.4,2018,en,[]
Harry Potter and the Goblet of Fire (2005),0,157,"['Adventure,Family,Fantasy']",7.7,710288,1,895921036.0,290013036.0,32.4,605908000.0,67.6,2005,en,"['United Kingdom', 'United States of America']"
Hostage (2005),0,100,['Action'],7.5,24,71,77608617.0,34639939.0,44.6,42968678.0,55.4,2005,en,"['Germany', 'United States of America']"
Don't Move (2004),0,125,"['Drama,Romance']",7.0,8717,191,12071007.0,337265.0,2.8,11733742.0,97.2,2004,it,"['Italy', 'Spain', 'United Kingdom']"
The Punisher (2004),0,124,"['Action,Crime,Drama']",6.4,174862,94,54700105.0,33810189.0,61.8,20889916.0,38.2,2004,en,"['Germany', 'United States of America']"
Devotion (2022),0,92,"['Drama,Mystery,Thriller']",6.2,642,100,21768133.0,20511938.0,94.2,1256195.0,5.8,2022,en,['United States of America']
Cold Creek Manor (2003),0,118,"['Drama,Mystery,Thriller']",5.0,25373,122,29119434.0,21386011.0,73.4,7733423.0,26.6,2003,en,"['Canada', 'United Kingdom', 'United States of America']"
Run (2020),0,180,"['Action,Comedy,Drama']",7.0,1106,178,5184368.0,0.0,0.0,5184368.0,100.0,2020,en,['United States of America']
Scooby-Doo 2: Monsters Unleashed (2004),0,93,"['Adventure,Comedy,Family']",5.3,67963,28,181216833.0,84216833.0,46.5,97000000.0,53.5,2004,en,['United States of America']
Man of the House (2005),0,100,"['Comedy,Crime']",5.5,25818,162,21577624.0,19699706.0,91.3,1877918.0,8.7,2005,en,['United States of America']
The Clearing (2004),0,95,"['Drama,Mystery,Thriller']",5.8,14491,188,12520799.0,5763875.0,46.0,6756924.0,54.0,2004,en,"['Germany', 'United States of America']"
Fever Pitch (2005),0,104,"['Comedy,Drama,Romance']",6.2,48741,98,50605163.0,42071069.0,83.1,8534094.0,16.9,2005,en,"['Germany', 'United States of America']"
The Notebook (2004),0,123,"['Drama,Romance']",7.8,648332,45,118089936.0,81001787.0,68.6,37085800.0,31.4,2004,en,['United States of America']
School of Rock (2003),0,109,"['Comedy,Music']",7.2,342265,45,131095614.0,81261177.0,62.0,49834437.0,38.0,2003,en,['United States of America']
Troy (2004),0,163,"['Adventure,Drama']",7.3,588153,8,497409852.0,133378256.0,26.8,364031596.0,73.2,2004,en,['United States of America']
Together (2001),0,116,"['Drama,Music']",7.4,4519,151,14572229.0,1034829.0,7.1,13537400.0,92.9,2001,sv,"['Denmark', 'Italy', 'Norway', 'Sweden']"
Together (2003),0,116,"['Drama,Music']",7.4,4519,164,14687167.0,1151941.0,7.8,13535226.0,92.2,2003,sv,"['Denmark', 'Italy', 'Norway', 'Sweden']"
My Baby's Daddy (2004),0,86,['Comedy'],4.5,3957,160,18490423.0,17669317.0,95.6,821106.0,4.4,2004,en,['United States of America']
Jail Breakers (2002),0,121,['Comedy'],6.2,451,153,17797711.0,0.0,0.0,17797711.0,100.0,2002,ko,['South Korea']
Garden State (2004),0,102,"['Comedy,Drama,Romance']",7.4,225832,108,35825316.0,26782316.0,74.8,9043000.0,25.2,2004,en,['United States of America']
"Legally Blonde 2: Red, White & Blonde (2003)",0,95,['Comedy'],4.8,75170,46,124914842.0,90186328.0,72.2,34728514.0,27.8,2003,en,['United States of America']
Here (2024),0,90,['Drama'],6.9,443,131,14032045.0,12237270.0,87.2,1794775.0,12.8,2024,en,['United States of America']
Girl with a Pearl Earring (2003),0,100,"['Biography,Drama,Romance']",6.9,83905,115,33030115.0,11670971.0,35.3,21359144.0,64.7,2003,en,"['France', 'Luxembourg', 'United Kingdom']"
Godsend (2004),0,102,"['Action,Drama,Fantasy']",4.8,26856,119,30120671.0,14379751.0,47.7,15740920.0,52.3,2004,en,"['Canada', 'United States of America']"
The Ladykillers (2004),0,104,"['Comedy,Crime,Thriller']",6.2,110399,70,76665191.0,39799191.0,51.9,36866000.0,48.1,2004,en,['United States of America']
Lost in Translation (2003),0,102,"['Comedy,Drama']",7.7,507135,50,118685453.0,44585453.0,37.6,74100000.0,62.4,2003,en,"['United Kingdom', 'United States of America']"
Mohou-han (2002),0,124,"['Crime,Drama,Thriller']",5.0,206,193,11702775.0,0.0,0.0,11702775.0,100.0,2002,ja,['Japan']
The Passion of the Christ (2004),0,127,['Drama'],7.2,256916,5,611490759.0,370274604.0,60.6,241212132.0,39.4,2004,en,['United States of America']
Starsky & Hutch (2004),0,101,"['Comedy,Crime']",6.1,157283,31,170268750.0,88237754.0,51.8,82030996.0,48.2,2004,en,['United States of America']
Win a Date with Tad Hamilton! (2004),0,95,"['Comedy,Romance']",5.6,30054,143,21513434.0,17071962.0,79.4,4441472.0,20.6,2004,en,['United States of America']
Crimson Rivers 2: Angels of the Apocalypse (2004),0,100,"['Action,Crime,Mystery']",5.9,22133,106,40152148.0,152148.0,0.4,40000000.0,99.6,2004,fr,"['France', 'United Kingdom', 'Italy']"
13 Going on 30 (2004),0,98,"['Comedy,Fantasy,Romance']",6.3,229445,61,96455697.0,57231747.0,59.3,39223950.0,40.7,2004,en,['United States of America']
Barbershop 2: Back in Business (2004),0,106,"['Comedy,Drama']",5.7,16406,81,65991448.0,65111277.0,98.7,880171.0,1.3,2004,en,['United States of America']
Love Don't Cost a Thing (2003),0,100,"['Comedy,Drama,Romance']",5.2,9707,139,21964072.0,21924226.0,99.8,39846.0,0.2,2003,en,['United States of America']
Detroit (2017),0,95,"['Action,Crime,Drama']",5.3,87,195,23355100.0,16790139.0,71.9,6564961.0,28.1,2017,en,['United States of America']
Christmas on the Nile (2002),0,100,['Comedy'],4.1,1917,116,29320869.0,0.0,0.0,29320869.0,100.0,2002,it,"['Italy', 'United Kingdom', 'Spain']"
The Prince and Me (2004),0,111,"['Comedy,Family,Romance']",5.9,42581,107,37666766.0,28176497.0,74.8,9490269.0,25.2,2004,en,"['Czech Republic', 'Switzerland', 'United States of America']"
Rugrats Go Wild (2003),0,80,"['Adventure,Animation,Comedy']",5.6,9254,89,55250496.0,39402572.0,71.3,15847924.0,28.7,2003,en,['United States of America']
Something's Gotta Give (2003),0,128,"['Comedy,Drama,Romance']",6.7,132226,11,265328738.0,124728738.0,47.0,140600000.0,53.0,2003,en,['United States of America']
Birth (2004),0,100,"['Drama,Fantasy,Mystery']",6.3,42568,133,23925492.0,5095038.0,21.3,18830454.0,78.7,2004,en,"['Germany', 'United Kingdom', 'United States of America']"
Calendar Girls (2003),0,108,"['Comedy,Drama']",6.9,28595,59,93400759.0,31041759.0,33.2,62359000.0,66.8,2003,en,['United Kingdom']
Calendar Girls (2022),0,108,"['Comedy,Drama']",6.9,28595,90,25433615.0,0.0,0.0,25433615.0,100.0,2022,en,['United States of America']
Catch That Kid (2004),0,91,"['Adventure,Comedy,Crime']",5.2,11181,163,16951702.0,16703799.0,98.5,247903.0,1.5,2004,en,"['Denmark', 'United States of America']"
Cellular (2004),0,94,"['Action,Crime,Thriller']",6.5,107648,89,57678321.0,32003620.0,55.5,25674701.0,44.5,2004,en,"['United States of America', 'Germany']"
Defiance (2008),0,72,['Western'],3.3,132,101,51262751.0,28644813.0,55.9,22617938.0,44.1,2008,en,['United States of America']
Live Free or Die Hard (2007),0,128,"['Action,Thriller']",7.1,427642,12,388156011.0,134529403.0,34.7,253626608.0,65.3,2007,en,"['United Kingdom', 'United States of America']"
Eternal Sunshine of the Spotless Mind (2004),0,108,"['Drama,Romance,Sci-Fi']",8.3,1124191,73,73182700.0,34400301.0,47.0,38775453.0,53.0,2004,en,['United States of America']
The Haunted Mansion (2003),0,88,"['Comedy,Family,Fantasy']",5.2,58776,26,182290266.0,75847266.0,41.6,106443000.0,58.4,2003,en,['United States of America']
Dirty Dancing: Havana Nights (2004),0,86,"['Drama,Music,Romance']",5.9,30002,124,27685016.0,14161590.0,51.2,13523426.0,48.8,2004,en,['United States of America']
The Barbarian Invasions (2003),0,99,"['Comedy,Crime,Drama']",7.5,30471,171,13065317.0,5109226.0,39.1,7956091.0,60.9,2003,fr,"['Canada', 'France']"
The Missing (2003),0,137,"['Adventure,Drama,Thriller']",6.5,39962,109,38364277.0,27011180.0,70.4,11353097.0,29.6,2003,en,['United States of America']
Paparazzi (2004),0,84,"['Action,Crime,Drama']",5.7,15882,164,16796512.0,15714234.0,93.6,1082278.0,6.4,2004,en,"['United States of America', 'United Kingdom']"
Paycheck (2003),0,119,"['Action,Mystery,Sci-Fi']",6.3,114901,51,117248958.0,53790451.0,45.9,63458507.0,54.1,2003,en,"['Canada', 'United States of America']"
The Polar Express (2004),0,100,"['Adventure,Animation,Comedy']",6.6,255937,15,286000505.0,162775358.0,56.9,123225147.0,43.1,2004,en,['United States of America']
Spy Kids 3: Game Over (2003),0,84,"['Action,Adventure,Comedy']",4.4,68358,23,197011982.0,111761982.0,56.7,85250000.0,43.3,2003,en,['United States of America']
Stuck on You (2003),0,118,['Comedy'],5.8,55752,76,65784503.0,33832741.0,51.4,31951762.0,48.6,2003,en,['United States of America']
Two Brothers (2004),0,109,"['Adventure,Drama,Family']",7.0,16173,85,62172050.0,19176754.0,30.8,42995296.0,69.2,2004,en,"['France', 'United Kingdom']"
Van Helsing (2004),0,131,"['Action,Adventure,Fantasy']",6.1,295480,13,300157638.0,120177084.0,40.0,179980554.0,60.0,2004,en,"['Czech Republic', 'United States of America']"
The Aviator (2004),0,170,"['Biography,Drama']",7.5,392705,22,213719942.0,102610330.0,48.0,111109612.0,52.0,2004,en,"['Germany', 'United States of America']"
Battle Royale II (2003),0,155,"['Action,Adventure,Drama']",4.6,21816,161,14899584.0,0.0,0.0,14899584.0,100.0,2003,ja,['Japan']
A Series of Unfortunate Events (2004),0,108,"['Adventure,Comedy,Family']",6.8,225392,23,211468235.0,118634549.0,56.1,92833686.0,43.9,2004,en,"['Germany', 'United States of America']"
Mr. 3000 (2004),0,104,"['Comedy,Drama,Romance']",5.6,15416,141,21839377.0,21811187.0,99.9,28190.0,0.1,2004,en,['United States of America']
Married for 7 Years (2003),0,97,['Comedy'],5.9,1192,194,9545175.0,0.0,0.0,9545175.0,100.0,2003,,[]
Being Julia (2004),0,104,"['Comedy,Drama,Romance']",7.0,13152,177,14339171.0,7739049.0,54.0,6600122.0,46.0,2004,en,[]
New World (2013),0,0,"['Action,Drama,Fantasy']",5.1,43,164,31670607.0,457806.0,1.4,31212801.0,98.6,2013,ko,['South Korea']
Monster (2003),0,109,"['Biography,Crime,Drama']",7.3,166605,85,58469210.0,34469210.0,59.0,24000000.0,41.0,2003,en,['United States of America']
Monster (2022),0,109,"['Biography,Crime,Drama']",7.3,166605,107,20453866.0,434585.0,2.1,20019281.0,97.9,2022,ml,['India']
Brothers (2009),0,80,['Drama'],4.0,140,118,43474578.0,28544157.0,65.7,14930421.0,34.3,2009,en,['United States of America']
Wet Dreams (2002),0,94,['Comedy'],5.4,367,178,13936317.0,0.0,0.0,13936317.0,100.0,2002,ko,['South Korea']
Sex Is Zero (2002),0,96,"['Comedy,Drama,Romance']",6.5,6645,132,23915279.0,0.0,0.0,23915279.0,100.0,2002,ko,['South Korea']
9 (2009),0,91,"['Crime,Drama,Mystery']",7.6,2236,106,48428063.0,31749894.0,65.6,16678169.0,34.4,2009,en,"['Canada', 'United States of America']"
Unleashed (2005),0,103,"['Action,Crime,Thriller']",7.0,109658,96,50871113.0,24537621.0,48.2,26333492.0,51.8,2005,en,"['China', 'France', 'United Kingdom', 'United States of America']"
Along Came Polly (2004),0,90,"['Comedy,Romance']",6.0,146860,29,178311729.0,88097164.0,49.4,90214565.0,50.6,2004,en,['United States of America']
The Dope (2003),0,93,"['Comedy,Crime']",4.3,1538,183,11289473.0,0.0,0.0,11289473.0,100.0,2003,fr,['France']
50 First Dates (2004),0,99,"['Comedy,Drama,Romance']",6.8,394854,26,198413428.0,120908074.0,60.9,77505354.0,39.1,2004,en,['United States of America']
The Good Shepherd (2006),0,167,"['Drama,History,Thriller']",6.7,110246,60,100266865.0,59952835.0,59.8,40314030.0,40.2,2006,en,['United States of America']
"I, Robot (2004)",0,115,"['Action,Mystery,Sci-Fi']",7.1,592235,11,353133898.0,144801023.0,41.0,208332875.0,59.0,2004,en,"['United States of America', 'Germany']"
The Lost City (2022),0,144,"['Drama,Romance']",6.5,10020,24,192907684.0,105344029.0,54.6,87563655.0,45.4,2022,en,['United States of America']
A Very Long Engagement (2004),0,133,"['Drama,Mystery,Romance']",7.6,76740,80,69424389.0,6524389.0,9.4,62900000.0,90.6,2004,fr,"['France', 'United States of America']"
Après Vous (2003),0,110,"['Comedy,Romance']",6.4,3248,197,8852763.0,830292.0,9.4,8022471.0,90.6,2003,fr,['France']
Arthur and the Invisibles (2006),0,94,"['Adventure,Animation,Comedy']",6.0,42296,55,107944236.0,15132763.0,14.0,92811473.0,86.0,2006,fr,"['France', 'United Kingdom', 'United States of America']"
Bedtime Stories (2008),0,0,"['Drama,Romance']",8.4,94,32,212874864.0,110101975.0,51.7,102772889.0,48.3,2008,en,['United States of America']
Connie and Carla (2004),0,98,"['Comedy,Crime,Music']",6.3,8766,196,11341016.0,8085771.0,71.3,3255245.0,28.7,2004,en,['United States of America']
"The Legend of Al, John and Jack (2002)",0,105,"['Comedy,Crime']",6.5,5401,138,23039985.0,0.0,0.0,23039985.0,100.0,2002,it,['Italy']
The SpongeBob SquarePants Movie (2004),0,87,"['Adventure,Animation,Comedy']",7.2,106720,38,140193212.0,85417988.0,60.9,54775005.0,39.1,2004,en,['United States of America']
Sky Captain and the World of Tomorrow (2004),0,106,"['Action,Adventure,Mystery']",6.1,88594,88,57947036.0,37762677.0,65.2,20184359.0,34.8,2004,en,"['Italy', 'United Kingdom', 'United States of America']"
Alexander (2004),0,175,"['Action,Biography,Drama']",5.6,179368,34,167298192.0,34297191.0,20.5,133001001.0,79.5,2004,en,"['France', 'Germany', 'Netherlands', 'United Kingdom', 'United States of America']"
Head-On (2004),0,121,"['Drama,Romance']",7.9,58990,198,11030861.0,435395.0,3.9,10595466.0,96.1,2004,de,"['Germany', 'Turkey']"
Howl's Moving Castle (2004),0,119,"['Adventure,Animation,Family']",8.2,475491,17,235184110.0,4711096.0,2.0,230473014.0,98.0,2004,ja,['Japan']
Kal Ho Naa Ho (2003),0,186,"['Comedy,Drama,Musical']",7.9,77828,170,13200241.0,1991922.0,15.1,11208319.0,84.9,2003,hi,"['Canada', 'India']"
The Cat Returns (2002),0,75,"['Adventure,Animation,Comedy']",7.1,67943,82,53452680.0,0.0,0.0,53452652.0,100.0,2002,ja,['Japan']
Pokémon Heroes (2002),0,71,"['Action,Adventure,Animation']",6.1,7126,141,20867919.0,746381.0,3.6,20121538.0,96.4,2002,ja,['Japan']
Superman Returns (2006),0,154,"['Action,Adventure,Sci-Fi']",6.1,295118,9,391081192.0,200081192.0,51.2,191000000.0,48.8,2006,en,['United States of America']
Waiting... (2005),0,94,['Comedy'],6.7,108933,173,18637690.0,16124543.0,86.5,2513147.0,13.5,2005,en,['United States of America']
My Tutor Friend (2003),0,110,"['Action,Comedy,Romance']",6.5,2588,148,17896209.0,0.0,0.0,17896209.0,100.0,2003,ko,['South Korea']
Gothika (2003),0,98,"['Horror,Mystery,Thriller']",5.8,121563,41,141591324.0,59694580.0,42.2,81896744.0,57.8,2003,en,['United States of America']
(T)Raumschiff Surprise - Periode 1 (2004),0,87,"['Comedy,Sci-Fi']",5.5,17257,71,76341401.0,0.0,0.0,76341401.0,100.0,2004,de,['Germany']
Breakin' All the Rules (2004),0,85,"['Comedy,Romance']",5.6,6484,187,12544254.0,12264319.0,97.8,279935.0,2.2,2004,en,['United States of America']
Cheaper by the Dozen (2003),0,98,"['Comedy,Family']",5.9,111720,25,190212113.0,138614544.0,72.9,51597569.0,27.1,2003,en,['United States of America']
Le coeur des hommes (2003),0,100,"['Comedy,Drama,Romance']",6.5,1931,200,8755325.0,0.0,0.0,8755325.0,100.0,2003,fr,['France']
King Arthur (2004),0,126,"['Action,Adventure,Drama']",6.3,178944,24,203567857.0,51882244.0,25.5,151685613.0,74.5,2004,en,"['Ireland', 'United Kingdom', 'United States of America', 'Singapore']"
Ladder 49 (2004),0,115,"['Action,Drama,Thriller']",6.5,60084,57,100572044.0,74541707.0,74.1,26030337.0,25.9,2004,en,['United States of America']
Miracle (2004),0,135,"['Biography,Drama,History']",7.5,60678,83,64445708.0,64378093.0,99.9,67615.0,0.1,2004,en,['United States of America']
Unstoppable (2010),0,96,"['Action,Adventure,Drama']",4.9,5375,43,167805466.0,81562942.0,48.6,86242524.0,51.4,2010,en,"['United Kingdom', 'United States of America']"
Nothing to Lose (2018),0,94,"['Comedy,Crime,Drama']",5.5,154,154,36075317.0,1016188.0,2.8,35059129.0,97.2,2018,pt,['Brazil']
Ocean's Twelve (2004),0,125,"['Crime,Thriller']",6.5,423945,10,362744280.0,125544280.0,34.6,237200000.0,65.4,2004,en,['United States of America']
Raising Helen (2004),0,119,"['Comedy,Drama,Romance']",6.0,38719,98,49718611.0,37486512.0,75.4,12232099.0,24.6,2004,en,['United States of America']
Ray (2004),0,152,"['Biography,Drama,Music']",7.7,160490,44,123971376.0,75331600.0,60.8,48639776.0,39.2,2004,en,['United States of America']
An Unfinished Life (2005),0,108,"['Drama,Family,Romance']",7.0,34793,174,18618284.0,8586392.0,46.1,10031892.0,53.9,2005,en,"['United States of America', 'Germany']"
Madagascar (2005),0,86,"['Adventure,Animation,Comedy']",6.9,453822,6,542063846.0,193595521.0,35.7,348468325.0,64.3,2005,en,['United States of America']
Walking Tall (2004),0,86,"['Action,Crime']",6.3,111765,92,57223890.0,46437717.0,81.2,10786173.0,18.8,2004,en,['United States of America']
Cinderella Man (2005),0,144,"['Biography,Drama,Romance']",8.0,203098,46,108539911.0,61649911.0,56.8,46890000.0,43.2,2005,en,['United States of America']
De-Lovely (2004),0,125,"['Biography,Drama,Music']",6.6,12055,159,18611951.0,13456633.0,72.3,5155318.0,27.7,2004,en,"['United Kingdom', 'United States of America']"
Facing Windows (2003),0,102,"['Drama,Romance']",7.2,11933,156,15530077.0,543354.0,3.5,14986723.0,96.5,2003,it,"['United Kingdom', 'Italy', 'Turkey', 'Portugal']"
Marathon (2005),0,74,['Drama'],6.1,181,128,33284089.0,0.0,0.0,33284089.0,100.0,2005,ko,['South Korea']
Parasite (2019),0,93,"['Action,Adventure,Horror']",2.8,705,31,258129037.0,53369749.0,20.7,204759288.0,79.3,2019,ko,['South Korea']
NASCAR: The IMAX Experience (2004),0,48,"['Documentary,Sport']",6.9,670,138,22248831.0,21583831.0,97.0,665000.0,3.0,2004,en,['United States of America']
Year One (2009),0,0,"['Action,Adventure,Drama']",4.9,57,88,62357900.0,43337279.0,69.5,19020621.0,30.5,2009,en,['United States of America']
Podium (2004),0,95,"['Comedy,Music']",6.4,4505,131,24511116.0,0.0,0.0,24511116.0,100.0,2004,fr,['France']
The Brothers Grimm (2005),0,118,"['Action,Adventure,Comedy']",5.9,128318,48,105316267.0,37916267.0,36.0,67400000.0,64.0,2005,en,"['United Kingdom', 'United States of America']"
EuroTrip (2004),0,92,['Comedy'],6.6,229974,136,22605153.0,17771387.0,78.6,4833766.0,21.4,2004,en,"['United States of America', 'Canada', 'Czech Republic']"
A Cinderella Story (2004),0,95,"['Comedy,Family,Romance']",5.9,96923,78,70080371.0,51438175.0,73.4,18629734.0,26.6,2004,en,"['Canada', 'United States of America']"
Elysium (2013),0,85,"['Action,Animation,Comedy']",3.9,363,26,286140700.0,93050117.0,32.5,193090583.0,67.5,2013,en,['United States of America']
Garfield: The Movie (2004),0,80,"['Adventure,Comedy,Family']",5.1,97005,25,203172417.0,75369589.0,37.1,127802828.0,62.9,2004,en,['United States of America']
The Family Stone (2005),0,103,"['Comedy,Drama,Romance']",6.3,79559,60,92884429.0,60062868.0,64.7,32821561.0,35.3,2005,en,['United States of America']
I Heart Huckabees (2004),0,107,['Comedy'],6.5,66817,152,20072172.0,12785432.0,63.7,7286740.0,36.3,2004,en,"['Germany', 'United Kingdom', 'United States of America']"
Mr. & Mrs. Smith (2005),0,120,"['Action,Comedy,Crime']",6.5,562053,7,487287646.0,186336279.0,38.2,300951367.0,61.8,2005,en,"['Switzerland', 'United States of America']"
RRRrrrr!!! (2004),0,98,"['Comedy,Crime,Mystery']",5.8,15470,183,13315054.0,54361.0,0.4,13260693.0,99.6,2004,fr,['France']
Salt (2010),0,86,['Drama'],6.0,115,23,293503354.0,118311368.0,40.3,175191986.0,59.7,2010,en,['United States of America']
Elektra (2005),0,97,"['Action,Adventure,Crime']",4.7,101216,89,56995646.0,24409722.0,42.8,32585924.0,57.2,2005,en,['United States of America']
The King (2017),0,130,['Drama'],8.1,2720,145,37886707.0,0.0,0.0,37886707.0,100.0,2017,en,['United States of America']
Anchorman: The Legend of Ron Burgundy (2004),0,94,['Comedy'],7.1,388212,66,90650474.0,85288303.0,94.1,5361427.0,5.9,2004,en,['United States of America']
Boogeyman (2005),0,89,"['Drama,Horror,Mystery']",4.2,33162,80,67192859.0,46752382.0,69.6,20440477.0,30.4,2005,en,['United States of America']
Robots (2005),0,91,"['Adventure,Animation,Comedy']",6.4,167526,14,262511490.0,128200012.0,48.8,134311478.0,51.2,2005,en,['United States of America']
Shall We Dance? (2004),0,106,"['Comedy,Drama,Music']",6.2,50640,32,170128460.0,57890460.0,34.0,112238000.0,66.0,2004,en,['United States of America']
Walk the Line (2005),0,136,"['Biography,Drama,Music']",7.8,272342,22,186797986.0,119519402.0,64.0,67278584.0,36.0,2005,en,"['Germany', 'United States of America']"
Agent Cody Banks 2: Destination London (2004),0,100,"['Action,Adventure,Comedy']",4.6,16325,122,28818995.0,23630159.0,82.0,5188836.0,18.0,2004,en,['United States of America']
Blade: Trinity (2004),0,113,"['Action,Horror,Sci-Fi']",5.8,194628,40,131883935.0,52411906.0,39.7,79472029.0,60.3,2004,en,['United States of America']
The Box (2009),0,99,"['Crime,Drama,Thriller']",4.9,487,142,33333531.0,15051977.0,45.2,18281554.0,54.8,2009,en,['United States of America']
End Game (2021),0,0,"['Action,Drama,Fantasy']",5.7,65,46,91824961.0,23149.0,0.0,91801812.0,100.0,2021,en,[]
Johnson Family Vacation (2004),0,97,['Comedy'],4.6,8626,117,31326183.0,31203964.0,99.6,122219.0,0.4,2004,en,['United States of America']
The Secret Life of Walter Mitty (2013),0,114,"['Adventure,Comedy,Drama']",7.3,351793,42,188133322.0,58236838.0,31.0,129896484.0,69.0,2013,en,"['United Kingdom', 'United States of America']"
Sleep (2023),0,47,"['Drama,Horror,Thriller']",5.8,27,175,11063144.0,34221.0,0.3,11028923.0,99.7,2023,ko,['South Korea']
Chasing Liberty (2004),0,111,"['Comedy,Romance']",6.1,41614,190,12313323.0,12195626.0,99.0,117697.0,1.0,2004,en,"['United Kingdom', 'United States of America']"
Wimbledon (2004),0,98,"['Comedy,Romance,Sport']",6.3,67903,103,41682237.0,17001133.0,40.8,24681104.0,59.2,2004,en,"['France', 'United Kingdom']"
Constantine (2005),0,121,"['Action,Fantasy,Horror']",7.0,388227,15,230884728.0,75976178.0,32.9,154908550.0,67.1,2005,en,"['Germany', 'United States of America']"
King Kong (2005),0,187,"['Action,Adventure,Romance']",7.2,456705,5,556906378.0,218080025.0,39.2,338826353.0,60.8,2005,en,"['New Zealand', 'United States of America', 'Germany']"
Taken (2008),0,72,"['Drama,Horror,Thriller']",7.3,34,28,226837760.0,145000989.0,63.9,81836771.0,36.1,2008,en,"['France', 'United States of America']"
Valiant (2005),0,76,"['Adventure,Animation,Comedy']",5.5,25014,82,61746888.0,19478106.0,31.5,42268782.0,68.5,2005,en,"['United Kingdom', 'United States of America']"
Bride & Prejudice (2004),0,122,"['Comedy,Drama,Musical']",6.2,22065,130,24716440.0,6605592.0,26.7,18110848.0,73.3,2004,en,"['Belgium', 'France', 'India', 'United Kingdom', 'United States of America']"
Confessions of a Teenage Drama Queen (2004),0,89,"['Comedy,Family,Music']",4.7,32248,115,33251890.0,29331068.0,88.2,3920822.0,11.8,2004,en,"['Germany', 'United States of America']"
Fahrenheit 9/11 (2004),0,122,"['Documentary,Drama,War']",7.5,133516,18,222446882.0,119194771.0,53.6,103252111.0,46.4,2004,en,"['Italy', 'United States of America']"
Raise Your Voice (2004),0,103,"['Family,Music,Musical']",5.8,29331,172,14867514.0,10411980.0,70.0,4455534.0,30.0,2004,en,['United States of America']
Inglourious Basterds (2009),0,153,"['Adventure,Drama,War']",8.4,1658635,20,321455689.0,120540719.0,37.5,200914970.0,62.5,2009,en,"['Germany', 'United States of America']"
Little Black Book (2004),0,107,"['Comedy,Drama,Romance']",5.3,19380,139,22035509.0,20698668.0,93.9,1336841.0,6.1,2004,en,['United States of America']
Welcome to Mooseport (2004),0,110,"['Comedy,Romance']",5.3,13797,175,14615099.0,14470947.0,99.0,144152.0,1.0,2004,en,"['Germany', 'United States of America']"
Scary Movie 4 (2006),0,83,['Comedy'],5.1,132881,25,178262620.0,90710620.0,50.9,87552000.0,49.1,2006,en,['United States of America']
Son of the Mask (2005),0,94,"['Comedy,Family,Fantasy']",2.3,60589,84,59981548.0,17018422.0,28.4,42963126.0,71.6,2005,en,"['Germany', 'United States of America']"
Tell No One (2006),0,131,"['Crime,Drama,Mystery']",7.5,59249,135,33406992.0,6177192.0,18.5,27229800.0,81.5,2006,fr,['France']
The Terminal (2004),0,128,"['Comedy,Drama,Romance']",7.4,510083,20,218685607.0,77872883.0,35.6,140812724.0,64.4,2004,en,['United States of America']
Kinsey (2004),0,118,"['Biography,Drama,Romance']",7.1,51674,162,17050017.0,10254979.0,60.1,6795038.0,39.9,2004,en,"['Germany', 'United Kingdom', 'United States of America']"
The Life Aquatic with Steve Zissou (2004),0,119,"['Action,Adventure,Comedy']",7.2,214819,112,34808403.0,24020403.0,69.0,10788000.0,31.0,2004,en,['United States of America']
Criminal (2015),0,87,"['Comedy,Crime,Drama']",6.4,11166,158,38803993.0,14708696.0,37.9,24095297.0,62.1,2015,tl,"['Germany', 'Philippines']"
Employee of the Month (2006),0,97,"['Comedy,Drama']",6.1,10602,127,38528984.0,28444855.0,73.8,10084129.0,26.2,2006,en,['United States of America']
The Grey (2012),0,86,['Drama'],6.2,53,86,79781695.0,51580236.0,64.7,28201459.0,35.3,2012,en,"['United Kingdom', 'United States of America']"
Downfall (2004),0,156,"['Biography,Drama,History']",8.2,385371,65,92181574.0,5509040.0,6.0,86672534.0,94.0,2004,de,"['Austria', 'Germany', 'Italy']"
The Blind Swordsman: Zatoichi (2003),0,116,"['Action,Comedy,Crime']",7.4,52313,117,31167430.0,0.0,0.0,31167430.0,100.0,2003,ja,"['France', 'Japan']"
New York Minute (2004),0,91,"['Adventure,Comedy,Crime']",5.0,25488,145,21289826.0,14071441.0,66.1,7218385.0,33.9,2004,en,['United States of America']
Intimate Strangers (2018),0,104,"['Drama,Romance,Thriller']",6.9,5339,143,39576060.0,0.0,0.0,39576060.0,100.0,2018,ko,['South Korea']
Dawn of the Dead (2004),0,101,"['Action,Horror']",7.2,279558,55,102278712.0,59020957.0,57.7,43257755.0,42.3,2004,en,"['Canada', 'France', 'Japan', 'United States of America']"
Elephant (2003),0,81,"['Crime,Drama,Thriller']",7.1,99878,190,10012022.0,1266955.0,12.7,8745067.0,87.3,2003,en,['United States of America']
"The Chronicles of Narnia: The Lion, the Witch and the Wardrobe (2005)",0,143,"['Adventure,Family,Fantasy']",6.9,440608,3,745013115.0,291710957.0,39.2,453302158.0,60.8,2005,en,"['United Kingdom', 'United States of America']"
Secret Window (2004),0,96,"['Drama,Mystery,Thriller']",6.5,214690,63,92913171.0,48022900.0,51.7,44890271.0,48.3,2004,en,['United States of America']
Taking Lives (2004),0,103,"['Crime,Mystery,Thriller']",6.2,98196,82,65470529.0,32682342.0,49.9,32788187.0,50.1,2004,en,['United States of America']
Oldboy (2003),0,120,"['Action,Drama,Mystery']",8.3,669316,160,14980005.0,707481.0,4.7,14272524.0,95.3,2003,ko,['South Korea']
Dodgeball: A True Underdog Story (2004),0,92,"['Comedy,Sport']",6.7,274327,33,168423227.0,114326736.0,67.9,54096491.0,32.1,2004,en,['United States of America']
Without a Paddle (2004),0,95,"['Adventure,Comedy,Mystery']",5.8,52557,74,73029190.0,58169327.0,79.7,14859863.0,20.3,2004,en,['United States of America']
Babylon A.D. (2008),0,90,"['Action,Adventure,Sci-Fi']",5.5,99332,80,72109200.0,22532572.0,31.2,49576628.0,68.8,2008,en,"['France', 'United Kingdom', 'United States of America']"
The Challenge (2023),0,92,"['Adventure,Comedy,Family']",5.2,3364,127,20810348.0,0.0,0.0,20810348.0,100.0,2023,en,[]
Deep Blue (2003),0,83,['Documentary'],7.4,3186,145,19288261.0,132261.0,0.7,19156000.0,99.3,2003,en,"['Germany', 'United Kingdom']"
The Matador (2005),0,96,"['Comedy,Crime,Thriller']",6.7,46842,187,17347231.0,12594698.0,72.6,4752533.0,27.4,2005,en,"['Germany', 'Mexico', 'United States of America']"
Syriana (2005),0,128,"['Drama,Thriller']",6.9,136019,59,93974620.0,50824620.0,54.1,43150000.0,45.9,2005,en,['United States of America']
Shaun of the Dead (2004),0,99,"['Comedy,Horror']",7.9,614803,120,30039392.0,13542874.0,45.1,16496518.0,54.9,2004,en,['United Kingdom']
The Upside of Anger (2005),0,118,"['Comedy,Drama']",6.8,23528,141,28237488.0,18761993.0,66.4,9475495.0,33.6,2005,en,['United States of America']
A Walk Among the Tombstones (2014),0,114,"['Action,Crime,Drama']",6.5,129316,117,58834384.0,26307600.0,44.7,32526784.0,55.3,2014,en,['United States of America']
You Got Served (2004),0,95,"['Drama,Music']",3.9,28917,97,50576805.0,40363810.0,79.8,10212995.0,20.2,2004,en,['United States of America']
Anacondas: The Hunt for the Blood Orchid (2004),0,97,"['Action,Adventure,Horror']",4.7,35081,76,70992898.0,32238923.0,45.4,38753975.0,54.6,2004,en,['United States of America']
One Missed Call (2004),0,112,"['Horror,Mystery']",6.2,19914,165,16367880.0,0.0,0.0,16367880.0,100.0,2004,ja,['Japan']
One Missed Call (2008),0,112,"['Horror,Mystery']",6.2,19914,108,45847751.0,26890041.0,58.7,18957710.0,41.3,2008,en,"['Germany', 'Japan', 'United Kingdom', 'United States of America']"
Godzilla: Tokyo S.O.S. (2003),0,91,"['Action,Adventure,Fantasy']",6.4,5447,185,10724345.0,0.0,0.0,10724345.0,100.0,2003,ja,['Japan']
Seducing Doctor Lewis (2003),0,108,"['Comedy,Drama']",7.3,5539,178,12504038.0,9354342.0,74.8,3149696.0,25.2,2003,fr,['Canada']
Happy Feet (2006),0,108,"['Adventure,Animation,Comedy']",6.4,205554,10,384335608.0,198000317.0,51.5,186335291.0,48.5,2006,en,"['Australia', 'United States of America']"
Harold & Kumar Go to White Castle (2004),0,88,"['Adventure,Comedy']",7.0,210368,132,23936908.0,18250550.0,76.2,5686358.0,23.8,2004,en,['United States of America']
The Jacket (2005),0,103,"['Drama,Fantasy,Mystery']",7.1,121449,164,21126225.0,6303762.0,29.8,14822463.0,70.2,2005,en,"['Germany', 'United States of America']"
Soul Plane (2004),0,86,['Comedy'],4.6,25216,173,14821824.0,14190750.0,95.7,631074.0,4.3,2004,en,['United States of America']
After the Sunset (2004),0,97,"['Action,Comedy,Crime']",6.2,50662,84,62657868.0,28331233.0,45.2,34326635.0,54.8,2004,en,['United States of America']
Charlie and the Chocolate Factory (2005),0,115,"['Adventure,Comedy,Family']",6.7,546702,8,474968763.0,206459076.0,43.5,268509687.0,56.5,2005,en,"['United Kingdom', 'United States of America']"
Deuce Bigalow: European Gigolo (2005),0,83,['Comedy'],4.7,54401,106,45109561.0,22400154.0,49.7,22709407.0,50.3,2005,en,['United States of America']
Indiana Jones and the Kingdom of the Crystal Skull (2008),0,122,"['Action,Adventure']",6.2,500645,2,786636033.0,317101119.0,40.3,469534914.0,59.7,2008,en,['United States of America']
Hannibal Rising (2007),0,121,"['Adventure,Crime,Drama']",6.1,118532,66,82169884.0,27670986.0,33.7,54498898.0,66.3,2007,en,"['Czech Republic', 'France', 'Italy', 'United Kingdom', 'United States of America']"
The Manchurian Candidate (2004),0,129,"['Drama,Mystery,Sci-Fi']",6.6,119660,62,96105910.0,65955630.0,68.6,30150280.0,31.4,2004,en,['United States of America']
November (2022),0,73,"['Drama,Mystery,Thriller']",5.4,3192,115,18554715.0,0.0,0.0,18554715.0,100.0,2022,et,"['Estonia', 'Poland', 'Netherlands']"
The Village (2003),0,108,"['Drama,Mystery,Thriller']",6.6,286726,13,256697520.0,114197520.0,44.5,142500000.0,55.5,2003,ja,['Japan']
Are We There Yet? (2005),0,95,"['Adventure,Comedy,Family']",4.8,35444,54,97918663.0,82674398.0,84.4,15244265.0,15.6,2005,en,['United States of America']
Lucky Luke and the Daltons (2004),0,86,"['Comedy,Western']",3.3,3795,168,15823762.0,0.0,0.0,15823762.0,100.0,2004,fr,"['Belgium', 'France', 'Germany', 'Spain']"
Elizabethtown (2005),0,123,"['Comedy,Drama,Romance']",6.3,73821,94,52164016.0,26850426.0,51.5,25313590.0,48.5,2005,en,"['Germany', 'United States of America']"
Faster (2010),0,103,"['Documentary,Sport']",7.7,1485,142,35626958.0,23240020.0,65.2,12386938.0,34.8,2010,en,['United States of America']
The Island (2005),0,103,['Drama'],6.5,102,26,162949164.0,35818913.0,22.0,127130251.0,78.0,2005,en,['United States of America']
The Island (2018),0,103,['Drama'],6.5,102,44,198326350.0,670883.0,0.3,197655467.0,99.7,2018,en,['Nigeria']
National Treasure (2004),0,131,"['Action,Adventure,Mystery']",6.9,364964,12,347512318.0,173008894.0,49.8,174503424.0,50.2,2004,en,['United States of America']
Ong-Bak: The Thai Warrior (2003),0,105,"['Action,Crime,Thriller']",7.1,79524,142,20235426.0,4563167.0,22.6,15672259.0,77.4,2003,th,"['France', 'Hong Kong', 'Thailand']"
The Princess Diaries 2: Royal Engagement (2004),0,113,"['Comedy,Family,Romance']",5.9,92544,39,134734481.0,95170481.0,70.6,39564000.0,29.4,2004,en,['United States of America']
The Unborn (2009),0,108,"['Horror,Mystery,Thriller']",5.5,499,77,76514050.0,42670410.0,55.8,33843640.0,44.2,2009,en,['United States of America']
Collateral (2004),0,120,"['Action,Crime,Drama']",7.5,445381,19,220240655.0,101005703.0,45.9,119234222.0,54.1,2004,en,['United States of America']
Four Christmases (2008),0,88,"['Comedy,Drama,Romance']",5.7,84595,43,164112721.0,120146040.0,73.2,43966681.0,26.8,2008,en,['United States of America']
Fun with Dick and Jane (2005),0,90,"['Comedy,Crime']",6.2,157704,18,204681899.0,110332737.0,53.9,94349162.0,46.1,2005,en,['United States of America']
Jurassic World (2015),0,124,"['Action,Adventure,Sci-Fi']",6.9,696890,2,1670400637.0,652270625.0,39.0,1018130012.0,61.0,2015,en,['United States of America']
The Sea Inside (2004),0,126,"['Biography,Drama']",8.0,86618,102,43685449.0,2104923.0,4.8,41580526.0,95.2,2004,es,"['France', 'Italy', 'Spain', 'United States of America']"
Monster-in-Law (2005),0,101,"['Comedy,Romance']",5.6,67009,30,155457327.0,82931301.0,53.3,72526026.0,46.7,2005,en,"['United States of America', 'Germany']"
Ultraviolet (2006),0,88,"['Action,Sci-Fi']",4.4,85012,140,31070211.0,18535812.0,59.7,12534399.0,40.3,2006,en,"['Hong Kong', 'United States of America']"
Alien vs. Predator (2004),0,101,"['Action,Adventure,Horror']",5.7,221870,30,177427090.0,80282231.0,45.2,97144859.0,54.8,2004,en,"['Czech Republic', 'Germany', 'United Kingdom', 'United States of America']"
Nine Lives (2016),0,74,"['Drama,Romance']",5.4,422,113,57814445.0,19700032.0,34.1,38114413.0,65.9,2016,en,"['China', 'France']"
Spanglish (2004),0,131,"['Comedy,Drama,Romance']",6.4,90131,93,55470154.0,42726869.0,77.0,12743285.0,23.0,2004,en,['United States of America']
The Walk (2014),0,0,['Documentary'],8.8,9,115,61181942.0,10137502.0,16.6,51044440.0,83.4,2014,en,['United States of America']
Asterix and the Vikings (2006),0,78,"['Adventure,Animation,Comedy']",6.0,13013,171,22501596.0,0.0,0.0,22501596.0,100.0,2006,fr,"['Denmark', 'France']"
Chicken Little (2005),0,81,"['Adventure,Animation,Comedy']",5.7,104058,12,314432837.0,135386665.0,43.1,179046172.0,56.9,2005,en,['United States of America']
The Hitchhiker's Guide to the Galaxy (2005),0,109,"['Adventure,Comedy,Sci-Fi']",6.7,211755,49,104478416.0,51085416.0,48.9,53393000.0,51.1,2005,en,"['United Kingdom', 'United States of America']"
Iron Man (2008),0,126,"['Action,Adventure,Sci-Fi']",7.9,1161215,8,585366247.0,318604126.0,54.4,266762121.0,45.6,2008,en,['United States of America']
The Nun (2018),0,101,"['Drama,Horror,Thriller']",4.1,3629,28,366050119.0,117450119.0,32.1,248600000.0,67.9,2018,en,['United States of America']
The Bourne Supremacy (2004),0,108,"['Action,Thriller']",7.7,497416,14,290633422.0,176241941.0,60.6,114391481.0,39.4,2004,en,"['Germany', 'Russia', 'United States of America']"
Guess Who (2005),0,105,"['Comedy,Romance']",5.9,46904,50,103121466.0,68915888.0,66.8,34205578.0,33.2,2005,en,['United States of America']
The Wedding Date (2005),0,90,"['Comedy,Romance']",6.1,57480,101,47096206.0,31726995.0,67.4,15369211.0,32.6,2005,en,"['United Kingdom', 'United States of America']"
Spy (2015),0,110,"['Action,Crime,Drama']",6.4,102,33,235666219.0,110825712.0,47.0,124840507.0,53.0,2015,en,['United States of America']
Team America: World Police (2004),0,98,"['Action,Comedy']",7.2,181557,96,50826898.0,32786074.0,64.5,18040824.0,35.5,2004,en,"['United States of America', 'Germany']"
One Life (2023),0,99,['Drama'],5.9,66,72,56475835.0,5716885.0,10.1,50758950.0,89.9,2023,en,"['Australia', 'United Kingdom']"
Batman Begins (2005),0,140,"['Action,Drama']",8.2,1631067,9,373443774.0,205343774.0,55.0,168100000.0,45.0,2005,en,"['United Kingdom', 'United States of America']"
The Chorus (2004),0,97,"['Drama,Music']",7.8,69011,68,82032134.0,2087128.0,2.5,79945006.0,97.5,2004,fr,"['France', 'Germany', 'Switzerland']"
Dragon Wars: D-War (2007),0,107,"['Action,Drama,Fantasy']",3.5,25623,78,75108817.0,10977721.0,14.6,64131096.0,85.4,2007,ko,['South Korea']
Journey to the Center of the Earth (2008),0,93,"['Action,Adventure,Family']",5.8,135272,25,244232688.0,101704370.0,41.6,142528318.0,58.4,2008,en,['United States of America']
Kung Fu Hustle (2004),0,99,"['Action,Comedy,Fantasy']",7.7,155666,56,100912445.0,17108591.0,17.0,83803854.0,83.0,2004,cn,"['China', 'Hong Kong', 'United States of America']"
Halloween (2007),0,109,['Horror'],6.0,134367,69,80460948.0,58272029.0,72.4,22188919.0,27.6,2007,en,['United States of America']
Halloween (2018),0,109,['Horror'],6.0,134367,39,255485178.0,159342015.0,62.4,96143163.0,37.6,2018,en,['United States of America']
Harry Potter and the Order of the Phoenix (2007),0,138,"['Action,Adventure,Family']",7.5,659710,2,941937390.0,292004738.0,31.0,649928484.0,69.0,2007,en,"['United Kingdom', 'United States of America']"
The Interpreter (2005),0,128,"['Crime,Mystery,Thriller']",6.4,112223,27,162944923.0,72708161.0,44.6,90236762.0,55.4,2005,en,"['France', 'Germany', 'United Kingdom', 'United States of America']"
Open Water (2004),0,79,"['Adventure,Drama,Horror']",5.8,57651,95,54683487.0,30610863.0,56.0,24072624.0,44.0,2004,en,['United States of America']
The Turkish Gambit (2005),0,208,"['Action,Drama,Mystery']",6.9,4936,177,18520000.0,0.0,0.0,18520000.0,100.0,2005,ru,['Russia']
Bewitched (2005),0,102,"['Comedy,Fantasy,Romance']",4.8,76682,35,131426169.0,63313159.0,48.2,68113010.0,51.8,2005,en,['United States of America']
"Spring, Summer, Fall, Winter... and Spring (2003)",0,103,"['Drama,Romance']",8.0,88461,198,8841920.0,2380788.0,26.9,6461132.0,73.1,2003,ko,"['South Korea', 'Germany']"
Look at Me (2004),0,110,"['Comedy,Drama,Music']",6.8,5540,158,18729751.0,1737308.0,9.3,16992443.0,90.7,2004,fr,"['France', 'Italy']"
Napoleon Dynamite (2004),0,96,['Comedy'],7.0,245250,101,46118097.0,44540956.0,96.6,1577141.0,3.4,2004,en,['United States of America']
Sideways (2004),0,127,"['Comedy,Drama,Romance']",7.5,209719,51,109706931.0,71503593.0,65.2,38203338.0,34.8,2004,en,['United States of America']
Tristan + Isolde (2006),0,125,"['Action,Drama,Romance']",6.8,54922,149,28047963.0,14734633.0,52.5,13313330.0,47.5,2006,en,"['Czech Republic', 'Germany', 'Ireland', 'Switzerland', 'United Kingdom', 'United States of America']"
Alfie (2004),0,103,"['Comedy,Drama,Romance']",6.2,55679,110,35060882.0,13399812.0,38.2,21661070.0,61.8,2004,en,"['United Kingdom', 'United States of America']"
White Noise (2005),0,101,"['Drama,Horror,Mystery']",5.5,51576,62,91196419.0,56386759.0,61.8,34809660.0,38.2,2005,en,"['Canada', 'United Kingdom', 'United States of America']"
Innocence (2020),0,122,"['Drama,Mystery']",6.8,6670,150,6688330.0,0.0,0.0,6659968.0,99.6,2020,ko,"['South Korea', 'United States of America']"
Astro Boy (2009),0,94,"['Action,Adventure,Animation']",6.2,41073,126,39886986.0,19551067.0,49.0,20335919.0,51.0,2009,en,"['Hong Kong', 'Japan', 'United States of America']"
Crash (2005),0,112,"['Crime,Drama,Thriller']",7.7,453948,53,98410061.0,54580300.0,55.5,43829761.0,44.5,2005,en,"['Germany', 'United States of America']"
Layer Cake (2004),0,105,"['Crime,Drama,Thriller']",7.2,201293,194,11850214.0,2339957.0,19.7,9510257.0,80.3,2004,en,['United Kingdom']
Book of Love (2016),0,83,"['Comedy,Drama']",5.4,1838,73,114679097.0,0.0,0.0,114679097.0,100.0,2016,en,['United States of America']
Racing Stripes (2005),0,102,"['Adventure,Comedy,Drama']",5.2,18655,63,90754475.0,49772522.0,54.8,40981953.0,45.2,2005,en,['United States of America']
Rebound (2005),0,86,"['Comedy,Family,Sport']",5.2,13839,185,17492014.0,16809014.0,96.1,683000.0,3.9,2005,en,['United States of America']
The Rum Diary (2011),0,119,"['Comedy,Drama']",6.1,108996,161,30134958.0,13109815.0,43.5,17025143.0,56.5,2011,en,"['United Kingdom', 'United States of America']"
Closer (2004),0,104,"['Drama,Romance']",7.2,242776,49,115505027.0,33987757.0,29.4,81517270.0,70.6,2004,en,"['United Kingdom', 'United States of America']"
Frozen (2013),0,90,['Thriller'],5.6,630,1,1280802282.0,400738009.0,31.3,880064273.0,68.7,2013,en,['United States of America']
X-Men: The Last Stand (2006),0,104,"['Action,Adventure,Sci-Fi']",6.6,556465,7,460435291.0,234362462.0,50.9,226072829.0,49.1,2006,en,['United States of America']
Flight of the Phoenix (2004),0,113,"['Action,Adventure,Drama']",6.1,57617,111,35021497.0,21009180.0,60.0,14012317.0,40.0,2004,en,['United States of America']
Ladies in Lavender (2004),0,104,"['Drama,Music,Romance']",7.0,13210,150,20377075.0,6765081.0,33.2,13611994.0,66.8,2004,en,['United Kingdom']
Mean Girls (2004),0,97,['Comedy'],7.1,456551,42,130135898.0,86058055.0,66.1,44067774.0,33.9,2004,en,['United States of America']
Mean Girls (2024),0,97,['Comedy'],7.1,456551,35,104793431.0,72404248.0,69.1,32389183.0,30.9,2024,en,['United States of America']
Proof (2005),0,100,"['Drama,Mystery']",6.7,46819,200,14189860.0,7535331.0,53.1,6654529.0,46.9,2005,en,"['United States of America', 'Canada', 'United Kingdom']"
The Ring Two (2005),0,110,"['Horror,Mystery']",5.4,103124,25,163995949.0,76231249.0,46.5,87764700.0,53.5,2005,en,['United States of America']
Be Cool (2005),0,118,"['Comedy,Crime,Music']",5.6,73377,57,95763716.0,56046979.0,58.5,39716737.0,41.5,2005,en,['United States of America']
The Dukes of Hazzard (2005),0,104,['Comedy'],5.1,82997,44,111069515.0,80270227.0,72.3,30799288.0,27.7,2005,en,['United States of America']
Gnomeo & Juliet (2011),0,84,"['Adventure,Animation,Comedy']",5.9,61347,35,193967670.0,99967670.0,51.5,94000000.0,48.5,2011,en,"['Canada', 'United Kingdom', 'United States of America']"
Into the Blue (2005),0,110,"['Action,Adventure,Crime']",5.9,81263,105,46117696.0,18801234.0,40.8,27316462.0,59.2,2005,en,['United States of America']
Kill Bill: Vol. 2 (2004),0,137,"['Action,Crime,Thriller']",8.0,830836,36,154116796.0,66208183.0,43.0,87908613.0,57.0,2004,en,['United States of America']
Bayside Shakedown 2 (2003),0,138,"['Action,Comedy,Crime']",5.9,645,39,155138312.0,0.0,0.0,155138312.0,100.0,2003,ja,['Japan']
A Touch of Spice (2003),0,108,['Drama'],7.4,15183,187,10395779.0,0.0,0.0,10395779.0,100.0,2003,el,"['Greece', 'Turkey']"
Melinda and Melinda (2004),0,99,"['Comedy,Drama,Romance']",6.4,33643,151,20129327.0,3826280.0,19.0,16303047.0,81.0,2004,en,['United States of America']
Touching the Void (2003),0,106,"['Adventure,Documentary,Drama']",7.9,38910,167,13885802.0,4593598.0,33.1,9292204.0,66.9,2003,en,['United Kingdom']
Capote (2005),0,114,"['Biography,Crime,Drama']",7.3,144226,99,49327405.0,28750530.0,58.3,20576875.0,41.7,2005,en,['United States of America']
Serenity (2005),0,119,"['Action,Adventure,Sci-Fi']",7.8,309594,111,40445129.0,25514517.0,63.1,14930612.0,36.9,2005,en,['United States of America']
Leatherheads (2008),0,114,"['Comedy,Drama,Romance']",6.0,33896,127,41319039.0,31373938.0,75.9,9945101.0,24.1,2008,en,"['Germany', 'United States of America']"
The Merchant of Venice (2004),0,131,"['Drama,Romance']",7.0,38980,144,21417725.0,3765585.0,17.6,17652140.0,82.4,2004,en,"['Italy', 'Luxembourg', 'United Kingdom']"
The Cookout (2004),0,97,['Comedy'],3.8,3488,193,12009070.0,11814019.0,98.4,195051.0,1.6,2004,en,['United States of America']
The Corsican File (2004),0,92,"['Action,Comedy,Crime']",5.8,4496,156,18922216.0,0.0,0.0,18922216.0,100.0,2004,fr,['France']
Goal! The Dream Begins (2005),0,118,"['Drama,Romance,Sport']",6.7,67064,144,27610873.0,4283255.0,15.5,23327618.0,84.5,2005,en,"['Switzerland', 'United Kingdom', 'United States of America']"
Grindhouse (2007),0,106,['Horror'],4.4,80,164,25422088.0,25037897.0,98.5,384191.0,1.5,2007,en,"['United States of America', 'Canada', 'United Kingdom']"
The Lovely Bones (2009),0,135,"['Drama,Fantasy,Thriller']",6.6,184525,64,93621340.0,44114232.0,47.1,49507108.0,52.9,2009,en,"['United Kingdom', 'New Zealand', 'United States of America']"
Oliver Twist (2005),0,130,"['Crime,Drama']",6.8,34890,109,42580321.0,2080321.0,4.9,40500000.0,95.1,2005,en,"['Czech Republic', 'France', 'Italy', 'United Kingdom']"
The Perfect Man (2005),0,100,"['Comedy,Family,Romance']",5.5,32595,168,19770475.0,16535005.0,83.6,3235470.0,16.4,2005,en,['United States of America']
The American (2010),0,94,['Comedy'],2.9,320,94,67876281.0,35606376.0,52.5,32269905.0,47.5,2010,en,"['United Kingdom', 'United States of America']"
Casino Royale (2006),0,144,"['Action,Adventure,Thriller']",8.0,712736,4,606000064.0,167445960.0,27.6,438553632.0,72.4,2006,en,"['United Kingdom', 'United States of America']"
Before Sunset (2004),0,80,"['Drama,Romance']",8.1,299073,169,15758027.0,5820649.0,36.9,9931738.0,63.0,2004,en,['United States of America']
White Chicks (2004),0,109,"['Comedy,Crime']",5.8,174464,50,113086475.0,70831760.0,62.6,42254715.0,37.4,2004,en,['United States of America']
3:10 to Yuma (2007),0,122,"['Action,Crime,Drama']",7.6,340865,82,70016220.0,53606916.0,76.6,16409304.0,23.4,2007,en,['United States of America']
Curious George (2006),0,87,"['Adventure,Animation,Comedy']",6.5,18718,83,69865924.0,58360760.0,83.5,11505164.0,16.5,2006,en,['United States of America']
Hide and Seek (2005),0,101,"['Horror,Mystery']",5.9,90490,40,123204920.0,51100486.0,41.5,72104434.0,58.5,2005,en,['United States of America']
Hide and Seek (2013),0,101,"['Horror,Mystery']",5.9,90490,152,35461505.0,0.0,0.0,35461505.0,100.0,2013,ko,['South Korea']
Master (2016),0,152,['Action'],5.2,28,122,51636415.0,597251.0,1.2,51039164.0,98.8,2016,cn,['Hong Kong']
Master (2021),0,152,['Action'],5.2,28,97,28692230.0,0.0,0.0,28692230.0,100.0,2021,en,['China']
Seven Dwarves (2004),0,95,"['Comedy,Family,Fantasy']",4.8,6568,91,57410311.0,0.0,0.0,57410311.0,100.0,2004,,[]
As It Is in Heaven (2005),0,133,"['Comedy,Drama,Music']",7.5,18640,178,18318233.0,0.0,0.0,18318233.0,100.0,2005,sv,"['Denmark', 'Sweden']"
The Da Vinci Code (2006),0,149,"['Mystery,Thriller']",6.6,469609,2,760006945.0,217536138.0,28.6,542470807.0,71.4,2006,en,['United States of America']
Life of the Party (2018),0,0,"['Comedy,Drama,Sport']",5.3,340,108,65659911.0,53059911.0,80.8,12600000.0,19.2,2018,en,['United States of America']
Ratatouille (2007),0,111,"['Adventure,Animation,Comedy']",8.1,871993,6,623727147.0,206445654.0,33.1,417280431.0,66.9,2007,en,['United States of America']
Stealth (2005),0,121,"['Action,Adventure,Sci-Fi']",5.1,57243,70,79268322.0,32116746.0,40.5,47151576.0,59.5,2005,en,['United States of America']
The Three Stooges (2012),0,92,"['Comedy,Family']",5.1,33719,110,54819301.0,44338224.0,80.9,10481077.0,19.1,2012,en,['United States of America']
The Pink Panther (2006),0,93,"['Adventure,Comedy,Crime']",5.7,95078,28,164115897.0,82226474.0,50.1,81889423.0,49.9,2006,en,['United States of America']
Guru (2007),0,162,['Action'],4.9,124,169,24108727.0,2096000.0,8.7,22012727.0,91.3,2007,hi,['India']
Onmyoji 2 (2003),0,112,"['Action,Fantasy']",6.0,618,172,13022862.0,0.0,0.0,13022862.0,100.0,2003,ja,['Japan']
Pirates of the Caribbean: Dead Man's Chest (2006),0,151,"['Action,Adventure,Fantasy']",7.4,790594,1,1066179725.0,423315812.0,39.7,642863913.0,60.3,2006,en,['United States of America']
Vera Drake (2004),0,125,"['Crime,Drama']",7.6,27686,184,13267869.0,3775283.0,28.5,9492586.0,71.5,2004,en,"['United Kingdom', 'France']"
G.O.R.A. (2004),0,127,"['Adventure,Comedy,Sci-Fi']",8.0,68840,147,20839049.0,0.0,0.0,20839049.0,100.0,2004,tr,['Turkey']
Cry Wolf (2005),0,90,"['Drama,Horror,Mystery']",5.8,29075,130,32586408.0,10047674.0,30.8,22538734.0,69.2,2005,en,['United States of America']
Silent Hill (2006),0,125,"['Horror,Mystery']",6.5,251037,59,100605135.0,46982632.0,46.7,53622503.0,53.3,2006,en,"['Canada', 'France', 'Japan', 'United States of America']"
Sinkhole (2021),0,90,['Thriller'],6.1,53,123,18816801.0,0.0,0.0,18816801.0,100.0,2021,ko,['South Korea']
Kicking & Screaming (2005),0,95,"['Comedy,Family,Romance']",5.6,41688,90,56070433.0,52842724.0,94.2,3227709.0,5.8,2005,en,['United States of America']
The Weather Man (2005),0,102,"['Comedy,Drama']",6.6,84552,170,19126398.0,12482775.0,65.3,6643623.0,34.7,2005,en,"['Germany', 'United States of America']"
Mud (2013),0,97,['Drama'],5.3,576,157,32613173.0,21590086.0,66.2,11023087.0,33.8,2013,en,['United States of America']
Accepted (2006),0,93,['Comedy'],6.4,142263,126,38623262.0,36323505.0,94.0,2299757.0,6.0,2006,en,"['United States of America', 'Australia']"
The Amityville Horror (2005),0,90,['Horror'],5.9,119705,47,107516369.0,65233369.0,60.7,42283000.0,39.3,2005,en,['United States of America']
House of Flying Daggers (2004),0,119,"['Action,Adventure,Drama']",7.5,117626,64,92863945.0,11050094.0,11.9,81813851.0,88.1,2004,zh,"['Australia', 'China', 'Hong Kong', 'United States of America']"
In Good Company (2004),0,109,"['Comedy,Drama,Romance']",6.5,57306,87,61315215.0,45806659.0,74.7,15508556.0,25.3,2004,en,['United States of America']
Miss Congeniality 2: Armed & Fabulous (2005),0,115,"['Action,Comedy,Crime']",5.2,82048,52,101393569.0,48478006.0,47.8,52915563.0,52.2,2005,en,['United States of America']
Glory Road (2006),0,118,"['Biography,Drama,Sport']",7.2,49791,115,42938449.0,42647449.0,99.3,291000.0,0.7,2006,en,['United States of America']
The Golden Compass (2007),0,113,"['Adventure,Family,Fantasy']",6.1,199787,13,372234864.0,70107728.0,18.8,302127136.0,81.2,2007,en,"['United Kingdom', 'United States of America']"
Monster House (2006),0,91,"['Animation,Comedy,Family']",6.7,145406,37,141861243.0,73661010.0,51.9,68200233.0,48.1,2006,en,['United States of America']
Red Riding Hood (2011),0,82,"['Adventure,Family,Musical']",3.6,1384,77,90260376.0,37662162.0,41.7,52598214.0,58.3,2011,en,"['Canada', 'United States of America']"
Sicko (2007),0,123,"['Documentary,Drama']",8.0,77546,125,36093504.0,24540079.0,68.0,11553425.0,32.0,2007,en,['United States of America']
Tae Guk Gi: The Brotherhood of War (2004),0,140,"['Action,Drama,War']",8.0,41646,79,69827583.0,1111061.0,1.6,68716522.0,98.4,2004,ko,"['South Korea', 'United States of America']"
Where the Wild Things Are (2009),0,101,"['Adventure,Drama,Family']",6.7,109987,60,100140096.0,77233467.0,77.1,22906629.0,22.9,2009,en,"['Germany', 'United States of America']"
Yomigaeri (2003),0,126,"['Fantasy,Romance']",6.6,525,133,23259542.0,0.0,0.0,23259542.0,100.0,2003,ja,['Japan']
The Legend of Zorro (2005),0,129,"['Action,Adventure,Romance']",6.0,110400,34,142400065.0,46464023.0,32.6,95936042.0,67.4,2005,en,['United States of America']
Inside Out (2015),0,90,"['Drama,Mystery,Thriller']",5.3,568,7,858294430.0,356461711.0,41.5,501832719.0,58.5,2015,en,['United States of America']
Hitch (2005),0,118,"['Comedy,Romance']",6.6,340970,10,371594210.0,179495555.0,48.3,192098655.0,51.7,2005,en,['United States of America']
The 11 Commandments (2004),0,85,['Comedy'],4.6,2668,149,20537839.0,0.0,0.0,20537839.0,100.0,2004,fr,['France']
The Vault (2021),0,87,['Action'],2.4,268,178,8803864.0,0.0,0.0,8803864.0,100.0,2021,en,['United States of America']
The Constant Gardener (2005),0,129,"['Drama,Mystery,Romance']",7.3,151796,69,82466670.0,33579797.0,40.7,48886873.0,59.3,2005,en,"['China', 'Germany', 'United Kingdom', 'United States of America']"
Prime (2005),0,105,"['Comedy,Drama,Romance']",6.2,42554,79,67937494.0,22827153.0,33.6,45110341.0,66.4,2005,en,['United States of America']
Saw (2004),0,103,"['Horror,Mystery,Thriller']",7.6,485359,54,103096345.0,55185045.0,53.5,47911300.0,46.5,2004,en,['United States of America']
Seed of Chucky (2004),0,87,"['Comedy,Horror,Thriller']",4.9,51930,129,24829644.0,17083732.0,68.8,7745912.0,31.2,2004,en,['United States of America']
The Black Dahlia (2006),0,121,"['Crime,Drama,Mystery']",5.6,78197,107,49332692.0,22545080.0,45.7,26787612.0,54.3,2006,en,"['France', 'Germany', 'United States of America']"
Caché (2005),0,117,"['Drama,Mystery,Thriller']",7.3,87412,189,16197824.0,3647381.0,22.5,12550443.0,77.5,2005,fr,"['Austria', 'France', 'Germany', 'Italy']"
In Her Shoes (2005),0,130,"['Comedy,Drama,Romance']",6.5,66207,68,83697473.0,32880591.0,39.3,50816882.0,60.7,2005,en,"['United Kingdom', 'United States of America']"
Mariages! (2004),0,100,"['Comedy,Drama']",5.6,1219,185,12991310.0,0.0,0.0,12991310.0,100.0,2004,fr,['France']
Going the Distance (2010),0,93,"['Comedy,Romance']",5.5,4086,133,42059111.0,17804299.0,42.3,24254812.0,57.7,2010,en,['United States of America']
Christmas with the Kranks (2004),0,99,"['Comedy,Family']",5.5,61544,60,96572480.0,73780539.0,76.4,22791941.0,23.6,2004,en,['United States of America']
Transporter 2 (2005),0,87,"['Action,Thriller']",6.3,219930,64,89083229.0,43095856.0,48.4,45987373.0,51.6,2005,en,"['France', 'United States of America']"
Beauty Shop (2005),0,105,['Comedy'],5.6,19350,119,37245453.0,36351350.0,97.6,894103.0,2.4,2005,en,['United States of America']
Brokeback Mountain (2005),0,134,"['Drama,Romance']",7.7,397670,23,178062759.0,83043761.0,46.6,95018998.0,53.4,2005,en,"['Canada', 'United States of America']"
Fracture (2007),0,107,"['Crime,Drama,Thriller']",6.3,171,60,92011561.0,39015018.0,42.4,52996543.0,57.6,2007,en,"['Germany', 'United States of America']"
The Greatest Game Ever Played (2005),0,120,"['Biography,Drama,Sport']",7.4,34501,194,15431177.0,15337393.0,99.4,93784.0,0.6,2005,en,"['Canada', 'United States of America']"
Black Book (2006),0,145,"['Drama,Thriller,War']",7.7,81845,155,26768563.0,4398532.0,16.4,22370031.0,83.6,2006,nl,"['Belgium', 'Germany', 'Netherlands', 'United Kingdom']"
30 Days of Night (2007),0,113,"['Horror,Thriller']",6.6,194474,76,75513170.0,39569000.0,52.4,35944170.0,47.6,2007,en,"['New Zealand', 'United States of America']"
Bee Movie (2007),0,91,"['Adventure,Animation,Comedy']",6.1,186247,18,293514336.0,126631277.0,43.1,166883059.0,56.9,2007,en,['United States of America']
Click (2006),0,107,"['Comedy,Drama,Fantasy']",6.4,368497,17,240685326.0,137355633.0,57.1,103329693.0,42.9,2006,en,['United States of America']
Friday Night Lights (2004),0,118,"['Action,Drama,Sport']",7.2,68470,86,61950770.0,61255921.0,98.9,694849.0,1.1,2004,en,['United States of America']
Maria Full of Grace (2004),0,101,"['Crime,Drama']",7.4,36741,186,12594630.0,6529624.0,51.8,6065006.0,48.2,2004,es,"['Ecuador', 'Colombia', 'United States of America']"
Super Size Me (2004),0,100,['Documentary'],7.2,115159,148,20645757.0,11536423.0,55.9,9109334.0,44.1,2004,en,"['Netherlands', 'United States of America']"
The Grudge (2004),0,91,"['Horror,Mystery,Thriller']",5.9,153902,27,187281115.0,110359362.0,58.9,76921753.0,41.1,2004,en,['United States of America']
The Grudge (2019),0,91,"['Horror,Mystery,Thriller']",5.9,153902,120,49511319.0,21221803.0,42.9,28289516.0,57.1,2019,en,"['Canada', 'United States of America']"
A Lot Like Love (2005),0,107,"['Comedy,Drama,Romance']",6.6,72150,108,42886719.0,21845719.0,50.9,21041000.0,49.1,2005,en,['United States of America']
The Hunt (2020),0,108,['Documentary'],7.7,16,108,10550350.0,5812500.0,55.1,4737850.0,44.9,2020,en,"['Japan', 'United States of America']"
Suddenly Paradise (2003),0,93,['Comedy'],5.4,1413,116,31679869.0,0.0,0.0,31679869.0,100.0,2003,it,['Italy']
Acrimony (2018),0,85,"['Horror,Thriller']",6.0,32,131,46403669.0,43549096.0,93.8,2854573.0,6.2,2018,en,['United States of America']
Coach Carter (2005),0,136,"['Biography,Drama,Sport']",7.3,178476,72,76669554.0,67264877.0,87.7,9404677.0,12.3,2005,en,"['Germany', 'United States of America']"
The Shaggy Dog (2006),0,98,"['Comedy,Family,Fantasy']",4.4,20541,67,87134280.0,61123569.0,70.1,26010711.0,29.9,2006,en,['United States of America']
Captain Alatriste: The Spanish Musketeer (2006),0,145,"['Adventure,Drama,History']",6.1,14204,165,23321954.0,0.0,0.0,23321954.0,100.0,2006,es,['Spain']
Hotel Rwanda (2004),0,121,"['Biography,Drama,History']",8.1,381503,114,33882243.0,23530892.0,69.4,10351351.0,30.6,2004,en,"['Italy', 'South Africa', 'United Kingdom', 'United States of America']"
The Producers (2005),0,134,"['Comedy,Crime,Musical']",6.3,45591,117,38075318.0,19398532.0,50.9,18676786.0,49.1,2005,en,['United States of America']
The Last Trapper (2004),0,94,"['Adventure,Documentary,Drama']",7.0,1843,171,14905929.0,0.0,0.0,14905929.0,100.0,2004,fr,"['Canada', 'France', 'Germany', 'Switzerland']"
The Devil's Rejects (2005),0,107,"['Crime,Drama,Horror']",6.7,108208,165,20901859.0,17044981.0,81.5,3856878.0,18.5,2005,en,"['Germany', 'United States of America']"
The Pacifier (2005),0,95,"['Action,Comedy,Drama']",5.6,103281,19,198636868.0,113086868.0,56.9,85550000.0,43.1,2005,en,['United States of America']
North Country (2005),0,126,['Drama'],7.3,45856,151,25211175.0,18337722.0,72.7,6873453.0,27.3,2005,en,['United States of America']
Perfume: The Story of a Murderer (2006),0,147,"['Crime,Drama,Fantasy']",7.5,271626,40,135039924.0,2223293.0,1.6,132816631.0,98.4,2006,en,"['Belgium', 'France', 'Germany', 'Spain', 'United States of America']"
Wedding Crashers (2005),0,119,"['Comedy,Romance']",7.0,384434,13,288467645.0,209255921.0,72.5,79211724.0,27.5,2005,en,['United States of America']
Meet the Robinsons (2007),0,95,"['Adventure,Animation,Comedy']",6.8,115642,34,169333034.0,97822171.0,57.8,71510863.0,42.2,2007,en,['United States of America']
Fat Albert (2004),0,93,"['Comedy,Family,Fantasy']",4.4,13253,99,48551322.0,48116322.0,99.1,435000.0,0.9,2004,en,['United States of America']
Ice Princess (2005),0,98,"['Comedy,Drama,Family']",6.0,29591,143,27645491.0,24402491.0,88.3,3243000.0,11.7,2005,en,"['United States of America', 'Canada']"
Nanny McPhee (2005),0,97,"['Comedy,Family,Fantasy']",6.6,88133,39,123276807.0,47144110.0,38.2,76132697.0,61.8,2005,en,"['France', 'United Kingdom', 'United States of America']"
House of Wax (2005),0,113,"['Horror,Thriller']",5.5,138609,78,68766121.0,32064800.0,46.6,36701321.0,53.4,2005,en,['United States of America']
Just My Luck (2006),0,103,"['Comedy,Fantasy,Romance']",5.5,63290,129,38159905.0,17326650.0,45.4,20833255.0,54.6,2006,en,['United States of America']
The Skeleton Key (2005),0,104,"['Drama,Horror,Mystery']",6.5,126647,58,93983911.0,47907715.0,51.0,46076196.0,49.0,2005,en,"['Germany', 'United States of America']"
Smile (2022),0,107,"['Adventure,Drama']",6.2,1046,20,217408513.0,105935048.0,48.7,111473465.0,51.3,2022,en,['United States of America']
Eight Below (2006),0,120,"['Adventure,Drama,Family']",7.3,69814,46,120455994.0,81612565.0,67.8,38843429.0,32.2,2006,en,['United States of America']
Memoirs of a Geisha (2005),0,145,"['Drama,Romance']",7.3,165647,28,162242962.0,57490508.0,35.4,104752454.0,64.6,2005,en,['United States of America']
Bolt (2008),0,96,"['Adventure,Animation,Comedy']",6.8,236941,17,309979994.0,114053579.0,36.8,195926415.0,63.2,2008,en,['United States of America']
Doubt (2008),0,112,['Drama'],4.5,120,98,51699984.0,33446470.0,64.7,18253514.0,35.3,2008,en,['United States of America']
The Longest Yard (2005),0,113,"['Comedy,Crime,Sport']",6.4,201633,21,191466556.0,158119460.0,82.6,33347096.0,17.4,2005,en,['United States of America']
Rumor Has It... (2005),0,97,"['Comedy,Drama,Romance']",5.5,63062,65,88933562.0,43000262.0,48.4,45933300.0,51.6,2005,en,"['Germany', 'United States of America']"
Sky High (2005),0,122,"['Action,Adventure,Drama']",6.1,1520,66,86369815.0,63946815.0,74.0,22423000.0,26.0,2005,en,['United States of America']
Assault on Precinct 13 (2005),0,109,"['Action,Crime,Drama']",6.3,82961,122,35294470.0,20040895.0,56.8,15253575.0,43.2,2005,en,"['Canada', 'France', 'United States of America']"
Bridge to Terabithia (2007),0,96,"['Drama,Family,Fantasy']",7.2,180179,44,137587063.0,82272442.0,59.8,55314621.0,40.2,2007,en,['United States of America']
A History of Violence (2005),0,96,"['Action,Crime,Drama']",7.4,261993,83,61385065.0,31504633.0,51.3,29880432.0,48.7,2005,en,"['Germany', 'United States of America']"
Lord of War (2005),0,122,"['Crime,Drama']",7.6,346322,75,72617068.0,24149632.0,33.3,48467436.0,66.7,2005,en,"['France', 'United States of America', 'Germany']"
Vizontele Tuuba (2004),0,111,"['Comedy,Drama,History']",6.5,16935,178,13954476.0,0.0,0.0,13954476.0,100.0,2004,tr,['Turkey']
What the #$*! Do We (K)now!? (2004),0,109,"['Comedy,Documentary,Drama']",5.2,13971,167,15998178.0,10942306.0,68.4,5055872.0,31.6,2004,en,['United States of America']
Ambulance (2022),0,80,"['Drama,Thriller']",5.4,1734,63,52303589.0,22781115.0,43.6,29522474.0,56.4,2022,en,['United States of America']
Herbie Fully Loaded (2005),0,101,"['Adventure,Comedy,Family']",4.9,52169,33,144146816.0,66023816.0,45.8,78123000.0,54.2,2005,en,['United States of America']
Open Season (2006),0,86,"['Adventure,Animation,Comedy']",6.1,109182,20,200811689.0,85105259.0,42.4,115706430.0,57.6,2006,en,['United States of America']
Quill: The Life of a Guide Dog (2004),0,100,['Drama'],7.1,1799,137,22298559.0,0.0,0.0,22298559.0,100.0,2004,ja,['Japan']
The Diving Bell and the Butterfly (2007),0,112,"['Biography,Drama']",8.0,111442,190,19780116.0,6003227.0,30.3,13776889.0,69.7,2007,fr,"['France', 'United States of America']"
A Good Year (2006),0,117,"['Comedy,Drama,Romance']",6.9,103878,118,42269923.0,7459300.0,17.6,34810623.0,82.4,2006,en,"['United Kingdom', 'United States of America']"
"Paris, Je T'aime (2006)",0,120,"['Comedy,Drama,Romance']",7.2,75301,198,17471727.0,4899278.0,28.0,12572449.0,72.0,2006,fr,['France']
John Carter (2012),0,132,"['Action,Adventure,Sci-Fi']",6.6,291698,28,284139100.0,73078100.0,25.7,211061000.0,74.3,2012,en,['United States of America']
Sin City (2005),0,124,"['Crime,Thriller']",8.0,804313,29,158733820.0,74103820.0,46.7,84630000.0,53.3,2005,en,['United States of America']
Underworld: Evolution (2006),0,106,"['Action,Fantasy,Thriller']",6.7,213084,52,111476513.0,62318875.0,55.9,49157638.0,44.1,2006,en,['United States of America']
Breach (2007),0,110,"['Biography,Crime,Drama']",7.0,62823,115,40953935.0,33231264.0,81.1,7722671.0,18.9,2007,en,"['United Kingdom', 'United States of America']"
Æon Flux (2005),0,93,"['Action,Adventure,Sci-Fi']",5.4,134602,92,53321673.0,25874337.0,48.5,27447336.0,51.5,2005,en,"['United States of America', 'Germany']"
Iznogoud- Caliph Instead of the Caliph (2005),0,95,"['Comedy,Family,Fantasy']",3.8,1938,171,18725588.0,0.0,0.0,18725588.0,100.0,2005,,[]
The New World (2003),0,135,"['Biography,Drama,History']",6.7,91679,149,17823920.0,0.0,0.0,17823920.0,100.0,2003,en,[]
Abominable (2019),0,94,"['Horror,Sci-Fi,Thriller']",5.1,5128,49,188623517.0,60716390.0,32.2,127907127.0,67.8,2019,en,"['China', 'Japan', 'United States of America']"
Casanova (2005),0,112,"['Adventure,Comedy,Drama']",6.5,57070,118,37691644.0,11304403.0,30.0,26387241.0,70.0,2005,en,['United States of America']
Champions (2018),0,83,"['Comedy,Drama']",6.4,247,184,25962612.0,0.0,0.0,25962612.0,100.0,2018,es,['Spain']
Champions (2023),0,83,"['Comedy,Drama']",6.4,247,132,19158302.0,16397335.0,85.6,2760967.0,14.4,2023,en,['United States of America']
Night Watch (2004),0,114,"['Action,Fantasy,Horror']",6.4,56061,116,32396890.0,0.0,0.0,32396890.0,100.0,2004,en,"['United Kingdom', 'United States of America', 'Croatia']"
Roll Bounce (2005),0,112,"['Comedy,Drama,Music']",6.2,7998,184,17500866.0,17380866.0,99.3,120000.0,0.7,2005,en,['United States of America']
The Sisterhood of the Traveling Pants (2005),0,119,"['Comedy,Drama,Romance']",6.5,66532,110,42013878.0,39053061.0,93.0,2960817.0,7.0,2005,en,['United States of America']
Youth in Revolt (2010),0,90,"['Comedy,Drama,Romance']",6.4,77053,193,19651093.0,15281286.0,77.8,4369807.0,22.2,2010,en,['United States of America']
Yu-Gi-Oh!: The Movie (2004),0,90,"['Action,Adventure,Animation']",5.0,9284,121,29144802.0,19765868.0,67.8,9378934.0,32.2,2004,en,"['Japan', 'United States of America']"
The Exorcism of Emily Rose (2005),0,119,"['Drama,Horror,Thriller']",6.7,143840,32,145166804.0,75072454.0,51.7,70094350.0,48.3,2005,en,['United States of America']
The Lives of Others (2006),0,137,"['Drama,Mystery,Thriller']",8.4,424247,77,77356942.0,11286112.0,14.6,66070830.0,85.4,2006,de,"['France', 'Germany']"
Million Dollar Baby (2004),0,132,"['Drama,Sport']",8.1,740852,21,216763646.0,100492203.0,46.4,116271443.0,53.6,2004,en,"['Switzerland', 'United States of America']"
The 40-Year-Old Virgin (2005),0,116,"['Comedy,Romance']",7.1,481731,24,177378645.0,109449237.0,61.7,67929408.0,38.3,2005,en,['United States of America']
Casshern (2004),0,142,"['Action,Drama,Fantasy']",6.0,13909,189,12353768.0,0.0,0.0,12353768.0,100.0,2004,ja,['Japan']
Sky of Love (2007),0,91,['Romance'],6.5,72,124,36684020.0,0.0,0.0,36684020.0,100.0,2007,ja,['Japan']
Zathura: A Space Adventure (2005),0,101,"['Action,Adventure,Comedy']",6.3,119597,81,65079236.0,29258869.0,45.0,35820235.0,55.0,2005,en,['United States of America']
The Guardian (2006),0,139,"['Adventure,Drama']",6.9,100410,63,94973540.0,55011732.0,57.9,39961808.0,42.1,2006,en,['United States of America']
The House (2017),0,110,"['Comedy,Drama']",6.4,45,156,34284504.0,25584504.0,74.6,8700000.0,25.4,2017,en,['United States of America']
Lorelei (2005),0,128,"['Action,Drama,Sci-Fi']",5.2,777,167,19806585.0,0.0,0.0,19806585.0,100.0,2005,ja,['Japan']
Pooh's Heffalump Movie (2005),0,68,"['Adventure,Animation,Comedy']",6.4,8815,93,52858433.0,18098433.0,34.2,34760000.0,65.8,2005,en,['United States of America']
Transamerica (2005),0,103,"['Adventure,Comedy,Drama']",7.3,42807,195,15151744.0,9015303.0,59.5,6136441.0,40.5,2005,en,['United States of America']
War of the Worlds (2005),0,117,"['Action,Adventure,Sci-Fi']",6.5,486917,4,603873119.0,234280354.0,38.8,369592765.0,61.2,2005,en,['United States of America']
The Departed (2006),0,151,"['Crime,Drama,Thriller']",8.5,1472412,14,291465034.0,132384315.0,45.4,159080719.0,54.6,2006,en,"['Hong Kong', 'United States of America']"
Sweeney Todd: The Demon Barber of Fleet Street (2007),0,116,"['Drama,Horror,Musical']",7.3,395739,37,153383627.0,52898073.0,34.5,100485554.0,65.5,2007,en,"['United Kingdom', 'United States of America']"
Munich (2005),0,164,"['Drama,History,Thriller']",7.5,245758,36,130982129.0,47403685.0,36.2,83578444.0,63.8,2005,en,"['Canada', 'United States of America']"
Firewall (2006),0,105,"['Crime,Thriller']",5.8,60312,73,82751189.0,48751189.0,58.9,34000000.0,41.1,2006,en,"['United States of America', 'Australia']"
Bad News Bears (2005),0,113,"['Comedy,Sport']",5.8,23324,125,34252847.0,32868349.0,96.0,1384498.0,4.0,2005,en,['United States of America']
Flightplan (2005),0,98,"['Drama,Mystery,Thriller']",6.3,175379,16,223387299.0,89707299.0,40.2,133680000.0,59.8,2005,en,['United States of America']
The Heartbreak Kid (2007),0,116,"['Comedy,Romance']",5.8,97828,49,128453183.0,36787257.0,28.6,91665926.0,71.4,2007,en,['United States of America']
Last Holiday (2006),0,112,"['Comedy,Drama,Romance']",6.6,39762,114,43451846.0,38399961.0,88.4,5051885.0,11.6,2006,en,['United States of America']
Windstruck (2004),0,123,"['Comedy,Crime,Drama']",7.1,7847,155,19225992.0,0.0,0.0,19225992.0,100.0,2004,ko,"['Hong Kong', 'South Korea']"
Poseidon (2006),0,98,"['Action,Adventure,Thriller']",5.7,112501,22,181674817.0,60674817.0,33.4,121000000.0,66.6,2006,en,['United States of America']
Russian Dolls (2005),0,125,"['Comedy,Drama,Romance']",7.0,21570,155,23727301.0,326095.0,1.4,23401206.0,98.6,2005,fr,"['France', 'United Kingdom']"
Watchmen (2009),0,162,"['Action,Drama,Mystery']",7.6,594691,34,185382813.0,107509799.0,58.0,77873014.0,42.0,2009,en,['United States of America']
Cowboys & Aliens (2011),0,119,"['Action,Drama,Sci-Fi']",6.0,236450,42,174822325.0,100240551.0,57.3,74581774.0,42.7,2011,en,"['India', 'United States of America']"
Day Watch (2006),0,132,"['Action,Fantasy,Horror']",6.4,35798,128,38411815.0,0.0,0.0,38411815.0,100.0,2006,ru,"['Russia', 'United States of America']"
Hustle & Flow (2005),0,116,"['Crime,Drama,Music']",7.3,44178,156,23563727.0,22202809.0,94.2,1360918.0,5.8,2005,en,['United States of America']
The Lake House (2006),0,99,"['Drama,Fantasy,Romance']",6.8,160720,50,114830111.0,52330111.0,45.6,62500000.0,54.4,2006,en,"['South Korea', 'United States of America']"
Nim's Island (2008),0,96,"['Adventure,Family,Fantasy']",6.0,37483,65,100104565.0,48006762.0,48.0,52097803.0,52.0,2008,en,['United States of America']
Only the Brave (2017),0,99,"['Drama,War']",5.3,936,180,26351322.0,18343983.0,69.6,8007339.0,30.4,2017,en,['United States of America']
88 Minutes (2007),0,108,"['Crime,Drama,Mystery']",5.9,79197,136,32593385.0,17213467.0,52.8,15379918.0,47.2,2007,en,['United States of America']
Hellboy II: The Golden Army (2008),0,120,"['Action,Adventure,Fantasy']",7.0,292024,41,168319243.0,75986503.0,45.1,92332740.0,54.9,2008,en,['United States of America']
Broken Flowers (2005),0,106,"['Comedy,Drama,Mystery']",7.1,108293,100,47329961.0,13744960.0,29.0,33585001.0,71.0,2005,en,"['United States of America', 'France']"
The World's Fastest Indian (2005),0,127,"['Biography,Drama,Sport']",7.8,61106,179,18297690.0,5128124.0,28.0,13169566.0,72.0,2005,en,"['New Zealand', 'Switzerland', 'Japan', 'United States of America']"
The Brice Man (2005),0,98,['Comedy'],5.1,7940,129,33026616.0,0.0,0.0,33026616.0,100.0,2005,fr,['France']
Gravity (2013),0,83,['Drama'],6.5,27,8,723192705.0,274092705.0,37.9,449100000.0,62.1,2013,en,"['United Kingdom', 'United States of America']"
Mrs. Henderson Presents (2005),0,103,"['Comedy,Drama,Music']",7.0,16743,142,27876417.0,11036366.0,39.6,16840051.0,60.4,2005,en,['United Kingdom']
Evan Almighty (2007),0,96,"['Comedy,Family,Fantasy']",5.4,158332,31,174440724.0,100462298.0,57.6,73978426.0,42.4,2007,en,['United States of America']
Shrek the Third (2007),0,93,"['Adventure,Animation,Comedy']",6.1,343691,4,808308862.0,322719944.0,39.9,485586147.0,60.1,2007,en,['United States of America']
Spider-Man 3 (2007),0,139,"['Action,Adventure,Sci-Fi']",6.3,661491,3,890871626.0,336530303.0,37.8,554341323.0,62.2,2007,en,['United States of America']
Charlotte's Web (2006),0,97,"['Adventure,Comedy,Family']",6.3,47871,35,148964090.0,82985708.0,55.7,65978114.0,44.3,2006,en,"['Germany', 'United States of America']"
Elizabeth: The Golden Age (2007),0,114,"['Biography,Drama,History']",6.8,76475,75,75782758.0,16383509.0,21.6,59399249.0,78.4,2007,en,"['France', 'United States of America', 'United Kingdom']"
Pride & Prejudice (2005),0,129,"['Drama,Romance']",7.8,345974,41,121616555.0,38405088.0,31.6,83211467.0,68.4,2005,en,"['United Kingdom', 'France', 'United States of America']"
District B13 (2004),0,84,"['Action,Crime,Sci-Fi']",7.1,75280,199,10976892.0,1200216.0,10.9,9776676.0,89.1,2004,fr,['France']
Barnyard (2006),0,90,"['Adventure,Animation,Comedy']",5.6,35990,49,116755080.0,72637803.0,62.2,44117277.0,37.8,2006,en,"['Germany', 'United States of America']"
Final Destination 3 (2006),0,93,"['Horror,Thriller']",5.8,160393,48,118890272.0,54098051.0,45.5,64792221.0,54.5,2006,en,"['Canada', 'Germany', 'United States of America']"
Talladega Nights: The Ballad of Ricky Bobby (2006),0,108,"['Comedy,Sport']",6.6,205850,30,163362430.0,148213377.0,90.7,15148718.0,9.3,2006,en,['United States of America']
Fool's Gold (2008),0,90,['Comedy'],6.2,244,59,111231041.0,70231041.0,63.1,41000000.0,36.9,2008,en,"['Australia', 'Bahamas', 'United States of America']"
Yesterday Once More (2016),0,99,"['Comedy,Crime,Romance']",6.2,1013,177,27413790.0,0.0,0.0,27413790.0,100.0,2016,zh,['China']
Countdown (2019),0,100,"['Action,Adventure,Crime']",5.2,649,124,48021766.0,25621766.0,53.4,22400000.0,46.6,2019,en,['United States of America']
Mongol: The Rise of Genghis Khan (2007),0,126,"['Action,Biography,Drama']",7.2,50170,162,26527510.0,5705761.0,21.5,20821749.0,78.5,2007,ru,"['Germany', 'Kazakhstan', 'Russia']"
The Secret Life of Bees (2008),0,114,['Drama'],7.2,28666,130,39952437.0,37770162.0,94.5,2182275.0,5.5,2008,en,['United States of America']
The Spiderwick Chronicles (2008),0,96,"['Action,Adventure,Drama']",6.5,105289,42,164170327.0,71195053.0,43.4,92975274.0,56.6,2008,en,['United States of America']
Venom (2018),0,0,['Drama'],3.7,127,7,856085151.0,213515506.0,24.9,642569645.0,75.1,2018,en,"['China', 'United States of America']"
Wolf Creek (2005),0,99,"['Horror,Thriller']",6.2,81104,138,30762648.0,16188180.0,52.6,14574468.0,47.4,2005,en,"['Australia', 'United States of America']"
Wolfhound (2006),0,142,"['Action,Adventure,Fantasy']",5.6,4299,177,21573338.0,0.0,0.0,21573338.0,100.0,2006,ru,['Russia']
Match Point (2005),0,124,"['Drama,Romance,Thriller']",7.6,232655,67,85638656.0,23151529.0,27.0,62487127.0,73.0,2005,en,"['Luxembourg', 'United Kingdom', 'United States of America']"
300 (2007),0,117,"['Action,Drama']",7.6,884964,10,456068181.0,210614939.0,46.2,245453242.0,53.8,2007,en,"['United Kingdom', 'United States of America']"
Bandidas (2006),0,93,"['Action,Comedy,Crime']",5.7,37986,188,18381890.0,0.0,0.0,18381890.0,100.0,2006,en,"['United States of America', 'France', 'Mexico']"
Becoming Jane (2007),0,120,"['Biography,Drama,Romance']",7.0,66456,122,37311672.0,18670946.0,50.0,18640726.0,50.0,2007,en,['United Kingdom']
Must Love Dogs (2005),0,98,"['Comedy,Romance']",5.9,33558,85,58231520.0,43894863.0,75.4,14336657.0,24.6,2005,en,['United States of America']
Room (2015),0,75,"['Drama,Mystery']",4.4,458,168,35401758.0,14677654.0,41.5,20724104.0,58.5,2015,en,"['Canada', 'Ireland', 'United Kingdom', 'United States of America']"
Snakes on a Plane (2006),0,105,"['Action,Adventure,Crime']",5.5,146748,94,62022014.0,34020814.0,54.9,28001200.0,45.1,2006,en,['United States of America']
Two for the Money (2005),0,122,"['Crime,Drama,Sport']",6.2,50550,139,30526509.0,22991379.0,75.3,7535130.0,24.7,2005,en,['United States of America']
Villain (2010),0,162,"['Action,Drama,Thriller']",7.1,2808,175,22414467.0,0.0,0.0,22414467.0,100.0,2010,ja,['Japan']
9th Company (2005),0,139,"['Action,Drama,History']",7.1,22024,148,26146165.0,0.0,0.0,26146165.0,100.0,2005,ru,"['Finland', 'Russia', 'Ukraine']"
Annapolis (2006),0,108,"['Drama,Romance,Sport']",5.8,22231,197,17496992.0,17127992.0,97.9,369000.0,2.1,2006,en,['United States of America']
Harry Potter and the Half-Blood Prince (2009),0,153,"['Action,Adventure,Family']",7.6,621457,2,933959197.0,301959197.0,32.3,632000000.0,67.7,2009,en,"['United Kingdom', 'United States of America']"
Manual of Love (2005),0,116,"['Comedy,Drama,Romance']",6.3,4888,160,22079820.0,0.0,0.0,22079820.0,100.0,2005,it,['Italy']
The Promise (2005),0,121,"['Action,Drama,Fantasy']",5.6,9576,137,30925693.0,669625.0,2.2,30256068.0,97.8,2005,en,[]
Do You Know Claudia? (2004),0,104,"['Comedy,Mystery,Romance']",6.4,4090,140,21852972.0,0.0,0.0,21852972.0,100.0,2004,it,['Italy']
Transformers (2007),0,144,"['Action,Adventure,Sci-Fi']",7.1,692546,5,709709780.0,319246193.0,45.0,390463587.0,55.0,2007,en,['United States of America']
Christmas in Love (2004),0,118,"['Comedy,Romance']",4.3,1136,134,22668087.0,0.0,0.0,22668087.0,100.0,2004,it,['Italy']
Dreamer (2005),0,106,"['Drama,Family,Sport']",6.8,14369,115,38741732.0,32751093.0,84.5,5990639.0,15.5,2005,ja,['Japan']
Flags of Our Fathers (2006),0,135,"['Action,Adventure,Drama']",7.1,131468,90,65900249.0,33602376.0,51.0,32297873.0,49.0,2006,en,['United States of America']
Jarhead (2005),0,125,"['Biography,Drama,War']",7.0,213885,55,97076152.0,62658220.0,64.5,34417932.0,35.5,2005,en,"['United Kingdom', 'United States of America']"
Land of the Dead (2005),0,93,"['Horror,Sci-Fi,Thriller']",6.2,102696,102,47074133.0,20700082.0,44.0,26374051.0,56.0,2005,en,"['Canada', 'United States of America', 'France']"
Memory (2022),0,98,"['Drama,Horror,Mystery']",5.2,2035,144,13240559.0,7329043.0,55.4,5911516.0,44.6,2022,en,['United States of America']
The Tiger and the Snow (2005),0,110,"['Comedy,Drama,Romance']",7.0,14578,150,25460023.0,10167.0,0.0,25449856.0,100.0,2005,it,['Italy']
Premonition (2007),0,95,['Horror'],6.2,4689,65,84146832.0,47852604.0,56.9,36294228.0,43.1,2007,en,['United States of America']
Doom (2005),0,105,"['Action,Horror,Sci-Fi']",5.2,120881,86,58072119.0,28212337.0,48.6,29859782.0,51.4,2005,en,"['Czech Republic', 'Germany', 'United Kingdom', 'United States of America']"
The Kite Runner (2007),0,128,['Drama'],7.6,83492,79,75011029.0,15800078.0,21.1,59210951.0,78.9,2007,en,"['China', 'United Kingdom', 'United States of America']"
The Marine (2006),0,92,"['Action,Comedy,Drama']",4.8,36508,173,22165608.0,18844784.0,85.0,3320824.0,15.0,2006,en,"['Australia', 'United States of America']"
Mr. Woodcock (2007),0,87,"['Comedy,Romance,Sport']",5.2,37422,132,33683200.0,25799486.0,76.6,7883714.0,23.4,2007,en,['United States of America']
Pokémon: Jirachi - Wish Maker (2003),0,81,"['Action,Adventure,Animation']",5.7,4827,114,33393751.0,0.0,0.0,33393751.0,100.0,2003,ja,['Japan']
A Prairie Home Companion (2006),0,105,"['Comedy,Drama,Music']",6.7,23981,157,25978867.0,20342852.0,78.3,5636015.0,21.7,2006,en,['United States of America']
Stranger Than Fiction (2006),0,113,"['Comedy,Drama,Fantasy']",7.5,239717,102,53653224.0,40660952.0,75.8,12992272.0,24.2,2006,en,"['United Kingdom', 'United States of America']"
The Tale of Despereaux (2008),0,93,"['Adventure,Animation,Comedy']",6.1,40611,70,86957280.0,50877145.0,58.5,36080135.0,41.5,2008,en,"['United Kingdom', 'United States of America']"
The Texas Chainsaw Massacre: The Beginning (2006),0,91,['Horror'],5.8,79112,103,51764406.0,39517763.0,76.3,12246643.0,23.7,2006,en,['United States of America']
Domino (2005),0,127,"['Action,Biography,Crime']",5.9,70270,158,22944502.0,10169202.0,44.3,12775300.0,55.7,2005,en,"['France', 'United Kingdom']"
Street Kings (2008),0,109,"['Action,Crime,Thriller']",6.8,123154,87,66476363.0,26418667.0,39.7,40057696.0,60.3,2008,en,['United States of America']
Gridiron Gang (2006),0,125,"['Biography,Crime,Drama']",7.1,82126,120,41480851.0,38432823.0,92.7,3048028.0,7.3,2006,en,['United States of America']
Red Eye (2005),0,85,['Thriller'],6.5,152942,56,96258201.0,57891803.0,60.1,38366398.0,39.9,2005,en,['United States of America']
The Curious Case of Benjamin Button (2008),0,166,"['Drama,Fantasy,Romance']",7.8,716182,16,335802786.0,127509326.0,38.0,208293460.0,62.0,2008,en,['United States of America']
Big Momma's House 2 (2006),0,99,"['Comedy,Crime']",4.8,47615,38,141522961.0,70165972.0,49.6,71356989.0,50.4,2006,en,"['Switzerland', 'United States of America']"
Diary of a Mad Black Woman (2005),0,116,"['Comedy,Drama,Romance']",5.7,16364,97,50652203.0,50633099.0,100.0,19104.0,0.0,2005,en,['United States of America']
The Intruder (2019),0,130,['Drama'],6.7,2211,142,36599361.0,35419122.0,96.8,1180239.0,3.2,2019,en,['United States of America']
Marie Antoinette (2006),0,123,"['Biography,Drama,History']",6.5,126200,96,60917189.0,15962471.0,26.2,44954718.0,73.8,2006,en,"['France', 'Japan', 'United States of America']"
Are We Done Yet? (2007),0,92,"['Comedy,Family']",4.3,23088,95,58388068.0,49662533.0,85.1,8725535.0,14.9,2007,en,['United States of America']
Surf's Up (2007),0,85,"['Adventure,Animation,Comedy']",6.7,95410,38,152005713.0,58867694.0,38.7,93138019.0,61.3,2007,en,"['Canada', 'United Kingdom', 'United States of America']"
Flushed Away (2006),0,85,"['Action,Adventure,Animation']",6.6,143305,24,178281554.0,64665672.0,36.3,113615882.0,63.7,2006,en,"['United Kingdom', 'United States of America']"
Joyeux Noel (2005),0,116,"['Drama,History,Music']",7.6,33003,181,17709155.0,1054361.0,6.0,16654794.0,94.0,2005,fr,"['Belgium', 'France', 'Germany', 'Romania', 'United Kingdom']"
Palais royal! (2005),0,110,['Comedy'],5.6,2229,183,17612135.0,0.0,0.0,17612135.0,100.0,2005,fr,['France']
Clerks II (2006),0,97,['Comedy'],7.3,142334,153,26984975.0,24148068.0,89.5,2836907.0,10.5,2006,en,['United States of America']
Crying Out Love in the Center of the World (2004),0,138,"['Drama,Romance']",7.2,3948,72,73611055.0,0.0,0.0,73611055.0,100.0,2004,ja,['Japan']
The Adventures of Sharkboy and Lavagirl 3-D (2005),0,93,"['Action,Adventure,Comedy']",3.8,44090,76,71992655.0,39177684.0,54.4,32814971.0,45.6,2005,en,['United States of America']
Balls of Fury (2007),0,90,"['Comedy,Crime,Sport']",5.4,45614,114,41739111.0,32886940.0,78.8,8852171.0,21.2,2007,en,['United States of America']
The Judge (2014),0,89,['Drama'],5.4,293,90,84419388.0,47119388.0,55.8,37300000.0,44.2,2014,en,['United States of America']
Get Smart (2008),0,110,"['Action,Adventure,Comedy']",6.5,232352,27,230685453.0,130319208.0,56.5,100366245.0,43.5,2008,en,['United States of America']
Hot Fuzz (2007),0,121,"['Action,Comedy,Mystery']",7.8,548696,68,80577265.0,23637265.0,29.3,56940000.0,70.7,2007,en,"['France', 'United Kingdom', 'United States of America']"
Just Like Heaven (2005),0,95,"['Comedy,Drama,Fantasy']",6.7,119789,51,102854431.0,48318130.0,47.0,54536301.0,53.0,2005,en,['United States of America']
Lucky Number Slevin (2006),0,110,"['Crime,Drama,Thriller']",7.7,331026,100,56308881.0,22495466.0,40.0,33813415.0,60.0,2006,en,"['Canada', 'Germany', 'United Kingdom', 'United States of America']"
Run Fatboy Run (2007),0,100,"['Comedy,Romance,Sport']",6.5,70349,133,33478921.0,6003262.0,17.9,27475659.0,82.1,2007,en,"['United Kingdom', 'United States of America']"
The Messengers (2007),0,90,"['Drama,Horror,Mystery']",5.3,41741,103,55010659.0,35374833.0,64.3,19635826.0,35.7,2007,en,['United States of America']
Wanted (2008),0,0,"['Action,Crime,Thriller']",4.8,210,15,342463063.0,134508551.0,39.3,207954512.0,60.7,2008,en,"['Germany', 'United States of America']"
Red Cliff (2008),0,148,"['Action,Adventure,Drama']",7.3,49300,52,129708433.0,627047.0,0.5,129081386.0,99.5,2008,zh,"['China', 'Hong Kong', 'Japan', 'South Korea', 'Taiwan', 'United States of America']"
The Great Yokai War (2005),0,124,"['Adventure,Family,Fantasy']",6.3,2759,190,15787492.0,0.0,0.0,15787492.0,100.0,2005,ja,['Japan']
Umizaru (2004),0,120,"['Action,Drama']",6.2,372,182,13361623.0,0.0,0.0,13361623.0,100.0,2004,ja,['Japan']
Superhero Movie (2008),0,75,"['Action,Comedy,Sci-Fi']",4.7,78858,81,71538062.0,25881068.0,36.2,45656994.0,63.8,2008,en,['United States of America']
Alpha Dog (2007),0,122,"['Biography,Crime,Drama']",6.9,109516,138,32351125.0,15309602.0,47.3,17041523.0,52.7,2007,en,"['Germany', 'United Kingdom', 'United States of America']"
August Rush (2007),0,114,"['Drama,Music']",7.4,112552,88,66122026.0,31664162.0,47.9,34457864.0,52.1,2007,en,['United States of America']
Dinner for Schmucks (2010),0,114,['Comedy'],5.9,112963,74,86855739.0,73026337.0,84.1,13829402.0,15.9,2010,en,"['India', 'United States of America']"
Failure to Launch (2006),0,97,"['Comedy,Romance']",5.7,90853,43,130224158.0,88715192.0,68.1,41508966.0,31.9,2006,en,['United States of America']
The Great Debaters (2007),0,126,"['Biography,Drama,Romance']",7.5,64658,149,30236407.0,30236407.0,100.0,0.0,0.0,2007,en,['United States of America']
Hairspray (2007),0,117,"['Comedy,Drama,Musical']",6.7,141639,26,203553768.0,118871849.0,58.4,84681073.0,41.6,2007,en,"['United Kingdom', 'United States of America']"
The Invasion (2007),0,99,"['Sci-Fi,Thriller']",5.9,85029,117,40170558.0,15074191.0,37.5,25096367.0,62.5,2007,en,['United States of America']
Soul (2020),0,108,['Horror'],5.3,107,18,121903885.0,946154.0,0.8,120957731.0,99.2,2020,en,['United States of America']
Stillwater (2021),0,90,['Thriller'],4.3,151,115,19754272.0,14465535.0,73.2,5288737.0,26.8,2021,en,"['France', 'United States of America']"
Thank You for Smoking (2006),0,92,"['Comedy,Drama']",7.5,231770,121,39323027.0,24793509.0,63.1,14529518.0,36.9,2006,en,"['United Kingdom', 'United States of America']"
The Protector (2005),0,111,"['Action,Crime,Drama']",7.0,39682,145,27165581.0,12044087.0,44.3,15121494.0,55.7,2005,th,['Thailand']
March of the Penguins (2005),0,80,"['Documentary,Family']",7.5,60860,38,127392693.0,77437223.0,60.8,49955470.0,39.2,2005,fr,"['France', 'United States of America']"
A Moment to Remember (2005),0,117,"['Drama,Romance']",8.1,26270,166,20865847.0,0.0,0.0,20865847.0,100.0,2005,ko,['South Korea']
The A-Team (2010),0,117,"['Action,Adventure,Crime']",6.7,272198,40,177238796.0,77222099.0,43.6,100016697.0,56.4,2010,en,"['United Kingdom', 'United States of America']"
An American Haunting (2006),0,83,"['Drama,Horror,Mystery']",5.0,27332,147,29612137.0,16298046.0,55.0,13314091.0,45.0,2006,en,"['Canada', 'Romania', 'United Kingdom', 'United States of America']"
The Ant Bully (2006),0,88,"['Adventure,Animation,Comedy']",5.8,42819,101,55181129.0,28142535.0,51.0,27038594.0,49.0,2006,en,['United States of America']
Aquamarine (2006),0,110,"['Comedy,Family,Fantasy']",5.4,46456,167,22989957.0,18597342.0,80.9,4392615.0,19.1,2006,en,"['Australia', 'United States of America']"
Four Brothers (2005),0,109,"['Action,Crime,Drama']",6.8,163171,61,92374674.0,74494381.0,80.6,17880293.0,19.4,2005,en,['United States of America']
Little Man (2006),0,112,['Documentary'],6.7,219,56,104003322.0,58645052.0,56.4,45358270.0,43.6,2006,en,"['United States of America', 'Canada']"
Get Rich or Die Tryin' (2005),0,117,"['Biography,Crime,Drama']",5.5,51725,103,46563961.0,30985352.0,66.5,15578609.0,33.5,2005,en,['United States of America']
Miami Vice (2006),0,132,"['Action,Crime,Drama']",6.1,126710,29,163794509.0,63450470.0,38.7,100344039.0,61.3,2006,en,"['Germany', 'United States of America']"
Stick It (2006),0,103,"['Comedy,Drama,Sport']",6.4,31134,138,31976848.0,26910736.0,84.2,5066112.0,15.8,2006,en,"['Germany', 'United States of America']"
The Women (2008),0,114,"['Comedy,Drama']",5.0,23662,102,50007546.0,26902075.0,53.8,23105471.0,46.2,2008,en,['United States of America']
Basic Instinct 2 (2006),0,114,"['Drama,Mystery,Thriller']",4.4,42462,125,38629478.0,5971336.0,15.5,32658142.0,84.5,2006,en,"['Germany', 'Spain', 'United Kingdom', 'United States of America']"
Role Models (2008),0,99,['Comedy'],6.8,244816,68,92649419.0,67294270.0,72.6,25355149.0,27.4,2008,en,['United States of America']
The Possession (2012),0,92,"['Horror,Mystery,Thriller']",5.9,64436,80,85446075.0,49130154.0,57.5,36315921.0,42.5,2012,en,"['United States of America', 'Canada']"
The Kingdom (2007),0,110,"['Action,Drama,Thriller']",7.0,134613,62,87019158.0,47536778.0,54.6,39482380.0,45.4,2007,en,"['Germany', 'United States of America']"
P.S. I Love You (2007),0,126,"['Comedy,Drama,Romance']",7.0,221543,36,156835339.0,53695808.0,34.2,103139531.0,65.8,2007,en,['United States of America']
The Master (2012),0,117,['Drama'],6.3,172,170,28258060.0,16377274.0,58.0,11880786.0,42.0,2012,en,['United States of America']
Resident Evil: Extinction (2007),0,94,"['Action,Horror,Sci-Fi']",6.2,209663,40,147717833.0,50648679.0,34.3,97069154.0,65.7,2007,en,"['Canada', 'France', 'Germany', 'United States of America']"
Fantastic Mr. Fox (2009),0,87,"['Adventure,Animation,Comedy']",7.9,282529,111,46471023.0,21002919.0,45.2,25468104.0,54.8,2009,en,['United States of America']
The Fog (2005),0,100,"['Horror,Mystery']",3.7,40111,104,46201432.0,29550869.0,64.0,16650563.0,36.0,2005,en,"['Canada', 'France', 'United States of America']"
Saw II (2005),0,93,"['Horror,Mystery']",6.6,285742,31,147748505.0,87039965.0,58.9,60708540.0,41.1,2005,en,['United States of America']
Krrish (2006),0,154,"['Action,Sci-Fi']",6.5,25319,190,18041250.0,1430721.0,7.9,16610529.0,92.1,2006,hi,"['Hong Kong', 'India']"
Ouija (2014),0,104,"['Horror,Thriller']",2.9,215,72,103590271.0,50856010.0,49.1,52734261.0,50.9,2014,en,"['Japan', 'United States of America']"
Real Steel (2011),0,127,"['Action,Drama,Sci-Fi']",7.1,367891,21,299268508.0,85468508.0,28.6,213800000.0,71.4,2011,en,"['United States of America', 'India']"
Another Public Enemy (2005),0,148,"['Action,Drama']",6.0,699,157,23248003.0,0.0,0.0,23248003.0,100.0,2005,ko,['South Korea']
Daybreakers (2010),0,98,"['Action,Horror,Sci-Fi']",6.4,137458,113,51416464.0,30101577.0,58.5,21314887.0,41.5,2010,en,"['United States of America', 'Australia']"
"Good Night, and Good Luck. (2005)",0,93,"['Biography,Drama,History']",7.4,102544,91,54641191.0,31558003.0,57.8,23083188.0,42.2,2005,en,"['France', 'Japan', 'United Kingdom', 'United States of America']"
The Grudge 2 (2006),0,102,"['Horror,Thriller']",5.1,52334,80,70711175.0,39143839.0,55.4,31567336.0,44.6,2006,en,['United States of America']
Just Friends (2005),0,96,"['Comedy,Romance']",6.2,131194,95,50912434.0,32619671.0,64.1,18292763.0,35.9,2005,en,"['Canada', 'Germany', 'United States of America']"
Material Girls (2006),0,98,"['Comedy,Family,Romance']",4.0,22926,199,16907725.0,11449638.0,67.7,5458087.0,32.3,2006,en,['United States of America']
The Namesake (2007),0,122,['Drama'],7.5,22187,188,20354321.0,13569248.0,66.7,6785073.0,33.3,2007,en,"['India', 'Japan', 'United States of America']"
Flicka (2006),0,95,"['Adventure,Drama,Family']",6.0,8682,175,21893591.0,21000147.0,95.9,893444.0,4.1,2006,en,['United States of America']
V for Vendetta (2006),0,132,"['Action,Drama,Sci-Fi']",8.1,1207499,41,132511035.0,70511035.0,53.2,62000000.0,46.8,2006,en,"['Germany', 'United Kingdom', 'United States of America']"
Youth (2017),0,105,['Drama'],5.1,229,42,227091290.0,1891956.0,0.8,225199334.0,99.2,2017,de,['Germany']
Pokémon the Movie: Destiny Deoxys (2004),0,98,"['Action,Adventure,Animation']",6.1,4699,113,34337258.0,0.0,0.0,34337258.0,100.0,2004,ja,['Japan']
Swing Girls (2004),0,104,"['Comedy,Drama,Music']",7.5,5073,157,18758613.0,0.0,0.0,18758613.0,100.0,2004,ja,['Japan']
The Descent (2005),0,99,"['Adventure,Horror,Thriller']",7.2,257661,88,57051053.0,26024456.0,45.6,31026597.0,54.4,2005,en,['United Kingdom']
The Giver (2014),0,97,"['Drama,Romance,Sci-Fi']",6.4,127847,105,66980456.0,45090374.0,67.3,21890082.0,32.7,2014,en,['United States of America']
Next (2007),0,96,"['Action,Sci-Fi,Thriller']",6.2,169680,72,77621983.0,18211013.0,23.5,59410970.0,76.5,2007,en,['United States of America']
Retribution (2023),0,90,['Thriller'],6.1,27,133,18685751.0,6937696.0,37.1,11748055.0,62.9,2023,en,"['France', 'Germany', 'United States of America']"
Toy Story 3 (2010),0,103,"['Adventure,Animation,Comedy']",8.3,922770,1,1066969703.0,415004880.0,38.9,651964823.0,61.1,2010,en,['United States of America']
Friends with Money (2006),0,88,"['Comedy,Drama,Romance']",5.8,32576,189,18245244.0,13368437.0,73.3,4876807.0,26.7,2006,en,['United States of America']
G-Force (2009),0,88,"['Action,Adventure,Animation']",5.1,51449,24,292817841.0,119436770.0,40.8,173381071.0,59.2,2009,en,['United States of America']
The Queen (2006),0,103,"['Biography,Drama']",7.3,117329,44,123384128.0,56441711.0,45.7,66942417.0,54.3,2006,en,"['France', 'Italy', 'United Kingdom']"
The White Massai (2005),0,131,"['Drama,Romance']",6.4,4186,159,22632255.0,0.0,0.0,22632255.0,100.0,2005,de,['Germany']
Alita: Battle Angel (2019),0,122,"['Action,Adventure,Sci-Fi']",7.3,308551,21,404980543.0,85838210.0,21.2,319142333.0,78.8,2019,en,['United States of America']
See No Evil (2006),0,84,"['Action,Horror,Thriller']",5.1,29708,186,18564467.0,15032800.0,81.0,3531667.0,19.0,2006,en,['United States of America']
Akeelah and the Bee (2006),0,112,"['Drama,Family']",7.4,22178,185,18948425.0,18848430.0,99.5,99995.0,0.5,2006,en,['United States of America']
The Benchwarmers (2006),0,85,"['Comedy,Sport']",5.5,56232,92,64962629.0,59843754.0,92.1,5118875.0,7.9,2006,en,['United States of America']
Ice Age: The Meltdown (2006),0,91,"['Adventure,Animation,Comedy']",6.8,305465,3,660998756.0,195330621.0,29.6,465668135.0,70.4,2006,en,['United States of America']
Us (2019),0,99,"['Drama,Mystery']",5.2,50,32,256022707.0,175084580.0,68.4,80938127.0,31.6,2019,en,['United States of America']
Push (2009),0,105,"['Crime,Drama,Thriller']",4.4,623,105,48858618.0,31811527.0,65.1,17047091.0,34.9,2009,en,"['Canada', 'United Kingdom', 'United States of America']"
Side Effects (2013),0,90,"['Comedy,Drama,Romance']",4.9,1166,105,63414135.0,32172757.0,50.7,31241378.0,49.3,2013,en,['United States of America']
Terminator Salvation (2009),0,115,"['Action,Adventure,Sci-Fi']",6.5,384158,16,371353001.0,125322469.0,33.7,246030532.0,66.3,2009,en,['United States of America']
Year One in the North (2005),0,170,['Drama'],6.6,179,163,21360942.0,0.0,0.0,21360942.0,100.0,2005,ja,['Japan']
Two Sons of Francisco (2005),0,132,"['Biography,Drama,Music']",6.9,6619,193,15508288.0,0.0,0.0,15508288.0,100.0,2005,pt,['Brazil']
The Flash (2023),0,144,"['Action,Adventure,Fantasy']",6.6,228947,27,271433313.0,108133313.0,39.8,163300000.0,60.2,2023,en,['United States of America']
Fanaa (2006),0,168,"['Action,Drama,Romance']",7.1,35881,172,22175908.0,2105352.0,9.5,20070556.0,90.5,2006,hi,['India']
Shutter (2008),0,97,"['Horror,Mystery,Thriller']",7.0,51023,106,48555306.0,25928550.0,53.4,22626756.0,46.6,2008,en,['United States of America']
The Bourne Ultimatum (2007),0,115,"['Action,Mystery,Thriller']",8.0,668675,11,442824138.0,227471070.0,51.4,215353068.0,48.6,2007,en,"['France', 'Germany', 'Spain', 'United States of America']"
Dhoom 2 (2006),0,152,"['Action,Thriller']",6.6,31078,137,32396427.0,2643586.0,8.2,29752841.0,91.8,2006,hi,['India']
Kung Fu Panda (2008),0,92,"['Action,Adventure,Animation']",7.6,544774,3,631744560.0,215434591.0,34.1,416309969.0,65.9,2008,en,['United States of America']
Piece by Piece (2024),0,79,['Documentary'],7.3,146,157,10585957.0,9756635.0,92.2,829322.0,7.8,2024,en,"['Denmark', 'United States of America']"
Stay Alive (2006),0,85,"['Fantasy,Horror,Mystery']",5.0,34749,152,27298695.0,23086480.0,84.6,4212215.0,15.4,2006,en,['United States of America']
Volver (2006),0,121,"['Comedy,Drama']",7.6,109652,69,85585177.0,12899867.0,15.1,72685310.0,84.9,2006,es,['Spain']
Half a Confession (2004),0,121,"['Drama,Mystery']",6.4,150,174,14638660.0,0.0,0.0,14638660.0,100.0,2004,ja,['Japan']
Be with You (2004),0,119,"['Drama,Fantasy,Romance']",7.8,5115,100,46616207.0,0.0,0.0,46616207.0,100.0,2004,ja,['Japan']
Beowulf (2007),0,115,"['Action,Adventure,Animation']",6.3,176768,27,196393745.0,82280579.0,41.9,114113166.0,58.1,2007,en,['United States of America']
Lincoln (2012),0,150,"['Biography,Drama,History']",7.3,277333,30,275293450.0,182207973.0,66.2,93085477.0,33.8,2012,en,"['India', 'United States of America']"
Vantage Point (2008),0,90,"['Action,Drama,Thriller']",6.6,155581,48,152039882.0,72266306.0,47.5,79773576.0,52.5,2008,en,"['Mexico', 'Spain', 'United States of America']"
Truth or Dare (2018),0,89,"['Comedy,Drama']",6.6,224,73,95330493.0,41411015.0,43.4,53919478.0,56.6,2018,en,['United States of America']
"Yours, Mine & Ours (2005)",0,88,"['Comedy,Family,Romance']",5.5,31068,74,72662923.0,53412862.0,73.5,19250061.0,26.5,2005,en,['United States of America']
Borat (2006),0,84,['Comedy'],7.4,456839,15,262552893.0,128505958.0,48.9,134046935.0,51.1,2006,en,"['United Kingdom', 'United States of America']"
Dreamgirls (2006),0,130,"['Drama,Musical']",6.6,78618,34,155430335.0,103365956.0,66.5,52064379.0,33.5,2006,en,['United States of America']
Hoodwinked! (2005),0,80,"['Adventure,Animation,Comedy']",6.5,68407,45,110013167.0,51386611.0,46.7,58626556.0,53.3,2005,en,['United States of America']
The Illusionist (2006),0,110,"['Drama,Fantasy,Mystery']",7.5,395598,65,87892388.0,39868642.0,45.4,48023746.0,54.6,2006,en,['United States of America']
The Sentinel (2006),0,108,"['Action,Crime,Thriller']",6.1,54976,75,78810595.0,36280697.0,46.0,42529898.0,54.0,2006,en,['United States of America']
"10,000 BC (2008)",0,109,"['Action,Adventure,Drama']",5.1,137155,20,269784201.0,94784201.0,35.1,175000000.0,64.9,2008,en,"['United States of America', 'South Africa', 'New Zealand']"
Vacancy (2007),0,52,['Drama'],6.9,49,127,35442935.0,19363565.0,54.6,16079370.0,45.4,2007,en,['United States of America']
The X Files: I Want to Believe (2008),0,104,"['Crime,Drama,Horror']",5.9,94996,85,69363381.0,20982478.0,30.3,48380903.0,69.7,2008,en,"['Canada', 'United States of America']"
Zodiac (2007),0,157,"['Crime,Drama,Mystery']",7.7,628382,64,84785914.0,33080084.0,39.0,51705830.0,61.0,2007,en,['United States of America']
A Christmas Carol (2009),0,75,"['Comedy,Fantasy']",5.1,143,19,325286646.0,137855863.0,42.4,187430783.0,57.6,2009,en,['United States of America']
Orchestra Seats (2006),0,106,"['Comedy,Drama,Romance']",6.7,4517,196,17574836.0,2044858.0,11.6,15529978.0,88.4,2006,fr,"['Belgium', 'France']"
Days of Glory (2006),0,120,"['Drama,War']",7.0,15334,168,22963701.0,320700.0,1.4,22643001.0,98.6,2006,fr,"['Algeria', 'Belgium', 'France', 'Morocco']"
Torrente 3: El protector (2005),0,91,"['Comedy,Crime']",5.6,6479,161,21762391.0,0.0,0.0,21762391.0,100.0,2005,es,['Spain']
Keeping Mum (2005),0,99,"['Comedy,Crime']",6.8,36722,176,18575768.0,1619466.0,8.7,16956302.0,91.3,2005,en,"['United Kingdom', 'United States of America']"
The Reaping (2007),0,99,"['Horror,Thriller']",5.6,45197,93,62771059.0,25126214.0,40.0,37644845.0,60.0,2007,en,['United States of America']
French Fried Vacation 3: Friends Forever (2006),0,97,['Comedy'],4.0,3723,71,84152064.0,0.0,0.0,84152064.0,100.0,2006,fr,['France']
Across the Universe (2007),0,133,"['Drama,Fantasy,History']",7.3,115738,154,29367143.0,24343673.0,82.9,5023470.0,17.1,2007,en,['United States of America']
Blades of Glory (2007),0,93,"['Comedy,Sport']",6.3,180880,42,145710347.0,118594548.0,81.4,27115799.0,18.6,2007,en,['United States of America']
Home (2015),0,91,"['Comedy,Drama']",4.8,115,20,386041607.0,177397510.0,46.0,208644097.0,54.0,2015,en,['United States of America']
Pathfinder (2007),0,99,"['Action,Adventure,Drama']",5.4,46847,145,30984583.0,10232081.0,33.0,20752502.0,67.0,2007,en,['United States of America']
Scott Pilgrim vs. the World (2010),0,112,"['Action,Comedy,Fantasy']",7.5,478487,122,47664559.0,31524275.0,66.1,16140284.0,33.9,2010,en,"['Japan', 'United Kingdom', 'United States of America']"
Take the Lead (2006),0,118,"['Drama,Music']",6.6,26997,89,66499627.0,34742066.0,52.2,31757561.0,47.8,2006,en,['United States of America']
Fearless (2006),0,104,"['Action,Biography,Drama']",7.6,79714,87,68072848.0,24633730.0,36.2,43439118.0,63.8,2006,zh,"['China', 'Hong Kong', 'United States of America']"
The Painted Veil (2006),0,125,"['Drama,Romance']",7.4,97607,154,26910847.0,8060487.0,30.0,18850360.0,70.0,2006,en,"['Canada', 'China', 'Hong Kong', 'United States of America']"
Knowing (2007),0,121,"['Mystery,Sci-Fi,Thriller']",6.2,254118,29,183658498.0,79957634.0,43.5,103700864.0,56.5,2007,fr,['France']
Shazam! (2019),0,132,"['Action,Adventure,Comedy']",7.0,397096,25,365971656.0,140371656.0,38.4,225600000.0,61.6,2019,en,['United States of America']
Sunshine (2007),0,107,"['Sci-Fi,Thriller']",7.2,274513,129,34806360.0,3675753.0,10.6,31130607.0,89.4,2007,en,['United Kingdom']
Hancock (2008),0,92,"['Action,Comedy,Drama']",6.4,524433,4,629443428.0,227946274.0,36.2,401497154.0,63.8,2008,en,['United States of America']
April Snow (2005),0,105,"['Drama,Romance']",6.6,2265,152,24873159.0,0.0,0.0,24873159.0,100.0,2005,ko,['South Korea']
Puss in Boots (2011),0,90,"['Action,Adventure,Animation']",6.6,199500,11,554987477.0,149260504.0,26.9,405726973.0,73.1,2011,en,['United States of America']
Eragon (2006),0,104,"['Action,Adventure,Family']",5.1,132168,16,250425512.0,75030163.0,30.0,175395349.0,70.0,2006,en,"['United Kingdom', 'United States of America', 'Hungary']"
Little Miss Sunshine (2006),0,101,"['Comedy,Drama']",7.8,532978,58,101059401.0,59891098.0,59.3,41167856.0,40.7,2006,en,['United States of America']
Pirates of the Caribbean: At World's End (2007),0,169,"['Action,Adventure,Fantasy']",7.1,713520,1,960996492.0,309420425.0,32.2,651576067.0,67.8,2007,en,['United States of America']
RV (2006),0,99,"['Adventure,Comedy,Family']",5.6,64870,66,87528173.0,71726025.0,81.9,15802148.0,18.1,2006,en,"['Germany', 'United Kingdom', 'United States of America']"
Babel (2006),0,143,['Drama'],7.5,322511,39,135330182.0,34302837.0,25.3,101027345.0,74.7,2006,en,"['France', 'Mexico', 'United States of America']"
Passengers (2016),0,93,"['Mystery,Romance,Thriller']",5.8,40045,32,303144152.0,100014699.0,33.0,203129453.0,67.0,2016,en,['United States of America']
The Valet (2006),0,85,"['Comedy,Drama']",6.6,11209,148,29414553.0,1926800.0,6.6,27487753.0,93.4,2006,fr,['France']
Ghajini (2008),0,175,"['Action,Drama,Mystery']",7.6,16136,134,38316584.0,2430627.0,6.3,35885957.0,93.7,2008,hi,['India']
Jodhaa Akbar (2008),0,213,"['Action,Drama,History']",7.5,35431,168,26890354.0,3440718.0,12.8,23449636.0,87.2,2008,hi,['India']
Kabhi Alvida Naa Kehna (2006),0,193,"['Drama,Romance']",6.1,22620,160,25229168.0,3275444.0,13.0,21953724.0,87.0,2006,hi,['India']
La Vie En Rose (2007),0,140,"['Biography,Drama,Music']",7.5,92061,63,86274793.0,10301706.0,11.9,75973087.0,88.1,2007,fr,"['Czech Republic', 'France', 'United Kingdom']"
16 Blocks (2006),0,102,"['Action,Drama,Thriller']",6.6,136319,91,65664721.0,36895141.0,56.2,28769580.0,43.8,2006,en,"['Germany', 'United States of America']"
Blood Diamond (2006),0,143,"['Adventure,Drama,Thriller']",8.0,602738,26,171720398.0,57377916.0,33.4,114342482.0,66.6,2006,en,"['Germany', 'United States of America']"
Hostel (2006),0,94,['Horror'],5.9,196766,74,81979826.0,47326473.0,57.7,34653353.0,42.3,2006,en,"['United States of America', 'Czech Republic']"
Unknown (2011),0,85,"['Crime,Drama,Mystery']",6.4,31867,61,135710029.0,63686397.0,46.9,72023632.0,53.1,2011,en,"['France', 'Germany', 'United Kingdom', 'United States of America']"
The Wicker Man (2006),0,102,"['Horror,Mystery,Thriller']",3.8,73000,124,38805380.0,23649127.0,60.9,15156253.0,39.1,2006,en,"['Germany', 'United States of America', 'Canada', 'Mexico']"
1408 (2007),0,104,"['Fantasy,Horror,Mystery']",6.8,302493,46,132963417.0,71985628.0,54.1,60977789.0,45.9,2007,en,['United States of America']
Cirque du Freak: The Vampire's Assistant (2009),0,109,"['Action,Adventure,Fantasy']",5.8,48790,130,39291383.0,13869515.0,35.3,25421868.0,64.7,2009,en,['United States of America']
You Are So Beautiful (2006),0,97,"['Comedy,Drama,Romance']",6.7,3229,158,25329576.0,0.0,0.0,25329576.0,100.0,2006,fr,['France']
The Gospel (2005),0,105,"['Adventure,Drama,Family']",5.1,2290,192,15778152.0,15778152.0,100.0,0.0,0.0,2005,en,[]
Horton Hears a Who! (2008),0,86,"['Adventure,Animation,Comedy']",6.8,153750,18,298572799.0,154529439.0,51.8,144043360.0,48.2,2008,en,['United States of America']
Lady Vengeance (2005),0,115,"['Crime,Drama,Thriller']",7.5,88551,154,23834149.0,211667.0,0.9,23622482.0,99.1,2005,ko,['South Korea']
Wonder Woman (2017),0,141,"['Action,Adventure,Fantasy']",7.3,715044,10,822963408.0,412563408.0,50.1,410400000.0,49.9,2017,en,['United States of America']
Yamato (2005),0,145,"['Drama,History,War']",6.4,2488,114,39287114.0,0.0,0.0,39287114.0,100.0,2005,ja,['Japan']
The Break-Up (2006),0,106,"['Comedy,Drama,Romance']",5.8,141504,18,205668210.0,118703275.0,57.7,86964935.0,42.3,2006,en,"['United States of America', 'Netherlands']"
Cheaper by the Dozen 2 (2005),0,94,"['Adventure,Comedy,Family']",5.5,64365,37,130154568.0,82571173.0,63.4,47583395.0,36.6,2005,en,"['Canada', 'United States of America']"
Death Race (2008),0,105,"['Action,Sci-Fi,Thriller']",6.4,222935,77,76014335.0,36316032.0,47.8,39698303.0,52.2,2008,en,"['United Kingdom', 'United States of America', 'Germany']"
Gone Baby Gone (2007),0,114,"['Crime,Drama,Mystery']",7.6,300268,131,34612443.0,20292962.0,58.6,14319481.0,41.4,2007,en,['United States of America']
Good Luck Chuck (2007),0,96,"['Comedy,Romance']",5.6,96427,94,59768495.0,35017297.0,58.6,24751198.0,41.4,2007,en,"['Canada', 'United States of America']"
Lady in the Water (2006),0,110,"['Drama,Fantasy,Mystery']",5.5,106009,79,72785169.0,42285169.0,58.1,30500000.0,41.9,2006,en,['United States of America']
The Santa Clause 3: The Escape Clause (2006),0,92,"['Adventure,Comedy,Family']",4.8,44523,53,110768122.0,84500122.0,76.3,26268000.0,23.7,2006,en,['United States of America']
The Time Traveler's Wife (2009),0,107,"['Drama,Fantasy,Romance']",7.1,161339,58,101344412.0,63414846.0,62.6,37929566.0,37.4,2009,en,['United States of America']
"Nin x Nin: Ninja Hattori-kun, the Movie (2004)",0,102,"['Action,Adventure,Comedy']",5.3,208,166,16351134.0,0.0,0.0,16351134.0,100.0,2004,ja,['Japan']
Samurai Commando: Mission 1549 (2005),0,119,"['Action,Sci-Fi']",5.1,615,198,14648713.0,0.0,0.0,14648713.0,100.0,2005,ja,['Japan']
Mr. Bean's Holiday (2007),0,90,"['Comedy,Family']",6.4,137431,23,232225908.0,33302167.0,14.3,198923741.0,85.7,2007,en,['United Kingdom']
Deja Vu (2006),0,126,"['Action,Crime,Sci-Fi']",7.1,335394,23,180557550.0,64038616.0,35.5,116518934.0,64.5,2006,en,"['United States of America', 'United Kingdom']"
TMNT (2007),0,87,"['Action,Adventure,Animation']",6.2,70511,56,95797812.0,54149098.0,56.5,41648714.0,43.5,2007,en,"['Hong Kong', 'United States of America']"
42 (2013),0,128,"['Biography,Drama,Sport']",7.5,105139,73,97470701.0,95020213.0,97.5,2450488.0,2.5,2013,en,['United States of America']
Black Christmas (2006),0,95,['Horror'],4.7,31871,178,21510851.0,16273581.0,75.7,5237270.0,24.3,2006,en,['Canada']
Amazing Grace (2007),0,118,"['Biography,Drama,History']",7.4,26032,139,32120360.0,21250683.0,66.2,10869677.0,33.8,2007,en,"['United States of America', 'United Kingdom']"
Flyboys (2006),0,140,"['Action,Drama,History']",6.5,45285,192,17834865.0,13090630.0,73.4,4744235.0,26.6,2006,en,"['United Kingdom', 'United States of America']"
The Hills Have Eyes (2006),0,107,"['Horror,Thriller']",6.4,188959,82,70008952.0,41778863.0,59.7,28230089.0,40.3,2006,en,"['France', 'United States of America']"
Inside Man (2006),0,129,"['Crime,Drama,Mystery']",7.6,409276,21,186003591.0,88513495.0,47.6,97490096.0,52.4,2006,en,['United States of America']
Life of Pi (2012),0,127,"['Adventure,Drama,Fantasy']",7.9,681323,11,609016565.0,124987023.0,20.5,484029542.0,79.5,2012,en,"['India', 'Taiwan', 'United Kingdom', 'United States of America']"
The Pursuit of Happyness (2006),0,117,"['Biography,Drama']",8.0,584704,13,307127625.0,163566459.0,53.3,143561166.0,46.7,2006,en,['United States of America']
She's the Man (2006),0,105,"['Comedy,Romance,Sport']",6.4,182377,99,57194667.0,33741133.0,59.0,23453534.0,41.0,2006,en,['United States of America']
The Crazies (2010),0,101,['Horror'],6.5,132811,108,54806823.0,39123589.0,71.4,15683234.0,28.6,2010,en,"['United Arab Emirates', 'United States of America']"
Garfield: A Tail of Two Kitties (2006),0,82,"['Adventure,Comedy,Family']",5.0,48936,36,143325970.0,28426747.0,19.8,114899223.0,80.2,2006,en,"['United Kingdom', 'United States of America']"
How to Lose Friends & Alienate People (2008),0,110,"['Biography,Comedy,Drama']",6.4,71370,200,19152009.0,2778752.0,14.5,16373257.0,85.5,2008,en,['United Kingdom']
The Last King of Scotland (2006),0,123,"['Biography,Drama,History']",7.6,199952,108,48618191.0,17606684.0,36.2,31011507.0,63.8,2006,en,"['United States of America', 'United Kingdom']"
Madea's Family Reunion (2006),0,107,"['Comedy,Drama,Romance']",5.3,12266,93,63368939.0,63318000.0,99.9,50939.0,0.0,2006,en,['United States of America']
Dead Silence (2007),0,89,"['Horror,Mystery,Thriller']",6.1,104654,173,22382047.0,16809076.0,75.1,5572971.0,24.9,2007,en,['United States of America']
Australia (2008),0,165,"['Adventure,Drama,Romance']",6.6,131691,33,211788739.0,49554002.0,23.4,162233509.0,76.6,2008,en,"['Australia', 'United Kingdom', 'United States of America']"
When a Stranger Calls (2006),0,87,"['Horror,Thriller']",5.1,49713,88,67062123.0,47860214.0,71.4,19201909.0,28.6,2006,en,['United States of America']
The Equalizer (2014),0,132,"['Action,Crime,Thriller']",7.3,440193,44,192330738.0,101530738.0,52.8,90800000.0,47.2,2014,en,['United States of America']
The Hitcher (2007),0,84,"['Crime,Thriller']",5.6,46522,165,25399945.0,16472961.0,64.9,8926984.0,35.1,2007,en,['United States of America']
John Tucker Must Die (2006),0,89,"['Comedy,Romance']",5.7,90010,84,68844775.0,41011711.0,59.6,27833064.0,40.4,2006,en,"['Canada', 'United States of America']"
Waist Deep (2006),0,97,"['Action,Crime,Drama']",5.8,10690,179,21353303.0,21344312.0,100.0,8991.0,0.0,2006,en,['United States of America']
Train Man (2005),0,101,"['Comedy,Romance']",6.8,2443,136,31090100.0,0.0,0.0,31090100.0,100.0,2005,ja,['Japan']
Lage Raho Munna Bhai (2006),0,144,"['Comedy,Drama,Romance']",8.0,51603,191,17897527.0,2217562.0,12.4,15679965.0,87.6,2006,hi,['India']
The Machine (2023),0,89,"['Comedy,Drama,Romance']",7.6,628,178,10664328.0,10458331.0,98.1,205997.0,1.9,2023,en,['United States of America']
Land of the Lost (2009),0,102,"['Action,Adventure,Comedy']",5.3,76980,83,68777554.0,49438370.0,71.9,19339184.0,28.1,2009,en,['United States of America']
Mr. Magorium's Wonder Emporium (2007),0,93,"['Comedy,Family,Fantasy']",6.2,48364,85,69474661.0,32061555.0,46.1,37413106.0,53.9,2007,en,"['Canada', 'United States of America']"
Pan's Labyrinth (2006),0,118,"['Drama,Fantasy,War']",8.2,719772,72,83850267.0,37634615.0,44.9,46215652.0,55.1,2006,es,"['Mexico', 'Spain', 'United States of America']"
Perfect Stranger (2007),0,109,"['Crime,Mystery,Thriller']",5.7,52650,80,73534117.0,23984949.0,32.6,49549168.0,67.4,2007,en,['United States of America']
Stormbreaker (2006),0,93,"['Action,Adventure,Family']",5.1,26016,162,23937870.0,677646.0,2.8,23260224.0,97.2,2006,en,"['Germany', 'United Kingdom', 'United States of America']"
Nacho Libre (2006),0,92,"['Comedy,Family,Sport']",5.9,96776,61,99255460.0,80197993.0,80.8,19057467.0,19.2,2006,en,"['Germany', 'United States of America']"
Scoop (2006),0,96,"['Comedy,Crime,Fantasy']",6.6,88891,122,39220946.0,10525717.0,26.8,28695229.0,73.2,2006,en,"['United Kingdom', 'United States of America']"
Aegis (2005),0,126,"['Action,Drama,Thriller']",5.5,306,188,16869261.0,0.0,0.0,16869261.0,100.0,2005,ja,['Japan']
The Holiday (2006),0,136,"['Comedy,Romance']",7.0,345840,19,205166128.0,63224849.0,30.8,141910326.0,69.2,2006,en,['United States of America']
Captain America: The First Avenger (2011),0,124,"['Action,Adventure,Sci-Fi']",6.9,923769,18,370569774.0,176654505.0,47.7,193915269.0,52.3,2011,en,['United States of America']
The Devil Wears Prada (2006),0,109,"['Comedy,Drama']",6.9,493538,12,326713521.0,124740460.0,38.2,201965442.0,61.8,2006,en,['United States of America']
Pope Joan (2009),0,149,"['Drama,History,Romance']",6.7,9216,159,28748076.0,0.0,0.0,28748076.0,100.0,2009,en,"['Germany', 'Italy', 'Morocco', 'Spain', 'United States of America']"
Sin City: A Dame to Kill For (2014),0,102,"['Action,Crime,Thriller']",6.5,173802,151,39407616.0,13757804.0,34.9,25649812.0,65.1,2014,en,['United States of America']
X-Men Origins: Wolverine (2009),0,107,"['Action,Sci-Fi']",6.5,551144,15,373062864.0,179883157.0,48.2,193179707.0,51.8,2009,en,['United States of America']
The Wind that Shakes the Barley (2006),0,127,"['Drama,War']",7.5,56329,169,22899908.0,1836089.0,8.0,21063819.0,92.0,2006,en,"['Germany', 'Ireland', 'Italy', 'Spain', 'United Kingdom']"
7 Dwarves: The Forest Is Not Enough (2006),0,95,"['Comedy,Fantasy']",4.2,4159,136,32863752.0,0.0,0.0,32863752.0,100.0,2006,de,['Germany']
Enchanted (2007),0,107,"['Adventure,Animation,Comedy']",7.1,222478,15,340487652.0,127807262.0,37.5,212680390.0,62.5,2007,en,['United States of America']
Don (2006),0,171,"['Action,Crime,Thriller']",7.2,42068,183,19640129.0,2223961.0,11.3,17416168.0,88.7,2006,nl,['Netherlands']
Don (2022),0,171,"['Action,Crime,Thriller']",7.2,42068,179,8287406.0,0.0,0.0,8287406.0,100.0,2022,ja,['Japan']
Daddy Day Camp (2007),0,93,"['Comedy,Family']",3.2,18298,199,18197398.0,13235267.0,72.7,4962131.0,27.3,2007,en,['United States of America']
Fair Game (2010),0,88,['Drama'],3.1,146,161,25798915.0,9540691.0,37.0,16258224.0,63.0,2010,en,"['United States of America', 'United Arab Emirates']"
The Last Legion (2007),0,101,"['Action,Adventure,History']",5.4,37598,166,25303038.0,5933494.0,23.4,19369544.0,76.6,2007,en,"['Bulgaria', 'France', 'Italy', 'Slovakia', 'Tunisia', 'United Kingdom', 'United States of America']"
Rambo (2008),0,92,"['Action,Thriller']",7.0,249739,58,113244290.0,42754105.0,37.8,70490185.0,62.2,2008,en,"['Germany', 'United States of America']"
School for Scoundrels (2006),0,100,['Comedy'],5.9,31216,161,23947685.0,17807569.0,74.4,6140116.0,25.6,2006,en,['United States of America']
The Simpsons Movie (2007),0,87,"['Adventure,Animation,Comedy']",7.3,356128,8,536414270.0,183135014.0,34.1,353279256.0,65.9,2007,en,['United States of America']
Step Up (2006),0,104,"['Crime,Drama,Music']",6.5,129939,51,114194847.0,65328121.0,57.2,48866726.0,42.8,2006,en,['United States of America']
Blood Rain (2005),0,119,"['Mystery,Thriller']",6.5,1298,199,14270938.0,0.0,0.0,14270938.0,100.0,2005,ko,['South Korea']
Good Boys (2019),0,75,"['Crime,Drama,Romance']",5.9,411,74,111173598.0,83140306.0,74.8,28033292.0,25.2,2019,en,['United States of America']
"You, Me and Dupree (2006)",0,110,"['Comedy,Romance']",5.6,85200,42,130628903.0,75628110.0,57.9,55000793.0,42.1,2006,en,['United States of America']
Sacrifice (2010),0,90,['Drama'],7.9,22,155,29093560.0,29792.0,0.1,29063768.0,99.9,2010,en,['United States of America']
28 Weeks Later (2007),0,100,"['Horror,Sci-Fi']",6.9,306688,91,65048725.0,28638916.0,44.0,36409762.0,56.0,2007,en,"['Spain', 'United Kingdom', 'United States of America']"
Asterix at the Olympic Games (2008),0,116,"['Adventure,Comedy,Family']",5.2,33551,51,131856927.0,0.0,0.0,131856927.0,100.0,2008,fr,"['Germany', 'Belgium', 'Spain', 'France', 'Italy']"
The Fast and the Furious: Tokyo Drift (2006),0,104,"['Action,Crime,Thriller']",6.1,311784,32,158964610.0,62514415.0,39.3,96450195.0,60.7,2006,en,"['Germany', 'Japan', 'United States of America']"
Freedom Writers (2007),0,123,"['Biography,Crime,Drama']",7.6,87447,110,43095175.0,36605602.0,84.9,6489573.0,15.1,2007,en,"['Germany', 'United States of America']"
The Orphanage (2007),0,105,"['Drama,Horror,Mystery']",7.4,166719,70,78638987.0,7161284.0,9.1,71477703.0,90.9,2007,es,['Spain']
Piranha 3D (2010),0,88,"['Comedy,Horror']",5.5,99110,77,83188165.0,25003155.0,30.1,58185010.0,69.9,2010,en,['United States of America']
"OSS 117: Cairo, Nest of Spies (2006)",0,99,"['Action,Adventure,Comedy']",7.0,24014,166,23055884.0,303543.0,1.3,22752341.0,98.7,2006,fr,['France']
National Treasure: Book of Secrets (2007),0,124,"['Action,Adventure,Mystery']",6.5,260048,9,459242249.0,219964115.0,47.9,239278134.0,52.1,2007,en,['United States of America']
Hitman (2007),0,94,"['Action,Crime,Thriller']",6.2,182245,54,101276318.0,39687694.0,39.2,61588624.0,60.8,2007,en,"['France', 'United States of America']"
Igor (2008),0,87,"['Animation,Comedy,Family']",5.9,24622,152,30893885.0,19528602.0,63.2,11365283.0,36.8,2008,en,"['France', 'United States of America']"
Michael Clayton (2007),0,119,"['Crime,Drama,Mystery']",7.2,177514,58,92991835.0,49033882.0,52.7,43957953.0,47.3,2007,en,['United States of America']
Notes on a Scandal (2006),0,92,"['Crime,Drama,Romance']",7.4,86761,105,49814568.0,17510118.0,35.2,32304274.0,64.8,2006,en,"['United States of America', 'United Kingdom']"
Shoot 'Em Up (2007),0,86,"['Action,Comedy,Thriller']",6.6,156811,159,27122238.0,12807139.0,47.2,14315099.0,52.8,2007,en,['United States of America']
My Super Ex-Girlfriend (2006),0,96,"['Comedy,Romance,Sci-Fi']",5.2,67976,95,61108981.0,22530295.0,36.9,38578686.0,63.1,2006,en,['United States of America']
The Banquet (2006),0,131,"['Action,Drama,Fantasy']",6.4,7248,170,22598772.0,0.0,0.0,22598772.0,100.0,2006,zh,"['China', 'Hong Kong']"
Date Movie (2006),0,83,"['Comedy,Romance']",2.8,63057,68,85749034.0,48548426.0,56.6,37200608.0,43.4,2006,en,"['Switzerland', 'United States of America']"
ATL (2006),0,105,"['Comedy,Crime,Drama']",6.2,12534,180,21170563.0,21170563.0,100.0,0.0,0.0,2006,en,['United States of America']
The Omen (2006),0,110,"['Drama,Fantasy,Horror']",5.5,64803,47,119974972.0,54607383.0,45.5,65367589.0,54.5,2006,en,"['United Kingdom', 'United States of America']"
Underdog (2007),0,84,"['Action,Adventure,Comedy']",4.8,23224,89,65270477.0,43760605.0,67.0,21509872.0,33.0,2007,en,['United States of America']
Max Payne (2008),0,100,"['Action,Crime,Drama']",5.3,131725,69,87066930.0,40689393.0,46.7,46377537.0,53.3,2008,en,"['United States of America', 'Canada']"
The Other Boleyn Girl (2008),0,115,"['Biography,Drama,History']",6.7,122191,75,78199679.0,26814957.0,34.3,51384722.0,65.7,2008,en,"['United Kingdom', 'United States of America']"
Juno (2007),0,96,"['Comedy,Drama']",7.4,559848,22,232372917.0,143495265.0,61.8,88877416.0,38.2,2007,en,['United States of America']
Memories of Tomorrow (2006),0,86,"['Drama,Thriller']",5.7,98,194,17696020.0,140200.0,0.8,17555820.0,99.2,2006,ja,['Japan']
Negotiator: Mashita Masayoshi (2005),0,127,['Action'],6.0,249,121,36733286.0,0.0,0.0,36733286.0,100.0,2005,ja,['Japan']
The Host (2006),0,120,"['Drama,Horror,Sci-Fi']",7.1,136852,64,89431890.0,2201923.0,2.5,87229967.0,97.5,2006,ko,"['Japan', 'South Korea']"
The Host (2013),0,120,"['Drama,Horror,Sci-Fi']",7.1,136852,106,63365859.0,26627201.0,42.0,36738658.0,58.0,2013,en,"['Switzerland', 'United States of America']"
The Dark Knight (2008),0,152,"['Action,Crime,Drama']",9.0,2985446,1,1003845358.0,533345358.0,53.1,470500000.0,46.9,2008,en,"['United Kingdom', 'United States of America']"
Alice in Wonderland (2010),0,0,"['Drama,Romance']",3.3,121,2,1025467110.0,334191110.0,32.6,691276000.0,67.4,2010,en,['United States of America']
There Will Be Blood (2007),0,158,['Drama'],8.2,663596,73,76181545.0,40222514.0,52.8,35959031.0,47.2,2007,en,['United States of America']
World Trade Center (2006),0,129,"['Drama,History,Thriller']",6.0,89282,31,163247198.0,70278893.0,43.1,92968305.0,56.9,2006,en,"['Germany', 'United Kingdom', 'United States of America']"
Glass (2019),0,90,['Drama'],7.0,7,36,246999039.0,111048468.0,45.0,135950571.0,55.0,2019,en,['United States of America']
The Road (2009),0,114,['Drama'],7.1,309,162,27639579.0,8117000.0,29.4,19522579.0,70.6,2009,en,['United States of America']
Under the Same Moon (2008),0,106,"['Crime,Drama']",5.5,156,176,23313049.0,12590147.0,54.0,10722902.0,46.0,2008,,[]
Ex Machina (2015),0,108,"['Drama,Sci-Fi,Thriller']",7.7,612360,163,36869414.0,25442958.0,69.0,11426456.0,31.0,2015,en,"['United Kingdom', 'United States of America']"
Tower Heist (2011),0,104,"['Action,Comedy,Crime']",6.2,153711,50,152930623.0,78046570.0,51.0,74884053.0,49.0,2011,en,['United States of America']
Nana (2005),0,113,"['Drama,Music,Romance']",7.0,4154,123,34671042.0,0.0,0.0,34671042.0,100.0,2005,ja,['Japan']
Apocalypto (2006),0,139,"['Action,Adventure,Drama']",7.8,341989,45,120654337.0,50866635.0,42.2,69787702.0,57.8,2006,en,"['United Kingdom', 'United States of America']"
Charlie Wilson's War (2007),0,102,"['Biography,Comedy,Drama']",7.0,127319,50,119483446.0,66661095.0,55.8,52822351.0,44.2,2007,en,"['Germany', 'United States of America']"
Penelope (2007),0,104,"['Comedy,Fantasy,Romance']",6.7,67699,183,21156270.0,10011996.0,47.3,11144274.0,52.7,2007,en,"['United Kingdom', 'United States of America']"
The Smurfs (2011),0,103,"['Adventure,Animation,Comedy']",5.4,99655,9,563749323.0,142614158.0,25.3,421135165.0,74.7,2011,en,['United States of America']
Notorious (2009),0,122,"['Biography,Crime,Drama']",6.7,46858,116,44420316.0,36843682.0,82.9,7576485.0,17.1,2009,en,['United States of America']
Black and Blue (2019),0,0,['Drama'],7.8,35,187,22741061.0,22055313.0,97.0,685748.0,3.0,2019,en,['United States of America']
The Mechanic (2011),0,93,"['Action,Crime,Thriller']",6.5,177220,90,76130093.0,29121498.0,38.3,47008595.0,61.7,2011,en,['United States of America']
Doomsday: The Sinking of Japan (2006),0,135,"['Adventure,Drama,Sci-Fi']",5.6,1569,104,51127401.0,0.0,0.0,51127401.0,100.0,2006,ja,['Japan']
Prince of Persia: The Sands of Time (2009),0,116,"['Action,Adventure,Fantasy']",6.5,310058,18,336365676.0,90759676.0,27.0,245606000.0,73.0,2009,,[]
Waitress (2007),0,108,"['Comedy,Drama,Romance']",7.0,49804,175,22240529.0,19074800.0,85.8,3165729.0,14.2,2007,en,['United States of America']
Jaane Tu... Ya Jaane Na (2008),0,155,"['Comedy,Drama,Romance']",7.4,28765,196,19852786.0,604037.0,3.0,19248749.0,97.0,2008,hi,['India']
Curse of the Golden Flower (2006),0,114,"['Action,Drama,Romance']",7.0,46581,76,78568977.0,6566773.0,8.4,72002204.0,91.6,2006,zh,"['China', 'Hong Kong', 'United Kingdom', 'United States of America']"
Doraemon: Nobita and the Wind Wizard (2003),0,84,"['Adventure,Animation,Comedy']",7.0,980,141,20428491.0,0.0,0.0,20428491.0,100.0,2003,ja,['Japan']
Hanbando (2006),0,147,"['Drama,Mystery,Thriller']",4.8,383,187,18483140.0,0.0,0.0,18483140.0,100.0,2006,ko,['South Korea']
State of Play (2009),0,127,"['Crime,Drama,Mystery']",7.1,163341,71,87812371.0,37017955.0,42.2,50794416.0,57.8,2009,en,"['France', 'United Kingdom', 'United States of America']"
Undercover (2024),0,85,['Comedy'],5.9,90,183,8335766.0,0.0,0.0,8335766.0,100.0,2024,es,['Spain']
Camping (2006),0,95,['Comedy'],5.1,4040,130,37912041.0,0.0,0.0,37912041.0,100.0,2006,fr,['France']
Darkest Hour (2017),0,96,"['Horror,Mystery']",4.2,110,59,150847207.0,56468410.0,37.4,94378797.0,62.6,2017,en,"['United Kingdom', 'United States of America']"
Escape (2024),0,0,"['Documentary,War']",8.7,27,113,18456373.0,259242.0,1.4,18197131.0,98.6,2024,en,['United Kingdom']
United 93 (2006),0,111,"['Action,Drama,History']",7.6,112851,78,76700659.0,31483450.0,41.0,45217209.0,59.0,2006,en,"['France', 'United Kingdom', 'United States of America']"
"Hail, Caesar! (2016)",0,106,"['Comedy,Drama,Mystery']",6.3,145969,110,63647656.0,30498085.0,47.9,33149571.0,52.1,2016,en,"['United Kingdom', 'United States of America']"
Smokin' Aces (2007),0,108,"['Action,Comedy,Crime']",6.6,154489,97,57232879.0,35787686.0,62.5,21445193.0,37.5,2007,en,"['France', 'United Kingdom', 'United States of America']"
"Murder, Take One (2005)",0,115,"['Comedy,Drama,Mystery']",6.2,505,196,14915208.0,0.0,0.0,14915208.0,100.0,2005,ko,['South Korea']
Typhoon (2005),0,124,['Action'],5.7,1417,147,26179656.0,139059.0,0.5,26040597.0,99.5,2005,ko,['South Korea']
Welcome to Dongmakgol (2005),0,133,"['Comedy,Drama,War']",7.6,7706,133,31787130.0,0.0,0.0,31787130.0,100.0,2005,ko,['South Korea']
The Covenant (2006),0,97,"['Adventure,Fantasy,Horror']",5.2,53436,131,37598767.0,23380495.0,62.2,14218272.0,37.8,2006,en,['United States of America']
The Suspect (2013),0,88,"['Crime,Drama,Thriller']",5.1,263,170,28674130.0,218693.0,0.8,28455437.0,99.2,2013,en,['United States of America']
Naruto the Movie: Ninja Clash in the Land of Snow (2004),0,82,"['Action,Adventure,Animation']",6.6,8568,197,11141307.0,0.0,0.0,11141307.0,100.0,2004,ja,['Japan']
My Father and My Son (2005),0,112,"['Drama,Family']",8.2,96239,175,18612999.0,0.0,0.0,18612999.0,100.0,2005,tr,['Turkey']
The Brave One (2007),0,122,"['Crime,Drama,Thriller']",6.7,64464,83,69787394.0,36793804.0,52.7,32993590.0,47.3,2007,en,['United States of America']
Norbit (2007),0,102,"['Comedy,Romance']",4.2,82316,35,159814490.0,95673607.0,59.9,64140883.0,40.1,2007,en,['United States of America']
Extremely Loud & Incredibly Close (2011),0,129,"['Adventure,Drama,Mystery']",6.9,106306,109,55247881.0,31847881.0,57.6,23400000.0,42.4,2011,en,['United States of America']
Night at the Museum (2006),0,108,"['Adventure,Comedy,Family']",6.5,390078,5,574480841.0,250863268.0,43.7,323617573.0,56.3,2006,en,"['United States of America', 'United Kingdom']"
No Country for Old Men (2007),0,122,"['Crime,Drama,Thriller']",8.2,1108102,32,171627166.0,74283625.0,43.3,97343541.0,56.7,2007,en,['United States of America']
21 (2008),0,123,"['Crime,Drama,Thriller']",6.8,272076,47,159808370.0,81159365.0,50.8,78649005.0,49.2,2008,en,"['United States of America', 'United Kingdom']"
In the Valley of Elah (2007),0,121,"['Crime,Drama,Mystery']",7.2,76103,153,29541790.0,6777741.0,22.9,22764049.0,77.1,2007,en,['United States of America']
The Tree of Life (2011),0,139,"['Drama,Fantasy']",6.8,187182,104,58386787.0,13303319.0,22.8,45083468.0,77.2,2011,en,['United States of America']
Knocked Up (2007),0,129,"['Comedy,Romance']",6.9,390879,25,219922417.0,148768917.0,67.6,71153500.0,32.4,2007,en,['United States of America']
I Do: How to Get Married and Stay Single (2006),0,90,"['Comedy,Romance']",6.7,6720,144,30057369.0,0.0,0.0,30057369.0,100.0,2006,fr,['France']
See How They Run (2022),0,58,['Documentary'],5.6,46,98,21966634.0,9586237.0,43.6,12380397.0,56.4,2022,en,"['United Kingdom', 'United States of America']"
Ant-Man (2015),0,117,"['Action,Comedy,Sci-Fi']",7.2,744115,14,519311965.0,180202163.0,34.7,339109802.0,65.3,2015,en,['United States of America']
Rocky Balboa (2006),0,102,"['Drama,Sport']",7.1,236164,33,155929020.0,70270943.0,45.1,85658077.0,54.9,2006,en,['United States of America']
Nancy Drew (2007),0,99,"['Comedy,Crime,Family']",5.9,21925,146,30666930.0,25612520.0,83.5,5054410.0,16.5,2007,en,['United States of America']
Marrying the Mafia 2: Enemy-in-Law (2005),0,115,"['Action,Comedy,Crime']",5.8,493,132,31835989.0,0.0,0.0,31835989.0,100.0,2005,ko,['South Korea']
Mapado (2005),0,109,"['Adventure,Comedy,Drama']",6.1,228,169,19286223.0,0.0,0.0,19286223.0,100.0,2005,ko,['South Korea']
You Are My Sunshine (2005),0,121,"['Drama,Romance']",7.0,954,182,17650142.0,0.0,0.0,17650142.0,100.0,2005,ko,['South Korea']
You Are My Sunshine (2015),0,121,"['Drama,Romance']",7.0,954,121,56640000.0,0.0,0.0,56640000.0,100.0,2015,zh,['China']
Crank (2006),0,88,"['Action,Crime,Thriller']",6.9,269501,116,42931041.0,27838408.0,64.8,15092633.0,35.2,2006,en,['United States of America']
Madagascar: Escape 2 Africa (2008),0,89,"['Adventure,Animation,Comedy']",6.6,257047,6,603900354.0,180010950.0,29.8,423889404.0,70.2,2008,en,['United States of America']
Season of the Witch (2011),0,95,"['Action,Adventure,Fantasy']",5.4,100087,76,91627228.0,24827228.0,27.1,66800000.0,72.9,2011,en,['United States of America']
Dan in Real Life (2007),0,98,"['Comedy,Drama,Romance']",6.8,108698,86,68471669.0,47642963.0,69.6,20828706.0,30.4,2007,en,['United States of America']
I Am Legend (2007),0,101,"['Drama,Horror,Sci-Fi']",7.2,842094,7,585410052.0,256393010.0,43.8,329017042.0,56.2,2007,en,['United States of America']
The Losers (2010),0,97,"['Action,Adventure,Comedy']",6.2,108882,153,29397654.0,23591432.0,80.2,5806222.0,19.8,2010,en,['United States of America']
Hall Pass (2011),0,105,"['Comedy,Romance']",5.9,133130,81,86157237.0,45060734.0,52.3,41096503.0,47.7,2011,en,['United States of America']
Joy (2015),0,90,"['Comedy,Drama']",6.7,71,74,101134059.0,56451232.0,55.8,44682827.0,44.2,2015,en,['United States of America']
Natale a Miami (2005),0,100,['Comedy'],4.1,1874,149,25643184.0,0.0,0.0,25643184.0,100.0,2005,it,['Italy']
No Reservations (2007),0,104,"['Comedy,Drama,Romance']",6.3,80917,59,92601050.0,43107979.0,46.6,49493071.0,53.4,2007,en,['United States of America']
The Number 23 (2007),0,98,"['Crime,Mystery,Thriller']",6.4,216372,71,77677553.0,35193167.0,45.3,42484386.0,54.7,2007,en,"['Germany', 'United States of America']"
The Croods (2013),0,98,"['Adventure,Animation,Comedy']",7.1,239767,11,587204668.0,187168425.0,31.9,400036243.0,68.1,2013,en,['United States of America']
Harold & Kumar Escape from Guantanamo Bay (2008),0,114,"['Adventure,Comedy']",6.5,143732,116,43495888.0,38108728.0,87.6,5387160.0,12.4,2008,en,['United States of America']
Priceless (2006),0,106,"['Comedy,Romance']",7.0,33677,150,27949650.0,2165188.0,7.7,25784462.0,92.3,2006,fr,['France']
Kamen Rider Ryuki: Episode Final (2002),0,78,"['Action,Drama,Fantasy']",7.0,211,199,10112538.0,0.0,0.0,10112538.0,100.0,2002,ja,['Japan']
Miss Potter (2006),0,88,"['Biography,Drama,Romance']",7.0,32847,132,35078241.0,3005605.0,8.6,32072636.0,91.4,2006,en,"['United Kingdom', 'United States of America']"
Twilight (2008),0,100,"['Drama,War']",6.5,267,12,407232497.0,192769854.0,47.3,214417861.0,52.7,2008,en,"['United Kingdom', 'United States of America']"
The Prestige (2006),0,130,"['Drama,Mystery,Sci-Fi']",8.5,1498298,54,109676311.0,53089891.0,48.4,56586420.0,51.6,2006,en,"['United Kingdom', 'United States of America']"
Pride and Glory (2008),0,130,"['Crime,Drama,Thriller']",6.6,64452,151,31200557.0,15740721.0,50.5,15459836.0,49.5,2008,en,"['United States of America', 'Germany']"
Space Chimps (2008),0,81,"['Adventure,Animation,Comedy']",4.5,12867,88,65097693.0,30105968.0,46.2,34991725.0,53.8,2008,en,"['Canada', 'United Kingdom', 'United States of America']"
The Strangers (2008),0,86,"['Horror,Mystery,Thriller']",6.1,150683,73,82410456.0,52597610.0,63.8,29812846.0,36.2,2008,en,['United States of America']
Exit (2019),0,100,"['Drama,Mystery,Thriller']",5.8,2289,94,69501772.0,470699.0,0.7,69031073.0,99.3,2019,ko,['South Korea']
Love and Honor (2006),0,122,"['Drama,History,Romance']",7.7,4410,134,33755574.0,60910.0,0.2,33694664.0,99.8,2006,ja,['Japan']
Doomsday (2008),0,105,"['Action,Sci-Fi,Thriller']",5.9,81095,185,22472631.0,11008770.0,49.0,11463861.0,51.0,2008,en,"['Germany', 'United Kingdom', 'United States of America', 'South Africa']"
Monkey Man (2024),0,0,['Comedy'],7.7,33,76,35271631.0,25116955.0,71.2,10154676.0,28.8,2024,en,"['Canada', 'Singapore', 'United States of America']"
The Seeker: The Dark Is Rising (2007),0,99,"['Adventure,Drama,Family']",4.8,16011,141,31852619.0,8794452.0,27.6,23058167.0,72.4,2007,en,['United States of America']
Love in the Time of Cholera (2007),0,139,"['Drama,Romance']",6.4,24473,143,31575877.0,4607608.0,14.6,26968269.0,85.4,2007,en,['United States of America']
Battle of the Warriors (2006),0,133,"['Action,Drama,War']",6.6,4471,193,17812601.0,0.0,0.0,17812601.0,100.0,2006,zh,"['China', 'Hong Kong', 'Japan', 'Netherlands', 'South Korea']"
Rob-B-Hood (2006),0,136,"['Action,Adventure,Comedy']",6.6,16274,176,21836580.0,0.0,0.0,21836580.0,100.0,2006,cn,['Hong Kong']
Red Tails (2012),0,125,"['Action,Drama,History']",5.9,37784,113,50365498.0,49876377.0,99.0,489121.0,1.0,2012,en,['United States of America']
Il mio miglior nemico (2006),0,110,['Comedy'],6.0,2070,163,23710143.0,0.0,0.0,23710143.0,100.0,2006,it,['Italy']
Fly Me to the Moon 3D (2008),0,84,"['Adventure,Animation,Family']",4.5,4864,122,41721414.0,13816982.0,33.1,27904432.0,66.9,2008,en,"['Belgium', 'United States of America']"
Beerfest (2006),0,110,['Comedy'],6.2,72365,182,20387597.0,19185184.0,94.1,1202413.0,5.9,2006,en,['United States of America']
Fantastic Four: Rise of the Silver Surfer (2007),0,92,"['Action,Adventure,Fantasy']",5.6,284228,17,301913131.0,131921738.0,43.7,169991393.0,56.3,2007,en,"['Germany', 'United Kingdom', 'United States of America']"
First Sunday (2008),0,96,"['Comedy,Crime,Drama']",4.6,11983,133,38810311.0,37931869.0,97.7,878442.0,2.3,2008,en,['United States of America']
Fred Claus (2007),0,116,"['Comedy,Family,Fantasy']",5.7,49380,55,97838349.0,72006777.0,73.6,25831572.0,26.4,2007,en,['United States of America']
The Last Stand (2013),0,109,"['Comedy,Drama']",4.3,287,124,48330757.0,12050299.0,24.9,36280458.0,75.1,2013,en,['United States of America']
Stardust (2007),0,127,"['Adventure,Fantasy,Romance']",7.6,290608,45,137515140.0,38634938.0,28.1,98880202.0,71.9,2007,en,"['Iceland', 'United Kingdom', 'United States of America']"
The Three Musketeers (2011),0,70,['Animation'],6.1,105,63,132274484.0,20374484.0,15.4,111900000.0,84.6,2011,en,"['United States of America', 'United Kingdom', 'Germany', 'France']"
Disturbia (2007),0,105,"['Crime,Drama,Mystery']",6.8,263794,51,118114220.0,80209692.0,67.9,37904528.0,32.1,2007,en,['United States of America']
Wild Hogs (2007),0,100,"['Action,Adventure,Comedy']",5.9,125284,21,253625427.0,168273550.0,66.3,85351877.0,33.7,2007,en,['United States of America']
The Front Line (2011),0,93,"['Action,Crime,Drama']",6.5,1007,196,20629645.0,11018.0,0.0,20618627.0,99.9,2011,ko,['South Korea']
Unaccompanied Minors (2006),0,90,"['Adventure,Comedy,Family']",5.4,12739,174,21949234.0,16655224.0,75.9,5294010.0,24.1,2006,en,['United States of America']
Welcome (2007),0,150,"['Comedy,Crime,Drama']",7.1,27068,144,31203567.0,0.0,0.0,31203567.0,100.0,2007,hi,['India']
Always: Sunset on Third Street (2005),0,133,"['Comedy,Drama,Family']",7.7,2565,116,38573583.0,0.0,0.0,38573583.0,100.0,2005,ja,['Japan']
Jumper (2008),0,88,"['Action,Adventure,Sci-Fi']",6.1,329778,29,225132113.0,80172128.0,35.6,144959985.0,64.4,2008,en,['United States of America']
The Nanny Diaries (2007),0,105,"['Comedy,Drama,Romance']",6.2,65480,108,47817020.0,25930652.0,54.2,21886368.0,45.8,2007,en,['United States of America']
Saw III (2006),0,108,"['Horror,Mystery,Thriller']",6.2,219552,27,164874275.0,80238724.0,48.7,84635551.0,51.3,2006,en,['United States of America']
Because I Said So (2007),0,102,"['Comedy,Romance']",5.6,40849,84,69485490.0,42674040.0,61.4,26811450.0,38.6,2007,en,['United States of America']
Reign Over Me (2007),0,124,['Drama'],7.4,100778,174,22242388.0,19661987.0,88.4,2580401.0,11.6,2007,en,['United States of America']
The Suspect: Muroi Shinji (2005),0,117,"['Comedy,Crime,Mystery']",4.6,178,131,32104229.0,0.0,0.0,32104229.0,100.0,2005,ja,['Japan']
Something Borrowed (2011),0,112,"['Comedy,Drama,Romance']",5.8,66246,95,65100369.0,39046489.0,60.0,26053880.0,40.0,2011,en,['United States of America']
Spiral (2021),0,90,"['Drama,Thriller']",6.3,3976,75,40618920.0,23216862.0,57.2,17402058.0,42.8,2021,sv,['Finland']
The Haunting in Connecticut (2009),0,92,"['Drama,Horror,Mystery']",5.8,66504,75,77536359.0,55389516.0,71.4,22146843.0,28.6,2009,en,['United States of America']
Furry Vengeance (2010),0,92,"['Comedy,Family']",3.9,18665,140,36288132.0,17630465.0,48.6,18657667.0,51.4,2010,en,['United States of America']
The King and the Clown (2005),0,119,"['Drama,History']",7.3,6109,73,74466867.0,0.0,0.0,74466867.0,100.0,2005,ko,['South Korea']
The Game Plan (2007),0,110,"['Comedy,Family,Sport']",6.4,102092,39,147880543.0,90648202.0,61.3,57232341.0,38.7,2007,en,['United States of America']
I Love You in Every Language in the World (2005),0,99,['Comedy'],5.9,2007,153,23941317.0,0.0,0.0,23941317.0,100.0,2005,it,['Italy']
Valley of the Wolves: Iraq (2006),0,122,"['Action,Drama,War']",5.7,18817,164,23465471.0,0.0,0.0,23465471.0,100.0,2006,tr,['Turkey']
CHIPS (2017),0,100,"['Action,Comedy,Crime']",6.0,52251,178,26800152.0,18600152.0,69.4,8200000.0,30.6,2017,en,['United States of America']
Jackass Number Two (2006),0,92,"['Action,Comedy,Documentary']",7.0,81274,70,84645164.0,72778712.0,86.0,11866452.0,14.0,2006,en,['United States of America']
Ramona and Beezus (2010),0,103,"['Comedy,Drama,Family']",6.5,20614,158,27293743.0,26167002.0,95.9,1126741.0,4.1,2010,en,['United States of America']
Inkheart (2008),0,106,"['Adventure,Family,Fantasy']",6.1,83642,91,62803180.0,17303424.0,27.6,45499756.0,72.4,2008,en,['United States of America']
"Welcome Home, Roscoe Jenkins (2008)",0,114,"['Comedy,Romance']",5.5,16138,115,43655418.0,42436517.0,97.2,1218901.0,2.8,2008,en,['United States of America']
Tales from Earthsea (2006),0,115,"['Adventure,Animation,Fantasy']",6.3,45971,86,68625104.0,0.0,0.0,68625104.0,100.0,2006,ja,['Japan']
Ocean's Thirteen (2007),0,122,"['Crime,Thriller']",6.9,375351,16,311312624.0,117154724.0,37.6,194157900.0,62.4,2007,en,['United States of America']
An Inconvenient Truth (2006),0,96,['Documentary'],7.4,85874,106,49782012.0,24146161.0,48.5,25635851.0,51.5,2006,en,['United States of America']
Trap (2024),0,83,['Thriller'],5.1,96,43,82677281.0,42777281.0,51.7,39900000.0,48.3,2024,en,['United States of America']
Vicky Cristina Barcelona (2008),0,96,"['Comedy,Drama,Romance']",7.1,273476,66,96409830.0,23216709.0,24.1,73192591.0,75.9,2008,en,"['Spain', 'United States of America']"
Hostel: Part II (2007),0,94,['Horror'],5.5,98645,126,35728183.0,17609452.0,49.3,18118731.0,50.7,2007,en,"['United States of America', 'Czech Republic']"
Letters from Iwo Jima (2006),0,141,"['Action,Adventure,Drama']",7.8,173003,85,68673228.0,13756082.0,20.0,54917146.0,80.0,2006,en,['United States of America']
Rings (2017),0,102,"['Drama,Horror,Mystery']",4.5,44239,85,83080890.0,27793018.0,33.5,55287872.0,66.5,2017,en,['United States of America']
We Own the Night (2007),0,117,"['Crime,Drama,Thriller']",6.8,94649,102,55033767.0,28563179.0,51.9,26470588.0,48.1,2007,en,['United States of America']
Stormy Night (2005),0,110,"['Adventure,Animation,Drama']",6.9,1347,186,17379776.0,0.0,0.0,17379776.0,100.0,2005,ja,['Japan']
Lissi und der wilde Kaiser (2007),0,85,"['Adventure,Animation,Comedy']",5.1,4531,151,29733764.0,0.0,0.0,29733764.0,100.0,2007,de,['Germany']
Detective Conan: The Private Eyes' Requiem (2006),0,111,"['Action,Adventure,Animation']",7.1,2289,156,26251232.0,0.0,0.0,26251232.0,100.0,2006,ja,['Japan']
Suite Dreams (2006),0,136,"['Comedy,Drama,Romance']",7.0,1414,109,48090431.0,0.0,0.0,48090431.0,100.0,2006,ja,['Japan']
The Chronicles of Narnia: Prince Caspian (2008),0,150,"['Action,Adventure,Family']",6.5,231256,10,419665568.0,141621490.0,33.7,278044078.0,66.3,2008,en,['United States of America']
Avatar (2009),0,162,"['Action,Adventure,Fantasy']",7.9,1420759,1,2743577587.0,749766139.0,27.3,1993811448.0,72.7,2009,en,"['United States of America', 'United Kingdom']"
Reno 911!: Miami (2007),0,84,"['Comedy,Crime']",5.9,28280,177,22021262.0,20342161.0,92.4,1679101.0,7.6,2007,en,['United States of America']
The Fox and the Child (2007),0,92,"['Drama,Family']",6.8,4475,152,29610210.0,0.0,0.0,29610210.0,100.0,2007,fr,"['France', 'United States of America']"
Lucy (2014),0,93,"['Drama,Romance']",6.6,222,18,458863600.0,126663600.0,27.6,332200000.0,72.4,2014,en,['France']
Saawariya (2007),0,142,"['Drama,Musical,Romance']",5.2,8575,198,18513120.0,885574.0,4.8,17627546.0,95.2,2007,hi,"['Hong Kong', 'India', 'United States of America']"
Aliens vs. Predator: Requiem (2007),0,94,"['Action,Horror,Sci-Fi']",4.6,139646,47,130290885.0,41797066.0,32.1,88493819.0,67.9,2007,en,['United States of America']
Death Note (2006),0,126,"['Crime,Drama,Fantasy']",7.5,32496,146,29630359.0,0.0,0.0,29630359.0,100.0,2006,ja,['Japan']
Friday the 13th (2009),0,97,"['Horror,Mystery,Thriller']",5.5,121142,67,91509154.0,65002019.0,71.0,26507135.0,29.0,2009,en,['United States of America']
Love & Other Drugs (2010),0,112,"['Comedy,Drama,Romance']",6.7,233375,65,102820008.0,32367005.0,31.5,70453003.0,68.5,2010,en,['United States of America']
Into the Wild (2007),0,148,"['Adventure,Biography,Drama']",8.1,674582,98,56674477.0,18354356.0,32.4,38320121.0,67.6,2007,en,['United States of America']
Music and Lyrics (2007),0,104,"['Comedy,Music,Romance']",6.5,109093,41,145896422.0,50572589.0,34.7,95323833.0,65.3,2007,en,['United States of America']
Body of Lies (2008),0,128,"['Action,Drama,Thriller']",7.0,243988,55,115900897.0,39394666.0,34.0,76506231.0,66.0,2008,en,['United States of America']
We Are Marshall (2006),0,131,"['Drama,Sport']",7.1,66116,113,43545364.0,43545364.0,100.0,0.0,0.0,2006,en,['United States of America']
Never Say Die (2017),0,52,['Documentary'],8.8,9,28,334530869.0,0.0,0.0,334530869.0,100.0,2017,zh,['China']
The Water Horse (2007),0,112,"['Adventure,Family,Fantasy']",6.4,43691,53,103967384.0,40946255.0,39.4,63021129.0,60.6,2007,en,"['United States of America', 'United Kingdom', 'Australia']"
I Now Pronounce You Chuck & Larry (2007),0,115,"['Comedy,Romance']",5.9,156681,28,187134117.0,120059556.0,64.2,67074561.0,35.8,2007,en,['United States of America']
License to Wed (2007),0,91,"['Comedy,Romance']",5.3,41146,81,70181325.0,43799818.0,62.4,26381507.0,37.6,2007,en,"['Australia', 'United States of America']"
The Nativity Story (2006),0,101,"['Adventure,Drama,Family']",6.8,12673,112,46432264.0,37629831.0,81.0,8802433.0,19.0,2006,en,['United States of America']
Planet 51 (2009),0,91,"['Adventure,Animation,Comedy']",6.0,59809,54,105647102.0,42194060.0,39.9,63453042.0,60.1,2009,en,"['Spain', 'United Kingdom', 'United States of America']"
Vice (2018),0,99,"['Crime,Drama,Mystery']",4.8,956,95,76073488.0,47836282.0,62.9,28237206.0,37.1,2018,en,['United States of America']
Doogal (2005),0,78,"['Adventure,Animation,Comedy']",2.8,5546,146,26711924.0,7438000.0,27.8,19273924.0,72.2,2005,en,"['France', 'United Kingdom']"
A Thousand Words (2010),0,91,"['Comedy,Drama,Fantasy']",5.9,46087,176,22044277.0,18450127.0,83.7,3594150.0,16.3,2010,,[]
My Blueberry Nights (2007),0,95,"['Drama,Romance']",6.6,57406,178,22007671.0,867275.0,3.9,21140396.0,96.1,2007,cn,"['China', 'France', 'Hong Kong']"
Oceans (2010),0,84,['Documentary'],7.7,10206,78,83090556.0,19422319.0,23.4,63668237.0,76.6,2010,en,"['France', 'Monaco', 'Spain', 'Switzerland', 'United States of America']"
American Gangster (2007),0,157,"['Biography,Crime,Drama']",7.8,468581,19,269755430.0,130164645.0,48.3,139590785.0,51.7,2007,en,['United States of America']
The Baader Meinhof Complex (2008),0,150,"['Action,Biography,Crime']",7.3,40815,167,26937355.0,476270.0,1.8,26461085.0,98.2,2008,de,"['Czech Republic', 'France', 'Germany']"
Eastern Promises (2007),0,100,"['Crime,Drama,Thriller']",7.6,268981,99,56106607.0,17266000.0,30.8,38840607.0,69.2,2007,en,"['Canada', 'United Kingdom', 'United States of America']"
Escape from Planet Earth (2013),0,89,"['Adventure,Animation,Comedy']",5.8,27337,95,74597643.0,57012977.0,76.4,17584666.0,23.6,2013,en,"['Canada', 'United States of America']"
Evening (2007),0,117,"['Drama,Romance']",6.4,14205,189,20016753.0,12492481.0,62.4,7524272.0,37.6,2007,en,"['Germany', 'United States of America']"
Meet Dave (2008),0,90,"['Adventure,Comedy,Family']",5.1,44659,100,51339567.0,11803254.0,23.0,39536313.0,77.0,2008,en,['United States of America']
The Last Mimzy (2007),0,90,"['Action,Adventure,Drama']",6.2,22491,157,27308918.0,21471047.0,78.6,5837871.0,21.4,2007,en,['United States of America']
What's Your Number? (2011),0,106,"['Comedy,Romance']",6.0,89421,158,30426096.0,14011084.0,46.0,16415012.0,54.0,2011,en,['United States of America']
Man of Steel (2013),0,143,"['Action,Adventure,Sci-Fi']",7.1,829555,9,670145518.0,291045518.0,43.4,379100000.0,56.6,2013,en,"['United Kingdom', 'United States of America']"
Upside Down (2012),0,120,['Drama'],6.4,422,195,22187813.0,105095.0,0.5,22082718.0,99.5,2012,en,"['Canada', 'France']"
Stomp the Yard (2007),0,115,"['Drama,Music,Romance']",5.4,26774,77,75511123.0,61356221.0,81.3,14154902.0,18.7,2007,en,['United States of America']
Aliens in the Attic (2009),0,86,"['Adventure,Comedy,Family']",5.4,25033,94,57881056.0,25200412.0,43.5,32680644.0,56.5,2009,en,"['Canada', 'United States of America']"
The Expendables (2010),0,74,"['Documentary,Music']",8.4,9,26,274470394.0,103068524.0,37.6,171401870.0,62.4,2010,en,"['Bulgaria', 'United States of America']"
Daddy's Little Girls (2007),0,100,"['Drama,Romance']",5.9,8523,142,31609243.0,31366978.0,99.2,242265.0,0.8,2007,en,['United States of America']
Grave Decisions (2006),0,104,"['Comedy,Drama']",7.4,5712,195,17685834.0,0.0,0.0,17685834.0,100.0,2006,de,['Germany']
Dororo (2007),0,139,"['Action,Adventure,Fantasy']",6.4,3027,158,27308865.0,0.0,0.0,27308865.0,100.0,2007,ja,['Japan']
Drive (2011),0,100,"['Action,Drama']",7.8,729554,89,76319533.0,35061555.0,45.9,41257978.0,54.1,2011,en,['United States of America']
The Princess and the Frog (2009),0,97,"['Adventure,Animation,Comedy']",7.2,175322,26,267045765.0,104400899.0,39.1,162644866.0,60.9,2009,en,['United States of America']
In Bruges (2008),0,107,"['Comedy,Crime,Drama']",7.9,475446,146,33394440.0,7800824.0,23.4,25593616.0,76.6,2008,en,"['United Kingdom', 'United States of America']"
Imagine That (2009),0,107,"['Comedy,Drama,Family']",5.6,16115,176,22985194.0,16123323.0,70.1,6861871.0,29.9,2009,en,['United States of America']
Mr. Brooks (2007),0,120,"['Crime,Drama,Mystery']",7.3,159923,107,48443734.0,28549298.0,58.9,19894436.0,41.1,2007,en,"['Ireland', 'United States of America']"
The Wolfman (2010),0,103,"['Drama,Fantasy,Horror']",5.8,114699,50,139789765.0,61979680.0,44.3,77810085.0,55.7,2010,en,['United States of America']
Atonement (2007),0,123,"['Drama,Mystery,Romance']",7.8,310550,48,129266061.0,50927067.0,39.4,78338994.0,60.6,2007,en,"['France', 'United Kingdom', 'United States of America']"
Hotel for Dogs (2009),0,100,"['Comedy,Family']",5.5,25612,50,117252578.0,73034460.0,62.3,44218118.0,37.7,2009,en,['United States of America']
Over Her Dead Body (2008),0,95,"['Comedy,Fantasy,Romance']",5.3,25925,192,21458111.0,7563670.0,35.2,13894441.0,64.8,2008,en,['United States of America']
The Boxtrolls (2014),0,96,"['Adventure,Animation,Comedy']",6.8,62931,69,108255770.0,50837305.0,47.0,57418465.0,53.0,2014,en,['United States of America']
Deck the Halls (2006),0,93,"['Comedy,Family']",5.1,36418,111,47232776.0,35093569.0,74.3,12139207.0,25.7,2006,en,['United States of America']
The Incredible Burt Wonderstone (2013),0,100,['Comedy'],5.9,76807,177,27437881.0,22537881.0,82.1,4900000.0,17.9,2013,en,['United States of America']
Dallas Buyers Club (2013),0,117,"['Biography,Drama']",7.9,531660,116,55198285.0,27298285.0,49.5,27900000.0,50.5,2013,en,['United States of America']
Mirrors (2008),0,110,"['Horror,Mystery']",6.1,116032,76,78094714.0,30691439.0,39.3,47403275.0,60.7,2008,en,"['Romania', 'United States of America']"
Jack Reacher (2012),0,130,"['Action,Thriller']",7.0,376409,37,218340595.0,80070736.0,36.7,138269859.0,63.3,2012,en,['United States of America']
R.I.P.D. (2013),0,96,"['Action,Adventure,Comedy']",5.6,147323,91,78324220.0,33618855.0,42.9,44705365.0,57.1,2013,en,['United States of America']
Sparkle (2012),0,100,['Comedy'],6.0,984,184,24637800.0,24397469.0,99.0,240331.0,1.0,2012,en,['United States of America']
Georgia Rule (2007),0,113,"['Comedy,Drama']",5.9,27991,168,25000167.0,19103072.0,76.4,5897095.0,23.6,2007,en,['United States of America']
Hunting and Gathering (2007),0,97,"['Drama,Romance']",6.7,12721,140,31920899.0,0.0,0.0,31920899.0,100.0,2007,fr,['France']
Case 39 (2009),0,109,"['Horror,Mystery,Thriller']",6.2,95254,160,28190603.0,13261851.0,47.0,14928752.0,53.0,2009,en,"['Canada', 'United States of America']"
Death at a Funeral (2007),0,90,['Comedy'],7.3,123890,109,46789726.0,8580428.0,18.3,38208985.0,81.7,2007,en,"['Germany', 'United Kingdom', 'United States of America']"
Death at a Funeral (2010),0,90,['Comedy'],7.3,123890,118,49050886.0,42739347.0,87.1,6311539.0,12.9,2010,en,['United States of America']
Mamma Mia! (2008),0,108,"['Comedy,Musical,Romance']",6.5,287613,5,610002542.0,144290968.0,23.7,465711574.0,76.3,2008,en,"['Germany', 'United Kingdom', 'United States of America']"
Rampage (2018),0,118,"['Documentary,Music']",7.4,109,22,428128233.0,101028233.0,23.6,327100000.0,76.4,2018,en,['United States of America']
Scary Movie V (2013),0,86,"['Comedy,Horror']",3.6,79599,90,78378744.0,32015787.0,40.8,46362957.0,59.2,2013,en,['United States of America']
Cassandra's Dream (2007),0,108,"['Crime,Drama,Romance']",6.6,54511,172,22686378.0,973018.0,4.3,21713360.0,95.7,2007,en,"['France', 'United Kingdom', 'United States of America']"
Star Trek (2009),0,127,"['Action,Adventure,Sci-Fi']",7.9,627591,13,385680446.0,257730019.0,66.8,127950427.0,33.2,2009,en,['United States of America']
Talk to Me (2023),0,118,"['Biography,Drama,History']",7.3,10365,59,92181735.0,48299436.0,52.4,43882299.0,47.6,2023,en,"['Australia', 'United Kingdom']"
Be Kind Rewind (2008),0,102,['Comedy'],6.4,95225,153,30579406.0,11175164.0,36.5,19404242.0,63.5,2008,en,"['France', 'United Kingdom', 'United States of America']"
Epic Movie (2007),0,86,"['Adventure,Comedy,Fantasy']",2.4,111031,61,87238158.0,39739367.0,45.6,47498791.0,54.4,2007,en,['United States of America']
Forgetting Sarah Marshall (2008),0,111,"['Comedy,Drama,Romance']",7.1,308812,63,105833257.0,63172463.0,59.7,42660794.0,40.3,2008,en,['United States of America']
The Hills Have Eyes 2 (2007),0,89,"['Horror,Thriller']",5.1,69226,120,37697773.0,20804166.0,55.2,16893607.0,44.8,2007,en,['United States of America']
The Incredible Hulk (2008),0,112,"['Action,Adventure,Sci-Fi']",6.6,538521,21,264770996.0,134806913.0,50.9,129964083.0,49.1,2008,en,['United States of America']
Lockout (2012),0,90,"['Horror,Mystery,Thriller']",3.9,318,147,32948113.0,14326864.0,43.5,18621249.0,56.5,2012,en,['France']
Sunny (2011),0,94,['Drama'],5.5,29,112,51116421.0,0.0,0.0,51116421.0,100.0,2011,ko,['South Korea']
Appaloosa (2008),0,115,"['Crime,Drama,Romance']",6.7,66025,161,27712362.0,20211394.0,72.9,7500968.0,27.1,2008,en,['United States of America']
Clash of the Titans (2010),0,106,"['Action,Adventure,Fantasy']",5.8,297741,11,493214993.0,163214888.0,33.1,330000105.0,66.9,2010,en,['United States of America']
May 18 (2007),0,120,"['Drama,History']",6.9,1426,106,49282156.0,0.0,0.0,49282156.0,100.0,2007,ko,['South Korea']
Thor (2011),0,115,"['Action,Fantasy']",7.0,925561,15,449326618.0,181030624.0,40.3,268295994.0,59.7,2011,en,['United States of America']
Doraemon the Movie: Nobita's Dinosaur (2006),0,107,"['Adventure,Animation,Comedy']",7.1,1776,141,30963292.0,0.0,0.0,30963292.0,100.0,2006,ja,['Japan']
Red Dog (2011),0,92,"['Biography,Comedy,Drama']",7.3,20024,194,21185162.0,0.0,0.0,21185162.0,100.0,2011,en,"['Australia', 'United States of America']"
Warcraft (2016),0,123,"['Action,Adventure,Fantasy']",6.7,287364,18,439048914.0,47365290.0,10.8,391683624.0,89.2,2016,en,"['Canada', 'China', 'Japan', 'United States of America']"
Bratz (2007),0,110,"['Comedy,Family,Music']",3.1,25210,163,26013153.0,10010209.0,38.5,16002944.0,61.5,2007,en,['United States of America']
The Mule (2018),0,100,"['Comedy,Drama']",5.6,843,48,174804407.0,103804407.0,59.4,71000000.0,40.6,2018,en,"['Canada', 'United States of America']"
Rendition (2007),0,122,"['Drama,Thriller']",6.8,58889,160,27066382.0,9736045.0,36.0,17330337.0,64.0,2007,en,['United States of America']
Taxi 4 (2007),0,91,"['Action,Comedy,Crime']",5.6,31681,90,65125001.0,0.0,0.0,65125001.0,100.0,2007,fr,['France']
The Witches (2020),0,106,"['Adventure,Comedy,Family']",5.4,48519,52,29303571.0,203571.0,0.7,29100000.0,99.3,2020,en,"['Mexico', 'United Kingdom', 'United States of America']"
Kisarazu Cat's Eye: Nihon Series (2003),0,123,"['Comedy,Drama,Sport']",6.6,197,189,10029866.0,0.0,0.0,10029866.0,100.0,2003,ja,['Japan']
Partner (2007),0,155,"['Comedy,Drama,Romance']",5.8,14139,170,23968620.0,1062840.0,4.4,22905780.0,95.6,2007,hi,['India']
Angels & Demons (2009),0,138,"['Mystery,Thriller']",6.7,315771,9,485930816.0,133375846.0,27.4,352554970.0,72.6,2009,en,"['Italy', 'United States of America']"
"Lust, Caution (2007)",0,157,"['Drama,History,Romance']",7.5,46653,87,67091915.0,4604982.0,6.9,62486933.0,93.1,2007,zh,"['China', 'Hong Kong', 'Taiwan', 'United States of America']"
Machete (2010),0,90,"['Action,Adventure,Crime']",6.9,700,125,45491656.0,26593646.0,58.5,18898010.0,41.5,2010,en,['United States of America']
Persepolis (2007),0,96,"['Animation,Biography,Drama']",8.0,102249,171,22783990.0,4445756.0,19.5,18338222.0,80.5,2007,fr,"['France', 'United States of America']"
Tooth Fairy (2010),0,101,"['Comedy,Family,Fantasy']",5.0,51127,59,112462508.0,60022256.0,53.4,52440252.0,46.6,2010,en,"['Canada', 'United States of America']"
Limit of Love: Umizaru (2006),0,117,"['Action,Drama']",5.9,292,97,60369589.0,0.0,0.0,60369589.0,100.0,2006,ja,['Japan']
The Accidental Husband (2008),0,90,"['Comedy,Romance']",5.6,25998,183,22707064.0,0.0,0.0,22707064.0,100.0,2008,en,"['Ireland', 'United States of America']"
The Danish Girl (2015),0,119,"['Biography,Drama']",7.1,202648,108,64191523.0,11114018.0,17.3,53077505.0,82.7,2015,en,"['Belgium', 'United Kingdom', 'United States of America']"
Death Note: The Last Name (2006),0,141,"['Adventure,Crime,Drama']",7.2,18018,110,47917637.0,0.0,0.0,47917637.0,100.0,2006,ja,['Japan']
Jack and Jill (2011),0,91,['Comedy'],3.3,92588,53,149673788.0,74158157.0,49.5,75515631.0,50.5,2011,en,"['Spain', 'United States of America']"
Little White Lies (2010),0,86,"['Comedy,Drama']",7.2,43,109,53319615.0,206088.0,0.4,53113527.0,99.6,2010,fr,['France']
Speed Racer (2008),0,135,"['Action,Adventure,Comedy']",6.1,80199,67,93945766.0,43945766.0,46.8,50000000.0,53.2,2008,en,"['Germany', 'United Kingdom', 'United States of America']"
The Love Guru (2008),0,87,"['Comedy,Romance,Sport']",3.8,55774,128,40877556.0,32235793.0,78.9,8641763.0,21.1,2008,en,"['Germany', 'United States of America', 'United Kingdom']"
The Wild Guys 4 (2007),0,110,"['Comedy,Family,Sport']",3.6,1092,194,18873863.0,0.0,0.0,18873863.0,100.0,2007,,[]
The Counterfeiters (2007),0,99,"['Crime,Drama,History']",7.5,47806,196,18814713.0,5488570.0,29.2,13326143.0,70.8,2007,de,"['Germany', 'Austria']"
Bangkok Dangerous (2008),0,99,"['Action,Crime,Thriller']",5.3,58859,119,42487390.0,15298133.0,36.0,27189257.0,64.0,2008,en,"['Thailand', 'United States of America']"
Deliver Us from Evil (2014),0,101,"['Crime,Documentary']",7.9,11038,86,87937815.0,30577122.0,34.8,57360693.0,65.2,2014,en,['United States of America']
Deliver Us from Evil (2020),0,101,"['Crime,Documentary']",7.9,11038,48,33718703.0,0.0,0.0,33718703.0,100.0,2020,ko,['South Korea']
Percy Jackson & the Olympians: The Lightning Thief (2010),0,118,"['Adventure,Family,Fantasy']",5.9,208040,31,226497209.0,88768303.0,39.2,137728906.0,60.8,2010,en,['United States of America']
Seven Pounds (2008),0,123,"['Drama,Mystery,Thriller']",7.6,319849,40,169748929.0,69951824.0,41.2,99797105.0,58.8,2008,en,['United States of America']
The Stepfather (2009),0,101,"['Mystery,Thriller']",5.6,40653,150,31198531.0,29062561.0,93.2,2135970.0,6.8,2009,en,['United States of America']
She's Out of My League (2010),0,104,"['Comedy,Romance']",6.4,148635,117,49779728.0,32010860.0,64.3,17768868.0,35.7,2010,en,['United States of America']
Underdogs (2013),0,87,['Comedy'],8.3,25,162,31775719.0,0.0,0.0,31775719.0,100.0,2013,en,['United States of America']
The Book Thief (2013),0,131,"['Drama,War']",7.5,144584,94,76586316.0,21488481.0,28.1,55097835.0,71.9,2013,en,"['Germany', 'United States of America']"
Conan the Barbarian (2011),0,113,"['Action,Adventure,Fantasy']",5.2,103912,99,63523283.0,21295021.0,33.5,42228262.0,66.5,2011,en,['United States of America']
Interstellar (2014),0,169,"['Adventure,Drama,Sci-Fi']",8.7,2284961,10,681070397.0,188020017.0,27.6,493050380.0,72.4,2014,en,"['United Kingdom', 'United States of America']"
World War Z (2013),0,116,"['Action,Adventure,Horror']",7.0,746533,12,540007876.0,202359711.0,37.5,337648165.0,62.5,2013,en,"['United Kingdom', 'United States of America']"
Valentine's Day (2010),0,125,"['Comedy,Romance']",5.7,127304,33,216485654.0,110485654.0,51.0,106000000.0,49.0,2010,en,['United States of America']
Drillbit Taylor (2008),0,110,"['Action,Comedy,Crime']",5.7,63140,103,49944325.0,32862104.0,65.8,17082221.0,34.2,2008,en,['United States of America']
The Last Song (2010),0,0,['Drama'],6.1,27,73,89137047.0,62950384.0,70.6,26186663.0,29.4,2010,en,['United States of America']
The Sacrifice (2020),0,95,['Horror'],5.0,34,14,161047608.0,0.0,0.0,161047608.0,100.0,2020,pt,[]
Confessions (2010),0,96,"['Crime,Drama,Mystery']",2.9,200,126,45203103.0,0.0,0.0,45203103.0,100.0,2010,ja,['Japan']
Ghosts of Girlfriends Past (2009),0,100,"['Comedy,Fantasy,Romance']",5.8,96628,57,102366815.0,55250026.0,54.0,47116789.0,46.0,2009,en,['United States of America']
The Soloist (2009),0,117,"['Biography,Drama,Music']",6.7,55957,132,38332994.0,31720158.0,82.7,6612836.0,17.3,2009,en,"['France', 'United States of America', 'United Kingdom']"
Marley & Me (2008),0,115,"['Drama,Family']",7.0,171204,22,255743093.0,143153751.0,56.0,112589342.0,44.0,2008,en,['United States of America']
Priest (2011),0,87,"['Action,Fantasy,Horror']",5.7,126157,87,78309505.0,29137000.0,37.2,49172505.0,62.8,2011,en,['United States of America']
Shooter (2007),0,124,"['Action,Drama,Thriller']",7.1,364461,57,95696996.0,47003582.0,49.1,48693414.0,50.9,2007,en,['United States of America']
Changeling (2008),0,141,"['Biography,Crime,Drama']",7.7,269585,57,113398237.0,35739802.0,31.5,77658435.0,68.5,2008,en,['United States of America']
The Bucket List (2007),0,97,"['Adventure,Comedy,Drama']",7.4,265003,30,175372502.0,93466502.0,53.3,81906000.0,46.7,2007,en,['United States of America']
Pandemic (2009),0,91,"['Drama,Sci-Fi,Thriller']",3.4,909,188,20712567.0,0.0,0.0,20712567.0,100.0,2009,en,['United States of America']
Dracula Untold (2014),0,92,"['Action,Drama,Fantasy']",6.2,214692,38,217124280.0,56280355.0,25.9,160843925.0,74.1,2014,en,['United States of America']
A Mighty Heart (2007),0,108,"['Biography,Drama,History']",6.6,28453,193,19008745.0,9176787.0,48.3,9831958.0,51.7,2007,en,"['United Kingdom', 'United States of America']"
Superbad (2007),0,113,['Comedy'],7.6,656988,33,170812574.0,121463226.0,71.1,49349300.0,28.9,2007,en,['United States of America']
Quantum of Solace (2008),0,106,"['Action,Adventure,Mystery']",6.5,480806,7,589580694.0,168368427.0,28.6,421212055.0,71.4,2008,en,"['United Kingdom', 'United States of America']"
Godzilla (2014),0,123,"['Action,Adventure,Sci-Fi']",6.4,451782,14,524976069.0,200676069.0,38.2,324300000.0,61.8,2014,en,['United States of America']
Shin Chan: The Adult Empire Strikes Back (2003),0,90,"['Action,Adventure,Animation']",7.8,1342,191,9851449.0,0.0,0.0,9851449.0,100.0,2003,,[]
The Spirit (2008),0,103,"['Action,Crime,Fantasy']",4.7,63471,131,39164441.0,19806188.0,50.6,19358253.0,49.4,2008,en,['United States of America']
"Definitely, Maybe (2008)",0,112,"['Comedy,Drama,Romance']",7.1,177346,94,55990299.0,32241649.0,57.6,23748650.0,42.4,2008,en,"['France', 'Germany', 'United Kingdom']"
Underworld: Rise of the Lycans (2009),0,92,"['Action,Fantasy,Thriller']",6.5,171078,65,92158961.0,45802315.0,49.7,46356646.0,50.3,2009,en,['United States of America']
Arn: The Knight Templar (2007),0,139,"['Action,Drama,Romance']",6.6,23574,182,21287566.0,0.0,0.0,21287566.0,100.0,2007,sv,"['Denmark', 'Finland', 'Norway', 'United Kingdom', 'Sweden', 'Germany']"
Hotel Transylvania (2012),0,91,"['Animation,Comedy,Family']",7.0,293910,20,358375603.0,148313048.0,41.4,210062555.0,58.6,2012,en,['United States of America']
Pet Sematary (2019),0,100,"['Horror,Mystery,Thriller']",5.7,101195,72,113118226.0,54724696.0,48.4,58393530.0,51.6,2019,en,['United States of America']
The Darjeeling Limited (2007),0,91,"['Adventure,Comedy,Drama']",7.2,222011,128,35078918.0,11902715.0,33.9,23176203.0,66.1,2007,en,['United States of America']
The Pink Panther 2 (2009),0,92,"['Action,Adventure,Comedy']",5.6,49719,78,76025134.0,35922978.0,47.3,40102156.0,52.7,2009,en,['United States of America']
Step Brothers (2008),0,98,['Comedy'],6.9,328594,54,128107642.0,100468793.0,78.4,27638849.0,21.6,2008,en,['United States of America']
Semi-Pro (2008),0,91,"['Comedy,Sport']",5.8,87492,114,44004502.0,33479698.0,76.1,10524804.0,23.9,2008,en,['United States of America']
The Town (2010),0,125,"['Crime,Drama,Thriller']",7.5,427600,46,154026136.0,92186262.0,59.9,61839874.0,40.1,2010,en,"['United Kingdom', 'United States of America']"
Two Days in Paris (2007),0,96,"['Comedy,Drama,Romance']",6.7,32308,191,19776159.0,4433994.0,22.4,15342165.0,77.6,2007,en,"['France', 'Germany']"
Walk Hard: The Dewey Cox Story (2007),0,96,"['Comedy,Music']",6.8,78862,186,20577458.0,18317151.0,89.0,2259047.0,11.0,2007,en,['United States of America']
The Kids Are All Right (2010),0,106,"['Comedy,Drama,Romance']",7.0,135743,143,34705850.0,20811365.0,60.0,13894485.0,40.0,2010,en,['United States of America']
Midnight Sun (2018),0,119,"['Drama,Music,Romance']",7.1,1987,178,27365467.0,9561064.0,34.9,17804403.0,65.1,2018,en,['United States of America']
Vacation (2015),0,91,['Drama'],6.2,365,69,107228221.0,58884188.0,54.9,48344033.0,45.1,2015,en,['United States of America']
Cloudy with a Chance of Meatballs (2009),0,90,"['Adventure,Animation,Comedy']",6.9,269044,27,243006126.0,124870275.0,51.4,118135851.0,48.6,2009,en,['United States of America']
The Last House on the Left (2009),0,113,"['Horror,Thriller']",6.5,103521,113,45289053.0,32752215.0,72.3,12536838.0,27.7,2009,en,['United States of America']
The Little Things (2021),0,90,['Drama'],8.4,31,93,30842746.0,15342746.0,49.7,15500000.0,50.3,2021,en,['United States of America']
Hoodwinked Too! Hood vs. Evil (2011),0,86,"['Adventure,Animation,Comedy']",4.7,14329,182,23167844.0,10143779.0,43.8,13024065.0,56.2,2011,en,['United States of America']
Cinderella (2015),0,94,"['Horror,Thriller']",5.4,1630,12,542351353.0,201151353.0,37.1,341200000.0,62.9,2015,en,"['United Kingdom', 'United States of America']"
The Boss (2016),0,105,"['Crime,Drama']",3.8,607,96,78844582.0,63285885.0,80.3,15558697.0,19.7,2016,en,['United States of America']
Manual of Love 2 (2007),0,120,"['Comedy,Romance']",5.5,2261,156,27833482.0,0.0,0.0,27833482.0,100.0,2007,it,['Italy']
The Avengers (2012),0,143,"['Action,Sci-Fi']",8.0,1496119,1,1518812988.0,623357910.0,41.0,895455078.0,59.0,2012,en,['United States of America']
Epic (2013),0,102,"['Action,Adventure,Animation']",6.6,111728,29,268426634.0,107518682.0,40.1,160907952.0,59.9,2013,en,['United States of America']
Kung Fu Dunk (2008),0,100,"['Action,Comedy,Sport']",4.8,3802,179,22945567.0,0.0,0.0,22945567.0,100.0,2008,zh,"['China', 'Hong Kong', 'Taiwan']"
Risen (2016),0,113,"['Biography,Drama']",5.2,227,132,46432579.0,36880033.0,79.4,9552546.0,20.6,2016,en,['United States of America']
The House Bunny (2008),0,97,['Comedy'],5.5,92432,84,70439696.0,48237389.0,68.5,22202307.0,31.5,2008,en,['United States of America']
Deutschland. Ein Sommermärchen (2006),0,108,"['Documentary,Sport']",7.0,3299,139,31257991.0,0.0,0.0,31257991.0,100.0,2006,de,['Germany']
Dragon (2011),0,84,['Fantasy'],2.7,918,168,29140858.0,0.0,0.0,29140858.0,100.0,2011,ja,['Japan']
The Mummy: Tomb of the Dragon Emperor (2008),0,112,"['Action,Adventure,Fantasy']",5.2,174566,13,403449830.0,102491776.0,25.4,300958054.0,74.6,2008,en,"['China', 'Germany', 'United States of America']"
Super Troopers 2 (2018),0,99,"['Comedy,Crime,Mystery']",6.0,28932,165,31626386.0,30617396.0,96.8,1008990.0,3.2,2018,en,['United States of America']
Evangelion: 2.0 You Can (Not) Advance (2009),0,112,"['Action,Animation,Drama']",7.9,26350,122,41162041.0,133640.0,0.3,41028401.0,99.7,2009,ja,['Japan']
Evangelion: 3.0 You Can (Not) Redo (2012),0,96,"['Action,Animation,Drama']",6.9,19744,102,60488344.0,174945.0,0.3,60313399.0,99.7,2012,ja,['Japan']
Blindness (2008),0,121,"['Drama,Mystery,Thriller']",6.5,76043,197,19844979.0,3351751.0,16.9,16493228.0,83.1,2008,en,"['Brazil', 'Canada', 'Italy', 'Japan', 'United Kingdom']"
The Duchess (2008),0,110,"['Biography,Drama,History']",6.9,88568,117,43343384.0,13848978.0,32.0,29494406.0,68.0,2008,en,"['France', 'Italy', 'United Kingdom']"
Mr. Peabody & Sherman (2014),0,92,"['Adventure,Animation,Comedy']",6.8,80510,29,275698039.0,111506430.0,40.4,164191609.0,59.6,2014,en,['United States of America']
The Forbidden Kingdom (2008),0,104,"['Action,Adventure,Fantasy']",6.5,111116,53,128779982.0,52075270.0,40.4,76704712.0,59.6,2008,zh,"['China', 'Hong Kong', 'United States of America']"
My Life in Ruins (2009),0,95,"['Comedy,Romance']",5.9,21131,190,20455482.0,8665206.0,42.4,11790276.0,57.6,2009,en,"['Greece', 'United States of America']"
Made of Honor (2008),0,101,"['Comedy,Romance']",5.8,77615,62,106407672.0,46012734.0,43.2,60394938.0,56.8,2008,en,"['United Kingdom', 'United States of America']"
Two Tigers (2019),0,90,"['Action,Crime,Drama']",4.2,451,157,32001580.0,0.0,0.0,32001580.0,100.0,2019,zh,['China']
Frost/Nixon (2008),0,122,"['Biography,Drama,History']",7.6,114062,163,27426335.0,18622031.0,67.9,8804304.0,32.1,2008,en,"['France', 'United Kingdom', 'United States of America']"
Jungle Cruise (2021),0,127,"['Action,Adventure,Comedy']",6.6,219569,19,220889446.0,116987516.0,53.0,103901930.0,47.0,2021,en,['United States of America']
Tears for You (2006),0,118,"['Drama,Romance']",6.7,1210,159,25300338.0,0.0,0.0,25300338.0,100.0,2006,ja,['Japan']
Baby Mama (2008),0,99,"['Comedy,Romance']",6.0,48196,90,64444713.0,60494212.0,93.9,3950501.0,6.1,2008,en,['United States of America']
Chak De! India (2007),0,153,"['Drama,Family,Sport']",8.1,86679,181,21505244.0,1120404.0,5.2,20384840.0,94.8,2007,hi,['India']
My Soul to Take (2010),0,107,"['Horror,Mystery,Thriller']",4.8,22051,182,21500813.0,14744435.0,68.6,6756378.0,31.4,2010,en,['United States of America']
Natale a New York (2006),0,111,['Comedy'],4.3,1677,143,30437121.0,0.0,0.0,30437121.0,100.0,2006,it,['Italy']
Tazza: The High Rollers (2006),0,139,"['Comedy,Crime']",7.1,2981,123,39212715.0,0.0,0.0,39212715.0,100.0,2006,ko,['South Korea']
Nine (2009),0,118,"['Drama,Musical,Romance']",5.8,45750,98,54004950.0,19676965.0,36.4,34327985.0,63.6,2009,en,"['Italy', 'United States of America']"
Pokémon: Lucario and the Mystery of Mew (2005),0,103,"['Action,Adventure,Animation']",6.8,5475,120,37228626.0,0.0,0.0,37228626.0,100.0,2005,ja,['Japan']
Ponyo (2008),0,101,"['Adventure,Animation,Comedy']",7.6,172342,35,204173142.0,15090399.0,7.4,189081411.0,92.6,2008,ja,['Japan']
Ho voglia di te (2007),0,106,"['Comedy,Drama,Romance']",4.4,1546,197,18594142.0,0.0,0.0,18594142.0,100.0,2007,it,['Italy']
The Blind Side (2009),0,129,"['Biography,Drama,Sport']",7.6,371578,22,309208309.0,255959475.0,82.8,53248834.0,17.2,2009,en,['United States of America']
Kitaro (2007),0,103,"['Animation,Fantasy,Horror']",5.3,405,195,18856642.0,0.0,0.0,18856642.0,100.0,2007,ja,['Japan']
Eat Pray Love (2010),0,133,"['Biography,Drama,Romance']",5.8,109373,36,204594016.0,80574010.0,39.4,124020006.0,60.6,2010,en,['United States of America']
Pan (2015),0,90,['Drama'],5.5,9,58,128988320.0,35088320.0,27.2,93900000.0,72.8,2015,en,"['India', 'United Kingdom', 'United States of America']"
Untraceable (2008),0,101,"['Crime,Mystery,Thriller']",6.2,53860,97,52933513.0,28687835.0,54.2,24245678.0,45.8,2008,en,['United States of America']
Assembly (2007),0,124,"['Action,Biography,Drama']",7.3,7448,130,34786960.0,0.0,0.0,34786960.0,100.0,2007,zh,"['China', 'Hong Kong', 'South Korea']"
Sanctum (2010),0,108,"['Action,Adventure,Drama']",5.9,57868,60,108609310.0,23209310.0,21.4,85400000.0,78.6,2010,,[]
All About Steve (2009),0,99,"['Comedy,Romance']",4.8,45100,125,40105542.0,33862903.0,84.4,6242639.0,15.6,2009,en,['United States of America']
Snitch (2013),0,112,"['Action,Drama,Thriller']",6.4,94008,113,57824674.0,42930462.0,74.2,14894212.0,25.8,2013,en,"['United Arab Emirates', 'United States of America']"
Three Kingdoms (2008),0,102,"['Action,Drama,History']",6.1,6783,194,21159916.0,0.0,0.0,21159916.0,100.0,2008,cn,"['China', 'Hong Kong', 'South Korea']"
The Mist (2007),0,126,"['Horror,Sci-Fi,Thriller']",7.1,354755,96,57470220.0,25594957.0,44.5,31875263.0,55.5,2007,en,['United States of America']
The Wedding Ringer (2015),0,101,"['Comedy,Romance']",6.6,82136,94,79799880.0,64460211.0,80.8,15339669.0,19.2,2015,en,['United States of America']
The Flight Before Christmas (2008),0,80,"['Adventure,Animation,Family']",6.1,4060,191,21822495.0,0.0,0.0,21822495.0,100.0,2008,fi,"['Belgium', 'Denmark', 'Finland', 'France', 'Germany', 'Ireland', 'Norway']"
The Shape of Water (2017),0,70,['Documentary'],7.1,46,49,195243464.0,63859435.0,32.7,131384029.0,67.3,2017,en,['United States of America']
Burn After Reading (2008),0,96,"['Comedy,Crime,Drama']",7.0,362009,44,163728902.0,60355347.0,36.9,103373555.0,63.1,2008,en,"['United States of America', 'United Kingdom', 'France']"
The Hurt Locker (2008),0,131,"['Drama,Thriller,War']",7.5,482233,105,49230772.0,17017811.0,34.6,32212961.0,65.4,2008,en,['United States of America']
The Switch (2010),0,101,"['Comedy,Drama,Romance']",6.1,114308,115,49830607.0,27779426.0,55.7,22051181.0,44.3,2010,en,['United States of America']
Brüno (2009),0,81,['Comedy'],5.9,155900,41,138805831.0,60054530.0,43.3,78751301.0,56.7,2009,en,['United States of America']
Saw IV (2007),0,93,"['Horror,Mystery,Thriller']",5.9,170116,43,139352633.0,63300095.0,45.4,76052538.0,54.6,2007,en,['United States of America']
Movie: Marrying the Mafia 3 - Family Hustle (2006),0,128,"['Comedy,Crime,Drama']",4.9,301,184,19606487.0,0.0,0.0,19606487.0,100.0,2006,,[]
Lions for Lambs (2007),0,92,"['Crime,Drama,Mystery']",6.2,53962,92,64811540.0,15002854.0,23.1,49808686.0,76.9,2007,en,['United States of America']
Ready or Not (2019),0,88,['Comedy'],4.7,927,106,57615777.0,28714231.0,49.8,28901546.0,50.2,2019,en,['United States of America']
Che: Part One (2008),0,134,"['Biography,Drama,History']",7.1,48698,147,33266274.0,0.0,0.0,33266274.0,100.0,2008,en,"['France', 'Spain', 'United States of America']"
Letters to Juliet (2010),0,105,"['Adventure,Comedy,Drama']",6.5,109256,82,79293444.0,53032453.0,66.9,26260991.0,33.1,2010,en,['United States of America']
U2 3D (2008),0,85,"['Documentary,Music']",8.4,2949,182,22730842.0,10363341.0,45.6,12367501.0,54.4,2008,en,['United States of America']
How to Train Your Dragon (2010),0,98,"['Action,Adventure,Animation']",8.1,833132,10,494878759.0,217581231.0,44.0,277297528.0,56.0,2010,en,['United States of America']
Monsters vs. Aliens (2009),0,94,"['Action,Adventure,Animation']",6.4,181261,14,381509870.0,198351526.0,52.0,183158344.0,48.0,2009,en,['United States of America']
Shrek Forever After (2010),0,93,"['Adventure,Animation,Comedy']",6.3,232579,5,752600867.0,238736787.0,31.7,513864080.0,68.3,2010,en,['United States of America']
Soulmate (2016),0,84,['Documentary'],7.8,16,186,24684439.0,0.0,0.0,24684439.0,100.0,2016,zh,['China']
The International (2009),0,105,"['Comedy,Drama,Music']",7.2,8328,93,60253843.0,25450527.0,42.2,34803316.0,57.8,2009,en,"['Germany', 'United Kingdom', 'United States of America']"
Missing (2023),0,118,"['Drama,Fantasy,Horror']",4.8,547,82,48767848.0,32502025.0,66.6,16265823.0,33.4,2023,en,['United States of America']
No Time to Die (2021),0,95,['Comedy'],7.5,35,4,774153007.0,160891007.0,20.8,613262000.0,79.2,2021,en,"['United Kingdom', 'United States of America']"
Love Happens (2009),0,109,"['Drama,Romance']",5.7,34342,137,36088028.0,22965110.0,63.6,13122918.0,36.4,2009,en,['United States of America']
Bride Wars (2009),0,89,"['Comedy,Romance']",5.5,118532,51,115375850.0,58715510.0,50.9,56660340.0,49.1,2009,en,['United States of America']
Bride Wars (2015),0,89,"['Comedy,Romance']",5.5,118532,189,27670000.0,0.0,0.0,27670000.0,100.0,2015,en,['United States of America']
The Good the Bad the Weird (2008),0,130,"['Action,Adventure,Comedy']",7.2,38731,113,44261209.0,128486.0,0.3,44132723.0,99.7,2008,ko,['South Korea']
Eye in the Sky (2016),0,90,"['Action,Crime,Thriller']",6.7,2037,152,35259653.0,18704595.0,53.0,16555058.0,47.0,2016,en,['United Kingdom']
The Hobbit: An Unexpected Journey (2012),0,169,"['Adventure,Fantasy']",7.8,897269,4,1017003568.0,303003568.0,29.8,714000000.0,70.2,2012,en,"['New Zealand', 'United States of America']"
Love & Mercy (2015),0,121,"['Biography,Drama,Music']",7.4,43629,185,28641776.0,12551031.0,43.8,16090745.0,56.2,2015,en,['United States of America']
The Thing (2011),0,103,"['Horror,Mystery,Sci-Fi']",6.2,149563,151,31505287.0,16928670.0,53.7,14576617.0,46.3,2011,en,['United States of America']
Why Did I Get Married? (2007),0,113,"['Comedy,Drama,Romance']",5.9,14266,100,55862886.0,55204525.0,98.8,658361.0,1.2,2007,en,['United States of America']
Unfair: The Movie (2007),0,112,"['Action,Crime,Drama']",5.0,219,179,21914005.0,0.0,0.0,21914005.0,100.0,2007,ja,['Japan']
Once (2007),0,86,"['Drama,Music,Musical']",7.8,122878,184,20936722.0,9439923.0,45.1,11496799.0,54.9,2007,en,"['Ireland', 'United States of America']"
Pineapple Express (2008),0,111,"['Action,Comedy,Crime']",6.9,363644,64,101624843.0,87341380.0,85.9,14283463.0,14.1,2008,en,['United States of America']
WALL·E (2008),0,98,"['Adventure,Animation,Family']",8.4,1247230,9,521311860.0,223808164.0,42.9,297503696.0,57.1,2008,sv,"['Hungary', 'Norway', 'Sweden']"
Death Note: L Change the World (2008),0,129,"['Crime,Drama,Mystery']",6.0,8984,141,35319632.0,0.0,0.0,35319632.0,100.0,2008,ja,['Japan']
Armored (2009),0,88,"['Action,Crime,Mystery']",5.7,32283,177,22942221.0,15988876.0,69.7,6953345.0,30.3,2009,en,['United States of America']
Broken Embraces (2009),0,127,"['Drama,Romance,Thriller']",7.2,43377,134,37472507.0,5014305.0,13.4,32458202.0,86.6,2009,es,['Spain']
Zhara (2006),0,95,"['Comedy,Romance']",4.3,1564,200,16877870.0,0.0,0.0,16877870.0,100.0,2006,ru,['Russia']
The Warlords (2007),0,126,"['Action,Adventure,Drama']",7.0,28166,111,42883181.0,129078.0,0.3,42754103.0,99.7,2007,zh,"['China', 'Hong Kong']"
The Boy in the Striped Pajamas (2008),0,94,"['Drama,War']",7.7,258900,129,40416563.0,9046156.0,22.4,31370407.0,77.6,2008,en,"['United Kingdom', 'United States of America']"
The Legend of Tarzan (2016),0,110,"['Action,Adventure,Drama']",6.2,192496,23,357243061.0,126643061.0,35.5,230600000.0,64.5,2016,en,"['Canada', 'United Kingdom', 'United States of America']"
Harry Potter and the Deathly Hallows: Part 1 (2010),0,146,"['Adventure,Family,Fantasy']",7.7,624559,3,960283305.0,295983305.0,30.8,664300000.0,69.2,2010,en,"['United Kingdom', 'United States of America']"
Prom Night (2008),0,88,['Horror'],4.0,38812,93,57197876.0,43869350.0,76.7,13328526.0,23.3,2008,en,"['Canada', 'United States of America']"
Lion (2016),0,160,"['Action,Comedy,Drama']",6.8,632,64,140312928.0,51738905.0,36.9,88574023.0,63.1,2016,en,"['Australia', 'United Kingdom', 'United States of America']"
Gomorrah (2008),0,137,"['Crime,Drama']",7.0,52012,142,34861529.0,1579146.0,4.5,33282383.0,95.5,2008,it,['Italy']
Precious (2009),0,110,['Drama'],7.3,118053,86,63649529.0,47566524.0,74.7,16083005.0,25.3,2009,en,['United States of America']
The Class (2008),0,100,['Comedy'],1.9,3988,158,29303505.0,3766810.0,12.9,25536695.0,87.1,2008,fr,['France']
This Christmas (2007),0,117,"['Comedy,Drama,Romance']",6.4,10873,105,49778552.0,49121934.0,98.7,656618.0,1.3,2007,en,['United States of America']
Monkey Magic (2007),0,120,"['Adventure,Fantasy,History']",5.0,320,123,36745063.0,0.0,0.0,36745063.0,100.0,2007,ja,['Japan']
The Last Airbender (2010),0,103,"['Action,Adventure,Family']",4.0,177682,19,319713881.0,131772187.0,41.2,187941694.0,58.8,2010,en,['United States of America']
Silent Hill: Revelation (2011),0,95,"['Horror,Mystery,Thriller']",4.9,68258,108,55362705.0,17529157.0,31.7,37833548.0,68.3,2011,,[]
200 Pounds Beauty (2006),0,120,"['Comedy,Drama,Music']",6.7,9058,119,42013016.0,0.0,0.0,42013016.0,100.0,2006,ko,['South Korea']
Arthur 3: The War of the Two Worlds (2010),0,101,"['Adventure,Animation,Family']",5.5,10850,147,33519334.0,0.0,0.0,33519334.0,100.0,2010,fr,['France']
Arthur and the Revenge of Maltazard (2009),0,107,"['Adventure,Animation,Family']",5.3,11586,99,52377611.0,0.0,0.0,52377611.0,100.0,2009,fr,['France']
CJ7 (2008),0,88,"['Adventure,Comedy,Drama']",6.4,17773,104,49529913.0,207378.0,0.4,49322535.0,99.6,2008,cn,['Hong Kong']
Tropic Thunder (2008),0,107,"['Action,Comedy,War']",7.1,463665,37,195703047.0,110515313.0,56.5,85187498.0,43.5,2008,en,"['Germany', 'United Kingdom', 'United States of America']"
Source Code (2011),0,93,"['Action,Drama,Mystery']",7.5,563934,57,147332697.0,54712227.0,37.1,92620470.0,62.9,2011,en,"['Canada', 'France', 'United States of America']"
Lakeview Terrace (2008),0,110,"['Crime,Drama,Thriller']",6.2,57420,111,44655002.0,39263506.0,87.9,5391496.0,12.1,2008,en,['United States of America']
Green Zone (2009),0,115,"['Action,Drama,Thriller']",6.8,144714,63,94882549.0,35053660.0,36.9,59828889.0,63.1,2009,,[]
The Amazing Spider-Man (2012),0,136,"['Action,Sci-Fi']",6.9,726182,7,757930663.0,262030663.0,34.6,495900000.0,65.4,2012,en,['United States of America']
The Happening (2008),0,91,"['Adventure,Drama,Sci-Fi']",5.0,221639,45,163403799.0,64506874.0,39.5,98896925.0,60.5,2008,en,['United States of America']
Mad Money (2008),0,104,"['Comedy,Crime,Thriller']",5.9,23388,169,26412163.0,20668843.0,78.3,5743320.0,21.7,2008,en,['United States of America']
Borderlands (2024),0,75,['Documentary'],8.3,14,79,32978510.0,15482668.0,46.9,17495842.0,53.1,2024,en,"['Luxembourg', 'United States of America']"
Alvin and the Chipmunks (2007),0,92,"['Adventure,Comedy,Family']",5.3,98573,14,365352546.0,217326974.0,59.5,148025572.0,40.5,2007,en,['United States of America']
Disco (2008),0,103,"['Comedy,Music']",4.4,1707,174,23524551.0,0.0,0.0,23524551.0,100.0,2008,fr,['France']
Always: Sunset on Third Street 2 (2007),0,146,"['Comedy,Drama,Family']",7.5,1152,113,42304705.0,0.0,0.0,42304705.0,100.0,2007,ja,['Japan']
Robin Hood (2010),0,140,"['Action,Adventure,Drama']",6.6,289292,18,321669741.0,105269730.0,32.7,216400011.0,67.3,2010,en,['United States of America']
Robin Hood (2018),0,140,"['Action,Adventure,Drama']",6.6,289292,84,86489031.0,30824628.0,35.6,55664403.0,64.4,2018,en,['United States of America']
Nights in Rodanthe (2008),0,97,"['Drama,Romance']",6.0,26842,72,84375346.0,41850659.0,49.6,42524687.0,50.4,2008,en,"['Australia', 'United States of America']"
Revolutionary Road (2008),0,119,"['Drama,Romance']",7.3,229230,78,75981180.0,22911480.0,30.2,53069700.0,69.8,2008,en,"['United Kingdom', 'United States of America']"
You Don't Mess with the Zohan (2008),0,113,"['Action,Comedy']",5.6,219423,34,204313400.0,100018837.0,49.0,104294563.0,51.0,2008,en,['United States of America']
Rabbit Without Ears (2007),0,116,"['Comedy,Romance']",6.5,18932,67,81744033.0,0.0,0.0,81744033.0,100.0,2007,de,['Germany']
A Monster in Paris (2011),0,90,"['Adventure,Animation,Comedy']",6.7,23288,174,26710392.0,0.0,0.0,26710392.0,100.0,2011,fr,['France']
High School Musical 3: Senior Year (2008),0,112,"['Comedy,Drama,Family']",5.0,69553,23,252909177.0,90559416.0,35.8,162349761.0,64.2,2008,en,['United States of America']
The Young Victoria (2009),0,105,"['Biography,Drama,History']",7.2,67878,155,29181829.0,11001272.0,37.7,18180557.0,62.3,2009,en,"['United Kingdom', 'United States of America']"
The Ruins (2008),0,90,"['Adventure,Horror,Thriller']",5.9,87141,181,22818256.0,17432844.0,76.4,5385412.0,23.6,2008,en,"['Germany', 'United States of America']"
The Fighter (2009),0,116,"['Action,Biography,Drama']",7.8,396912,44,129190869.0,93617009.0,72.5,35573860.0,27.5,2009,en,[]
St. Trinian's (2007),0,97,"['Comedy,Family']",5.8,24045,155,29067829.0,0.0,0.0,29066483.0,100.0,2007,en,['United Kingdom']
Voice of a Murderer (2007),0,122,"['Crime,Drama,Mystery']",6.7,2267,200,18160598.0,0.0,0.0,18160598.0,100.0,2007,ko,['South Korea']
Hugo (2011),0,126,"['Adventure,Drama,Family']",7.5,341992,38,185770160.0,73864507.0,39.8,111905653.0,60.2,2011,en,"['United Kingdom', 'United States of America']"
The Day the Earth Stood Still (2008),0,104,"['Adventure,Drama,Sci-Fi']",5.5,181830,26,233093859.0,79366978.0,34.0,153726881.0,66.0,2008,en,"['Canada', 'United States of America']"
Solomon Kane (2009),0,104,"['Action,Adventure,Fantasy']",6.1,78361,192,19652185.0,0.0,0.0,19652185.0,100.0,2009,en,"['Czech Republic', 'France', 'United Kingdom', 'United States of America']"
Little Fockers (2010),0,98,"['Comedy,Romance']",5.5,122275,20,310650585.0,148438600.0,47.8,162211985.0,52.2,2010,en,['United States of America']
A Perfect Getaway (2009),0,98,"['Drama,Mystery,Thriller']",6.5,77928,178,22938329.0,15515460.0,67.6,7422869.0,32.4,2009,en,['United States of America']
Dark Planet (2009),0,115,"['Action,Adventure,Sci-Fi']",5.1,5908,174,23772559.0,0.0,0.0,23772559.0,100.0,2009,ru,['Russia']
Justice League (2017),0,120,"['Action,Adventure,Fantasy']",6.0,489155,14,661324295.0,229024295.0,34.6,432300000.0,65.4,2017,en,['United States of America']
17 Again (2009),0,102,"['Comedy,Drama,Fantasy']",6.4,222849,42,136316880.0,64167069.0,47.1,72149811.0,52.9,2009,en,['United States of America']
Hitchcock (2012),0,98,"['Biography,Drama,Romance']",6.8,80641,171,27039669.0,6008677.0,22.2,21030992.0,77.8,2012,en,['United States of America']
The Reader (2008),0,124,"['Drama,Mystery,Romance']",7.6,266993,61,108902486.0,34194407.0,31.4,74708079.0,68.6,2008,en,"['Germany', 'United States of America']"
Old Dogs (2009),0,88,"['Comedy,Family']",5.3,40076,61,96753696.0,49492060.0,51.2,47261636.0,48.8,2009,en,['United States of America']
Lottery Ticket (2010),0,99,['Comedy'],5.1,11740,167,24719879.0,24719879.0,100.0,0.0,0.0,2010,en,['United States of America']
The Chronicles of Narnia: The Voyage of the Dawn Treader (2010),0,113,"['Adventure,Family,Fantasy']",6.3,170927,12,415686217.0,104386950.0,25.1,311299267.0,74.9,2010,en,"['United Kingdom', 'United States of America']"
Nick and Norah's Infinite Playlist (2008),0,90,"['Comedy,Drama,Music']",6.6,96201,144,33556631.0,31487293.0,93.8,2069338.0,6.2,2008,en,['United States of America']
Girls (2014),0,79,['Documentary'],4.8,212,170,33325338.0,0.0,0.0,33325338.0,100.0,2014,ja,['Japan']
The Adventures of Tintin (2011),0,107,"['Action,Adventure,Animation']",7.3,247938,17,373993951.0,77591831.0,20.7,296402120.0,79.3,2011,en,"['New Zealand', 'United States of America']"
Fantasy Island (2020),0,109,"['Fantasy,Horror,Mystery']",4.9,61162,29,49447308.0,27309289.0,55.2,22138019.0,44.8,2020,en,['United States of America']
Valkyrie (2008),0,121,"['Drama,History,Thriller']",7.1,265262,36,201545517.0,83077833.0,41.2,118467684.0,58.8,2008,en,"['Germany', 'United States of America']"
Surrogates (2009),0,89,"['Action,Sci-Fi,Thriller']",6.3,182142,47,122444772.0,38577772.0,31.5,83867000.0,68.5,2009,en,['United States of America']
Like Stars on Earth (2007),0,162,"['Drama,Family']",8.3,215191,180,21897373.0,1223869.0,5.6,20673504.0,94.4,2007,hi,['India']
The Irony of Fate 2 (2007),0,115,"['Comedy,Romance']",4.9,3973,101,55639741.0,0.0,0.0,55639741.0,100.0,2007,ru,['Russia']
Sherlock Holmes (2009),0,128,"['Action,Adventure,Mystery']",7.6,686444,8,524028679.0,209028679.0,39.9,315000000.0,60.1,2009,en,['United States of America']
Traitor (2008),0,114,"['Action,Crime,Drama']",6.9,59910,162,27674464.0,23530831.0,85.0,4143633.0,15.0,2008,en,['United States of America']
27 Dresses (2008),0,111,"['Comedy,Romance']",6.1,179750,46,162655351.0,76808654.0,47.2,85846697.0,52.8,2008,en,['United States of America']
Dear John (2010),0,108,"['Drama,Romance,War']",6.3,160371,57,114991723.0,80014842.0,69.6,34969824.0,30.4,2010,en,['United States of America']
Detective Conan: The Phantom of Baker Street (2002),0,98,"['Adventure,Animation,Drama']",7.8,4306,134,23786606.0,0.0,0.0,23786606.0,100.0,2002,ja,['Japan']
The Green Hornet (2011),0,119,"['Action,Comedy,Crime']",5.8,166386,27,227817248.0,98780042.0,43.4,129037206.0,56.6,2011,en,['United States of America']
The Debt (2011),0,100,"['Drama,Thriller']",6.8,1013,118,45636368.0,31177548.0,68.3,14458820.0,31.7,2011,en,['United States of America']
Hanna (2011),0,111,"['Action,Adventure,Drama']",6.7,210105,97,63782078.0,40259119.0,63.1,23522959.0,36.9,2011,en,"['Germany', 'United States of America']"
The Wolf of Wall Street (2013),0,180,"['Biography,Comedy,Crime']",8.2,1661138,17,392000694.0,116900694.0,29.8,275100000.0,70.2,2013,en,['United States of America']
Bhool Bhulaiyaa (2007),0,159,"['Comedy,Horror,Mystery']",7.5,35615,192,19073095.0,1097797.0,5.8,17975298.0,94.2,2007,hi,['India']
Ghost Town (2008),0,102,"['Comedy,Drama,Fantasy']",6.7,79047,166,27090159.0,13367624.0,49.3,13722535.0,50.7,2008,en,['United States of America']
The Courier (2021),0,95,"['Action,Crime,Drama']",4.5,5295,102,26001227.0,6613432.0,25.4,19387795.0,74.6,2021,en,"['United Kingdom', 'United States of America']"
Pawn (2020),0,110,['Drama'],7.4,6,86,14193957.0,0.0,0.0,14193957.0,100.0,2020,ko,['South Korea']
The Apprentice (2024),0,82,['Drama'],6.8,143,116,17273502.0,4001904.0,23.2,13271598.0,76.8,2024,en,"['Canada', 'Denmark', 'Ireland', 'Sweden', 'United Kingdom', 'United States of America']"
College Road Trip (2008),0,83,"['Adventure,Comedy,Drama']",4.3,16928,99,51549674.0,45610425.0,88.5,5939249.0,11.5,2008,en,['United States of America']
Pokémon Ranger and the Temple of the Sea (2006),0,105,"['Action,Adventure,Animation']",5.9,3118,151,27638625.0,0.0,0.0,27638625.0,100.0,2006,ja,['Japan']
Sex and the City (2008),0,145,"['Comedy,Drama,Romance']",5.7,129868,11,418765321.0,152647258.0,36.5,266118063.0,63.5,2008,en,['United States of America']
He's Just Not That Into You (2009),0,129,"['Comedy,Drama,Romance']",6.4,187138,36,178866158.0,93953653.0,52.5,84912505.0,47.5,2009,en,['United States of America']
The Last Voyage of the Demeter (2023),0,118,"['Fantasy,Horror,Thriller']",6.1,61123,123,21786275.0,13637180.0,62.6,8149095.0,37.4,2023,en,"['Germany', 'India', 'United Kingdom', 'United States of America']"
Megamind (2010),0,95,"['Action,Adventure,Animation']",7.3,306761,17,321885765.0,148415853.0,46.1,173469912.0,53.9,2010,en,['United States of America']
P Storm (2019),0,96,"['Action,Crime']",5.9,822,69,117991727.0,326711.0,0.3,117665016.0,99.7,2019,cn,['Hong Kong']
Love Aaj Kal (2009),0,142,"['Drama,Romance']",4.7,10898,186,20794985.0,2430083.0,11.7,18364902.0,88.3,2009,hi,['India']
Love Aaj Kal (2020),0,142,"['Drama,Romance']",4.7,10898,179,5120794.0,0.0,0.0,5120794.0,100.0,2020,hi,['India']
Laal Singh Chaddha (2022),0,159,"['Comedy,Drama,Romance']",5.6,179252,150,12093536.0,3401324.0,28.1,8692212.0,71.9,2022,hi,['India']
Unhinged (2020),0,90,"['Action,Thriller']",6.0,82244,35,44331465.0,20831465.0,47.0,23500000.0,53.0,2020,en,"['United States of America', 'United Kingdom']"
Antebellum (2020),0,105,"['Drama,Horror,Mystery']",5.8,30801,132,7792716.0,0.0,0.0,7792716.0,100.0,2020,en,['United States of America']
Song of Youth (2019),0,112,"['Comedy,Drama']",6.2,409,119,49615508.0,0.0,0.0,49615508.0,100.0,2019,zh,['China']
Made in Abyss: Dawn of the Deep Soul (2020),0,113,"['Adventure,Animation,Drama']",8.0,6261,187,4971635.0,0.0,0.0,4971635.0,100.0,2020,ja,['Japan']
One Piece: Dead End Adventure (2003),0,95,"['Action,Adventure,Animation']",7.2,3016,162,14817006.0,0.0,0.0,14817006.0,100.0,2003,ja,['Japan']
Zack and Miri Make a Porno (2008),0,101,"['Comedy,Romance']",6.5,184143,118,42782463.0,31457946.0,73.5,11324517.0,26.5,2008,en,['United States of America']
The Iron Lady (2011),0,105,"['Biography,Drama']",6.4,114852,67,115890699.0,30017992.0,25.9,85872707.0,74.1,2011,en,"['France', 'United Kingdom']"
The Little Prince (2015),0,93,"['Action,Documentary']",7.0,6,79,97571250.0,1339152.0,1.4,96232098.0,98.6,2015,en,"['France', 'Italy']"
Realm of Terracotta (2021),0,111,"['Action,Adventure,Animation']",6.2,389,162,10363914.0,0.0,0.0,10363914.0,100.0,2021,zh,['China']
The Eleventh Chapter (2021),0,115,"['Comedy,Drama']",6.8,537,176,8844997.0,0.0,0.0,8844997.0,100.0,2021,zh,['China']
Jesus Revolution (2023),0,120,"['Biography,Drama,History']",7.1,15243,77,54293684.0,52102987.0,96.0,2190697.0,4.0,2023,en,['United States of America']
Slumdog Millionaire (2008),0,120,"['Crime,Drama,Romance']",8.0,891591,14,378410113.0,141319928.0,37.3,237090185.0,62.7,2008,en,['United Kingdom']
Yatterman (2009),0,111,"['Action,Adventure,Comedy']",5.9,2075,151,30365792.0,0.0,0.0,30365792.0,100.0,2009,ja,['Japan']
The Campaign (2012),0,93,"['Comedy,Drama']",6.4,200,69,104907746.0,86907746.0,82.8,18000000.0,17.2,2012,en,['United States of America']
One Piece: The Cursed Holy Sword (2004),0,95,"['Action,Adventure,Animation']",6.5,2666,181,13422333.0,0.0,0.0,13422333.0,100.0,2004,ja,['Japan']
Stolen Identity 2 (2020),0,118,"['Drama,Mystery,Thriller']",4.5,192,112,9687188.0,0.0,0.0,9687188.0,100.0,2020,ja,['Japan']
Megalopolis (2024),0,138,"['Drama,Fantasy,Sci-Fi']",4.7,33052,132,13858876.0,7629085.0,55.0,6229791.0,45.0,2024,en,['United States of America']
Fast & Furious (2009),0,107,"['Action,Thriller']",6.5,320666,17,360364265.0,155064265.0,43.0,205300000.0,57.0,2009,en,"['Japan', 'United States of America']"
Milk (2008),0,128,"['Biography,Drama,History']",7.5,182151,96,54589558.0,31841299.0,58.3,22748259.0,41.7,2008,en,['United States of America']
The Perfect Secret (2019),0,120,"['Comedy,Drama,Romance']",6.6,7909,108,56573047.0,0.0,0.0,56573047.0,100.0,2019,de,['Germany']
"My People, My Country (2019)",0,154,"['Drama,History']",6.3,2365,17,450064993.0,2356683.0,0.5,447708310.0,99.5,2019,zh,"['China', 'Hong Kong']"
Beverly Hills Chihuahua (2008),0,91,"['Adventure,Comedy,Drama']",3.9,26548,50,149292488.0,94514402.0,63.3,54778086.0,36.7,2008,en,['United States of America']
Shazam! Fury of the Gods (2023),0,130,"['Action,Adventure,Comedy']",5.9,133952,46,134138006.0,57638006.0,43.0,76500000.0,57.0,2023,en,['United States of America']
Fame (2009),0,107,"['Drama,Musical,Romance']",5.0,17124,76,77211836.0,22455510.0,29.1,54756326.0,70.9,2009,en,['United States of America']
The Nun II (2023),0,110,"['Horror,Mystery,Thriller']",5.6,68620,28,269667073.0,86267073.0,32.0,183400000.0,68.0,2023,en,['United States of America']
Crows Zero (2007),0,130,"['Action,Comedy,Crime']",7.0,9173,176,22036607.0,0.0,0.0,22036607.0,100.0,2007,ja,['Japan']
Adrift (2018),0,97,['Drama'],6.7,3095,113,59945012.0,31445012.0,52.5,28500000.0,47.5,2018,en,"['China', 'Iceland', 'United States of America']"
Bones and All (2022),0,131,"['Drama,Horror,Romance']",6.8,65471,129,15234907.0,7834907.0,51.4,7400000.0,48.6,2022,en,"['Italy', 'United States of America']"
The Players (2012),0,88,['Comedy'],4.8,1946,185,24629152.0,10854.0,0.0,24618298.0,100.0,2012,fr,['France']
Race (2008),0,149,"['Action,Crime,Drama']",6.7,16535,172,24503269.0,1367024.0,5.6,23136245.0,94.4,2008,hi,['India']
Race (2016),0,149,"['Action,Crime,Drama']",6.7,16535,182,25070261.0,19206207.0,76.6,5864054.0,23.4,2016,en,"['Canada', 'Germany']"
Noah (2014),0,130,"['Family,History,Musical']",5.5,47,23,359200044.0,101200044.0,28.2,258000000.0,71.8,2014,en,['United States of America']
The Sisterhood of the Traveling Pants 2 (2008),0,119,"['Comedy,Drama,Romance']",6.2,31292,112,44352417.0,44089964.0,99.4,262453.0,0.6,2008,en,['United States of America']
A Serious Man (2009),0,106,"['Comedy,Drama']",7.0,153638,149,31430334.0,9228768.0,29.4,22201566.0,70.6,2009,en,"['France', 'United Kingdom', 'United States of America']"
Looking Up (2019),0,147,['Drama'],6.1,608,64,122994583.0,84267.0,0.0,122910316.0,99.9,2019,zh,['China']
My Best Summer (2019),0,109,"['Drama,Romance']",6.0,362,105,60011073.0,0.0,0.0,60011073.0,100.0,2019,zh,['China']
Bye Bye Morons (2020),0,87,"['Comedy,Drama']",6.7,7339,79,16955924.0,0.0,0.0,16955924.0,100.0,2020,fr,['France']
Les Misérables (2012),0,104,"['Crime,Drama,Thriller']",7.6,29284,15,442299309.0,148809770.0,33.6,293489539.0,66.4,2012,en,"['United Kingdom', 'United States of America']"
Les Misérables (2019),0,104,"['Crime,Drama,Thriller']",7.6,29284,111,54606372.0,330181.0,0.6,54276191.0,99.4,2019,en,"['Germany', 'United Kingdom', 'United States of America']"
Selma (2014),0,128,"['Biography,Drama,History']",7.5,97085,106,66787908.0,52076908.0,78.0,14711000.0,22.0,2014,en,"['France', 'United Kingdom', 'United States of America']"
Adoring (2019),0,108,"['Drama,Family,Romance']",5.7,265,79,94975692.0,0.0,0.0,94975692.0,100.0,2019,zh,['China']
The Voice of Sin (2020),0,142,"['Crime,Drama,Thriller']",6.6,679,101,10983063.0,0.0,0.0,10983063.0,100.0,2020,ja,['Japan']
"The Gangster, the Cop, the Devil (2019)",0,109,"['Action,Crime,Thriller']",7.0,27557,172,25775371.0,216494.0,0.8,25558877.0,99.2,2019,ko,['South Korea']
Crayon Shin-chan: Honeymoon Hurricane - The Lost Hiroshi (2019),0,100,"['Action,Adventure,Animation']",6.3,399,199,18738951.0,0.0,0.0,18738951.0,100.0,2019,ja,[]
Switch (2013),0,90,"['Action,Drama,Sport']",5.3,1036,129,47164301.0,0.0,0.0,47164301.0,100.0,2013,zh,"['China', 'Hong Kong']"
Luca (2021),0,104,"['Crime,Drama,Thriller']",7.0,268,67,51074773.0,1324302.0,2.6,49750471.0,97.4,2021,en,['United States of America']
The Captain (2019),0,111,"['Action,Adventure,Drama']",6.2,2591,20,417863545.0,706572.0,0.2,417156973.0,99.8,2019,en,['United States of America']
The Bravest (2019),0,118,"['Action,Drama']",5.7,1342,37,245179562.0,290217.0,0.1,244889345.0,99.9,2019,zh,"['China', 'Hong Kong', 'United States of America']"
The Last Wish (2019),0,107,"['Comedy,Drama']",5.4,187,136,39756292.0,0.0,0.0,39756292.0,100.0,2019,zh,['China']
Marry Me (2022),0,112,"['Comedy,Music,Romance']",6.1,45879,64,50541093.0,22438180.0,44.4,28102913.0,55.6,2022,en,"['China', 'United States of America']"
500 Days of Summer (2009),0,95,"['Comedy,Drama,Romance']",7.7,583722,91,60722734.0,32391374.0,53.3,28331360.0,46.7,2009,en,['United States of America']
"Love Me, Love Me Not (2020)",0,124,"['Drama,Romance']",6.4,580,153,6494241.0,0.0,0.0,6494241.0,100.0,2020,ja,['Japan']
Never Back Down (2008),0,113,"['Action,Drama,Sport']",6.5,108457,123,41627431.0,24850922.0,59.7,16776509.0,40.3,2008,en,['United States of America']
The Way Back (2010),0,133,"['Adventure,Drama,History']",7.3,124225,169,24172201.0,2701859.0,11.2,21470342.0,88.8,2010,en,"['India', 'United Arab Emirates', 'United Kingdom', 'United States of America']"
The Way Back (2020),0,133,"['Adventure,Drama,History']",7.3,124225,82,15490514.0,13590514.0,87.7,1900000.0,12.3,2020,en,"['United States of America', 'Canada']"
Les blagues de Toto (2020),0,84,"['Comedy,Family']",4.0,189,124,8859185.0,0.0,0.0,8859185.0,100.0,2020,fr,['France']
Always Miss You (2019),0,98,['Romance'],3.7,67,197,19015465.0,91884.0,0.5,18923581.0,99.5,2019,zh,"['China', 'Taiwan']"
Step Up 2: The Streets (2008),0,98,"['Drama,Music,Romance']",6.2,92561,49,150816700.0,58017783.0,38.5,92798917.0,61.5,2008,en,['United States of America']
The Witness (2015),0,128,"['Crime,Thriller']",6.4,448,175,33963557.0,418063.0,1.2,33545494.0,98.8,2015,en,['United States of America']
Wild Child (2008),0,98,['Comedy'],6.1,65980,189,21972336.0,0.0,0.0,21972336.0,100.0,2008,en,"['United Kingdom', 'United States of America']"
The Merry Widow (2008),0,93,"['Comedy,Drama,Romance']",5.4,999,180,22872698.0,0.0,0.0,22872698.0,100.0,2008,fr,['France']
Om Shanti Om (2007),0,162,"['Action,Comedy,Drama']",6.8,51882,118,39990809.0,3597372.0,9.0,36393437.0,91.0,2007,hi,['India']
Scream (2022),0,75,['Biography'],7.7,11,35,137743924.0,81641405.0,59.3,56102519.0,40.7,2022,en,['United States of America']
Boonie Bears: Blast Into the Past (2019),0,90,"['Adventure,Animation,Fantasy']",5.6,322,73,112367881.0,0.0,0.0,112367881.0,100.0,2019,zh,['China']
Gemini Man (2019),0,117,"['Action,Sci-Fi,Thriller']",5.7,126917,51,173469516.0,48546770.0,28.0,124922746.0,72.0,2019,en,"['China', 'United States of America']"
10 Days with Dad (2020),0,104,"['Comedy,Family']",5.4,1340,114,9472077.0,2359.0,0.0,9469718.0,100.0,2020,fr,['France']
The Father (2020),0,97,"['Drama,Mystery']",8.2,208507,58,24048935.0,2122771.0,8.8,21920547.0,91.1,2020,en,"['France', 'United Kingdom']"
Love Again (2023),0,104,"['Comedy,Drama,Romance']",5.9,16764,164,12696584.0,6230837.0,49.1,6465747.0,50.9,2023,en,['United States of America']
Wall Street: Money Never Sleeps (2010),0,133,['Drama'],6.2,107925,53,134748021.0,52474616.0,38.9,82273405.0,61.1,2010,en,['United States of America']
Chasing the Dragon II: Wild Wild Bunch (2019),0,101,"['Action,Biography,Crime']",5.9,807,128,45733356.0,196634.0,0.4,45536722.0,99.6,2019,cn,"['China', 'Hong Kong']"
Death Proof (2007),0,127,"['Drama,Thriller']",7.0,322198,147,30663961.0,0.0,0.0,30663961.0,100.0,2007,en,['United States of America']
Hachi: A Dog's Tale (2009),0,93,"['Biography,Drama,Family']",8.1,324317,110,46748131.0,0.0,0.0,46748131.0,100.0,2009,en,"['United Kingdom', 'United States of America']"
Secretariat (2010),0,123,"['Biography,Drama,Family']",7.2,31375,103,60321861.0,59713955.0,99.0,607906.0,1.0,2010,en,['United States of America']
Another Round (2020),0,117,['Drama'],7.7,209222,92,12745392.0,0.0,0.0,12742455.0,100.0,2020,da,"['Denmark', 'Netherlands', 'Sweden']"
Poltergeist (2015),0,93,"['Horror,Thriller']",4.9,62924,81,95437994.0,47425125.0,49.7,48012869.0,50.3,2015,en,['United States of America']
Line Walker 2: Invisible Spy (2019),0,98,"['Action,Crime,Thriller']",6.2,973,76,99482027.0,296751.0,0.3,99185276.0,99.7,2019,cn,"['China', 'Hong Kong']"
Lightyear (2022),0,105,"['Action,Adventure,Animation']",6.1,129376,19,226425420.0,118307188.0,52.2,108118232.0,47.8,2022,en,['United States of America']
Strange World (2022),0,102,"['Action,Adventure,Animation']",5.7,48115,53,73621640.0,37968963.0,51.6,35652677.0,48.4,2022,en,['United States of America']
Kidnap (2017),0,130,"['Crime,Drama']",5.1,455,154,34814102.0,30971040.0,89.0,3843062.0,11.0,2017,en,"['United Kingdom', 'United States of America']"
Amsterdam (2022),0,134,"['Comedy,Drama,History']",6.1,99331,80,31245810.0,14947969.0,47.8,16297841.0,52.2,2022,en,['United States of America']
Shubh Mangal Zyada Saavdhan (2020),0,117,"['Comedy,Crime,Romance']",5.8,10816,151,6574905.0,0.0,0.0,6574905.0,100.0,2020,hi,['India']
Life (2017),0,93,"['Drama,Romance']",7.7,31,77,100541806.0,30234022.0,30.1,70307784.0,69.9,2017,en,['United States of America']
The Forever Purge (2021),0,103,"['Action,Crime,Horror']",5.4,45968,51,76994245.0,44539245.0,57.8,32455000.0,42.2,2021,en,"['China', 'United States of America']"
RocknRolla (2008),0,114,"['Action,Crime,Thriller']",7.2,269442,170,25742207.0,5700626.0,22.1,20040237.0,77.8,2008,en,"['France', 'United Kingdom', 'United States of America']"
The Other Woman (2014),0,102,['Drama'],6.3,20003,43,196710396.0,83911193.0,42.7,112799203.0,57.3,2014,en,['United States of America']
The Descendants (2011),0,115,"['Comedy,Drama']",7.3,255355,41,177243185.0,82584160.0,46.6,94659025.0,53.4,2011,en,['United States of America']
What Happens in Vegas (2008),0,99,"['Comedy,Romance']",6.1,191119,31,219375562.0,80277646.0,36.6,139097916.0,63.4,2008,en,['United States of America']
Midnight in Paris (2011),0,75,"['Comedy,Documentary,Drama']",8.0,16,51,151672318.0,56817045.0,37.5,94855273.0,62.5,2011,en,"['France', 'Spain', 'United States of America']"
Righteous Kill (2008),0,101,"['Crime,Mystery,Thriller']",6.0,93585,74,78460699.0,40081410.0,51.1,38379289.0,48.9,2008,en,['United States of America']
The Eagle (2011),0,114,"['Action,Adventure,Drama']",6.2,75626,139,37989684.0,19490041.0,51.3,18499643.0,48.7,2011,en,['United States of America']
Coco Before Chanel (2009),0,105,"['Biography,Drama']",6.6,42811,103,50812934.0,6113834.0,12.0,44699100.0,88.0,2009,fr,"['Belgium', 'France']"
Nightlife (2020),0,111,"['Comedy,Romance']",5.7,3143,85,14308789.0,0.0,0.0,14308789.0,100.0,2020,de,['Germany']
After We Collided (2020),0,105,"['Drama,Romance']",5.1,41012,32,47990414.0,2386483.0,5.0,45603931.0,95.0,2020,en,['United States of America']
"Miraculous: Ladybug & Cat Noir, the Movie (2023)",0,105,"['Action,Adventure,Animation']",6.1,7287,93,40209224.0,0.0,0.0,40209224.0,100.0,2023,fr,"['China', 'France']"
John Wick: Chapter 4 (2023),0,169,"['Action,Crime,Thriller']",7.6,368267,17,440180275.0,187131806.0,42.5,253048469.0,57.5,2023,en,"['Germany', 'United States of America']"
Eiffel (2021),0,108,"['Biography,Drama,History']",6.2,8246,145,13573923.0,444814.0,3.3,13129109.0,96.7,2021,fr,"['Belgium', 'France', 'Germany']"
Halloween II (2009),0,95,['Horror'],4.3,27,129,39421467.0,33392973.0,84.7,6028494.0,15.3,2009,en,['United States of America']
The Worst Person in the World (2021),0,128,"['Comedy,Drama,Romance']",7.7,108625,153,12687507.0,3034775.0,23.9,9652732.0,76.1,2021,no,"['Denmark', 'France', 'Norway', 'Sweden']"
Detective Chinatown 3 (2021),0,136,"['Action,Adventure,Comedy']",5.6,2815,6,686257563.0,0.0,0.0,686257563.0,100.0,2021,zh,['China']
The Book of Eli (2010),0,118,"['Action,Adventure,Drama']",6.8,349096,45,157107755.0,94835059.0,60.4,62272696.0,39.6,2010,en,['United States of America']
Legion (2010),0,100,"['Action,Fantasy,Horror']",5.3,115191,93,67918658.0,40168080.0,59.1,27750578.0,40.9,2010,en,['United States of America']
The Bounty Hunter (2010),0,110,"['Action,Comedy,Romance']",5.5,136637,51,136333522.0,67061228.0,49.2,69272294.0,50.8,2010,en,['United States of America']
REC (2007),0,78,"['Horror,Mystery,Thriller']",7.4,205302,137,32511655.0,0.0,0.0,32511655.0,100.0,2007,es,['Spain']
Terrifier 2 (2022),0,138,['Horror'],6.1,70628,130,15067016.0,10640105.0,70.6,4426911.0,29.4,2022,en,['United States of America']
The Stronghold (2021),0,105,"['Action,Crime,Drama']",6.9,14530,125,18066143.0,0.0,0.0,18066143.0,100.0,2021,fr,['France']
Serial (Bad) Weddings 3 (2022),0,98,['Comedy'],6.1,4349,85,27832384.0,0.0,0.0,27832384.0,100.0,2022,fr,['France']
The Shift (2023),0,83,"['Drama,Thriller']",5.7,387,167,12238643.0,12118219.0,99.0,120424.0,1.0,2023,en,['United States of America']
Tolo Tolo (2020),0,90,"['Comedy,Family']",5.7,4416,27,52186426.0,0.0,0.0,52186426.0,100.0,2020,it,['Italy']
Kaiji: Final Game (2020),0,128,"['Adventure,Comedy,Thriller']",5.0,530,76,17645779.0,0.0,0.0,17645779.0,100.0,2020,ja,['Japan']
Simply Black (2020),0,90,['Comedy'],6.4,2614,158,6323750.0,0.0,0.0,6323750.0,100.0,2020,fr,['France']
Miracle in Cell No. 7 (2013),0,132,['Drama'],8.2,58492,87,82101723.0,0.0,0.0,82101723.0,100.0,2013,ko,['South Korea']
The Legend of Hercules (2013),0,99,"['Action,Adventure,Fantasy']",4.3,56915,109,61279452.0,18848538.0,30.8,42430914.0,69.2,2013,,[]
How to Be a Good Wife (2020),0,109,"['Comedy,Drama']",5.8,2352,162,6033430.0,0.0,0.0,6033430.0,100.0,2020,fr,['France']
Peninsula (2020),0,88,['Drama'],6.5,67,38,42698327.0,1231407.0,2.9,41466920.0,97.1,2020,ko,['South Korea']
Silver Linings Playbook (2012),0,122,"['Comedy,Drama,Romance']",7.7,756185,34,236412453.0,132092958.0,55.9,104319495.0,44.1,2012,en,['United States of America']
I Love You Phillip Morris (2009),0,98,"['Biography,Comedy,Crime']",6.6,101347,187,20768906.0,2037459.0,9.8,18731447.0,90.2,2009,en,"['France', 'United States of America']"
My Best Friend's Girl (2008),0,101,"['Comedy,Romance']",5.8,47187,124,41624687.0,19219250.0,46.2,22405437.0,53.8,2008,en,['United States of America']
G.I. Joe: The Rise of Cobra (2009),0,118,"['Action,Adventure,Sci-Fi']",5.7,217396,23,302469017.0,150201498.0,49.7,152267519.0,50.3,2009,en,"['Czech Republic', 'United States of America']"
Threads - Our Tapestry of Love (2020),0,130,['Romance'],6.6,652,64,20474270.0,0.0,0.0,20474270.0,100.0,2020,ja,['Japan']
Last Chance Harvey (2008),0,93,"['Drama,Romance']",6.6,22819,148,32566966.0,14889042.0,45.7,17677924.0,54.3,2008,en,['United States of America']
The Amazing Maurice (2022),0,93,"['Adventure,Animation,Comedy']",6.2,6090,105,21131530.0,4303645.0,20.4,16827885.0,79.6,2022,en,"['Belgium', 'Canada', 'Germany', 'United Kingdom']"
Meet the Browns (2008),0,100,"['Comedy,Drama,Romance']",4.5,7428,120,41975388.0,41975388.0,100.0,0.0,0.0,2008,en,['United States of America']
Parental Guidance (2012),0,105,"['Comedy,Family']",6.0,27062,64,119772232.0,77267296.0,64.5,42504936.0,35.5,2012,en,['United States of America']
I Hate Summer (2020),0,110,['Comedy'],6.7,3921,122,8926071.0,0.0,0.0,8926071.0,100.0,2020,it,['Italy']
Up (2009),0,96,"['Adventure,Animation,Comedy']",8.3,1168638,6,735099082.0,293004164.0,39.9,442094918.0,60.1,2009,en,['United States of America']
Lost Illusions (2021),0,149,"['Drama,Romance']",7.4,6930,182,8635184.0,126391.0,1.5,8508793.0,98.5,2021,fr,"['Belgium', 'France']"
The Battle: Roar to Victory (2019),0,135,"['Action,Drama,History']",6.4,988,145,34148707.0,0.0,0.0,34148707.0,100.0,2019,ko,['South Korea']
Goosebumps (2015),0,103,"['Adventure,Comedy,Fantasy']",6.3,98245,48,158260952.0,80080379.0,50.6,78180573.0,49.4,2015,en,['United States of America']
The Invisible Man (2020),0,124,"['Drama,Horror,Mystery']",7.1,268499,15,144492724.0,70410000.0,48.7,74082724.0,51.3,2020,en,"['Australia', 'United States of America']"
Mt. Tsurugidake (2009),0,139,"['Adventure,Drama']",6.8,226,168,25134437.0,0.0,0.0,25134437.0,100.0,2009,ja,['Japan']
The Call (2013),0,112,"['Crime,Mystery,Sci-Fi']",7.1,47495,101,68572631.0,51872378.0,75.6,16700253.0,24.4,2013,en,['United States of America']
The Hunger Games: The Ballad of Songbirds & Snakes (2023),0,157,"['Action,Adventure,Drama']",6.7,152832,22,348900019.0,166350594.0,47.7,182549425.0,52.3,2023,en,"['Germany', 'United States of America']"
The Imaginarium of Doctor Parnassus (2009),0,123,"['Adventure,Comedy,Fantasy']",6.8,155490,89,61808775.0,7689607.0,12.4,54119168.0,87.6,2009,en,"['Canada', 'France', 'United Kingdom']"
Baba Parasi (2020),0,116,['Comedy'],4.6,3754,182,5084342.0,0.0,0.0,5084342.0,100.0,2020,tr,['Turkey']
Life as We Know It (2010),0,114,"['Comedy,Drama,Romance']",6.5,141354,63,105734416.0,53374681.0,50.5,52359735.0,49.5,2010,en,['United States of America']
Painted Skin (2008),0,103,"['Action,Drama,Fantasy']",6.3,5409,136,37579689.0,0.0,0.0,37579689.0,100.0,2008,zh,"['China', 'Hong Kong', 'Singapore']"
Something About Love (2021),0,105,"['Comedy,Romance']",5.5,448,139,15204017.0,0.0,0.0,15204017.0,100.0,2021,,[]
Transformers: Revenge of the Fallen (2009),0,149,"['Action,Adventure,Sci-Fi']",6.0,438939,4,836303693.0,402111870.0,48.1,434191823.0,51.9,2009,en,['United States of America']
Paco and the Magical Book (2008),0,105,"['Comedy,Drama,Family']",6.9,528,184,22679633.0,0.0,0.0,22679633.0,100.0,2008,ja,['Japan']
Only Cloud Knows (2019),0,132,"['Drama,Romance']",6.1,396,183,23414998.0,0.0,0.0,23414998.0,100.0,2019,zh,['China']
Invictus (2009),0,134,"['Biography,Drama,History']",7.3,170533,48,122233971.0,37491364.0,30.7,84742607.0,69.3,2009,en,['United States of America']
Uncharted (2022),0,79,['Horror'],2.1,577,13,407141258.0,148648820.0,36.5,258492438.0,63.5,2022,en,['United States of America']
The Choice (2016),0,65,['Documentary'],6.6,7,199,23064015.0,18730891.0,81.2,4333124.0,18.8,2016,en,['United States of America']
AI Amok (2020),0,133,"['Sci-Fi,Thriller']",5.3,211,130,7932191.0,0.0,0.0,7932191.0,100.0,2020,ja,['Japan']
The Invention of Lying (2009),0,100,"['Comedy,Fantasy,Romance']",6.4,152884,145,32406507.0,18451251.0,56.9,13955256.0,43.1,2009,en,['United States of America']
Doraemon the Movie: Nobita's New Dinosaur (2020),0,110,"['Adventure,Animation,Comedy']",7.0,1613,47,34218525.0,0.0,0.0,34218525.0,100.0,2020,ja,['Japan']
Ossan's Love: Love or Dead (2019),0,114,"['Comedy,Drama,Romance']",6.0,347,182,23422744.0,0.0,0.0,23422744.0,100.0,2019,ja,['Japan']
Eagle Eye (2008),0,118,"['Action,Mystery,Thriller']",6.6,197775,38,178767383.0,101440743.0,56.7,77326640.0,43.3,2008,en,"['Germany', 'United Kingdom', 'United States of America']"
Cloverfield (2008),0,85,"['Action,Horror,Sci-Fi']",7.0,431083,39,172394180.0,80048433.0,46.4,92345747.0,53.6,2008,en,['United States of America']
My Mom is a Character 3 (2020),0,111,['Comedy'],7.1,3085,46,34360029.0,0.0,0.0,34360029.0,100.0,2020,,[]
#Alive (2020),0,98,"['Action,Drama,Horror']",6.3,50792,88,13432212.0,0.0,0.0,13432212.0,100.0,2020,en,['Canada']
Ne Zha (2019),0,110,"['Action,Adventure,Animation']",7.4,10046,12,726024868.0,3695533.0,0.5,722329335.0,99.5,2019,zh,['China']
Contra (2021),0,108,['Comedy'],6.8,3580,192,7762797.0,0.0,0.0,7762797.0,100.0,2021,de,['Germany']
Minari (2021),0,115,['Drama'],7.4,102451,138,15288578.0,3110580.0,20.3,12177998.0,79.7,2021,en,['United States of America']
The Wave (2008),0,107,"['Drama,Thriller']",7.6,117698,149,32350637.0,0.0,0.0,32350637.0,100.0,2008,de,['Germany']
Babylon (2022),0,189,"['Comedy,Drama,History']",7.1,189836,57,64960676.0,15351455.0,23.6,49609221.0,76.4,2022,en,['United States of America']
Thor: Love and Thunder (2022),0,118,"['Action,Adventure,Comedy']",6.2,425967,8,760928081.0,343256830.0,45.1,417671251.0,54.9,2022,en,['United States of America']
Welcome to the Sticks (2008),0,106,"['Comedy,Romance']",7.1,46082,24,245144417.0,0.0,0.0,245144417.0,100.0,2008,fr,['France']
50/50 (2011),0,62,"['Comedy,Drama,Horror']",3.5,20,124,41097853.0,35014192.0,85.2,6083661.0,14.8,2011,en,['Australia']
Boyhood (2014),0,165,['Drama'],7.9,373981,131,48137666.0,25352281.0,52.7,22785385.0,47.3,2014,en,['United States of America']
The Peasants (2023),0,114,"['Animation,Drama,History']",7.6,7711,187,10064347.0,155188.0,1.5,9909159.0,98.5,2023,pl,"['Lithuania', 'Poland', 'Serbia']"
Natale in crociera (2007),0,105,['Comedy'],4.1,1286,121,37350000.0,0.0,0.0,37350000.0,100.0,2007,it,['Italy']
It Ends with Us (2024),0,130,"['Drama,Romance']",6.4,76592,15,350993761.0,148518266.0,42.3,202475495.0,57.7,2024,en,['United States of America']
Ducobu 3 (2020),0,94,"['Comedy,Family']",4.2,287,96,12157793.0,0.0,0.0,12157793.0,100.0,2020,fr,['France']
Halloween Kills (2021),0,105,"['Action,Drama,Horror']",5.5,103065,36,131647155.0,92002155.0,69.9,39645000.0,30.1,2021,en,['United States of America']
Halloween Ends (2022),0,111,"['Drama,Horror,Mystery']",5.0,77503,40,104374176.0,64079860.0,61.4,40294316.0,38.6,2022,en,['United States of America']
Leap (2020),0,135,"['Biography,Drama,Sport']",6.6,1500,57,25818882.0,83074.0,0.3,25735808.0,99.7,2020,en,['United Kingdom']
Water for Elephants (2011),0,120,"['Drama,Romance']",6.9,121971,66,117094902.0,58709717.0,50.1,58385185.0,49.9,2011,en,['United States of America']
The Marvels (2023),0,105,"['Action,Adventure,Fantasy']",5.5,144361,35,206136825.0,84500223.0,41.0,121636602.0,59.0,2023,en,['United States of America']
A Fish Tale (2001),0,52,['Documentary'],7.8,14,199,5595327.0,563911.0,10.1,5031416.0,89.9,2001,da,"['Denmark', 'France', 'Germany', 'Ireland', 'United Kingdom']"
I've Loved You So Long (2008),0,117,['Drama'],7.6,20868,186,22272176.0,3169305.0,14.2,19102871.0,85.8,2008,fr,"['Germany', 'France']"
Yes Man (2008),0,104,"['Comedy,Romance']",6.8,392329,30,223241637.0,97690976.0,43.8,125550661.0,56.2,2008,en,"['United Kingdom', 'United States of America']"
Nobody (2021),0,88,"['Crime,Horror,Mystery']",4.5,577,60,57510518.0,27568035.0,47.9,29942483.0,52.1,2021,en,['United States of America']
Departures (2008),0,130,['Drama'],8.0,56045,83,70442129.0,1498210.0,2.1,68943919.0,97.9,2008,ja,['Japan']
K.G.F: Chapter 2 (2022),0,166,"['Action,Crime,Drama']",8.2,157429,44,89123940.0,2874000.0,3.2,86249940.0,96.8,2022,kn,['India']
Bachchhan Paandey (2022),0,147,"['Action,Comedy,Crime']",5.0,36909,191,7387882.0,0.0,0.0,7387882.0,100.0,2022,hi,['India']
Ponniyin Selvan: Part I (2022),0,167,"['Action,Drama']",7.6,37460,99,21888295.0,4282000.0,19.6,17606295.0,80.4,2022,ta,['India']
Public Enemy Returns (2008),0,127,"['Action,Comedy,Crime']",6.3,540,165,27226420.0,0.0,0.0,27226420.0,100.0,2008,ko,['South Korea']
Mao's Last Dancer (2009),0,117,"['Biography,Drama,Music']",7.3,8406,173,23914731.0,4817770.0,20.1,19096961.0,79.9,2009,en,"['Australia', 'China']"
Ghost Rider: Spirit of Vengeance (2012),0,96,"['Action,Fantasy,Thriller']",4.3,129511,58,132563930.0,51774002.0,39.1,80789928.0,60.9,2012,en,"['United Arab Emirates', 'United States of America']"
Arthur the King (2024),0,107,"['Adventure,Drama,Sport']",7.0,32780,66,40815190.0,25049006.0,61.4,15766184.0,38.6,2024,en,"['Canada', 'United States of America']"
The Bad Guys: The Movie (2019),0,114,"['Action,Crime,Thriller']",6.2,2667,146,34024386.0,166972.0,0.5,33857414.0,99.5,2019,ko,['South Korea']
Winchester (2018),0,99,"['Biography,Fantasy,Horror']",5.5,37945,134,44019588.0,25091816.0,57.0,18927772.0,43.0,2018,en,"['Australia', 'United States of America']"
Don't Worry Darling (2022),0,123,"['Drama,Mystery,Thriller']",6.3,161928,45,87609403.0,45309403.0,51.7,42300000.0,48.3,2022,en,['United States of America']
The Legend of Hei (2019),0,101,"['Action,Adventure,Animation']",7.3,2561,123,48507082.0,0.0,0.0,48507082.0,100.0,2019,zh,['China']
Meet the Spartans (2008),0,87,"['Comedy,Fantasy']",2.8,112995,71,85897593.0,38233676.0,44.5,47663917.0,55.5,2008,en,['United States of America']
Shin Ultraman (2022),0,112,"['Action,Adventure,Drama']",6.4,4267,79,32137136.0,601490.0,1.9,31535646.0,98.1,2022,ja,['Japan']
Delicious (2021),0,112,"['Comedy,Drama,History']",7.0,6450,186,8371523.0,0.0,0.0,8371523.0,100.0,2021,fr,"['Belgium', 'France']"
"Sorry, If I Love You (2008)",0,103,['Romance'],6.1,5541,177,23249815.0,0.0,0.0,23249815.0,100.0,2008,it,['Italy']
Skyfall (2012),0,143,"['Action,Adventure,Thriller']",7.8,746691,2,1108561013.0,304360277.0,27.5,804200736.0,72.5,2012,en,"['United Kingdom', 'United States of America']"
Land of Legends (2022),0,160,"['Drama,Fantasy']",5.8,607,161,10357479.0,0.0,0.0,10357479.0,100.0,2022,ru,['Russia']
Race to Witch Mountain (2009),0,98,"['Action,Adventure,Family']",5.7,64335,53,106387141.0,67172594.0,63.1,39214547.0,36.9,2009,en,['United States of America']
Gintama: The Final (2021),0,104,"['Action,Animation,Comedy']",8.5,3338,127,17252960.0,0.0,0.0,17252960.0,100.0,2021,ja,['Japan']
Next Goal Wins (2023),0,104,"['Comedy,Drama,Sport']",6.5,28275,134,18648802.0,6713826.0,36.0,11934976.0,64.0,2023,en,"['New Zealand', 'United Kingdom', 'United States of America']"
Boy (2010),0,129,"['Comedy,Drama']",7.1,781,130,43551154.0,256211.0,0.6,43294943.0,99.4,2010,en,"['New Zealand', 'United States of America']"
"Grande, grosso e... Verdone (2008)",0,135,['Comedy'],5.5,1588,190,21860130.0,0.0,0.0,21860130.0,100.0,2008,it,['Italy']
The Magic Hour (2008),0,136,['Comedy'],7.1,1776,140,36023586.0,0.0,0.0,36023586.0,100.0,2008,ja,['Japan']
Sarileru Neekevvaru (2020),0,169,"['Action,Comedy,Drama']",5.8,9436,42,37389889.0,821000.0,2.2,36568889.0,97.8,2020,te,['India']
Dark Shadows (2012),0,113,"['Comedy,Fantasy,Horror']",6.2,286816,32,245527149.0,79727149.0,32.5,165800000.0,67.5,2012,en,"['United Kingdom', 'United States of America']"
My Sister's Keeper (2009),0,109,"['Drama,Family']",7.3,100431,62,95714875.0,49200230.0,51.4,46514645.0,48.6,2009,en,['United States of America']
Night at the Museum: Battle of the Smithsonian (2009),0,105,"['Adventure,Comedy,Family']",6.0,219124,12,413106170.0,177243721.0,42.9,235862449.0,57.1,2009,en,"['United States of America', 'Canada']"
Couples Retreat (2009),0,113,['Comedy'],5.5,117603,37,171844840.0,109204945.0,63.5,62639895.0,36.5,2009,en,['United States of America']
Ice Age: Dawn of the Dinosaurs (2009),0,94,"['Adventure,Animation,Comedy']",6.9,273337,3,886686817.0,196573705.0,22.2,690113112.0,77.8,2009,en,['United States of America']
How I Became a Gangster (2020),0,140,"['Crime,Drama']",6.9,5151,166,5975729.0,0.0,0.0,5975729.0,100.0,2020,pl,['Poland']
Valimai (2022),0,178,"['Action,Crime,Drama']",6.0,21037,143,13276393.0,0.0,0.0,13276393.0,100.0,2022,ta,['India']
The Kashmir Files (2022),0,170,['Drama'],8.5,575895,91,24821898.0,1485000.0,6.0,23336898.0,94.0,2022,hi,['India']
The (UN)perfect Guy (2020),0,92,"['Comedy,Romance,Sci-Fi']",3.3,858,142,7154649.0,0.0,0.0,7154649.0,100.0,2020,,[]
Fighting (2009),0,105,"['Action,Crime,Drama']",5.6,34619,144,32482728.0,23091010.0,71.1,9391718.0,28.9,2009,en,"['United Kingdom', 'United States of America']"
Quarantine (2008),0,89,"['Horror,Sci-Fi,Thriller']",6.0,79898,126,41319906.0,31691811.0,76.7,9628095.0,23.3,2008,en,"['Spain', 'United States of America']"
Eddie the Eagle (2016),0,106,"['Adventure,Biography,Comedy']",7.3,103534,133,46152800.0,15789389.0,34.2,30363411.0,65.8,2016,en,"['Germany', 'United Kingdom', 'United States of America']"
Mayday (2020),0,114,"['Comedy,Romance']",5.3,584,185,5011408.0,0.0,0.0,5011408.0,100.0,2020,pl,['Poland']
The Matrix Resurrections (2021),0,148,"['Action,Sci-Fi']",5.6,290817,28,157386805.0,37686805.0,23.9,119700000.0,76.1,2021,en,['United States of America']
Lights Out (2016),0,0,['Drama'],6.3,19,60,149368835.0,67268835.0,45.0,82100000.0,55.0,2016,en,['United States of America']
Bill & Ted Face the Music (2020),0,91,"['Adventure,Comedy,Music']",5.9,54467,160,6274027.0,3439660.0,54.8,2834367.0,45.2,2020,en,"['Bahamas', 'Canada', 'United States of America']"
Fan (2016),0,145,['Drama'],6.8,1129,172,28240000.0,2300000.0,8.1,25940000.0,91.9,2016,hi,['India']
Blended (2014),0,117,"['Comedy,Romance']",6.5,150391,61,127994610.0,46294610.0,36.2,81700000.0,63.8,2014,en,['United States of America']
Safe (2012),0,144,"['Action,Crime,Thriller']",5.9,1353,126,41564670.0,17142080.0,41.2,24422590.0,58.8,2012,en,"['India', 'United States of America']"
Spider-Man: No Way Home (2021),0,148,"['Action,Adventure,Fantasy']",8.2,934653,1,1910982770.0,804793477.0,42.1,1106189293.0,57.9,2021,en,['United States of America']
De Gaulle (2020),0,108,"['Biography,Drama,History']",6.1,2156,137,7501454.0,0.0,0.0,7501454.0,100.0,2020,fr,['France']
365 Days (2020),0,114,"['Drama,Romance']",3.3,102809,116,9458590.0,0.0,0.0,9458590.0,100.0,2020,pl,['Poland']
Lone Survivor (2013),0,121,"['Action,Biography,Drama']",7.5,313922,49,154802912.0,125095601.0,80.8,29707311.0,19.2,2013,en,['United States of America']
The Crimes That Bind (2018),0,99,"['Crime,Drama,Thriller']",6.7,4686,194,23144130.0,0.0,0.0,23144130.0,100.0,2018,ja,['Japan']
Howling Village (2020),0,108,"['Horror,Mystery,Thriller']",5.0,1526,89,13394556.0,0.0,0.0,13394556.0,100.0,2020,ja,['Japan']
Freaky (2020),0,102,"['Comedy,Horror,Thriller']",6.3,76917,74,18073433.0,9030855.0,50.0,9042578.0,50.0,2020,en,['United States of America']
Paul (2011),0,104,"['Adventure,Comedy,Sci-Fi']",6.9,272407,71,97984015.0,37412945.0,38.2,60571070.0,61.8,2011,en,"['United Kingdom', 'United States of America']"
Ice 2 (2020),0,132,"['Drama,Romance,Sport']",6.4,971,68,19788995.0,0.0,0.0,19788995.0,100.0,2020,ru,['Russia']
The Darkest Hour (2011),0,89,"['Action,Adventure,Horror']",4.9,64709,96,64626786.0,21443494.0,33.2,43183292.0,66.8,2011,en,"['United States of America', 'Russia']"
Money (2017),0,90,"['Comedy,Drama']",7.3,44,188,25403753.0,0.0,0.0,25403753.0,100.0,2017,en,['United States of America']
Confessions of a Shopaholic (2009),0,104,"['Comedy,Romance']",5.9,84978,52,108394089.0,44277350.0,40.8,64116739.0,59.2,2009,en,['United States of America']
The Wolf and the Lion (2021),0,99,"['Adventure,Drama,Family']",6.2,4327,116,19510578.0,2072173.0,10.6,17438405.0,89.4,2021,en,"['Canada', 'France']"
The Heist of the Century (2020),0,114,"['Action,Biography,Comedy']",7.1,11290,136,7627100.0,0.0,0.0,7627100.0,100.0,2020,es,"['Argentina', 'United States of America']"
New in Town (2009),0,97,"['Comedy,Romance']",5.7,25644,156,29010817.0,16734283.0,57.7,12276534.0,42.3,2009,en,['United States of America']
Malasaña 32 (2020),0,104,"['Horror,Mystery']",5.6,6243,120,8968845.0,0.0,0.0,8968845.0,100.0,2020,es,['Spain']
Ant-Man and the Wasp: Quantumania (2023),0,124,"['Action,Adventure,Comedy']",6.0,246032,15,476071180.0,214504909.0,45.1,261566271.0,54.9,2023,en,['United States of America']
Old (2021),0,108,"['Drama,Horror,Mystery']",5.8,173879,47,90146510.0,48276510.0,53.6,41870000.0,46.4,2021,en,"['China', 'Japan', 'United States of America']"
Nope (2022),0,130,"['Horror,Mystery,Sci-Fi']",6.8,294466,27,171235592.0,123277080.0,72.0,47958512.0,28.0,2022,en,['United States of America']
Dragonball Evolution (2009),0,85,"['Action,Adventure,Fantasy']",2.5,80883,97,55720772.0,9362785.0,16.8,46357987.0,83.2,2009,en,"['Hong Kong', 'United Kingdom', 'United States of America']"
If I Were You 2 (2009),0,96,"['Comedy,Fantasy']",5.6,3281,171,24415116.0,0.0,0.0,24415116.0,100.0,2009,pt,['Brazil']
Shorts (2009),0,89,"['Adventure,Comedy,Family']",4.7,8202,158,28972508.0,20919166.0,72.2,8053342.0,27.8,2009,en,"['United Arab Emirates', 'United States of America']"
Breakthrough (2019),0,90,"['Drama,War']",4.9,286,116,50444358.0,40713082.0,80.7,9731276.0,19.3,2019,en,['United States of America']
Admiral (2008),0,124,"['Biography,Drama,History']",6.6,8794,132,39143985.0,0.0,0.0,39143985.0,100.0,2008,ru,['Russia']
"My Donkey, My Lover & I (2020)",0,96,"['Adventure,Comedy,Romance']",6.5,4095,129,7974769.0,152184.0,1.9,7821615.0,98.1,2020,fr,"['Belgium', 'France']"
The Promised Neverland (2020),0,119,"['Action,Adventure,Drama']",5.5,904,75,17710977.0,0.0,0.0,17710977.0,100.0,2020,ja,['Japan']
Killers (2010),0,100,"['Action,Comedy,Romance']",5.5,97767,68,98159963.0,47059963.0,47.9,51100000.0,52.1,2010,en,['United States of America']
Demon Slayer: Kimetsu no Yaiba - The Movie: Mugen Train (2020),0,117,"['Action,Adventure,Animation']",8.2,81403,1,473230408.0,49505008.0,10.5,423725400.0,89.5,2020,ja,['Japan']
Kaiserschmarrndrama (2021),0,96,"['Comedy,Crime']",6.9,1600,163,10357720.0,0.0,0.0,10357720.0,100.0,2021,de,['Germany']
Crazy Romance (2019),0,115,"['Comedy,Drama,Romance']",6.2,1006,190,21386368.0,0.0,0.0,21386368.0,100.0,2019,ko,['South Korea']
Sister (2021),0,97,['Drama'],6.5,311,38,128317206.0,0.0,0.0,128317206.0,100.0,2021,ko,['South Korea']
Your Eyes Tell (2020),0,123,"['Drama,Romance']",7.3,2134,128,8020474.0,0.0,0.0,8020474.0,100.0,2020,ja,['Japan']
Kim Ji-young: Born 1982 (2019),0,118,['Drama'],7.3,4571,164,27696393.0,0.0,0.0,27696393.0,100.0,2019,ko,['South Korea']
Madame Web (2024),0,116,"['Action,Adventure,Sci-Fi']",4.0,97870,36,100498764.0,43817106.0,43.6,56681658.0,56.4,2024,en,['United States of America']
The Heat (2013),0,67,"['Comedy,Drama,Romance']",6.1,14,35,229930771.0,159582188.0,69.4,70348583.0,30.6,2013,en,"['United Kingdom', 'United States of America']"
White Bird (2024),0,121,"['Biography,Drama,Family']",7.3,4976,177,8799528.0,5069171.0,57.6,3730357.0,42.4,2024,en,['United States of America']
Pandora (2016),0,97,['Drama'],5.9,60,160,30896701.0,0.0,0.0,30896701.0,100.0,2016,ko,[]
Dog (2022),0,90,['Horror'],4.7,74,47,84550282.0,61778069.0,73.1,22772213.0,26.9,2022,en,['United States of America']
A Witness Out of the Blue (2019),0,104,"['Crime,Mystery,Thriller']",6.1,719,141,37092694.0,0.0,0.0,37092694.0,100.0,2019,cn,"['China', 'Hong Kong']"
Stand by Me (2021),0,103,"['Comedy,Romance']",5.8,91,157,11900000.0,0.0,0.0,11900000.0,100.0,2021,ja,['Japan']
Wrath of Man (2021),0,119,"['Action,Crime,Thriller']",7.1,220732,43,103966489.0,27466489.0,26.4,76500000.0,73.6,2021,en,"['United Kingdom', 'United States of America']"
Spirit Untamed (2021),0,88,"['Adventure,Animation,Comedy']",5.5,5037,73,42717215.0,17716215.0,41.5,25001000.0,58.5,2021,en,['United States of America']
My Dear Liar (2019),0,116,['Drama'],6.3,373,159,31177968.0,90545.0,0.3,31087423.0,99.7,2019,zh,['China']
Paddington (2014),0,95,"['Adventure,Comedy,Family']",7.3,143956,32,268047808.0,76271832.0,28.5,191775976.0,71.5,2014,en,"['France', 'United Kingdom', 'United States of America']"
My Hero Academia: Heroes Rising (2019),0,104,"['Action,Adventure,Animation']",7.8,10795,161,29971229.0,13304000.0,44.4,16667229.0,55.6,2019,ja,['Japan']
The Taking of Pelham 123 (2009),0,106,"['Action,Crime,Thriller']",6.4,211833,40,150166126.0,65452312.0,43.6,84713814.0,56.4,2009,en,"['United Kingdom', 'United States of America']"
The Addams Family 2 (2021),0,93,"['Adventure,Animation,Comedy']",5.4,16470,40,119815153.0,56489153.0,47.1,63326000.0,52.9,2021,en,"['Canada', 'United States of America']"
The Northman (2022),0,137,"['Action,Adventure,Drama']",7.0,274196,55,69633110.0,34233110.0,49.2,35400000.0,50.8,2022,en,['United States of America']
Creed III (2023),0,116,"['Action,Drama,Sport']",6.7,98894,26,276148615.0,156248615.0,56.6,119900000.0,43.4,2023,en,['United States of America']
Hannah Montana: The Movie (2009),0,102,"['Comedy,Drama,Family']",4.7,46966,39,155545279.0,79576189.0,51.2,75969090.0,48.8,2009,en,['United States of America']
Paul Blart: Mall Cop (2009),0,91,"['Action,Comedy,Crime']",5.3,120273,35,183348429.0,146336178.0,79.8,37012251.0,20.2,2009,en,['United States of America']
IF (2024),0,104,"['Animation,Comedy,Drama']",6.4,55488,25,190309707.0,111149917.0,58.4,79159790.0,41.6,2024,en,['United States of America']
Jackass 3D (2010),0,94,"['Action,Comedy,Documentary']",7.0,69619,41,171685792.0,117229692.0,68.3,54456100.0,31.7,2010,en,['United States of America']
Somewhere Winter (2019),0,125,['Drama'],5.9,142,155,32218990.0,0.0,0.0,32218990.0,100.0,2019,zh,['China']
Jiang Ziya (2020),0,110,"['Action,Adventure,Animation']",6.5,2408,8,240646355.0,214670.0,0.0,240431685.0,99.9,2020,zh,['China']
Sisu (2023),0,55,['Documentary'],5.1,36,154,14281199.0,7265622.0,50.9,7015577.0,49.1,2023,fi,"['Finland', 'United Kingdom', 'United States of America']"
The Hustle (2019),0,97,['Comedy'],4.6,418,77,97409779.0,35417038.0,36.4,61992741.0,63.6,2019,en,"['Spain', 'United States of America']"
The Hangover (2009),0,100,['Comedy'],7.7,877165,10,468812793.0,277322503.0,59.2,191490290.0,40.8,2009,en,['United States of America']
She Said (2022),0,129,"['Drama,History']",7.3,45392,139,13944212.0,5825995.0,41.8,8118217.0,58.2,2022,en,"['United States of America', 'Japan']"
Bheeshma (2020),0,150,"['Action,Comedy,Romance']",6.6,5019,186,4997080.0,0.0,0.0,4997080.0,100.0,2020,te,['India']
The Duke (2022),0,95,"['Biography,Comedy,Crime']",6.9,14882,137,14233027.0,1526970.0,10.7,12700247.0,89.2,2022,en,"['France', 'United Kingdom']"
30 jours max (2020),0,87,"['Action,Comedy,Crime']",5.5,2159,100,11007713.0,0.0,0.0,11007713.0,100.0,2020,fr,['France']
Sheep Without a Shepherd (2019),0,112,"['Crime,Drama,Thriller']",6.8,2038,47,191602146.0,0.0,0.0,191602146.0,100.0,2019,zh,['China']
Asterix & Obelix: The Middle Kingdom (2023),0,112,"['Adventure,Comedy,Family']",5.1,11724,84,46497678.0,0.0,0.0,46497678.0,100.0,2023,fr,"['Belgium', 'France']"
Seventh Son (2014),0,102,"['Action,Adventure,Fantasy']",5.5,81777,66,114178613.0,17223265.0,15.1,96955348.0,84.9,2014,en,"['China', 'Canada', 'United States of America', 'United Kingdom']"
House of Gucci (2021),0,158,"['Biography,Crime,Drama']",6.6,166895,30,153269161.0,53809574.0,35.1,99459587.0,64.9,2021,en,"['Canada', 'United States of America']"
We Made a Beautiful Bouquet (2021),0,124,"['Drama,Romance']",7.5,4231,85,35042879.0,0.0,0.0,35042879.0,100.0,2021,ja,['Japan']
Crank: High Voltage (2009),0,96,"['Action,Thriller']",6.1,162644,140,34572541.0,13684249.0,39.6,20888292.0,60.4,2009,en,['United States of America']
Detective Dee: The Mystery of the Phantom Flame (2010),0,119,"['Action,Adventure,Drama']",6.6,12088,111,51899269.0,459836.0,0.9,51439433.0,99.1,2010,zh,"['China', 'Hong Kong']"
The Exorcism (2024),0,95,"['Horror,Thriller']",4.2,10821,164,9659440.0,4530418.0,46.9,5129022.0,53.1,2024,en,['United States of America']
The Ides of March (2011),0,101,"['Drama,Thriller']",7.1,234504,88,76338111.0,40962534.0,53.7,35375577.0,46.3,2011,en,['United States of America']
Free State of Jones (2016),0,139,"['Action,Biography,Drama']",6.9,65771,184,25035950.0,20810036.0,83.1,4225914.0,16.9,2016,en,"['China', 'South Korea', 'United States of America']"
Rise (2022),0,113,"['Biography,Drama,Sport']",7.0,8648,157,11252331.0,0.0,0.0,11252331.0,100.0,2022,en,"['Greece', 'United States of America']"
Masked Ward (2020),0,114,['Thriller'],5.7,418,180,5107013.0,0.0,0.0,5107013.0,100.0,2020,ja,['Japan']
The Wrestler (2008),0,109,"['Drama,Sport']",7.9,324325,110,44734660.0,26238243.0,58.7,18496417.0,41.3,2008,en,"['United States of America', 'France']"
Big Eyes (2014),0,106,"['Biography,Crime,Drama']",7.0,101803,182,29253166.0,14482031.0,49.5,14771135.0,50.5,2014,en,"['Canada', 'United States of America']"
Burlesque (2010),0,119,"['Drama,Music,Musical']",6.4,95809,72,89519773.0,39440655.0,44.1,50079118.0,55.9,2010,en,['United States of America']
Morning Glory (2010),0,107,"['Comedy,Drama,Romance']",6.5,85073,104,60040976.0,31011732.0,51.7,29029244.0,48.3,2010,en,['United States of America']
Licorice Pizza (2021),0,133,"['Comedy,Drama,Romance']",7.1,146032,87,33276075.0,17318007.0,52.0,15958068.0,48.0,2021,en,"['Canada', 'United States of America']"
Drag Me to Hell (2009),0,99,['Horror'],6.6,223249,68,90842646.0,42100625.0,46.3,48742021.0,53.7,2009,en,['United States of America']
Almost a Comedy (2019),0,111,['Drama'],6.7,714,166,26990962.0,0.0,0.0,26990962.0,100.0,2019,zh,['China']
Hannah Montana and Miley Cyrus: Best of Both Worlds Concert (2008),0,74,"['Documentary,Music']",2.7,12231,82,70642966.0,65281781.0,92.4,5361185.0,7.6,2008,en,['United States of America']
Love You Forever (2020),0,115,"['Drama,Fantasy,Romance']",6.5,210,25,60670799.0,0.0,0.0,60670799.0,100.0,2020,zh,"['China', 'Czech Republic', 'Hong Kong']"
Ashfall (2019),0,130,"['Action,Sci-Fi,Thriller']",6.2,6509,103,61354854.0,372562.0,0.6,60982292.0,99.4,2019,ko,['South Korea']
Unbroken (2014),0,94,['Documentary'],7.4,19,52,161459297.0,115637895.0,71.6,45821402.0,28.4,2014,en,['United States of America']
The Unbearable Weight of Massive Talent (2022),0,107,"['Action,Comedy,Crime']",7.0,166795,83,29116320.0,20300157.0,69.7,8816163.0,30.3,2022,en,['United States of America']
Fireproof (2008),0,122,"['Drama,Romance']",6.5,24766,145,33473297.0,33456317.0,99.9,16980.0,0.0,2008,en,['United States of America']
Transporter 3 (2008),0,104,"['Action,Thriller']",6.1,180574,60,108979549.0,31715062.0,29.1,77264487.0,70.9,2008,en,"['France', 'United States of America']"
Amelia (2009),0,111,"['Adventure,Biography,Drama']",5.8,13905,193,19643086.0,14246488.0,72.5,5396598.0,27.5,2009,en,['United States of America']
The Informant! (2009),0,108,"['Biography,Comedy,Crime']",6.5,68474,119,41771168.0,33316821.0,79.8,8454347.0,20.2,2009,en,['United States of America']
Beast (2022),0,155,"['Action,Comedy,Crime']",5.2,37950,59,59095809.0,31846530.0,53.9,27249279.0,46.1,2022,en,"['Iceland', 'United States of America']"
Wish (2023),0,95,"['Adventure,Animation,Comedy']",5.6,45452,30,254997360.0,63973821.0,25.1,191023539.0,74.9,2023,en,['United States of America']
Back to the Wharf (2020),0,118,"['Crime,Drama,Romance']",6.1,328,143,7090000.0,0.0,0.0,7090000.0,100.0,2020,zh,['China']
Shutter Island (2010),0,138,"['Drama,Mystery,Thriller']",8.2,1528638,22,294804195.0,128012934.0,43.4,166791261.0,56.6,2010,en,['United States of America']
Joker: Folie à Deux (2024),0,138,"['Drama,Musical,Thriller']",5.2,152833,23,206400287.0,58300287.0,28.2,148100000.0,71.8,2024,en,['United States of America']
The Boat That Rocked (2009),0,117,"['Comedy,Drama,Music']",7.3,117892,136,36348784.0,8017917.0,22.1,28330867.0,77.9,2009,en,"['United Kingdom', 'France', 'Germany', 'United States of America']"
Jennifer's Body (2009),0,102,"['Comedy,Horror']",5.5,159744,147,31556061.0,16204793.0,51.4,15351268.0,48.6,2009,en,['United States of America']
On Your Mark (2021),0,104,"['Comedy,Drama,Sport']",6.7,92,155,12100000.0,0.0,0.0,12100000.0,100.0,2021,zh,['China']
Ayyappanum Koshiyum (2020),0,177,"['Action,Drama,Thriller']",8.0,11420,181,5088713.0,0.0,0.0,5088713.0,100.0,2020,ml,['India']
The Girl with the Dragon Tattoo (2009),0,152,"['Crime,Drama,Mystery']",7.8,226089,55,104414200.0,10095170.0,9.7,94319030.0,90.3,2009,sv,"['Denmark', 'Germany', 'Norway', 'Sweden']"
The Girl with the Dragon Tattoo (2011),0,152,"['Crime,Drama,Mystery']",7.8,226089,26,232617430.0,102515793.0,44.1,130101637.0,55.9,2011,en,"['Sweden', 'United States of America']"
Saw V (2008),0,92,"['Horror,Thriller']",5.8,142401,56,113864059.0,56746769.0,49.8,57117290.0,50.2,2008,en,['United States of America']
Detective Conan: Magician of the Silver Sky (2004),0,108,"['Action,Animation,Comedy']",7.0,2528,135,22618511.0,0.0,0.0,22618511.0,100.0,2004,ja,['Japan']
Detective Conan: Crossroad in the Ancient Capital (2003),0,108,"['Action,Adventure,Animation']",7.1,2677,128,24342320.0,0.0,0.0,24342320.0,100.0,2003,ja,['Japan']
Detective Conan: Strategy Above the Depths (2005),0,108,"['Action,Adventure,Animation']",7.0,2199,172,18723952.0,0.0,0.0,18723952.0,100.0,2005,ja,['Japan']
Green Lantern (2011),0,114,"['Action,Adventure,Sci-Fi']",5.5,302085,25,237201172.0,116601172.0,49.2,120600000.0,50.8,2011,en,['United States of America']
Takers (2010),0,107,"['Action,Crime,Drama']",6.2,66975,91,69055695.0,57744720.0,83.6,11310975.0,16.4,2010,en,['United States of America']
I Don't Have Any Money Left in My Retirement Account (2021),0,115,"['Comedy,Drama,Family']",6.6,171,187,8204616.0,0.0,0.0,8204616.0,100.0,2021,ja,['Japan']
Julie & Julia (2009),0,123,"['Biography,Drama,Romance']",7.0,131698,43,129540522.0,94125426.0,72.7,35415096.0,27.3,2009,en,['United States of America']
Renfield (2023),0,93,"['Action,Comedy,Fantasy']",6.4,108325,116,26493921.0,17297895.0,65.3,9196026.0,34.7,2023,en,['United States of America']
The Man Standing Next (2020),0,114,['Thriller'],7.0,4563,45,34664900.0,113527.0,0.3,34551373.0,99.7,2020,ko,['South Korea']
Le Grand Chef (2007),0,113,"['Comedy,Drama']",6.5,717,185,20794760.0,0.0,0.0,20794760.0,100.0,2007,ko,['South Korea']
Redeeming Love (2022),0,134,"['Drama,Romance,Western']",6.7,17066,172,9464198.0,9214020.0,97.4,250178.0,2.6,2022,en,"['South Africa', 'United States of America']"
District 9 (2009),0,112,"['Action,Sci-Fi,Thriller']",7.9,731773,30,210888950.0,115646235.0,54.8,95242715.0,45.2,2009,en,"['New Zealand', 'South Africa', 'United States of America']"
Death Wish (2018),0,107,"['Action,Crime,Drama']",6.3,78734,126,49562710.0,34017028.0,68.6,15545682.0,31.4,2018,en,['United States of America']
Kingdom of the Planet of the Apes (2024),0,145,"['Action,Adventure,Drama']",6.9,146584,13,397378150.0,171130165.0,43.1,226247985.0,56.9,2024,en,['United States of America']
Upon the Magic Roads (2021),0,111,"['Adventure,Fantasy']",5.7,1444,133,15990882.0,0.0,0.0,15990882.0,100.0,2021,ru,['Russia']
The Ghost Writer (2010),0,128,"['Crime,Drama,Mystery']",7.2,173370,102,60331447.0,15541549.0,25.8,44789898.0,74.2,2010,en,"['Belgium', 'France', 'Germany', 'United Kingdom', 'United States of America']"
Son of a Rich (2019),0,109,['Comedy'],6.6,5944,114,50803834.0,0.0,0.0,50803834.0,100.0,2019,ru,['Russia']
"From Today, It's My Turn: The Movie (2020)",0,114,"['Action,Adventure,Comedy']",6.3,640,33,47895887.0,0.0,0.0,47895887.0,100.0,2020,ja,['Japan']
The Family That Preys (2008),0,111,['Drama'],6.0,8241,137,37105289.0,37105289.0,100.0,0.0,0.0,2008,en,['United States of America']
Madea Goes to Jail (2009),0,103,"['Comedy,Crime,Drama']",4.6,13261,69,90508336.0,90508336.0,100.0,0.0,0.0,2009,en,['United States of America']
Detroit Metal City (2008),0,104,"['Comedy,Drama,Music']",6.6,2702,173,23744571.0,0.0,0.0,23744571.0,100.0,2008,ja,['Japan']
Frankenweenie (2012),0,87,"['Animation,Comedy,Drama']",6.9,121289,85,81491068.0,35291068.0,43.3,46200000.0,56.7,2012,en,['United States of America']
The Ugly Truth (2009),0,96,"['Comedy,Romance']",6.4,235259,31,205298907.0,88915214.0,43.3,116383693.0,56.7,2009,en,['United States of America']
Cliff Walkers (2021),0,120,"['Crime,Drama,Thriller']",6.5,3225,24,181325565.0,152972.0,0.0,181172593.0,99.9,2021,zh,"['China', 'Hong Kong']"
Masquerade (2012),0,80,"['Horror,Mystery,Thriller']",3.9,1261,76,94268432.0,922921.0,1.0,93345511.0,99.0,2012,ko,['South Korea']
The Final Destination (2009),0,82,"['Horror,Thriller']",5.1,120488,33,186167139.0,66477700.0,35.7,119689439.0,64.3,2009,en,['United States of America']
Start-Up (2019),0,102,"['Action,Comedy,Drama']",6.5,1471,177,24106579.0,0.0,0.0,24106579.0,100.0,2019,ko,['South Korea']
The Yin-Yang Master: Dream of Eternity (2020),0,132,"['Action,Drama,Fantasy']",6.4,5560,22,68000000.0,0.0,0.0,68000000.0,100.0,2020,zh,['China']
School of Magical Animals (2021),0,93,"['Adventure,Family']",5.3,916,109,22134234.0,288414.0,1.3,21845820.0,98.7,2021,de,"['Austria', 'Germany']"
Detective Conan: Jolly Roger in the Deep Azure (2007),0,106,"['Action,Adventure,Animation']",6.3,1929,187,20440213.0,0.0,0.0,20440213.0,100.0,2007,ja,['Japan']
Singh Is King (2008),0,135,"['Action,Comedy,Crime']",5.8,17146,159,29169677.0,2159376.0,7.4,27010301.0,92.6,2008,hi,['India']
Jackass Forever (2022),0,96,"['Action,Comedy,Documentary']",6.8,53192,48,80563999.0,57743451.0,71.7,22820548.0,28.3,2022,en,['United States of America']
Doraemon: Nobita in the Wan-Nyan Spacetime Odyssey (2004),0,89,"['Action,Adventure,Animation']",7.0,744,126,26663978.0,0.0,0.0,26663978.0,100.0,2004,ja,['Japan']
Doraemon: Nobita and the Robot Kingdom (2002),0,80,"['Adventure,Animation,Family']",6.7,613,169,16053687.0,0.0,0.0,16053687.0,100.0,2002,ja,['Japan']
After (2019),0,99,"['Drama,Mystery']",4.8,221,95,69497587.0,12138565.0,17.5,57359022.0,82.5,2019,en,['United States of America']
"Caution, Hazardous Wife: The Movie (2021)",0,119,"['Action,Adventure,Drama']",5.7,307,164,10356359.0,0.0,0.0,10356359.0,100.0,2021,ja,['Japan']
Schemes in Antiques (2021),0,123,"['Action,Adventure,Comedy']",6.0,437,66,51637422.0,36501.0,0.0,51600921.0,99.9,2021,zh,"['China', 'Hong Kong']"
Baragaki: Unbroken Samurai (2021),0,148,"['Action,Drama,History']",6.3,301,172,9481437.0,0.0,0.0,9481437.0,100.0,2021,ja,['Japan']
The White Ribbon (2009),0,144,"['Drama,Mystery,Thriller']",7.8,79345,197,19353588.0,2222862.0,11.5,17130726.0,88.5,2009,de,"['Austria', 'France', 'Germany', 'Italy']"
Brave (2012),0,92,['Action'],4.0,378,13,538983207.0,237283207.0,44.0,301700000.0,56.0,2012,en,['United States of America']
Father There is Only One 2 (2020),0,96,"['Comedy,Family']",5.6,2009,83,15373181.0,0.0,0.0,15373181.0,100.0,2020,es,['Spain']
Beastly (2011),0,86,"['Drama,Fantasy,Romance']",5.5,80802,119,43202283.0,27865571.0,64.5,15336712.0,35.5,2011,en,['United States of America']
Public Enemies (2009),0,140,"['Biography,Crime,Drama']",6.9,326654,29,214104620.0,97104620.0,45.4,117000000.0,54.6,2009,en,['United States of America']
Tidal Wave (2009),0,120,"['Action,Drama,Sci-Fi']",5.5,5402,81,71283278.0,0.0,0.0,71283278.0,100.0,2009,ko,['South Korea']
Emergency Declaration (2022),0,141,"['Action,Drama,Thriller']",6.8,10755,104,21400327.0,412196.0,1.9,20988131.0,98.1,2022,ko,['South Korea']
Dance Flick (2009),0,83,"['Action,Comedy,Music']",3.6,12955,148,31439140.0,25662155.0,81.6,5776985.0,18.4,2009,en,['United States of America']
War of the Eltis (2020),0,118,"['Comedy,Family']",5.8,5520,126,8613864.0,0.0,0.0,8613864.0,100.0,2020,,[]
"I Love You, Man (2009)",0,105,"['Comedy,Romance']",7.0,220776,66,91980359.0,71440011.0,77.7,20540348.0,22.3,2009,en,['United States of America']
The Karate Kid (2010),0,140,"['Action,Drama,Family']",6.2,214019,15,359126022.0,176591618.0,49.2,182534404.0,50.8,2010,en,"['China', 'Hong Kong', 'United States of America']"
Detective Conan: Full Score of Fear (2008),0,116,"['Action,Adventure,Animation']",6.7,2111,178,22996756.0,0.0,0.0,22996756.0,100.0,2008,ja,['Japan']
20th Century Boys 1: Beginning of the End (2008),0,142,"['Adventure,Fantasy,Mystery']",6.6,2871,135,38231562.0,0.0,0.0,38231562.0,100.0,2008,ja,"['Japan', 'Thailand']"
Me contro Te - Il film: La vendetta del Signor S (2020),0,64,"['Comedy,Family']",1.7,472,105,10779891.0,0.0,0.0,10779891.0,100.0,2020,it,['Italy']
Acharya (2022),0,152,"['Action,Drama']",3.8,5230,184,8048175.0,832000.0,10.3,7216175.0,89.7,2022,te,['India']
A Complete Unknown (2024),0,141,"['Biography,Drama,Music']",7.6,31604,92,25679729.0,25679729.0,100.0,0.0,0.0,2024,en,['United States of America']
K-20: The Fiend with Twenty Faces (2008),0,137,"['Action,Adventure,Crime']",6.5,2172,193,21443265.0,0.0,0.0,21443265.0,100.0,2008,ja,['Japan']
Zombieland (2009),0,88,"['Action,Comedy,Horror']",7.5,640444,56,102392080.0,75590286.0,73.8,26801794.0,26.2,2009,en,['United States of America']
The Royal Bride (2020),0,118,['Comedy'],5.0,145,169,5830719.0,0.0,0.0,5830719.0,100.0,2020,vi,['Vietnam']
Glass Onion (2022),0,139,"['Comedy,Crime,Drama']",7.1,470293,142,13280000.0,13280000.0,100.0,0.0,0.0,2022,en,['United States of America']
Ready (2011),0,165,"['Action,Comedy,Romance']",7.2,1585,179,24663361.0,955148.0,3.9,23708213.0,96.1,2011,hi,['India']
Secret Zoo (2020),0,118,['Comedy'],6.1,1975,115,9471940.0,0.0,0.0,9471940.0,100.0,2020,ko,['South Korea']
Green Snake (2021),0,78,"['Action,Fantasy']",5.6,188,189,8170000.0,0.0,0.0,8170000.0,100.0,2021,zh,['China']
A Beautiful Wife (2007),0,96,['Comedy'],5.3,1699,148,30385222.0,0.0,0.0,30385222.0,100.0,2007,it,['Italy']
Dune: Part One (2021),0,155,"['Action,Adventure,Drama']",8.0,941018,11,402127830.0,108327830.0,26.9,293800000.0,73.1,2021,en,['United States of America']
Pokémon: Giratina and the Sky Warrior (2008),0,100,"['Action,Adventure,Animation']",6.0,3073,107,47511422.0,0.0,0.0,47511422.0,100.0,2008,ja,['Japan']
Boys Over Flowers: Final (2008),0,131,['Drama'],6.8,1595,79,72243609.0,0.0,0.0,72243609.0,100.0,2008,ja,['Japan']
Suspect X (2008),0,128,"['Crime,Drama,Mystery']",7.4,4196,95,54846110.0,0.0,0.0,54846110.0,100.0,2008,ja,['Japan']
The Rite (2011),0,114,"['Drama,Horror,Mystery']",6.0,104075,73,96560591.0,33047633.0,34.2,63512958.0,65.8,2011,en,"['United States of America', 'Hungary']"
Silent Night (2023),0,92,"['Comedy,Drama,Horror']",5.8,22642,173,11067228.0,8012103.0,72.4,3055125.0,27.6,2023,en,['United States of America']
Hitman: Agent Jun (2020),0,110,"['Action,Comedy']",6.4,2255,77,17601351.0,0.0,0.0,17601351.0,100.0,2020,ko,['South Korea']
Biutiful (2010),0,148,"['Drama,Romance']",7.4,96063,164,25147786.0,5101237.0,20.3,20046549.0,79.7,2010,es,"['Mexico', 'Spain', 'United States of America']"
Boonie Bears: The Wild Life (2021),0,99,['Animation'],4.6,260,49,78132231.0,0.0,0.0,78132231.0,100.0,2021,zh,['China']
Vicky the Viking (2009),0,85,"['Action,Adventure,Comedy']",5.6,3591,95,56390258.0,0.0,0.0,56390258.0,100.0,2009,de,['Germany']
22 Bullets (2010),0,117,"['Action,Crime,Drama']",6.6,37088,179,21695883.0,0.0,0.0,21695883.0,100.0,2010,fr,['France']
OSS 117: Lost in Rio (2009),0,101,"['Action,Adventure,Comedy']",6.8,17098,182,21924245.0,89375.0,0.4,21834870.0,99.6,2009,fr,['France']
The Blackening (2023),0,97,"['Comedy,Horror,Mystery']",6.0,21527,136,18169453.0,17707207.0,97.5,462246.0,2.5,2023,en,['United States of America']
The Hobbit: The Desolation of Smaug (2013),0,161,"['Adventure,Fantasy']",7.8,726945,4,958366855.0,258366855.0,27.0,700000000.0,73.0,2013,en,"['New Zealand', 'United States of America']"
Downton Abbey: A New Era (2022),0,124,"['Drama,Romance']",7.4,34187,43,92651384.0,44141550.0,47.6,48509834.0,52.4,2022,en,['United Kingdom']
The Invitation (2022),0,78,['Documentary'],7.8,7,71,38036130.0,25100080.0,66.0,12936050.0,34.0,2022,en,['United States of America']
American Underdog (2021),0,112,"['Biography,Drama,Romance']",7.1,25921,100,26514814.0,26514814.0,100.0,0.0,0.0,2021,en,['United States of America']
An Education (2009),0,100,['Drama'],7.2,139402,165,26096852.0,12574914.0,48.2,13521938.0,51.8,2009,en,['United Kingdom']
W. (2008),0,129,"['Biography,Comedy,Drama']",6.3,50692,157,29560587.0,25534493.0,86.4,4026094.0,13.6,2008,en,['United States of America']
Homestead (2024),0,79,"['Drama,Thriller,Western']",4.2,292,133,13336831.0,13336831.0,100.0,0.0,0.0,2024,en,['United States of America']
Whatever Works (2009),0,93,"['Comedy,Romance']",7.1,77788,138,36020534.0,5306706.0,14.7,30713828.0,85.3,2009,en,"['France', 'United States of America']"
A Walk in the Woods (2015),0,104,"['Adventure,Biography,Comedy']",6.4,30731,162,37461274.0,29504281.0,78.8,7956993.0,21.2,2015,en,['United States of America']
The Extraordinary Adventures of Adèle Blanc-Sec (2010),0,107,"['Action,Adventure,Comedy']",6.3,23396,145,34604339.0,0.0,0.0,34604339.0,100.0,2010,fr,['France']
From Paris with Love (2010),0,92,"['Action,Crime,Thriller']",6.4,123310,110,52830951.0,24077427.0,45.6,28753524.0,54.4,2010,en,"['United Kingdom', 'France']"
A Nightmare on Elm Street (2010),0,95,"['Crime,Drama,Horror']",5.2,110480,56,115694863.0,63075011.0,54.5,52619852.0,45.5,2010,en,"['United States of America', 'United Kingdom']"
The Best Movie (2008),0,110,['Comedy'],3.0,2930,154,30525503.0,0.0,0.0,30525503.0,100.0,2008,ru,['Russia']
My Bloody Valentine (2009),0,101,"['Horror,Mystery,Thriller']",5.4,62404,59,100734718.0,51545952.0,51.2,49188766.0,48.8,2009,en,['United States of America']
Paranormal Activity (2009),0,86,"['Horror,Mystery']",6.3,263429,32,193355800.0,107918810.0,55.8,85436990.0,44.2,2009,en,['United States of America']
10 Cloverfield Lane (2016),0,103,"['Drama,Horror,Sci-Fi']",7.2,368169,76,110216998.0,72082998.0,65.4,38134000.0,34.6,2016,en,['United States of America']
Doraemon the Movie: Nobita and the Green Giant Legend (2008),0,112,"['Adventure,Animation,Comedy']",6.6,1133,150,31684949.0,0.0,0.0,31684949.0,100.0,2008,,[]
Rurouni Kenshin: Final Chapter Part I - The Final (2021),0,138,"['Action,Adventure,Drama']",7.2,11308,83,36964978.0,0.0,0.0,36964978.0,100.0,2021,ja,['Japan']
The Beekeeper (2024),0,12,['Documentary'],7.6,7,29,152720535.0,66220535.0,43.4,86500000.0,56.6,2024,en,"['United Kingdom', 'United States of America']"
Honest Candidate (2020),0,104,['Comedy'],6.2,737,107,10597464.0,0.0,0.0,10597464.0,100.0,2020,ko,['South Korea']
The Banshees of Inisherin (2022),0,114,"['Comedy,Drama']",7.7,273876,65,50250625.0,10582266.0,21.1,39668359.0,78.9,2022,en,"['United Kingdom', 'United States of America']"
20th Century Boys 3: Redemption (2009),0,156,"['Adventure,Fantasy']",6.5,1300,107,48397818.0,0.0,0.0,48397818.0,100.0,2009,ja,['Japan']
20th Century Boys 2: The Last Hope (2009),0,139,"['Drama,Fantasy']",6.3,2031,154,29502213.0,0.0,0.0,29502213.0,100.0,2009,ja,['Japan']
Pokémon the Movie: Secrets of the Jungle (2020),0,99,"['Action,Adventure,Animation']",6.4,2689,62,21097921.0,0.0,0.0,21097921.0,100.0,2020,ja,['Japan']
Devara Part 1 (2024),0,176,"['Action,Drama,Thriller']",6.0,19718,196,7361414.0,5600000.0,76.1,1761414.0,23.9,2024,te,['India']
You Will Meet a Tall Dark Stranger (2010),0,98,"['Comedy,Drama,Romance']",6.3,48035,141,35867322.0,3248246.0,9.1,32619076.0,90.9,2010,en,"['Spain', 'United Kingdom', 'United States of America']"
Rab Ne Bana Di Jodi (2008),0,167,"['Comedy,Drama,Music']",7.2,55589,156,29914469.0,2078956.0,6.9,27835513.0,93.1,2008,hi,['India']
PAW Patrol: The Movie (2021),0,86,"['Action,Adventure,Animation']",6.1,8948,33,144327371.0,40127371.0,27.8,104200000.0,72.2,2021,en,"['Canada', 'France', 'United States of America']"
The Girl on the Train (2016),0,97,['Drama'],6.0,1683,54,173185859.0,75395035.0,43.5,97790824.0,56.5,2016,en,"['India', 'United States of America']"
Orphan: First Kill (2022),0,99,"['Crime,Drama,Horror']",5.9,50238,73,37083743.0,5413227.0,14.6,31670516.0,85.4,2022,en,"['Canada', 'United States of America']"
When in Rome (2010),0,91,"['Comedy,Romance']",5.5,65667,131,43053376.0,32680633.0,75.9,10372743.0,24.1,2010,en,['United States of America']
The Divine Weapon (2008),0,134,"['Adventure,Drama']",6.1,909,195,19991573.0,0.0,0.0,19991573.0,100.0,2008,ko,['South Korea']
Star Wars: The Clone Wars (2008),0,98,"['Action,Adventure,Animation']",5.9,75718,86,68282844.0,35161554.0,51.5,33121290.0,48.5,2008,en,['United States of America']
The Creator (2023),0,133,"['Action,Adventure,Drama']",6.7,181966,56,104272136.0,40774679.0,39.1,63497457.0,60.9,2023,en,"['Canada', 'United States of America']"
Ninja Assassin (2009),0,99,"['Action,Thriller']",6.3,77161,90,61601280.0,38122883.0,61.9,23478397.0,38.1,2009,en,"['France', 'Germany', 'United States of America']"
Agora (2009),0,127,"['Adventure,Biography,Drama']",7.1,74268,128,39457342.0,619423.0,1.6,38837919.0,98.4,2009,en,"['Bulgaria', 'Malta', 'Spain', 'United States of America']"
3 Idiots (2009),0,170,"['Comedy,Drama']",8.4,453005,92,60262836.0,6532874.0,10.8,53729962.0,89.2,2009,hi,['India']
Girls to Buy (2021),0,146,"['Crime,Drama,Thriller']",5.3,3783,188,8177284.0,0.0,0.0,8177284.0,100.0,2021,pl,['Poland']
Pandorum (2009),0,108,"['Action,Horror,Mystery']",6.7,163077,189,20648328.0,10330853.0,50.0,10317475.0,50.0,2009,en,"['Germany', 'United Kingdom', 'United States of America']"
My Name Is Khan (2010),0,165,"['Drama,Romance']",7.9,118959,132,42345360.0,4018771.0,9.5,38326589.0,90.5,2010,hi,"['China', 'India', 'United Arab Emirates', 'United States of America']"
The Skin I Live In (2011),0,120,"['Drama,Mystery,Thriller']",7.6,172554,146,33678406.0,3185812.0,9.5,30492594.0,90.5,2011,es,['Spain']
The Lincoln Lawyer (2011),0,118,"['Crime,Drama,Mystery']",7.3,260701,80,86752352.0,58009200.0,66.9,28743152.0,33.1,2011,en,['United States of America']
2012 (2009),0,158,"['Action,Adventure,Sci-Fi']",5.8,407768,5,769679473.0,166112167.0,21.6,603567306.0,78.4,2009,en,['United States of America']
Hotel Belgrade (2020),0,106,"['Comedy,Romance']",6.2,1955,161,6189882.0,0.0,0.0,6189882.0,100.0,2020,ru,['Russia']
The Chaser (2008),0,125,"['Action,Crime,Drama']",7.8,75699,139,36467587.0,0.0,0.0,36467587.0,100.0,2008,ko,['South Korea']
Tokyo Revengers (2021),0,120,"['Action,Crime,Drama']",6.5,2064,77,39714624.0,0.0,0.0,39714624.0,100.0,2021,ja,['Japan']
Rango (2011),0,107,"['Action,Adventure,Animation']",7.3,302517,24,245724603.0,123477607.0,50.3,122246996.0,49.7,2011,en,"['United Kingdom', 'United States of America']"
Up in the Air (2009),0,109,"['Comedy,Drama,Romance']",7.4,354088,38,166842739.0,83823381.0,50.2,83019358.0,49.8,2009,en,['United States of America']
Recep Ivedik (2008),0,90,['Comedy'],4.9,29872,160,28548025.0,0.0,0.0,28548025.0,100.0,2008,tr,['Turkey']
Step Up 3D (2010),0,107,"['Drama,Music,Romance']",6.2,61157,44,159291809.0,42400223.0,26.6,116891586.0,73.4,2010,en,['United States of America']
The Bourne Legacy (2012),0,135,"['Action,Adventure,Thriller']",6.6,320855,29,276144750.0,113203870.0,41.0,162940880.0,59.0,2012,en,['United States of America']
LOL (Laughing Out Loud) (2009),0,103,"['Comedy,Romance']",6.2,9881,143,32764784.0,0.0,0.0,32764784.0,100.0,2009,es,['Spain']
Easter Sunday (2022),0,96,['Comedy'],5.3,2839,146,13074255.0,13013690.0,99.5,60565.0,0.5,2022,en,"['India', 'United States of America']"
The Five-Year Engagement (2012),0,124,"['Comedy,Drama,Romance']",6.2,103587,111,54169363.0,28835528.0,53.2,25333835.0,46.8,2012,en,['United States of America']
Diary of a Wimpy Kid (2010),0,94,"['Comedy,Drama,Family']",6.2,60930,84,76196538.0,64003625.0,84.0,12192913.0,16.0,2010,en,"['United Kingdom', 'United States of America']"
Law Abiding Citizen (2009),0,109,"['Action,Crime,Drama']",7.4,330997,45,127944208.0,73357727.0,57.3,54586481.0,42.7,2009,en,"['United Kingdom', 'United States of America']"
Observe and Report (2009),0,86,"['Action,Comedy,Crime']",5.8,66266,164,26973554.0,24007324.0,89.0,2966230.0,11.0,2009,en,['United States of America']
Obsessed (2009),0,108,"['Drama,Romance,Thriller']",5.0,35056,79,73830347.0,68261644.0,92.5,5568703.0,7.5,2009,en,['United States of America']
Rurouni Kenshin: Final Chapter Part II - The Beginning (2021),0,137,"['Action,Adventure,Drama']",7.4,11462,112,21318560.0,0.0,0.0,21318560.0,100.0,2021,ja,['Japan']
The Color Purple (2023),0,141,"['Drama,Musical']",6.8,18758,67,68819191.0,60619191.0,88.1,8200000.0,11.9,2023,en,['United States of America']
Violent Night (2022),0,112,"['Action,Comedy,Thriller']",6.7,112739,52,76004405.0,50057405.0,65.9,25947000.0,34.1,2022,en,"['Canada', 'Japan', 'United States of America']"
Funny People (2009),0,146,"['Comedy,Drama']",6.3,125093,80,71585235.0,51855045.0,72.4,19730190.0,27.6,2009,en,['United States of America']
Harry Potter and the Deathly Hallows: Part 2 (2011),0,130,"['Adventure,Family,Fantasy']",8.1,986424,1,1341511219.0,381011219.0,28.4,960500000.0,71.6,2011,en,"['United Kingdom', 'United States of America']"
Furiosa: A Mad Max Saga (2024),0,148,"['Action,Adventure,Sci-Fi']",7.5,271237,28,173775791.0,67475791.0,38.8,106300000.0,61.2,2024,en,"['Australia', 'United States of America']"
The Muppets (2011),0,103,"['Adventure,Comedy,Family']",7.1,98553,45,165184237.0,88631237.0,53.7,76553000.0,46.3,2011,en,['United States of America']
Last Vegas (2012),0,105,['Comedy'],6.6,138226,56,134402450.0,63914167.0,47.6,70488283.0,52.4,2012,,[]
Gran Torino (2008),0,116,['Drama'],8.1,833500,19,269958228.0,148095302.0,54.9,121862926.0,45.1,2008,en,"['United States of America', 'Germany']"
The Rebound (2009),0,95,"['Comedy,Romance']",6.3,51075,183,21791288.0,0.0,0.0,21791288.0,100.0,2009,en,"['France', 'United States of America']"
Jack Ryan: Shadow Recruit (2014),0,105,"['Action,Drama,Thriller']",6.2,140130,60,135503748.0,50577412.0,37.3,84926336.0,62.7,2014,en,"['Russia', 'United States of America']"
Streltsov (2020),0,100,"['Biography,Drama,Romance']",5.2,482,192,4850073.0,0.0,0.0,4850073.0,100.0,2020,ru,['Russia']
Rambo: Last Blood (2019),0,89,"['Action,Crime,Thriller']",6.1,114099,82,91490353.0,44819352.0,49.0,46671001.0,51.0,2019,en,"['China', 'United States of America']"
Playing with Fire (2019),0,86,"['Horror,Thriller']",3.4,208,96,69412425.0,44451847.0,64.0,24960578.0,36.0,2019,en,['United States of America']
Detective Conan: The Scarlet Bullet (2021),0,110,"['Action,Animation,Crime']",6.2,1919,44,95371578.0,0.0,0.0,95371578.0,100.0,2021,ja,['Japan']
Brooklyn's Finest (2009),0,132,"['Crime,Drama,Thriller']",6.7,67370,135,36440201.0,27163593.0,74.5,9276608.0,25.5,2009,en,['United States of America']
Moneyball (2011),0,133,"['Biography,Drama,Sport']",7.6,481748,68,110206216.0,75605492.0,68.6,34600724.0,31.4,2011,en,['United States of America']
The Lone Ranger (2013),0,150,"['Action,Adventure,Drama']",6.4,247946,30,260502115.0,89302115.0,34.3,171200000.0,65.7,2013,en,['United States of America']
Doctor Strange (2016),0,115,"['Action,Adventure,Fantasy']",7.5,834522,11,677718395.0,232641920.0,34.3,445076475.0,65.7,2016,en,['United States of America']
Escape Plan (2013),0,115,"['Action,Thriller']",6.7,263566,54,137328301.0,25135965.0,18.3,112192336.0,81.7,2013,en,"['United Kingdom', 'United States of America']"
Hereafter (2010),0,129,"['Drama,Fantasy,Romance']",6.5,96775,62,106956330.0,32746941.0,30.6,74209389.0,69.4,2010,en,['United States of America']
The Back-up Plan (2010),0,104,"['Comedy,Romance']",5.3,53296,83,77477008.0,37490007.0,48.4,39987001.0,51.6,2010,en,['United States of America']
Lawless (2012),0,116,"['Biography,Crime,Drama']",7.2,257559,107,55404159.0,37400127.0,67.5,18004032.0,32.5,2012,en,['United States of America']
Bayside Shakedown 3: Set the Guys Loose (2010),0,141,['Drama'],5.4,341,75,85347374.0,0.0,0.0,85347374.0,100.0,2010,ja,['Japan']
Alpha and Omega (2010),0,90,"['Adventure,Animation,Comedy']",5.1,15587,114,50507267.0,25107267.0,49.7,25400000.0,50.3,2010,en,"['India', 'United States of America']"
First Man (2018),0,141,"['Biography,Drama,History']",7.3,208774,64,105697415.0,44936545.0,42.5,60760870.0,57.5,2018,en,['United States of America']
Disaster Movie (2008),0,87,"['Comedy,Sci-Fi']",1.9,95855,143,34816824.0,14190901.0,40.8,20625923.0,59.2,2008,en,['United States of America']
The World's End (2013),0,109,"['Action,Comedy,Sci-Fi']",6.9,304515,134,46089287.0,26004851.0,56.4,20084436.0,43.6,2013,en,"['United Kingdom', 'United States of America']"
SP: The Motion Picture I (2010),0,98,['Drama'],5.8,144,135,39674739.0,0.0,0.0,39674739.0,100.0,2010,,[]
The Yinyang Master (2021),0,113,"['Action,Adventure,Drama']",6.4,3338,82,37690000.0,0.0,0.0,37690000.0,100.0,2021,zh,['China']
Cars 2 (2011),0,106,"['Adventure,Animation,Comedy']",6.2,231862,10,559852396.0,191452396.0,34.2,368400000.0,65.8,2011,en,['United States of America']
The Girl Who Played with Fire (2009),0,129,"['Action,Crime,Drama']",7.1,99803,85,67153225.0,7638241.0,11.4,59514984.0,88.6,2009,sv,"['Denmark', 'Germany', 'Sweden']"
Leap Year (2010),0,100,"['Comedy,Romance']",6.4,112960,149,32686500.0,25918920.0,79.3,6767580.0,20.7,2010,en,"['Ireland', 'United States of America']"
Battle Los Angeles (2011),0,116,"['Action,Adventure,Sci-Fi']",5.7,187061,32,211819354.0,83552429.0,39.4,128266925.0,60.6,2011,en,['United States of America']
Limitless (2011),0,105,"['Sci-Fi,Thriller']",7.4,625836,46,161849455.0,79249455.0,49.0,82600000.0,51.0,2011,en,['United States of America']
Legend of the Guardians: The Owls of Ga'Hoole (2010),0,97,"['Action,Adventure,Animation']",6.9,89211,49,140073390.0,55675313.0,39.7,84398077.0,60.3,2010,en,"['Australia', 'United States of America']"
Whitney Houston: I Wanna Dance with Somebody (2022),0,144,"['Biography,Drama,Music']",6.6,25198,58,59806881.0,23708080.0,39.6,36098801.0,60.4,2022,en,['United States of America']
Wonderfully Beautiful (2022),0,132,"['Comedy,Drama,Romance']",7.0,3070,119,16719291.0,0.0,0.0,16719291.0,100.0,2022,,[]
Ghost in the Shell (2017),0,107,"['Action,Crime,Drama']",6.3,232778,56,169801921.0,40563557.0,23.9,129238364.0,76.1,2017,ja,"['Japan', 'United Kingdom']"
No Escapes (2021),0,131,"['Action,Drama']",6.5,1799,151,12916151.0,0.0,0.0,12916151.0,100.0,2021,ko,['South Korea']
The Fourth Kind (2009),0,98,"['Horror,Mystery,Sci-Fi']",5.9,83677,108,47709193.0,25486040.0,53.4,22223153.0,46.6,2009,en,"['Belgium', 'United States of America']"
Resident Evil: Afterlife (2010),0,96,"['Action,Horror,Sci-Fi']",5.8,182551,21,300228084.0,60128566.0,20.0,240099518.0,80.0,2010,en,"['Canada', 'Germany', 'United States of America']"
Ip Man (2008),0,106,"['Action,Biography,Drama']",8.0,237370,188,22108789.0,0.0,0.0,22108789.0,100.0,2008,cn,"['China', 'Hong Kong']"
Abduction (2011),0,108,"['Horror,Thriller']",3.1,235,85,82087155.0,28087155.0,34.2,54000000.0,65.8,2011,en,['United States of America']
The Road Home (2001),0,90,['Comedy'],6.4,10,191,6780490.0,1280490.0,18.9,5500000.0,81.1,2001,zh,"['China', 'Hong Kong', 'United States of America']"
Chimpanzee (2012),0,78,"['Documentary,Family']",7.1,6445,138,34823764.0,28972764.0,83.2,5851000.0,16.8,2012,en,['France']
Zookeeper (2011),0,102,"['Comedy,Family,Fantasy']",5.2,66999,44,169852759.0,80360843.0,47.3,89491916.0,52.7,2011,en,['United States of America']
African Cats (2011),0,89,"['Adventure,Documentary']",7.5,6828,156,30857747.0,15428747.0,50.0,15429000.0,50.0,2011,en,['United States of America']
Insidious (2011),0,96,"['Drama,Mystery,Romance']",6.1,170,69,99557032.0,54009150.0,54.2,45547882.0,45.8,2011,en,"['Canada', 'United States of America']"
65 (2023),0,93,"['Action,Adventure,Sci-Fi']",5.4,98427,69,60730568.0,32062904.0,52.8,28667664.0,47.2,2023,en,"['Canada', 'United States of America']"
Get Him to the Greek (2010),0,109,"['Comedy,Music']",6.3,187655,71,91720255.0,60974475.0,66.5,30745780.0,33.5,2010,en,['United States of America']
Pokémon: The Rise of Darkrai (2007),0,90,"['Action,Adventure,Animation']",6.4,4240,112,42496749.0,0.0,0.0,42496749.0,100.0,2007,ja,['Japan']
Edge of Darkness (2010),0,117,"['Action,Adventure,Drama']",6.6,101095,80,81126522.0,43313890.0,53.4,37812632.0,46.6,2010,en,"['United Kingdom', 'United States of America']"
Beautiful Boy (2018),0,120,"['Biography,Drama']",7.4,110897,163,31711319.0,7649973.0,24.1,24061346.0,75.9,2018,en,['United States of America']
The Post (2017),0,0,['Drama'],5.1,159,53,179769457.0,81903458.0,45.6,97865999.0,54.4,2017,en,['United States of America']
Iron Man 2 (2010),0,124,"['Action,Sci-Fi']",6.9,894353,7,623933331.0,312433331.0,50.1,311500000.0,49.9,2010,en,['United States of America']
Let Me In (2010),0,116,"['Drama,Fantasy,Horror']",7.1,129895,160,27093592.0,12134935.0,44.8,14958657.0,55.2,2010,en,"['Sweden', 'United Kingdom', 'United States of America']"
Mission: Impossible - Ghost Protocol (2011),0,132,"['Action,Adventure,Thriller']",7.4,539681,5,694713380.0,209397903.0,30.1,485315477.0,69.9,2011,en,['United States of America']
Anchorman 2: The Legend Continues (2013),0,119,['Comedy'],6.3,196478,46,171464676.0,125168368.0,73.0,46296308.0,27.0,2013,en,['United States of America']
Jane Eyre (2011),0,120,"['Drama,Mystery,Romance']",7.3,95016,145,34710627.0,11242660.0,32.4,23467967.0,67.6,2011,en,['United Kingdom']
Jonas Brothers: The 3D Concert Experience (2009),0,76,"['Biography,Documentary,Music']",1.6,17567,175,23186960.0,19162740.0,82.6,4024220.0,17.4,2009,en,['United States of America']
A Turtle's Tale: Sammy's Adventures (2010),0,88,"['Adventure,Animation,Family']",6.0,8432,89,70627617.0,0.0,0.0,70627617.0,100.0,2010,en,"['Belgium', 'France', 'Italy', 'United States of America']"
Wicked (2024),0,114,"['Drama,Fantasy,Romance']",5.4,1370,6,640176210.0,429282210.0,67.1,210894000.0,32.9,2024,en,['United States of America']
It's Complicated (2009),0,120,"['Comedy,Drama,Romance']",6.5,100407,28,219103655.0,112735375.0,51.5,106368280.0,48.5,2009,en,"['Japan', 'United States of America']"
Alvin and the Chipmunks: The Squeakquel (2009),0,88,"['Adventure,Comedy,Family']",4.6,56881,11,443140005.0,219614612.0,49.6,223525393.0,50.4,2009,en,['United States of America']
Due Date (2010),0,95,"['Comedy,Drama']",6.5,363888,35,211780824.0,100539043.0,47.5,111241781.0,52.5,2010,en,['United States of America']
Hot Tub Time Machine (2010),0,99,"['Comedy,Sci-Fi']",6.4,190814,97,64735752.0,50287556.0,77.7,14448196.0,22.3,2010,en,['United States of America']
Forever the Moment (2008),0,124,"['Biography,Drama,Sport']",6.4,445,164,27259300.0,0.0,0.0,27259300.0,100.0,2008,ko,['South Korea']
That's My Boy (2012),0,116,"['Comedy,Drama']",5.6,114002,105,57719093.0,36931089.0,64.0,20788004.0,36.0,2012,en,['United States of America']
Pearl (2022),0,92,['Drama'],4.8,348,168,9847490.0,9423445.0,95.7,424045.0,4.3,2022,en,['United States of America']
Sorority Row (2009),0,101,"['Horror,Mystery']",5.2,33073,163,27206120.0,11965282.0,44.0,15240838.0,56.0,2009,en,['United States of America']
21 Jump Street (2012),0,109,"['Action,Comedy,Crime']",7.2,617870,39,201585328.0,138447667.0,68.7,63137661.0,31.3,2012,en,['United States of America']
Crows Zero II (2009),0,133,"['Action,Comedy,Crime']",7.2,5600,153,29893636.0,0.0,0.0,29893636.0,100.0,2009,ja,['Japan']
Saw VI (2009),0,90,"['Horror,Mystery,Thriller']",6.0,129914,84,68234154.0,27693292.0,40.6,40540862.0,59.4,2009,en,['United States of America']
My Love (2021),0,111,"['Comedy,Romance']",6.6,302,41,116720921.0,86252.0,0.0,116634669.0,99.9,2021,de,"['Germany', 'Switzerland']"
The Men Who Stare at Goats (2009),0,94,"['Comedy,War']",6.2,139527,82,69095771.0,32428195.0,46.9,36667576.0,53.1,2009,en,"['United Kingdom', 'United States of America']"
Red Dawn (2012),0,93,"['Action,War']",5.3,82000,112,50950296.0,44806783.0,87.9,6143513.0,12.1,2012,en,['United States of America']
RoboCop (2014),0,117,"['Action,Crime,Sci-Fi']",6.1,243404,35,242688965.0,58607007.0,24.1,184081958.0,75.9,2014,en,['United States of America']
Dorian Gray (2009),0,112,"['Drama,Fantasy,Mystery']",6.2,69426,179,22873653.0,0.0,0.0,22873653.0,100.0,2009,en,['United Kingdom']
Broken City (2013),0,109,"['Action,Crime,Drama']",6.1,84602,154,34737199.0,19701164.0,56.7,15036035.0,43.3,2013,en,['United States of America']
"My People, My Homeland (2020)",0,153,['Drama'],6.4,1153,4,422390820.0,0.0,0.0,422390820.0,100.0,2020,zh,['China']
Into the Storm (2014),0,84,['Documentary'],7.4,112,51,161502194.0,47602194.0,29.5,113900000.0,70.5,2014,en,['United States of America']
Belle (2021),0,93,"['Fantasy,Horror']",5.4,168,56,64679830.0,4018313.0,6.2,60661517.0,93.8,2021,en,['United Kingdom']
Drop (2009),0,122,['Comedy'],6.4,360,194,19611028.0,0.0,0.0,19611028.0,100.0,2009,ja,['Japan']
Hypnotic (2023),0,88,"['Horror,Mystery,Thriller']",5.3,20729,141,16281937.0,4500169.0,27.6,11781768.0,72.4,2023,en,"['United Kingdom', 'United States of America']"
Soul Snatcher (2020),0,125,"['Action,Fantasy']",5.4,366,69,19561221.0,0.0,0.0,19561221.0,100.0,2020,zh,['China']
Your Highness (2011),0,102,"['Action,Adventure,Comedy']",5.5,105785,170,28013733.0,21596445.0,77.1,6417288.0,22.9,2011,en,['United States of America']
Sonic the Hedgehog 2 (2022),0,122,"['Action,Adventure,Comedy']",6.5,102782,14,405421518.0,190872904.0,47.1,214548614.0,52.9,2022,en,"['Japan', 'United States of America']"
Kingdom 2: Far and Away (2022),0,134,"['Action,Adventure,History']",6.7,2124,74,34963395.0,0.0,0.0,34963395.0,100.0,2022,ja,['Japan']
Sarkaru Vaari Paata (2022),0,162,"['Action,Drama']",5.6,11405,138,14199018.0,0.0,0.0,14199018.0,100.0,2022,te,['India']
Cell 211 (2009),0,113,"['Action,Adventure,Crime']",7.6,71998,199,19300483.0,0.0,0.0,19300483.0,100.0,2009,es,"['France', 'Spain']"
Taras Bulba (2009),0,131,"['Action,Drama,History']",5.7,3524,200,18874808.0,0.0,0.0,18874808.0,100.0,2009,ru,['Russia']
The Tourist (2010),0,103,"['Action,Thriller']",6.0,261520,25,278780441.0,67631157.0,24.3,211149284.0,75.7,2010,en,"['France', 'Italy', 'United Kingdom', 'United States of America']"
Aloha (2015),0,105,"['Comedy,Drama,Romance']",5.4,75318,195,26250020.0,21067116.0,80.3,5182904.0,19.7,2015,en,['United States of America']
This Is the End (2013),0,107,"['Comedy,Fantasy']",6.6,442628,56,126041322.0,101470202.0,80.5,24571120.0,19.5,2013,en,['United States of America']
RED (2010),0,111,"['Action,Comedy,Crime']",7.0,330732,38,199006387.0,90380162.0,45.4,108626225.0,54.6,2010,en,['United States of America']
Snatched (2017),0,81,['Comedy'],4.3,226,101,60845711.0,45852178.0,75.4,14993533.0,24.6,2017,en,['United States of America']
Escape Captivity: The Movie (2008),0,70,['Thriller'],5.2,104,125,41550983.0,0.0,0.0,41550983.0,100.0,2008,ja,['Japan']
Decision to Leave (2022),0,139,"['Crime,Drama,Mystery']",7.3,60792,97,22026067.0,2179864.0,9.9,19846203.0,90.1,2022,ko,['South Korea']
The Artist (2011),0,100,"['Comedy,Drama']",7.1,484,62,133432856.0,44671682.0,33.5,88761174.0,66.5,2011,fr,"['Belgium', 'France']"
Intruder (2020),0,102,"['Mystery,Thriller']",6.1,2319,199,4751103.0,0.0,0.0,4751103.0,100.0,2020,en,['United States of America']
The Real Exorcist (2020),0,108,['Fantasy'],5.5,49,184,5035830.0,0.0,0.0,5035830.0,100.0,2020,ja,['Japan']
A Little Red Flower (2020),0,122,"['Drama,Family']",6.7,1046,9,216000000.0,0.0,0.0,216000000.0,100.0,2020,zh,['China']
Kick-Ass (2010),0,117,"['Action,Comedy,Crime']",7.6,606328,69,96188903.0,48071303.0,50.0,48117600.0,50.0,2010,en,"['United Kingdom', 'United States of America']"
Chickenhare and the Hamster of Darkness (2022),0,91,"['Adventure,Animation,Comedy']",6.3,2708,159,10885116.0,0.0,0.0,10885116.0,100.0,2022,en,"['Belgium', 'France', 'United States of America']"
Spencer (2021),0,117,"['Biography,Drama']",6.5,79282,103,25246967.0,7086632.0,28.1,18160335.0,71.9,2021,en,"['Chile', 'Germany', 'United Kingdom', 'United States of America']"
300: Rise of an Empire (2014),0,102,"['Action,Drama']",6.2,322042,25,337580051.0,106580051.0,31.6,231000000.0,68.4,2014,en,"['Bulgaria', 'United States of America']"
Immortals (2011),0,110,"['Action,Drama,Fantasy']",6.0,179436,28,226904017.0,83504017.0,36.8,143400000.0,63.2,2011,en,['United States of America']
Chef (2014),0,98,"['Comedy,Drama,Romance']",4.5,38,130,48428048.0,31424003.0,64.9,17004045.0,35.1,2014,en,['United States of America']
Holmes & Watson (2018),0,90,"['Comedy,Crime,Mystery']",3.9,40477,142,40466970.0,30573626.0,75.6,9893344.0,24.4,2018,en,['United States of America']
Men in the City (2009),0,107,['Comedy'],6.3,5343,180,22420615.0,0.0,0.0,22420615.0,100.0,2009,de,['Germany']
Go Brother! (2018),0,105,"['Comedy,Drama']",5.2,26,116,54663060.0,0.0,0.0,54663060.0,100.0,2018,zh,['China']
Okay Madam (2020),0,100,"['Action,Comedy,Thriller']",6.7,1853,117,9433525.0,0.0,0.0,9433525.0,100.0,2020,ko,['South Korea']
Bergen (2022),0,145,"['Biography,Drama,Music']",6.9,6694,156,11325405.0,0.0,0.0,11325405.0,100.0,2022,tr,['Turkey']
Twisters (2024),0,122,"['Action,Adventure,Thriller']",6.5,155642,14,370962265.0,267762265.0,72.2,103200000.0,27.8,2024,en,['United States of America']
Mesrine: Killer Instinct (2008),0,113,"['Action,Biography,Crime']",7.5,35828,155,30503743.0,0.0,0.0,30503743.0,100.0,2008,fr,"['Canada', 'France', 'Italy']"
Bullet Train (2022),0,127,"['Action,Comedy,Thriller']",7.3,481209,18,239268602.0,103368602.0,43.2,135900000.0,56.8,2022,en,['United States of America']
The Cabin in the Woods (2012),0,95,"['Horror,Mystery,Thriller']",7.0,468169,93,69935600.0,42073277.0,60.2,27862323.0,39.8,2012,en,['United States of America']
Den of Thieves (2018),0,140,"['Action,Crime,Drama']",7.0,136824,90,80509622.0,44947622.0,55.8,35562000.0,44.2,2018,en,['United States of America']
The Twilight Saga: New Moon (2009),0,130,"['Adventure,Drama,Fantasy']",4.8,308226,7,709827462.0,296623634.0,41.8,413203828.0,58.2,2009,en,['United States of America']
Doraemon the Movie: Nobita's New Great Adventure into the Underworld (2007),0,112,"['Adventure,Animation,Comedy']",7.1,1306,134,32787846.0,0.0,0.0,32787846.0,100.0,2007,ja,['Japan']
Two by Two: Overboard! (2020),0,85,"['Adventure,Animation,Comedy']",5.8,879,102,10885076.0,0.0,0.0,10885076.0,100.0,2020,en,"['Germany', 'Ireland', 'Luxembourg']"
Parallel Mothers (2021),0,123,['Drama'],7.1,37998,104,23099858.0,2297501.0,9.9,20802357.0,90.1,2021,es,['Spain']
Sex and the City 2 (2010),0,146,"['Comedy,Drama,Romance']",4.5,85936,24,290745055.0,95347692.0,32.8,195397363.0,67.2,2010,en,['United States of America']
Scream 4 (2011),0,111,"['Horror,Mystery']",6.2,178839,72,97138686.0,38180928.0,39.3,58957758.0,60.7,2011,en,['United States of America']
1921 (2021),0,138,['Drama'],4.4,450,53,75159828.0,0.0,0.0,75159828.0,100.0,2021,zh,['China']
Coco (2009),0,95,"['Comedy,Drama']",3.5,1705,166,25593707.0,0.0,0.0,25593707.0,100.0,2009,fr,['France']
Coco (2017),0,95,"['Comedy,Drama']",3.5,1705,11,814641172.0,210460015.0,25.8,604181157.0,74.2,2017,en,['United States of America']
Rabbit Academy: Mission Eggpossible (2022),0,76,"['Adventure,Animation,Comedy']",5.4,347,183,8117612.0,0.0,0.0,8117612.0,100.0,2022,de,"['Austria', 'Germany']"
Crazy Heart (2009),0,112,"['Drama,Music,Romance']",7.2,96282,109,47405566.0,39464306.0,83.2,7941260.0,16.8,2009,en,['United States of America']
Doraemon the Movie: The New Records of Nobita's Spaceblazer (2009),0,103,"['Adventure,Animation,Comedy']",6.6,691,167,25422212.0,0.0,0.0,25422212.0,100.0,2009,ja,['Japan']
Little Nicholas (2009),0,91,"['Comedy,Family']",7.1,14451,87,62792067.0,0.0,0.0,62792067.0,100.0,2009,fr,"['Belgium', 'France']"
The Roommate (2011),0,91,"['Drama,Horror,Thriller']",4.8,42339,129,40492652.0,37300000.0,92.1,3192652.0,7.9,2011,en,['United States of America']
The Three Musketeers - Part I: D'Artagnan (2023),0,121,"['Action,Adventure,History']",6.7,23811,106,32407471.0,0.0,0.0,32407471.0,100.0,2023,fr,"['Belgium', 'France', 'Germany', 'Spain']"
The Three Musketeers - Part II: Milady (2023),0,115,"['Action,Adventure,Drama']",6.4,9929,147,15439299.0,0.0,0.0,15439299.0,100.0,2023,fr,"['Belgium', 'France', 'Germany', 'Spain']"
Hercules (2014),0,98,"['Action,Adventure,Fantasy']",6.0,167526,34,244819862.0,72688614.0,29.7,172131248.0,70.3,2014,en,['United States of America']
A Very Harold & Kumar Christmas (2011),0,90,"['Adventure,Comedy']",6.2,73866,140,36192775.0,35061031.0,96.9,1131744.0,3.1,2011,en,['United States of America']
Don't Be Afraid of the Dark (2011),0,99,"['Fantasy,Horror,Thriller']",5.5,51254,136,38269529.0,24046682.0,62.8,14222847.0,37.2,2011,en,"['Australia', 'Mexico', 'United States of America']"
X-Men: First Class (2011),0,131,"['Action,Sci-Fi']",7.7,742283,19,352616690.0,146408305.0,41.5,206208385.0,58.5,2011,en,['United States of America']
Norwegian Wood (2010),0,133,"['Drama,Romance']",6.3,12712,197,19115721.0,13000.0,0.0,19102721.0,99.9,2010,ja,"['Japan', 'Netherlands']"
The Untold Tale of the Three Kingdoms (2020),0,113,"['Comedy,History,War']",4.9,255,43,36747486.0,0.0,0.0,36747486.0,100.0,2020,ja,['Japan']
2 Guns (2013),0,109,"['Action,Comedy,Thriller']",6.7,230882,55,131940411.0,75612460.0,57.3,56327951.0,42.7,2013,en,['United States of America']
Kalki 2898 AD (2024),0,180,"['Action,Adventure,Drama']",7.0,64948,93,25331842.0,18289575.0,72.2,7042267.0,27.8,2024,te,['India']
The Spy Next Door (2009),0,94,"['Action,Comedy,Family']",5.5,48117,114,45236543.0,24307086.0,53.7,20929457.0,46.3,2009,,[]
Jeon Woochi (2009),0,136,"['Action,Adventure,Comedy']",6.6,3505,131,38681926.0,0.0,0.0,38681926.0,100.0,2009,ko,['South Korea']
Looper (2012),0,119,"['Action,Drama,Sci-Fi']",7.4,614309,46,176506819.0,66486205.0,37.7,110020614.0,62.3,2012,en,['United States of America']
The Confidence Man JP: Princess (2020),0,124,"['Comedy,Crime']",6.7,1362,44,36109913.0,0.0,0.0,36109913.0,100.0,2020,ja,['Japan']
Mama (2013),0,133,['Drama'],6.4,222,53,146428180.0,71628180.0,48.9,74800000.0,51.1,2013,en,"['Canada', 'Spain']"
Umizaru 3: The Last Message (2010),0,0,['Drama'],5.9,218,67,98663381.0,0.0,0.0,98663381.0,100.0,2010,ja,['Japan']
Midnight Swan (2020),0,124,['Drama'],6.8,697,156,6397065.0,0.0,0.0,6397065.0,100.0,2020,ja,['Japan']
Madagascar 3: Europe's Most Wanted (2012),0,93,"['Adventure,Animation,Comedy']",6.8,205803,8,746921274.0,216391482.0,29.0,530529792.0,71.0,2012,en,['United States of America']
Belfast (2021),0,98,"['Biography,Drama,Romance']",7.2,97035,68,49158709.0,9250870.0,18.8,39907839.0,81.2,2021,en,['United Kingdom']
Date Night (2010),0,88,"['Comedy,Crime,Romance']",6.3,175428,47,152263880.0,98711404.0,64.8,53552476.0,35.2,2010,en,['United States of America']
Easy A (2010),0,92,"['Comedy,Drama,Romance']",7.0,429019,86,75026216.0,58401464.0,77.8,16624752.0,22.2,2010,en,['United States of America']
Pathaan (2023),0,146,"['Action,Adventure,Thriller']",5.8,160094,53,112583450.0,17487476.0,15.5,95095974.0,84.5,2023,hi,"['India', 'Italy', 'Spain', 'Turkey']"
Bad Teacher (2011),0,92,"['Comedy,Romance']",5.7,216536,30,216197492.0,100292856.0,46.4,115904636.0,53.6,2011,en,['United States of America']
Les Tuche 4 (2021),0,101,['Comedy'],4.5,756,117,19259766.0,0.0,0.0,19259766.0,100.0,2021,fr,"['Belgium', 'France']"
Maison de retraite (2022),0,97,['Comedy'],5.9,1355,126,15570823.0,0.0,0.0,15570823.0,100.0,2022,fr,['France']
Shinchan: Crash! Scribble Kingdom and Almost Four Heroes (2020),0,103,"['Action,Adventure,Animation']",6.5,453,95,12221804.0,0.0,0.0,12221804.0,100.0,2020,ja,['Japan']
The Strangers: Prey at Night (2018),0,85,['Horror'],5.3,37591,166,31039126.0,24586708.0,79.2,6452418.0,20.8,2018,en,"['United States of America', 'United Kingdom']"
The Social Network (2010),0,120,"['Biography,Drama']",7.8,783108,32,224920315.0,96962694.0,43.1,127957621.0,56.9,2010,en,['United States of America']
Break the Silence: The Movie (2020),0,89,"['Documentary,Music']",8.3,2542,121,8954345.0,0.0,0.0,8954345.0,100.0,2020,ko,['South Korea']
Natale a Rio (2008),0,114,['Comedy'],4.4,1258,138,36702844.0,0.0,0.0,36702844.0,100.0,2008,it,['Italy']
A.R.O.G (2008),0,127,"['Comedy,Sci-Fi']",7.4,46770,187,22212369.0,0.0,0.0,22212369.0,100.0,2008,tr,['Turkey']
Sight (2024),0,103,"['Biography,Drama,History']",6.6,1608,200,7206741.0,7206741.0,100.0,0.0,0.0,2024,en,['United States of America']
Cats & Dogs: The Revenge of Kitty Galore (2010),0,82,"['Action,Comedy,Family']",4.4,16672,58,112483764.0,43585753.0,38.7,68898011.0,61.3,2010,en,"['United States of America', 'Australia']"
Project X (2012),0,0,['Drama'],6.6,11,71,102731865.0,54731865.0,53.3,48000000.0,46.7,2012,en,['United States of America']
Evil Dead (2013),0,91,['Horror'],6.5,204625,72,97542952.0,54239856.0,55.6,43303096.0,44.4,2013,en,['United States of America']
Il cosmo sul comò (2008),0,100,['Comedy'],4.8,2576,198,19494191.0,0.0,0.0,19494191.0,100.0,2008,it,['Italy']
Ghostbusters (2016),0,117,"['Action,Comedy,Fantasy']",6.8,252114,39,229147509.0,128350574.0,56.0,100796935.0,44.0,2016,en,['United States of America']
The Guernsey Literary and Potato Peel Pie Society (2018),0,124,"['Drama,Romance,War']",7.3,55070,193,23148937.0,0.0,0.0,23148937.0,100.0,2018,en,"['United Kingdom', 'United States of America', 'France']"
Teenage Mutant Ninja Turtles (2014),0,101,"['Action,Adventure,Comedy']",5.8,224292,16,485004754.0,191204754.0,39.4,293800000.0,60.6,2014,en,['United States of America']
Raajneeti (2010),0,163,"['Drama,Thriller']",7.1,19441,152,29459596.0,1514558.0,5.1,27945038.0,94.9,2010,hi,['India']
The Exorcist: Believer (2023),0,111,['Horror'],4.8,45864,45,136294607.0,65537395.0,48.1,70757212.0,51.9,2023,en,['United States of America']
How to Be Single (2016),0,110,"['Comedy,Drama,Romance']",6.1,96497,75,112543513.0,46843513.0,41.6,65700000.0,58.4,2016,en,['United States of America']
xXx: Return of Xander Cage (2017),0,107,"['Action,Adventure,Thriller']",5.2,99096,27,346118277.0,44898413.0,13.0,301219864.0,87.0,2017,en,"['Canada', 'China', 'United States of America']"
Take Off (2009),0,137,"['Comedy,Drama,Sport']",6.8,1042,100,52141043.0,0.0,0.0,52141043.0,100.0,2009,ko,['South Korea']
The Watch (2012),0,102,"['Comedy,Sci-Fi']",5.7,134727,96,68267862.0,35353000.0,51.8,32914862.0,48.2,2012,en,['United States of America']
Pirates of the Caribbean: On Stranger Tides (2011),0,136,"['Action,Adventure,Fantasy']",6.6,581381,3,1045713802.0,241071802.0,23.1,804642000.0,76.9,2011,en,"['United Kingdom', 'United States of America']"
The Blind (2023),0,90,['Drama'],7.4,21,139,17265876.0,17265487.0,100.0,389.0,0.0,2023,en,['United States of America']
Iron Man 3 (2013),0,130,"['Action,Adventure,Sci-Fi']",7.1,924075,2,1214811252.0,409013994.0,33.7,805797258.0,66.3,2013,en,['United States of America']
The Door Lock (2021),0,105,"['Crime,Drama,Thriller']",4.7,146,84,36100000.0,0.0,0.0,36100000.0,100.0,2021,zh,['China']
The Fable: The Killer Who Doesn't Kill (2021),0,133,"['Action,Comedy,Mystery']",6.8,2618,158,11325545.0,0.0,0.0,11325545.0,100.0,2021,ja,['Japan']
Kung Fu Panda 2 (2011),0,90,"['Action,Adventure,Animation']",7.3,335020,6,665692281.0,165249063.0,24.8,500443218.0,75.2,2011,en,['United States of America']
Yogi Bear (2010),0,80,"['Adventure,Animation,Comedy']",4.6,23912,37,203509374.0,100246011.0,49.3,103263363.0,50.7,2010,en,"['United States of America', 'New Zealand']"
Stigmatized Properties (2020),0,111,"['Drama,Horror']",4.5,298,61,21276720.0,0.0,0.0,21276720.0,100.0,2020,ja,['Japan']
Our Family Wedding (2010),0,103,"['Comedy,Romance']",5.1,7577,183,21409028.0,20255281.0,94.6,1153747.0,5.4,2010,en,['United States of America']
Mars Needs Moms (2011),0,88,"['Adventure,Animation,Family']",5.4,24531,134,39233678.0,21392758.0,54.5,17840920.0,45.5,2011,en,['United States of America']
Broker (2022),0,129,"['Comedy,Crime,Drama']",7.1,18658,113,18851416.0,1046899.0,5.6,17804517.0,94.4,2022,ko,['South Korea']
The Secret in Their Eyes (2009),0,129,"['Drama,Mystery,Romance']",8.2,230390,139,35079650.0,6391436.0,18.2,28688214.0,81.8,2009,es,"['Argentina', 'Spain']"
One Second (2020),0,88,"['Comedy,Romance']",4.6,652,104,10791301.0,0.0,0.0,10791301.0,100.0,2020,zh,"['China', 'Hong Kong']"
After We Fell (2021),0,98,"['Drama,Romance']",4.8,22265,111,21753705.0,2170750.0,10.0,19582955.0,90.0,2021,en,"['France', 'United States of America', 'Bulgaria']"
After Ever Happy (2022),0,95,"['Drama,Romance']",4.7,13095,110,19238073.0,1072750.0,5.6,18165323.0,94.4,2022,en,['United States of America']
Concrete Utopia (2023),0,130,"['Action,Adventure,Drama']",6.6,7821,109,30077348.0,0.0,0.0,30077348.0,100.0,2023,ko,['South Korea']
The Happytime Murders (2018),0,91,"['Action,Comedy,Crime']",5.5,31065,177,27506452.0,20706452.0,75.3,6800000.0,24.7,2018,en,"['China', 'United States of America']"
Kaiji: The Ultimate Gambler (2009),0,130,['Drama'],6.4,2155,170,24709016.0,0.0,0.0,24709016.0,100.0,2009,ja,['Japan']
Paw Patrol: Jet to the Rescue (2020),0,56,"['Adventure,Animation,Family']",5.2,406,200,4693664.0,0.0,0.0,4693664.0,100.0,2020,en,"['Canada', 'United States of America']"
Godfather (2022),0,157,"['Action,Crime,Drama']",5.2,7821,114,18737287.0,0.0,0.0,18737287.0,100.0,2022,en,['United States of America']
Vikram Vedha (2022),0,160,"['Action,Crime,Drama']",7.1,25114,181,8234166.0,1589362.0,19.3,6644804.0,80.7,2022,hi,['India']
Did You Hear About the Morgans? (2009),0,103,"['Comedy,Drama,Romance']",4.9,43501,72,85280250.0,29580087.0,34.7,55700163.0,65.3,2009,en,['United States of America']
Devil (2010),0,80,"['Horror,Mystery,Thriller']",6.3,161565,99,62695489.0,33601190.0,53.6,29094299.0,46.4,2010,en,['United States of America']
¡A todo tren! Destino Asturias (2021),0,90,['Comedy'],5.3,1403,171,9544171.0,0.0,0.0,9544171.0,100.0,2021,es,['Spain']
Krack (2021),0,143,['Drama'],8.1,16,161,10435375.0,0.0,0.0,10435375.0,100.0,2021,te,['India']
Peter Rabbit (2018),0,62,['Drama'],6.4,7,30,351266433.0,115253424.0,32.8,236013009.0,67.2,2018,en,"['Australia', 'United States of America']"
The End of Endless Love (2020),0,102,"['Drama,Romance,Sci-Fi']",6.3,68,36,43950000.0,0.0,0.0,43950000.0,100.0,2020,zh,['China']
A Single Man (2009),0,99,"['Drama,Romance,Thriller']",7.5,119798,169,24964890.0,9176000.0,36.8,15788890.0,63.2,2009,en,['United States of America']
Rise of the Planet of the Apes (2011),0,105,"['Action,Drama,Sci-Fi']",7.6,589698,14,481800873.0,176760185.0,36.7,305040688.0,63.3,2011,en,"['United Kingdom', 'United States of America']"
Mufasa: The Lion King (2024),0,118,"['Adventure,Animation,Drama']",6.7,39092,17,335226293.0,120877258.0,36.1,214349035.0,63.9,2024,en,['United States of America']
The Concert (2009),0,119,"['Comedy,Drama,Music']",7.5,18882,123,41146351.0,657986.0,1.6,40488365.0,98.4,2009,fr,"['Belgium', 'Italy', 'Romania', 'France']"
The Last Exorcism (2010),0,87,"['Horror,Mystery,Thriller']",5.7,53179,90,69432527.0,41034350.0,59.1,28398177.0,40.9,2010,en,"['United States of America', 'France']"
Gulliver's Travels (2010),0,85,"['Adventure,Comedy,Family']",4.9,75323,30,237382724.0,42779261.0,18.0,194603463.0,82.0,2010,en,['United States of America']
Samjin Company English Class (2020),0,110,"['Comedy,Crime,Drama']",6.6,711,91,12761386.0,0.0,0.0,12761386.0,100.0,2020,ko,['South Korea']
In the Heights (2021),0,143,"['Drama,Musical,Romance']",7.2,53877,71,45175167.0,29975167.0,66.4,15200000.0,33.6,2021,en,['United States of America']
Gangster Squad (2013),0,113,"['Action,Crime,Drama']",6.7,225521,65,105200903.0,46000903.0,43.7,59200000.0,56.3,2013,en,['United States of America']
August: Osage County (2013),0,121,"['Comedy,Drama']",7.2,97127,96,74188937.0,37738810.0,50.9,36450127.0,49.1,2013,en,['United States of America']
The Fortress (2017),0,104,['Documentary'],7.2,168,174,28645448.0,252895.0,0.9,28392553.0,99.1,2017,ja,[]
Despicable Me (2010),0,95,"['Adventure,Animation,Comedy']",7.6,604708,9,543239815.0,251639815.0,46.3,291600000.0,53.7,2010,en,['United States of America']
Twiceborn (2020),0,135,['Drama'],4.4,45,168,5880157.0,11527.0,0.2,5868630.0,99.8,2020,ja,['Japan']
Life Is Beautiful (2022),0,122,"['Drama,Musical,Romance']",6.6,370,177,8458639.0,0.0,0.0,8458639.0,100.0,2022,ko,['South Korea']
Past Lives (2023),0,105,"['Drama,Romance']",7.8,146109,91,42530801.0,11185625.0,26.3,31345176.0,73.7,2023,en,"['South Korea', 'United States of America']"
The Family (2013),0,104,['Thriller'],5.1,209,89,78418811.0,36918811.0,47.1,41500000.0,52.9,2013,en,"['France', 'United States of America']"
Lee (2024),0,133,['Drama'],4.5,11,96,23342264.0,2005488.0,8.6,21336776.0,91.4,2024,en,"['Australia', 'Singapore', 'United States of America', 'Hungary', 'United Kingdom']"
The Twilight Saga: Breaking Dawn - Part 1 (2011),0,117,"['Adventure,Drama,Fantasy']",4.9,261251,4,712205856.0,281287133.0,39.5,430918723.0,60.5,2011,en,['United States of America']
The Twilight Saga: Eclipse (2010),0,124,"['Action,Adventure,Drama']",5.1,268525,6,698491347.0,300531751.0,43.0,397959596.0,57.0,2010,en,['United States of America']
New Gods: Nezha Reborn (2021),0,118,"['Action,Animation,Fantasy']",6.8,4086,61,56088478.0,0.0,0.0,56088478.0,100.0,2021,zh,['China']
Red Cliff II (2009),0,142,"['Action,Adventure,Drama']",7.5,25847,49,120432178.0,0.0,0.0,120432178.0,100.0,2009,zh,"['China', 'Hong Kong', 'Japan', 'South Korea', 'Taiwan', 'United States of America']"
The Lucky One (2012),0,101,"['Drama,Mystery,Romance']",6.4,115832,73,99357138.0,60457138.0,60.8,38900000.0,39.2,2012,en,['United States of America']
Sun and Concrete (2023),0,119,"['Adventure,Crime,Drama']",7.4,5283,185,10120340.0,0.0,0.0,10120340.0,100.0,2023,de,['Germany']
Poupelle of Chimney Town (2020),0,100,"['Animation,Family,Fantasy']",6.4,749,59,22715146.0,0.0,0.0,22715146.0,100.0,2020,ja,['Japan']
The Butler (2013),0,132,"['Biography,Drama']",7.2,121443,44,177313795.0,116632095.0,65.8,60681700.0,34.2,2013,en,['United States of America']
Napoleon (2023),0,158,"['Action,Adventure,Biography']",6.3,168886,32,221394838.0,61524375.0,27.8,159870463.0,72.2,2023,en,['United States of America']
Mobile Suit Gundam: Hathaway (2021),0,95,"['Action,Animation,Drama']",6.6,2137,124,18731309.0,0.0,0.0,18731309.0,100.0,2021,ja,['Japan']
If You Are the One (2008),0,130,"['Comedy,Drama,Romance']",6.8,3893,109,45521453.0,0.0,0.0,45521453.0,100.0,2008,zh,"['China', 'Hong Kong']"
Anna (2019),0,100,['Drama'],4.5,17,158,31626978.0,7743794.0,24.5,23883184.0,75.5,2019,en,"['France', 'Guadaloupe', 'Russia', 'Serbia', 'United States of America']"
Blood Moon Party (2020),0,118,"['Comedy,Drama,Thriller']",7.5,587,149,6709383.0,0.0,0.0,6709383.0,100.0,2020,vi,['Vietnam']
Movie 43 (2012),0,94,['Comedy'],4.4,115772,151,32438988.0,8840453.0,27.3,23598535.0,72.7,2012,en,['United Kingdom']
Arthur (2011),0,110,"['Comedy,Romance']",5.7,53398,116,48147945.0,33035397.0,68.6,15112548.0,31.4,2011,en,['United States of America']
Evil Dead Rise (2023),0,96,['Horror'],6.5,153072,44,147033054.0,67233054.0,45.7,79800000.0,54.3,2023,en,"['Ireland', 'New Zealand', 'United States of America']"
Bath Buddy (2020),0,103,['Comedy'],5.8,433,53,28700000.0,0.0,0.0,28700000.0,100.0,2020,zh,['China']
"Good Luck to You, Leo Grande (2022)",0,97,"['Comedy,Drama']",7.2,40855,169,9795364.0,0.0,0.0,9795364.0,100.0,2022,en,['United Kingdom']
47 Ronin (2013),0,128,"['Action,Drama,Fantasy']",6.2,174621,51,151783839.0,38362475.0,25.3,113421364.0,74.7,2013,en,"['Japan', 'United States of America', 'United Kingdom']"
The Revenant (2015),0,117,"['Comedy,Fantasy,Horror']",6.3,11468,13,532950503.0,183637894.0,34.5,349312609.0,65.5,2015,en,"['Canada', 'Hong Kong', 'Taiwan', 'United States of America']"
The New Toy (2022),0,112,['Comedy'],5.9,1582,197,7295051.0,0.0,0.0,7295051.0,100.0,2022,fr,['France']
Firestarter (2022),0,96,['Documentary'],8.2,115,131,15039250.0,9739250.0,64.8,5300000.0,35.2,2022,en,"['Canada', 'Japan', 'United States of America']"
"Hi, Mom (2021)",0,128,"['Comedy,Drama,Fantasy']",6.9,3276,3,822009764.0,0.0,0.0,822009764.0,100.0,2021,zh,['China']
Rock of Ages (2012),0,123,"['Comedy,Drama,Musical']",5.9,82804,104,59418613.0,38518613.0,64.8,20900000.0,35.2,2012,en,['United States of America']
"As Above, So Below (2014)",0,70,['Documentary'],6.9,16,146,41898409.0,21321100.0,50.9,20577309.0,49.1,2014,en,['United States of America']
Godai - The Wunderkind (2020),0,109,"['Biography,Drama,History']",6.4,64,188,4948225.0,0.0,0.0,4948225.0,100.0,2020,ja,['Japan']
The Unbroken (2009),0,202,['Drama'],6.7,264,157,29000322.0,0.0,0.0,29000322.0,100.0,2009,ja,['Japan']
The Pope's Exorcist (2023),0,103,"['Horror,Thriller']",6.1,94547,64,76987621.0,20009380.0,26.0,56978241.0,74.0,2023,en,['United States of America']
Nodame Cantabile: The Movie II (2009),0,123,"['Comedy,Drama,Music']",7.1,1004,115,44879450.0,0.0,0.0,44879450.0,100.0,2009,,[]
The Tower (2012),0,90,"['Horror,Sci-Fi']",5.0,120,133,36512327.0,0.0,0.0,36512327.0,100.0,2012,ko,['South Korea']
Simone: Woman of the Century (2022),0,140,"['Biography,Drama,History']",6.8,1656,111,19198587.0,0.0,0.0,19198587.0,100.0,2022,fr,"['Belgium', 'France']"
The Crow (2024),0,111,"['Action,Crime,Fantasy']",4.7,30418,95,24088961.0,9275659.0,38.5,14813302.0,61.5,2024,en,"['France', 'Germany', 'United Kingdom', 'United States of America']"
Terminator Genisys (2015),0,126,"['Action,Adventure,Sci-Fi']",6.3,298692,17,440603537.0,89760956.0,20.4,350842581.0,79.6,2015,en,"['Canada', 'United States of America']"
Insidious: The Red Door (2023),0,107,"['Horror,Mystery,Thriller']",5.5,56870,39,189086877.0,82156962.0,43.4,106929915.0,56.6,2023,en,['United States of America']
Black Lightning (2009),0,80,"['Comedy,Crime']",5.0,154,185,20984902.0,0.0,0.0,20984902.0,100.0,2009,ru,"['Russia', 'United States of America']"
Tinker Tailor Soldier Spy (2011),0,127,"['Drama,Mystery,Thriller']",7.0,218341,86,81244605.0,24149393.0,29.7,57095212.0,70.3,2011,en,"['France', 'Germany', 'United Kingdom', 'Turkey']"
How Do You Know (2010),0,121,"['Comedy,Drama,Romance']",5.4,55971,119,48668907.0,30212620.0,62.1,18456287.0,37.9,2010,en,['United States of America']
Sword Art Online: Progressive - Aria of a Starless Night (2021),0,97,"['Action,Adventure,Animation']",7.2,2292,143,14032747.0,1050000.0,7.5,12982747.0,92.5,2021,ja,['Japan']
Stand by Me Doraemon 2 (2020),0,96,"['Animation,Comedy,Drama']",7.5,5325,23,65201374.0,0.0,0.0,65201374.0,100.0,2020,ja,['Japan']
Collectors (2020),0,114,"['Adventure,Comedy,Crime']",6.3,1132,94,12640113.0,0.0,0.0,12640113.0,100.0,2020,ko,['South Korea']
Detective Conan: The Raven Chaser (2009),0,111,"['Action,Adventure,Animation']",7.2,2367,127,39664359.0,0.0,0.0,39664359.0,100.0,2009,ja,['Japan']
What's Love Got to Do with It? (2023),0,108,"['Comedy,Drama,Romance']",6.3,11319,174,11065050.0,0.0,0.0,11065050.0,100.0,2023,en,"['France', 'United Kingdom']"
The Great Gatsby (2013),0,143,"['Drama,Romance']",7.2,616160,20,353641895.0,144840419.0,41.0,208801476.0,59.0,2013,en,"['United States of America', 'Australia']"
The Girl Who Kicked the Hornet's Nest (2009),0,147,"['Crime,Drama,Mystery']",7.3,75702,117,44276335.0,5190196.0,11.7,39086139.0,88.3,2009,sv,"['Denmark', 'Germany', 'Sweden']"
A Quiet Place: Day One (2024),0,99,"['Drama,Horror,Sci-Fi']",6.3,141605,20,261786322.0,138930553.0,53.1,122855769.0,46.9,2024,en,['United States of America']
Dredd (2012),0,95,"['Action,Crime,Sci-Fi']",7.1,302397,127,41037742.0,13414714.0,32.7,27623028.0,67.3,2012,en,"['South Africa', 'United Kingdom', 'United States of America', 'India']"
Paradox (2017),0,83,"['Sci-Fi,Thriller']",4.6,624,87,79226860.0,0.0,0.0,79226860.0,100.0,2017,cn,"['China', 'Hong Kong']"
Rabbit Without Ears 2 (2009),0,124,"['Comedy,Romance']",5.6,8721,112,46439905.0,0.0,0.0,46439905.0,100.0,2009,de,['Germany']
The Medium (2021),0,130,"['Drama,Horror,Mystery']",6.5,15136,177,8826689.0,0.0,0.0,8826689.0,100.0,2021,th,"['South Korea', 'Thailand']"
Jug Jugg Jeeyo (2022),0,148,"['Comedy,Drama,Family']",6.1,39320,153,11467726.0,1033000.0,9.0,10434726.0,91.0,2022,hi,['India']
About Her Brother (2010),0,126,['Drama'],7.0,866,189,19969473.0,0.0,0.0,19969473.0,100.0,2010,ja,['Japan']
The Dark Knight Rises (2012),0,164,"['Action,Drama,Thriller']",8.4,1894084,3,1084939099.0,448139099.0,41.3,636800000.0,58.7,2012,en,"['United Kingdom', 'United States of America']"
The Battle at Lake Changjin (2021),0,176,"['Action,Drama,History']",5.5,4452,2,902548476.0,342411.0,0.0,902206065.0,100.0,2021,zh,"['China', 'Hong Kong']"
Her (2013),0,45,['Drama'],6.2,12,125,48269269.0,25568251.0,53.0,22701018.0,47.0,2013,en,['United States of America']
The Legacy of Dr. Death: Black File (2020),0,121,"['Mystery,Thriller']",5.3,108,163,6024046.0,0.0,0.0,6024046.0,100.0,2020,ja,['Japan']
Smack Dab Kakha (2022),0,110,['Comedy'],1.6,1409,166,9995945.0,0.0,0.0,9995945.0,100.0,2022,,[]
Neuilly Yo Mama! (2009),0,90,['Comedy'],5.5,2638,181,22243482.0,0.0,0.0,22243482.0,100.0,2009,fr,['France']
Jack the Giant Slayer (2013),0,114,"['Action,Adventure,Fantasy']",6.3,150120,41,197687603.0,65187603.0,33.0,132500000.0,67.0,2013,en,"['United States of America', 'United Kingdom']"
Beau Is Afraid (2023),0,179,"['Comedy,Drama,Horror']",6.7,69642,166,12337378.0,8176562.0,66.3,4160816.0,33.7,2023,en,"['Finland', 'United States of America']"
Signal: The Movie (2021),0,122,['Action'],5.4,182,200,7388603.0,0.0,0.0,7388603.0,100.0,2021,ja,['Japan']
Warm Hug (2020),0,112,['Comedy'],5.3,264,17,129240236.0,0.0,0.0,129240236.0,100.0,2020,zh,['China']
The Wandering Earth II (2023),0,173,"['Action,Adventure,Drama']",6.7,15059,9,615023132.0,5023132.0,0.8,610000000.0,99.2,2023,zh,['China']
My Hero Academia: World Heroes' Mission (2021),0,101,"['Action,Adventure,Animation']",7.1,6304,69,46940541.0,12271658.0,26.1,34668883.0,73.9,2021,ja,['Japan']
If I Stay (2014),0,107,"['Drama,Fantasy,Music']",6.7,129649,95,78274843.0,50474843.0,64.5,27800000.0,35.5,2014,en,['United States of America']
Black Mass (2015),0,123,"['Biography,Crime,Drama']",6.8,197017,75,99975678.0,62575678.0,62.6,37400000.0,37.4,2015,en,"['United Kingdom', 'United States of America']"
I'm Still Here (2024),0,108,"['Comedy,Drama,Music']",6.2,24350,151,11100000.0,0.0,0.0,11100000.0,100.0,2024,pt,"['Brazil', 'France']"
Upcoming (2021),0,115,['Drama'],6.8,812,62,54300000.0,0.0,0.0,54300000.0,100.0,2021,zh,['China']
Masquerade Night (2021),0,129,"['Crime,Drama,Mystery']",6.2,913,90,32287400.0,0.0,0.0,32287400.0,100.0,2021,ja,['Japan']
Sultan (2016),0,0,['Romance'],3.8,18,88,87280000.0,6200000.0,7.1,81080000.0,92.9,2016,hi,['India']
The Soul (2021),0,130,"['Drama,Horror,Mystery']",6.6,3528,170,9600000.0,0.0,0.0,9600000.0,100.0,2021,ja,['Japan']
The Last Warrior: Root of Evil (2021),0,121,"['Adventure,Comedy,Family']",5.9,1618,98,28357398.0,0.0,0.0,28357398.0,100.0,2021,ru,['Russia']
Scandal Makers (2008),0,108,"['Comedy,Drama,Music']",7.2,4483,121,41745790.0,0.0,0.0,41745790.0,100.0,2008,ko,['South Korea']
Tom & Jerry (2021),0,101,"['Adventure,Animation,Comedy']",5.3,41292,34,136536687.0,46536687.0,34.1,90000000.0,65.9,2021,en,['United States of America']
Takizawa Enbujo Zero (2020),0,139,"['Music,Musical']",7.0,24,73,18091395.0,0.0,0.0,18091395.0,100.0,2020,ja,[]
Moana 2 (2024),0,100,"['Adventure,Animation,Comedy']",6.8,77448,4,896608683.0,400008683.0,44.6,496600000.0,55.4,2024,en,"['Canada', 'United States of America']"
Crayon Shin-chan: Shrouded in Mystery! The Flowers of Tenkazu Academy (2021),0,104,"['Action,Adventure,Animation']",7.1,780,114,20752104.0,0.0,0.0,20752104.0,100.0,2021,ja,['Japan']
F3: Fun and Frustration (2022),0,148,"['Comedy,Family,Romance']",4.7,2517,167,9849193.0,1195000.0,12.1,8654193.0,87.9,2022,te,['India']
All About My Mother (2021),0,120,['Drama'],6.3,75,175,8900000.0,0.0,0.0,8900000.0,100.0,2021,zh,[]
Break Through the Darkness (2021),0,112,['Drama'],5.4,233,65,52700000.0,0.0,0.0,52700000.0,100.0,2021,zh,['China']
Tomb Raider (2018),0,119,"['Action,Adventure,Fantasy']",6.3,233145,38,274950803.0,58250803.0,21.2,216700000.0,78.8,2018,en,"['Japan', 'United Kingdom', 'United States of America']"
The Sitter (2011),0,81,['Comedy'],5.6,73434,144,34942188.0,30441326.0,87.1,4500862.0,12.9,2011,en,['United States of America']
Women Talking (2022),0,104,['Drama'],6.9,45278,173,9276103.0,5456531.0,58.8,3819572.0,41.2,2022,en,['United States of America']
Chinese Doctors (2021),0,129,['Drama'],4.7,1325,23,197143218.0,0.0,0.0,197143218.0,100.0,2021,zh,"['China', 'Hong Kong']"
Cloud Atlas (2012),0,172,"['Drama,Mystery,Sci-Fi']",7.4,379769,59,130482868.0,27108272.0,20.8,103374596.0,79.2,2012,en,"['Germany', 'United States of America']"
This Is Where I Leave You (2014),0,103,"['Comedy,Drama']",6.6,91493,147,41296320.0,34296320.0,83.0,7000000.0,17.0,2014,en,['United States of America']
The Witch: Part 2 - The Other One (2022),0,137,"['Action,Mystery,Thriller']",6.3,7757,94,23068596.0,143723.0,0.6,22924873.0,99.4,2022,ko,['South Korea']
Coming Home (2014),0,114,['Drama'],3.7,10,132,47587984.0,377607.0,0.8,47210377.0,99.2,2014,zh,"['China', 'France', 'Hong Kong', 'India', 'United States of America']"
Recep Ivedik 2 (2009),0,107,['Comedy'],4.5,23611,161,27699692.0,0.0,0.0,27699692.0,100.0,2009,tr,['Turkey']
Doraemon the Movie: Nobita's Little Star Wars 2021 (2022),0,108,"['Action,Adventure,Animation']",6.5,765,96,22044058.0,0.0,0.0,22044058.0,100.0,2022,ja,['Japan']
Inception (2010),0,148,"['Action,Adventure,Sci-Fi']",8.8,2653044,4,828258695.0,292576195.0,35.3,535682500.0,64.7,2010,en,"['United Kingdom', 'United States of America']"
Grown Ups (2010),0,102,['Comedy'],6.0,291119,27,271430189.0,162001186.0,59.7,109429003.0,40.3,2010,en,['United States of America']
The Last Warrior: A Messenger of Darkness (2021),0,108,"['Adventure,Comedy,Fantasy']",5.5,852,99,27052365.0,0.0,0.0,27052365.0,100.0,2021,,[]
Superwho? (2022),0,82,"['Action,Comedy']",6.2,3998,134,14770359.0,0.0,0.0,14770359.0,100.0,2022,fr,"['Belgium', 'France']"
School of Magical Animals 2 (2022),0,103,"['Adventure,Comedy,Family']",5.9,593,109,19686382.0,45860.0,0.2,19640522.0,99.8,2022,de,['Germany']
The Round Up (2010),0,115,"['Drama,History,War']",7.0,9600,162,25623521.0,0.0,0.0,25623521.0,100.0,2010,fr,"['France', 'Germany', 'Hungary']"
The Whale (2022),0,117,['Drama'],7.6,239841,60,57615635.0,17463630.0,30.3,39563064.0,68.7,2022,en,['United States of America']
Men (2022),0,100,"['Drama,Fantasy,Horror']",6.0,72339,158,11151120.0,7587853.0,68.0,3563267.0,32.0,2022,en,['United Kingdom']
The Adjustment Bureau (2010),0,106,"['Crime,Drama,Mystery']",7.0,276063,54,127869379.0,62495645.0,48.9,65373734.0,51.1,2010,,[]
Cop Out (2010),0,107,"['Action,Comedy,Crime']",5.5,91279,106,55611001.0,44875481.0,80.7,10735520.0,19.3,2010,en,['United States of America']
I Can Do Bad All by Myself (2009),0,113,"['Comedy,Drama']",4.8,10903,102,51733921.0,51733921.0,100.0,0.0,0.0,2009,en,['United States of America']
Railway Heroes (2021),0,124,"['Drama,History,War']",5.6,390,128,17223704.0,0.0,0.0,17223704.0,100.0,2021,zh,"['China', 'United States of America']"
The Other Guys (2010),0,107,"['Action,Comedy,Crime']",6.7,296778,42,170458922.0,119219978.0,69.9,51238944.0,30.1,2010,en,['United States of America']
Suicide Squad (2016),0,123,"['Action,Adventure,Fantasy']",5.9,737107,10,749200054.0,325100054.0,43.4,424100000.0,56.6,2016,en,['United States of America']
Total Recall (2012),0,118,"['Action,Adventure,Sci-Fi']",6.2,270705,40,198467168.0,58877969.0,29.7,139589199.0,70.3,2012,en,"['Canada', 'India', 'United States of America']"
Detective Conan: The Scarlet Alibi (2021),0,93,"['Animation,Crime,Mystery']",6.3,422,165,10308627.0,0.0,0.0,10308627.0,100.0,2021,ja,['Japan']
Downsizing (2017),0,135,"['Drama,Fantasy,Sci-Fi']",5.8,130037,112,55003890.0,24449754.0,44.5,30554136.0,55.5,2017,en,['United States of America']
We Bought a Zoo (2011),0,124,"['Comedy,Drama,Family']",7.0,155212,64,120081841.0,75624550.0,63.0,44457291.0,37.0,2011,en,['United States of America']
When the Bough Breaks (2016),0,107,"['Drama,Thriller']",5.2,8321,162,30658387.0,29747603.0,97.0,910784.0,3.0,2016,en,['United States of America']
Playing for Keeps (2012),0,0,['Crime'],6.9,12,158,30962335.0,13103272.0,42.3,17859063.0,57.7,2012,en,['United States of America']
In the Heart of the Sea (2015),0,122,"['Action,Adventure,Biography']",6.9,154025,83,94320758.0,25020758.0,26.5,69300000.0,73.5,2015,en,"['Spain', 'United States of America']"
Bodyguard (2011),0,0,['Drama'],4.9,9,150,31516209.0,1834384.0,5.8,29681825.0,94.2,2011,hi,['India']
Why Did I Get Married Too? (2010),0,121,"['Comedy,Drama,Romance']",4.7,10506,101,60673972.0,60095852.0,99.0,578120.0,1.0,2010,en,['United States of America']
Gokusen: The Movie (2009),0,118,"['Comedy,Drama']",5.7,672,141,34117482.0,0.0,0.0,34117482.0,100.0,2009,ja,['Japan']
The Hunger Games (2012),0,142,"['Action,Adventure,Sci-Fi']",7.2,1032586,9,694394724.0,408010692.0,58.8,286384032.0,41.2,2012,en,['United States of America']
Mad Max: Fury Road (2015),0,120,"['Action,Adventure,Sci-Fi']",8.1,1153868,21,379436354.0,153636354.0,40.5,225800000.0,59.5,2015,en,"['Australia', 'United States of America']"
Marmaduke (2010),0,87,"['Comedy,Family']",4.3,18038,76,83761844.0,33644788.0,40.2,50117056.0,59.8,2010,en,['United States of America']
Prisoners (2013),0,153,"['Crime,Drama,Mystery']",8.2,857507,58,122126687.0,61002302.0,50.0,61124385.0,50.0,2013,en,['United States of America']
"Dad, I'm Sorry (2021)",0,128,"['Comedy,Drama,Family']",6.6,1133,126,17480489.0,350000.0,2.0,17130489.0,98.0,2021,vi,['Vietnam']
Salaar (2023),0,175,"['Action,Crime,Drama']",6.6,74186,168,11958548.0,8929282.0,74.7,3029266.0,25.3,2023,te,['India']
Aftershock (2010),0,135,"['Drama,History']",7.5,9970,66,100293273.0,62962.0,0.0,100230311.0,99.9,2010,zh,"['China', 'Hong Kong']"
Dumb Money (2023),0,105,"['Biography,Comedy,Drama']",6.9,54960,128,20703794.0,13925356.0,67.3,6761614.0,32.7,2023,en,['United States of America']
Mr. Popper's Penguins (2011),0,94,"['Comedy,Family,Fantasy']",6.0,108617,36,187361754.0,68224452.0,36.4,119137302.0,63.6,2011,en,['United States of America']
It (2017),0,135,['Horror'],7.3,636449,13,702781748.0,327481748.0,46.6,375300000.0,53.4,2017,en,['United States of America']
Taken 2 (2012),0,92,"['Action,Crime,Thriller']",6.2,329268,19,376141306.0,139854287.0,37.2,236287019.0,62.8,2012,en,"['France', 'Turkey', 'United States of America']"
Journey 2: The Mysterious Island (2012),0,94,"['Action,Adventure,Comedy']",5.7,115542,23,335260290.0,103860290.0,31.0,231400000.0,69.0,2012,en,['United States of America']
Straight Outta Compton (2015),0,147,"['Biography,Drama,History']",7.8,225690,39,201634991.0,161197785.0,79.9,40437206.0,20.1,2015,en,"['United Kingdom', 'United States of America']"
Transformers: Dark of the Moon (2011),0,154,"['Action,Adventure,Sci-Fi']",6.2,441743,2,1123794079.0,352390543.0,31.4,771403536.0,68.6,2011,en,['United States of America']
Family Affairs (2022),0,87,['Comedy'],6.1,1968,193,7330755.0,0.0,0.0,7330755.0,100.0,2022,de,['Germany']
I Give My First Love to You (2009),0,122,"['Drama,Romance']",7.1,2901,172,24051386.0,0.0,0.0,24051386.0,100.0,2009,ja,['Japan']
Happy Feet Two (2011),0,100,"['Adventure,Animation,Comedy']",5.8,48960,48,159196259.0,64006466.0,40.2,95189793.0,59.8,2011,en,"['Australia', 'United States of America']"
True Grit (2010),0,110,"['Drama,Western']",7.6,364875,29,252276927.0,171243005.0,67.9,81033922.0,32.1,2010,en,['United States of America']
Drive My Car (2021),0,179,['Drama'],7.5,71286,137,15357339.0,2352240.0,15.3,13005099.0,84.7,2021,ja,['Japan']
Remember Me (2010),0,113,"['Drama,Romance']",7.1,158660,105,56032889.0,19068240.0,34.0,36964649.0,66.0,2010,en,['United States of America']
For Colored Girls (2010),0,133,['Drama'],6.3,8344,137,37981984.0,37729698.0,99.3,252286.0,0.7,2010,en,['United States of America']
Blacklight (2022),0,104,"['Action,Drama,Thriller']",4.8,26499,124,15902207.0,9591094.0,60.3,6311113.0,39.7,2022,en,"['Australia', 'China', 'United States of America']"
Just Wright (2010),0,100,"['Comedy,Romance,Sport']",5.9,16093,181,21584424.0,21540363.0,99.8,44061.0,0.2,2010,en,['United States of America']
Flight (2012),0,116,"['Action,Thriller']",5.4,1459,49,161772375.0,93772375.0,58.0,68000000.0,42.0,2012,en,['United States of America']
Star Trek Into Darkness (2013),0,132,"['Action,Adventure,Sci-Fi']",7.7,502607,14,467365246.0,228778661.0,49.0,238586585.0,51.0,2013,en,['United States of America']
Ride Along (2014),0,99,"['Action,Comedy,Crime']",6.1,125796,54,154468902.0,134938200.0,87.4,19530702.0,12.6,2014,en,['United States of America']
Tarot (2024),0,92,['Horror'],4.8,30126,56,49256239.0,18771004.0,38.1,30485235.0,61.9,2024,en,['United States of America']
Men in Black³ (2012),0,106,"['Action,Adventure,Comedy']",6.8,397888,10,654213485.0,179020854.0,27.4,475192631.0,72.6,2012,en,['United States of America']
Beauty and the Beast (2014),0,90,"['Drama,Fantasy,Horror']",3.1,1874,133,47430624.0,0.0,0.0,47430624.0,100.0,2014,fr,"['France', 'Germany']"
Beauty and the Beast (2017),0,90,"['Drama,Fantasy,Horror']",3.1,1874,2,1263521126.0,504014165.0,39.9,759506961.0,60.1,2017,en,['United States of America']
Ticket to Paradise (2022),0,104,"['Comedy,Drama,Romance']",6.1,76754,28,168770985.0,68275985.0,40.5,100495000.0,59.5,2022,en,"['Australia', 'United States of America', 'United Kingdom']"
Dad (2021),0,76,"['Comedy,Drama,Romance']",6.7,1670,173,9267397.0,0.0,0.0,9267397.0,100.0,2021,fr,['France']
No Strings Attached (2011),0,108,"['Comedy,Romance']",6.2,248815,55,149228077.0,70662220.0,47.4,78565857.0,52.6,2011,en,['United States of America']
Riddick (2013),0,119,"['Action,Adventure,Sci-Fi']",6.4,181736,70,98337295.0,42025135.0,42.7,56312160.0,57.3,2013,en,"['Canada', 'United States of America']"
The Hangover Part II (2011),0,102,['Comedy'],6.5,551421,8,586764305.0,254464305.0,43.4,332300000.0,56.6,2011,en,['United States of America']
Character (2021),0,125,"['Crime,Drama,Mystery']",6.5,1481,154,12628017.0,0.0,0.0,12628017.0,100.0,2021,ja,['Japan']
The Best Exotic Marigold Hotel (2012),0,124,"['Comedy,Drama,Romance']",7.2,101604,54,136836156.0,46412041.0,33.9,90424115.0,66.1,2012,en,"['United Arab Emirates', 'United Kingdom', 'United States of America']"
The Great Escaper (2023),0,96,"['Biography,Drama,War']",7.0,8010,182,10461239.0,0.0,0.0,10461239.0,100.0,2023,en,"['France', 'Sweden', 'United Kingdom']"
12 Strong (2018),0,130,"['Action,Drama,History']",6.5,95655,105,67359190.0,45819713.0,68.0,21539477.0,32.0,2018,en,['United States of America']
You Again (2010),0,105,"['Comedy,Romance']",5.7,55470,151,32054369.0,25702053.0,80.2,6352316.0,19.8,2010,en,['United States of America']
Lyubov 2 Morkov (2008),0,100,"['Comedy,Fantasy']",4.8,814,199,19171562.0,0.0,0.0,19171562.0,100.0,2008,ru,['Russia']
Nanny McPhee Returns (2010),0,109,"['Comedy,Family,Fantasy']",6.1,38343,70,93251121.0,29011215.0,31.1,64239906.0,68.9,2010,en,"['United States of America', 'United Kingdom', 'France']"
Amalfi: Rewards of the Goddess (2009),0,125,['Drama'],6.1,387,133,37840539.0,0.0,0.0,37840539.0,100.0,2009,ja,['Japan']
Torrente 4: Lethal Crisis (2011),0,93,"['Action,Comedy,Crime']",5.4,5644,165,29737384.0,0.0,0.0,29737384.0,100.0,2011,es,['Spain']
"I, Frankenstein (2014)",0,92,"['Action,Fantasy,Sci-Fi']",5.1,84730,97,76801179.0,19075290.0,24.8,57725889.0,75.2,2014,en,"['Australia', 'United States of America']"
The Fabelmans (2022),0,151,['Drama'],7.5,126088,67,45620703.0,17348945.0,38.0,28271758.0,62.0,2022,en,['United States of America']
Bheemla Nayak (2022),0,130,"['Action,Drama,Thriller']",6.3,10349,128,15243922.0,0.0,0.0,15243922.0,100.0,2022,te,['India']
Cocaine Bear (2023),0,95,"['Comedy,Crime,Thriller']",5.9,117794,61,88314672.0,64670240.0,73.2,23644432.0,26.8,2023,en,['United States of America']
"Me, Them and Lara (2010)",0,115,['Comedy'],5.8,1437,177,22039646.0,0.0,0.0,22039646.0,100.0,2010,it,['Italy']
Guglhupfgeschwader (2022),0,97,"['Comedy,Crime']",6.4,1274,148,12307072.0,0.0,0.0,12307072.0,100.0,2022,de,['Germany']
Asteroid City (2023),0,105,"['Comedy,Drama,Romance']",6.5,127939,78,53857743.0,28153025.0,52.3,25704718.0,47.7,2023,en,"['United States of America', 'Germany']"
Poor Things (2023),0,141,"['Comedy,Drama,Romance']",7.8,329270,50,117625455.0,34553225.0,29.4,83072230.0,70.6,2023,en,"['Ireland', 'United Kingdom', 'United States of America']"
Liar Game: The Final Stage (2010),0,133,"['Drama,Thriller']",7.1,1388,168,24658706.0,0.0,0.0,24658706.0,100.0,2010,ja,['Japan']
Ballad (2009),0,127,"['Action,Drama,Romance']",5.6,309,198,19328678.0,0.0,0.0,19328678.0,100.0,2009,ja,['Japan']
Chinese Zodiac (2012),0,109,"['Action,Adventure,Comedy']",6.0,25164,47,170525083.0,0.0,0.0,170525083.0,100.0,2012,cn,"['China', 'Hong Kong']"
Predators (2010),0,107,"['Action,Adventure,Sci-Fi']",6.4,250867,55,127233108.0,52000688.0,40.9,75232420.0,59.1,2010,en,['United States of America']
Speak No Evil (2024),0,97,"['Drama,Horror,Mystery']",6.6,55916,46,76756109.0,36931420.0,48.1,39824689.0,51.9,2024,en,['United States of America']
Hansel & Gretel: Witch Hunters (2013),0,88,"['Action,Fantasy,Horror']",6.1,221165,36,226349749.0,55703475.0,24.6,170646274.0,75.4,2013,en,"['United States of America', 'Germany']"
The Wolverine (2013),0,126,"['Action,Sci-Fi']",6.7,508435,15,414828246.0,132556852.0,32.0,282271394.0,68.0,2013,en,['United States of America']
Arthur Christmas (2011),0,97,"['Adventure,Animation,Comedy']",7.1,70163,56,147419472.0,46462469.0,31.5,100957003.0,68.5,2011,en,"['United Kingdom', 'United States of America']"
Brick Mansions (2014),0,90,"['Action,Crime,Thriller']",5.6,44807,101,71416730.0,20396829.0,28.6,51019901.0,71.4,2014,en,"['Canada', 'France', 'United States of America']"
Big Miracle (2012),0,107,"['Biography,Drama,Romance']",6.5,20831,183,24719215.0,20157300.0,81.5,4561915.0,18.5,2012,en,"['Canada', 'United Kingdom', 'United States of America']"
The Pirates! Band of Misfits (2012),0,88,"['Action,Adventure,Animation']",6.7,52651,63,123054041.0,31051126.0,25.2,92002915.0,74.8,2012,en,['United Kingdom']
Deadpool (2016),0,108,"['Action,Comedy']",8.0,1192031,9,782612155.0,363070709.0,46.4,419541446.0,53.6,2016,en,['United States of America']
Honey Lemon Soda (2021),0,111,"['Comedy,Drama,Romance']",5.6,244,185,8441488.0,0.0,0.0,8441488.0,100.0,2021,ja,['Japan']
Another Year (2010),0,129,"['Comedy,Drama']",7.4,31491,192,19722766.0,3205706.0,16.3,16517060.0,83.7,2010,en,"['United Kingdom', 'United States of America']"
My Girlfriend Is an Agent (2009),0,112,"['Action,Comedy,Romance']",6.3,2535,184,21056256.0,0.0,0.0,21056256.0,100.0,2009,ko,['South Korea']
Fury (2014),0,83,"['Comedy,Music,Thriller']",5.1,37,41,211817906.0,85817906.0,40.5,126000000.0,59.5,2014,en,['United States of America']
Peppermint (2018),0,82,['Drama'],8.4,21,118,53918723.0,35418723.0,65.7,18500000.0,34.3,2018,en,"['China', 'United States of America']"
Jujutsu Kaisen 0 (2021),0,112,"['Action,Animation,Fantasy']",7.8,47091,26,166377561.0,34542754.0,20.8,131834807.0,79.2,2021,ja,['Japan']
18 Years Later (2003),0,100,"['Comedy,Drama']",6.8,380,199,8785730.0,25611.0,0.3,8760119.0,99.7,2003,fr,['France']
Hubble (2010),0,45,['Documentary'],7.6,4585,87,74249729.0,52522904.0,70.7,21726825.0,29.3,2010,en,"['Canada', 'United States of America']"
Mother's Day (2016),0,112,"['Drama,Horror,Thriller']",6.2,18861,129,48782670.0,32492859.0,66.6,16289811.0,33.4,2016,en,['United States of America']
Cabrini (2024),0,142,"['Biography,Drama']",7.3,8243,106,20590343.0,19512134.0,94.8,1078209.0,5.2,2024,en,"['Italy', 'United States of America']"
April Bride (2009),0,129,['Drama'],6.2,245,146,32112343.0,0.0,0.0,32112343.0,100.0,2009,ja,['Japan']
Firestorm (2013),0,54,['Documentary'],7.3,9,115,55754766.0,0.0,0.0,55754766.0,100.0,2013,zh,['Hong Kong']
13 Assassins (2010),0,141,"['Action,Adventure,Drama']",7.5,69913,199,18689058.0,802778.0,4.3,17886280.0,95.7,2010,ja,"['Japan', 'United Kingdom']"
Trolls Band Together (2023),0,91,"['Adventure,Animation,Comedy']",6.0,17615,34,209372790.0,102996915.0,49.2,106375875.0,50.8,2023,en,['United States of America']
Laid-Back Camp Movie (2022),0,120,"['Adventure,Animation,Comedy']",7.6,524,195,7317913.0,0.0,0.0,7317913.0,100.0,2022,ja,['Japan']
Rio (2011),0,96,"['Adventure,Animation,Comedy']",6.9,258509,13,483866518.0,143619809.0,29.7,340246709.0,70.3,2011,en,['United States of America']
Shin Kamen Rider (2023),0,121,"['Action,Adventure,Drama']",6.1,3344,144,15835414.0,0.0,0.0,15835414.0,100.0,2023,ja,['Japan']
Bait (2012),0,93,"['Action,Fantasy,Horror']",5.2,20278,148,32813407.0,0.0,0.0,32813407.0,100.0,2012,en,"['Singapore', 'Australia']"
Fright Night (2011),0,106,"['Action,Comedy,Drama']",6.4,116273,125,41002607.0,18302607.0,44.6,22700000.0,55.4,2011,en,"['India', 'United States of America']"
Charlie St. Cloud (2010),0,99,"['Drama,Fantasy,Romance']",6.4,65489,120,48190704.0,31162545.0,64.7,17028159.0,35.3,2010,en,['United States of America']
High Security Vacation (2009),0,113,"['Adventure,Comedy']",6.2,3575,195,19487557.0,0.0,0.0,19487557.0,100.0,2009,ru,['Russia']
The Monkey King: Reborn (2021),0,95,"['Action,Animation,Fantasy']",6.1,618,150,13017088.0,0.0,0.0,13017088.0,100.0,2021,zh,['China']
Hello Ghost (2010),0,114,"['Comedy,Drama']",6.4,391,191,19774455.0,0.0,0.0,19774455.0,100.0,2010,ko,['South Korea']
Battleship (2012),0,131,"['Action,Adventure,Sci-Fi']",5.8,262034,26,303025485.0,65422625.0,21.6,237602860.0,78.4,2012,en,"['Japan', 'United States of America']"
Empire of Light (2022),0,115,"['Drama,Romance']",6.7,25821,154,11395604.0,1177577.0,10.3,10218027.0,89.7,2022,en,"['United Kingdom', 'United States of America']"
White Snake (2019),0,85,"['Fantasy,Romance']",6.4,59,101,62098770.0,34730.0,0.0,62064040.0,99.9,2019,zh,['China']
Never Let Go (2024),0,101,"['Horror,Thriller']",5.4,12791,118,16573225.0,10306106.0,62.2,6267119.0,37.8,2024,en,['United States of America']
Quartet (2012),0,98,"['Comedy,Drama,Music']",6.8,21752,103,59520298.0,18390117.0,30.9,41130181.0,69.1,2012,en,['United Kingdom']
Salmon Fishing in the Yemen (2012),0,107,"['Comedy,Drama,Romance']",6.8,67991,140,34564651.0,9047981.0,26.2,25516670.0,73.8,2012,en,"['France', 'United Kingdom']"
Man in Love (2021),0,115,"['Drama,Romance']",7.1,3830,64,52946097.0,0.0,0.0,52946097.0,100.0,2021,zh,"['China', 'Hong Kong', 'Taiwan', 'United States of America']"
The Farewell (2019),0,45,['Documentary'],6.6,5,185,23076657.0,17695781.0,76.7,5380876.0,23.3,2019,en,"['China', 'United States of America']"
Father Stu (2022),0,124,"['Biography,Drama']",6.5,33422,102,21592379.0,20884796.0,96.7,707583.0,3.3,2022,en,['United States of America']
Oblivion (2013),0,93,['Documentary'],7.4,104,25,286168572.0,89107235.0,31.1,197061337.0,68.9,2013,en,['United States of America']
Tár (2022),0,158,"['Drama,Music']",7.4,101848,84,29048571.0,6773650.0,23.3,22274921.0,76.7,2022,en,['United States of America']
Rookies the Movie: Graduation (2009),0,137,"['Drama,Sport']",6.1,228,70,88055243.0,0.0,0.0,88055243.0,100.0,2009,ja,['Japan']
Rise of the Guardians (2012),0,97,"['Action,Adventure,Animation']",7.2,199424,25,306941670.0,103412758.0,33.7,203528912.0,66.3,2012,en,['United States of America']
Once Upon a Time in Hong Kong (2021),0,105,"['Action,Crime,History']",5.5,302,91,32218874.0,0.0,0.0,32218874.0,100.0,2021,zh,['Hong Kong']
Prometheus (2012),0,124,"['Adventure,Mystery,Sci-Fi']",7.0,672532,17,403354469.0,126477084.0,31.4,276877385.0,68.6,2012,en,['United States of America']
Thanksgiving (2023),0,106,"['Comedy,Horror,Mystery']",6.2,69290,83,46553280.0,31908884.0,68.5,14644396.0,31.5,2023,en,['United States of America']
Killer Elite (2011),0,116,"['Action,Crime,Thriller']",6.4,137492,106,57084522.0,25124966.0,44.0,31959556.0,56.0,2011,en,"['Australia', 'United States of America']"
Winnie the Pooh (2011),0,63,"['Adventure,Animation,Comedy']",7.1,29311,115,49871429.0,26692846.0,53.5,23178583.0,46.5,2011,en,['United States of America']
The Call of the Wild (2020),0,155,['Documentary'],7.3,368,19,111166669.0,62342368.0,56.1,48824301.0,43.9,2020,en,"['Canada', 'United States of America']"
Monsters University (2013),0,104,"['Adventure,Animation,Comedy']",7.2,404908,7,743559607.0,268492764.0,36.1,475066843.0,63.9,2013,en,['United States of America']
Moonbound (2021),0,85,"['Adventure,Animation,Comedy']",4.9,692,180,8754596.0,0.0,0.0,8754596.0,100.0,2021,de,"['Austria', 'Germany']"
The Master and Margarita (2024),0,157,"['Drama,Fantasy,Romance']",7.2,4289,90,28004162.0,0.0,0.0,28004162.0,100.0,2024,ru,['Russia']
Godzilla x Kong: The New Empire (2024),0,115,"['Action,Adventure,Fantasy']",6.1,117576,7,571750016.0,196350016.0,34.3,375400000.0,65.7,2024,en,['United States of America']
The Help (2011),0,146,['Drama'],8.1,508340,29,216639112.0,169708112.0,78.3,46931000.0,21.7,2011,en,"['India', 'United Arab Emirates', 'United States of America']"
More Than Blue (2018),0,105,"['Drama,Romance']",7.5,2870,54,142958164.0,722669.0,0.5,142235495.0,99.5,2018,zh,"['China', 'Hong Kong', 'Singapore', 'Taiwan']"
Love Will Tear Us Apart (2021),0,105,['Romance'],6.4,432,72,45060290.0,0.0,0.0,45060290.0,100.0,2021,zh,['China']
Harmony (2010),0,72,"['Action,Horror,Sci-Fi']",2.7,161,61,107056263.0,0.0,0.0,107056263.0,100.0,2010,ko,['South Korea']
Moon Man (2022),0,122,"['Comedy,Sci-Fi']",6.4,1968,11,460237662.0,0.0,0.0,460237662.0,100.0,2022,zh,['China']
Legend of the Fist: The Return of Chen Zhen (2010),0,106,"['Action,Drama,History']",6.2,11245,157,27390678.0,50433.0,0.2,27340245.0,99.8,2010,cn,"['Hong Kong', 'China']"
Radical (2023),0,125,['Drama'],7.8,6429,122,21830921.0,8702731.0,39.9,13128190.0,60.1,2023,es,"['Mexico', 'United States of America']"
The Conjuring (2013),0,112,"['Horror,Mystery,Thriller']",7.5,578722,23,319494638.0,137400141.0,43.0,182094497.0,57.0,2013,en,['United States of America']
The Next Three Days (2010),0,133,"['Action,Crime,Drama']",7.3,210761,95,67448651.0,21148651.0,31.4,46300000.0,68.6,2010,en,"['United States of America', 'France']"
Anita (2021),0,104,['Drama'],7.3,638,140,15017470.0,556632.0,3.7,14460838.0,96.3,2021,cn,['Hong Kong']
Brooklyn (2015),0,80,"['Comedy,Crime']",7.0,33,113,62076141.0,38322743.0,61.7,23753398.0,38.3,2015,en,"['Canada', 'Ireland', 'United Kingdom', 'United States of America']"
Overlord: The Sacred Kingdom (2024),0,135,"['Action,Adventure,Animation']",7.0,671,192,7614966.0,1650280.0,21.7,5964686.0,78.3,2024,ja,['Japan']
And So the Baton Is Passed (2021),0,137,['Drama'],6.7,401,141,14403588.0,0.0,0.0,14403588.0,100.0,2021,ja,['Japan']
I'm a Cat Stalker (2008),0,103,['Drama'],5.4,14,171,25221446.0,0.0,0.0,25221446.0,100.0,2008,,[]
Dragon Ball Super: Super Hero (2022),0,100,"['Action,Adventure,Animation']",7.1,16630,46,86562140.0,38112140.0,44.0,48450000.0,56.0,2022,ja,['Japan']
Dream House (2011),0,92,"['Drama,Mystery,Thriller']",6.0,70184,131,39984400.0,21302340.0,53.3,18682060.0,46.7,2011,en,"['Canada', 'United States of America']"
Vanguard (2020),0,84,['Action'],5.4,11,28,50866901.0,793525.0,1.6,50073376.0,98.4,2020,zh,"['China', 'Hong Kong', 'India', 'South Korea', 'Taiwan', 'United Kingdom']"
Buried (2010),0,95,"['Drama,Mystery,Thriller']",7.0,172111,195,19439764.0,1044143.0,5.4,18395621.0,94.6,2010,en,"['France', 'Spain', 'United States of America']"
Indiana Jones and the Dial of Destiny (2023),0,154,"['Action,Adventure,Sci-Fi']",6.5,216414,20,383963057.0,174480468.0,45.4,209482589.0,54.6,2023,en,['United States of America']
The Odd Life of Timothy Green (2012),0,105,"['Comedy,Drama,Family']",6.6,49345,106,56012642.0,51854875.0,92.6,4157767.0,7.4,2012,en,['United States of America']
The Grandmaster (2013),0,130,"['Action,Biography,Drama']",6.6,37527,104,64076736.0,6594959.0,10.3,57481777.0,89.7,2013,zh,['Hong Kong']
The Eight Mountains (2022),0,147,['Drama'],7.7,17345,155,11374298.0,302456.0,2.7,11071842.0,97.3,2022,it,"['Belgium', 'France', 'Italy', 'United Kingdom']"
"Big Mommas: Like Father, Like Son (2011)",0,107,"['Action,Comedy,Crime']",4.5,30226,84,82686066.0,37915414.0,45.9,44770652.0,54.1,2011,en,['United States of America']
I Am Number Four (2011),0,111,"['Action,Adventure,Sci-Fi']",6.1,249148,52,149878437.0,55100437.0,36.8,94778000.0,63.2,2011,en,"['India', 'United States of America']"
Heartbreaker (2010),0,105,"['Comedy,Romance']",6.7,27983,121,48023509.0,504030.0,1.0,47519479.0,99.0,2010,fr,"['France', 'United States of America']"
"Lyle, Lyle, Crocodile (2022)",0,106,"['Adventure,Comedy,Family']",6.1,16625,39,111080122.0,46888441.0,42.2,64191681.0,57.8,2022,en,"['Italy', 'United States of America']"
Astral City: A Spiritual Journey (2010),0,103,"['Drama,Fantasy']",6.4,3830,184,21218935.0,0.0,0.0,21218935.0,100.0,2010,pt,['Brazil']
Pokémon: Arceus and the Jewel of Life (2009),0,95,"['Action,Adventure,Animation']",6.2,3071,101,52119081.0,0.0,0.0,52119081.0,100.0,2009,ja,['Japan']
Baywatch (2017),0,116,"['Action,Comedy,Crime']",5.5,209411,54,177856751.0,58060186.0,32.6,119796565.0,67.4,2017,en,['United States of America']
Abigail (2024),0,87,"['Crime,Mystery,Thriller']",7.4,23,64,42791449.0,25867515.0,60.5,16923934.0,39.5,2024,en,['United States of America']
Arashi Anniversary Tour 5 x 20 Film: Record of Memories (2021),0,147,['Music'],8.1,41,81,38052695.0,0.0,0.0,38052695.0,100.0,2021,,[]
Bridget Jones's Baby (2016),0,123,"['Comedy,Drama,Romance']",6.4,85993,42,211952420.0,24252420.0,11.4,187700000.0,88.6,2016,en,"['France', 'United Kingdom', 'United States of America']"
Aladdin (2019),0,0,['Comedy'],3.5,15,9,1050693953.0,355559216.0,33.8,695134737.0,66.2,2019,en,['United States of America']
Mobile Suit Gundam SEED Freedom (2024),0,124,"['Action,Adventure,Animation']",6.7,904,72,36038764.0,0.0,0.0,36038764.0,100.0,2024,ja,['Japan']
New Happy Dad and Son 4 (2021),0,80,['Animation'],4.4,13,190,8070000.0,0.0,0.0,8070000.0,100.0,2021,zh,['China']
Kamen Rider Decade: All Riders vs. Dai-Shocker (2009),0,79,"['Action,Adventure,Fantasy']",6.6,231,196,19418091.0,0.0,0.0,19418091.0,100.0,2009,ja,['Japan']
Saw 3D (2010),0,90,"['Crime,Horror,Mystery']",5.5,113645,52,136150434.0,45710178.0,33.6,90440256.0,66.4,2010,en,['United States of America']
Space Battleship Yamato (2010),0,138,"['Action,Adventure,Drama']",6.0,6513,116,49827298.0,0.0,0.0,49827298.0,100.0,2010,ja,['Japan']
This Is It (2009),0,111,"['Documentary,Music']",7.2,42388,25,267983588.0,72091016.0,26.9,195892572.0,73.1,2009,en,['United States of America']
Never Stop (2021),0,98,"['Drama,Sport']",5.3,63,166,10224935.0,0.0,0.0,10224935.0,100.0,2021,zh,['China']
Aquaman (2018),0,143,"['Action,Adventure,Fantasy']",6.8,534585,5,1151961807.0,335061807.0,29.1,816900000.0,70.9,2018,en,['United States of America']
Bridesmaids (2011),0,125,['Comedy'],6.8,315600,22,288383523.0,169106725.0,58.6,119276798.0,41.4,2011,en,['United States of America']
The Art of Racing in the Rain (2019),0,109,"['Comedy,Drama,Romance']",7.6,41192,148,33766787.0,26395642.0,78.2,7371145.0,21.8,2019,en,['United States of America']
Escape from Mogadishu (2021),0,121,"['Action,Drama,Thriller']",7.0,7809,96,29902716.0,346271.0,1.2,29556445.0,98.8,2021,ko,['South Korea']
Niko: Beyond the Northern Lights (2024),0,86,"['Adventure,Animation,Family']",6.3,272,148,11361087.0,0.0,0.0,11361087.0,100.0,2024,fi,"['Denmark', 'Finland', 'Germany', 'Ireland']"
The Lorax (2012),0,86,"['Adventure,Animation,Comedy']",6.4,135522,22,348961366.0,214151550.0,61.4,134809816.0,38.6,2012,en,"['Japan', 'United States of America']"
The Lord of the Rings: The War of the Rohirrim (2024),0,134,"['Action,Adventure,Animation']",6.3,22935,115,18184000.0,8684000.0,47.8,9500000.0,52.2,2024,en,"['Japan', 'New Zealand', 'United States of America']"
Logan (2017),0,94,"['Comedy,Drama,Family']",5.9,333,15,619021436.0,226277068.0,36.6,392744368.0,63.4,2017,en,['United States of America']
Forever Young (2015),0,104,"['Comedy,Drama,Family']",7.1,943,118,59981902.0,149761.0,0.2,59832141.0,99.8,2015,zh,['China']
Forever Young (2017),0,104,"['Comedy,Drama,Family']",7.1,943,71,119055731.0,0.0,0.0,119055731.0,100.0,2017,en,['Italy']
The Holdovers (2023),0,133,"['Comedy,Drama']",7.9,193762,85,45661644.0,20355375.0,44.6,25306269.0,55.4,2023,en,['United States of America']
Sunny Sisters (2021),0,118,['Comedy'],5.6,61,191,7880000.0,0.0,0.0,7880000.0,100.0,2021,zh,['China']
One Piece: Strong World (2009),0,113,"['Action,Adventure,Animation']",7.5,7691,104,49271461.0,0.0,0.0,49271461.0,100.0,2009,ja,['Japan']
The Greatest Showman (2017),0,105,"['Biography,Drama,Musical']",7.5,327150,21,434993183.0,174340174.0,40.1,260653009.0,59.9,2017,en,['United States of America']
Blink Twice (2024),0,102,"['Mystery,Thriller']",6.5,93213,60,46393906.0,23093906.0,49.8,23300000.0,50.2,2024,en,['United States of America']
Father & Soldier (2023),0,98,"['Action,Drama,History']",5.9,1548,195,8598322.0,0.0,0.0,8598322.0,100.0,2023,fr,"['France', 'Senegal']"
The Raven (2012),0,110,"['Crime,Mystery,Thriller']",6.4,89172,161,29699345.0,16008272.0,53.9,13691073.0,46.1,2012,en,"['Hungary', 'Serbia', 'Spain', 'United States of America']"
What Did You Eat Yesterday? (2021),0,120,"['Comedy,Drama,Romance']",7.1,561,159,11320893.0,0.0,0.0,11320893.0,100.0,2021,ja,['Japan']
The Day We Lit Up the Sky (2021),0,108,"['Comedy,Music']",3.5,63,108,22500000.0,0.0,0.0,22500000.0,100.0,2021,zh,['China']
Khumba (2013),0,85,"['Adventure,Animation,Comedy']",5.6,6655,179,27187375.0,1029.0,0.0,27186346.0,100.0,2013,en,['South Africa']
Adventures in Zambezia (2012),0,83,"['Adventure,Animation,Comedy']",5.7,7817,142,34428345.0,0.0,0.0,34428345.0,100.0,2012,en,['South Africa']
The Change-Up (2011),0,112,"['Comedy,Fantasy']",6.3,200193,91,75450437.0,37081475.0,49.1,38368962.0,50.9,2011,en,['United States of America']
Booksmart (2019),0,102,['Comedy'],7.1,135528,174,24959607.0,22680962.0,90.9,2278645.0,9.1,2019,en,['United States of America']
Central Intelligence (2016),0,107,"['Action,Comedy,Crime']",6.3,223481,41,216940871.0,127440871.0,58.7,89500000.0,41.3,2016,en,"['China', 'United States of America']"
The Lego Movie (2014),0,100,"['Action,Adventure,Animation']",7.7,398809,17,468060692.0,257760692.0,55.1,210300000.0,44.9,2014,en,"['Australia', 'Denmark', 'United States of America']"
The Pioneer (2021),0,121,"['Drama,History']",5.4,164,120,18900000.0,0.0,0.0,18900000.0,100.0,2021,zh,['China']
Hostage: Missing Celebrity (2021),0,94,"['Action,Crime,Drama']",6.3,1229,147,13174292.0,0.0,0.0,13174292.0,100.0,2021,ko,['South Korea']
Tad the Lost Explorer and the Emerald Tablet (2022),0,90,"['Adventure,Animation,Comedy']",6.0,2288,77,32849430.0,67599.0,0.2,32781831.0,99.8,2022,es,['Spain']
Red One (2024),0,123,"['Action,Adventure,Comedy']",6.3,134342,19,281460503.0,96760503.0,34.4,184700000.0,65.6,2024,en,['United States of America']
Underworld: Awakening (2012),0,88,"['Action,Fantasy,Thriller']",6.3,163927,50,160112671.0,62321039.0,38.9,97791632.0,61.1,2012,en,['United States of America']
Late Night with the Devil (2024),0,93,['Horror'],7.0,116675,123,15469415.0,10001000.0,64.7,5468415.0,35.3,2024,en,"['Australia', 'United Arab Emirates', 'United States of America']"
Memento (2001),0,70,['Documentary'],8.3,11,86,39723096.0,25544867.0,64.3,14178229.0,35.7,2001,en,['United States of America']
Hard Hit (2021),0,94,"['Action,Crime,Drama']",6.3,2586,193,7658021.0,0.0,0.0,7658021.0,100.0,2021,ko,['South Korea']
Horrible Bosses (2011),0,98,"['Comedy,Crime']",6.9,477445,33,209838559.0,117538559.0,56.0,92300000.0,44.0,2011,en,['United States of America']
The Beasts (2022),0,137,"['Drama,Thriller']",7.5,22314,165,10067896.0,46105.0,0.5,10021791.0,99.5,2022,en,"['United Kingdom', 'United States of America']"
Argylle (2024),0,139,"['Action,Comedy,Thriller']",5.6,90559,38,96221061.0,45207275.0,47.0,51013786.0,53.0,2024,en,"['United Kingdom', 'United States of America']"
Bad Boys for Life (2020),0,124,"['Action,Comedy,Crime']",6.5,188780,3,426505244.0,206305244.0,48.4,220200000.0,51.6,2020,en,['United States of America']
Drive Angry (2011),0,104,"['Action,Comedy,Fantasy']",5.4,104792,126,40909909.0,10721033.0,26.2,30188876.0,73.8,2011,en,['United States of America']
Camping 2 (2010),0,99,['Comedy'],4.4,1579,146,33857735.0,0.0,0.0,33857735.0,100.0,2010,fr,['France']
Your Turn to Kill (2021),0,142,"['Drama,Mystery']",5.1,174,129,16511822.0,0.0,0.0,16511822.0,100.0,2021,ja,['Japan']
The King's Speech (2010),0,118,"['Biography,Drama,History']",8.0,718672,13,412018551.0,135453143.0,32.9,276565408.0,67.1,2010,en,"['United Kingdom', 'United States of America']"
The Bodin's in the Land of Smile (2021),0,98,['Comedy'],5.0,202,152,12872253.0,0.0,0.0,12872253.0,100.0,2021,fr,['Thailand']
Deranged (2012),0,98,"['Drama,Thriller']",3.6,28,169,28444173.0,0.0,0.0,28444173.0,100.0,2012,en,['United Kingdom']
Haywire (2012),0,93,"['Action,Drama,Thriller']",5.8,91071,141,34513760.0,18942396.0,54.9,15571364.0,45.1,2012,en,['United States of America']
Pil's Adventures (2021),0,89,"['Adventure,Animation,Family']",6.1,1380,184,8567345.0,0.0,0.0,8567345.0,100.0,2021,fr,['France']
Agent Backkom: King's Bear (2021),0,95,['Animation'],6.8,12,183,8619446.0,0.0,0.0,8619446.0,100.0,2021,zh,['China']
The Visit (2015),0,130,"['Comedy,Romance,Thriller']",5.9,8,78,98450062.0,65206105.0,66.2,33243957.0,33.8,2015,en,"['Japan', 'United States of America']"
Immaculate (2024),0,114,['Drama'],6.0,508,75,35340016.0,15671307.0,44.3,19668709.0,55.7,2024,en,['United States of America']
Sherlock Holmes: A Game of Shadows (2011),0,129,"['Action,Adventure,Mystery']",7.4,490110,12,543848418.0,186848418.0,34.4,357000000.0,65.6,2011,en,['United States of America']
Strays (2023),0,93,"['Adventure,Comedy']",6.3,34504,100,36071267.0,23988885.0,66.5,12082382.0,33.5,2023,en,['United States of America']
Barbie (2023),0,114,"['Adventure,Comedy,Fantasy']",6.8,594152,1,1446938421.0,636238421.0,44.0,810700000.0,56.0,2023,en,"['United Kingdom', 'United States of America']"
A Star Is Born (2018),0,136,"['Drama,Music,Romance']",7.6,433024,21,436388866.0,215288866.0,49.3,221100000.0,50.7,2018,en,['United States of America']
Spy Kids 4: All the Time in the World (2011),0,89,"['Action,Adventure,Comedy']",3.6,29322,82,85564310.0,38538188.0,45.0,47026122.0,55.0,2011,en,['United States of America']
Hot Summer Days (2010),0,93,"['Comedy,Romance']",6.1,947,194,19573451.0,0.0,0.0,19573451.0,100.0,2010,zh,"['United States of America', 'Hong Kong', 'China']"
Tonde Saitama: Biwako Yori Ai o Komete (2023),0,116,"['Adventure,Comedy']",6.1,136,150,15107891.0,0.0,0.0,15107891.0,100.0,2023,ja,['Japan']
Second Act (2018),0,114,"['Comedy,Drama,Romance']",6.4,609,102,72282227.0,39282227.0,54.3,33000000.0,45.7,2018,en,['United States of America']
Potiche (2010),0,103,['Comedy'],6.4,11487,150,32309881.0,1618844.0,5.0,30691037.0,95.0,2010,fr,['France']
Dune: Part Two (2024),0,166,"['Action,Adventure,Drama']",8.5,599515,5,714444358.0,282144358.0,39.5,432300000.0,60.5,2024,en,['United States of America']
Candyman (2021),0,75,"['Biography,Documentary']",6.6,306,50,77411570.0,61186570.0,79.0,16225000.0,21.0,2021,en,"['Canada', 'United States of America']"
Contraband (2012),0,109,"['Action,Adventure,Crime']",6.4,127533,74,96262212.0,66528000.0,69.1,29734212.0,30.9,2012,en,"['Iceland', 'United Kingdom', 'United States of America']"
The First Slam Dunk (2022),0,124,"['Animation,Comedy,Drama']",8.1,10749,32,158302288.0,1291869.0,0.8,157010419.0,99.2,2022,ja,['Japan']
Gantz (2011),0,130,"['Action,Horror,Sci-Fi']",6.4,8468,128,40568961.0,0.0,0.0,40568961.0,100.0,2011,ja,['Japan']
Gantz: Perfect Answer (2011),0,141,"['Action,Adventure,Drama']",6.2,4778,147,33672515.0,0.0,0.0,33672515.0,100.0,2011,ja,['Japan']
Cado dalle nubi (2009),0,95,['Comedy'],6.5,6309,191,20123466.0,0.0,0.0,20123466.0,100.0,2009,it,['Italy']
The Man from Nowhere (2010),0,119,"['Action,Drama,Thriller']",7.7,77118,128,44723232.0,528175.0,1.2,44195057.0,98.8,2010,ko,['South Korea']
Exodus: Gods and Kings (2014),0,150,"['Action,Adventure,Drama']",6.0,182522,31,268175631.0,65014513.0,24.2,203161118.0,75.8,2014,en,"['Spain', 'United States of America']"
Nothing to Declare (2011),0,108,['Comedy'],6.4,15591,75,93811164.0,0.0,0.0,93811164.0,100.0,2011,fr,['France']
Daddy's Home (2015),0,96,"['Comedy,Family']",6.2,133676,32,242786137.0,150357137.0,61.9,92429000.0,38.1,2015,en,['United States of America']
Welcome to the South (2010),0,102,['Comedy'],6.6,10674,124,45896492.0,0.0,0.0,45896492.0,100.0,2010,it,"['Germany', 'Italy']"
Fall (2022),0,107,"['Action,Thriller']",6.4,118961,118,16777410.0,7240521.0,43.2,9536889.0,56.8,2022,en,"['United States of America', 'United Kingdom']"
Let the Bullets Fly (2010),0,132,"['Action,Comedy,Drama']",7.3,13723,64,104723314.0,63012.0,0.0,104660302.0,99.9,2010,zh,"['China', 'Hong Kong']"
After Everything (2023),0,93,"['Drama,Romance']",4.7,9805,179,10644463.0,0.0,0.0,10644463.0,100.0,2023,en,['United States of America']
Orange (2015),0,162,"['Comedy,Drama,Romance']",6.7,4326,194,26261536.0,0.0,0.0,26261536.0,100.0,2015,ja,['Japan']
Shaolin (2011),0,131,"['Action,Drama']",6.8,20413,121,42741494.0,66099.0,0.2,42675395.0,99.8,2011,zh,"['China', 'Hong Kong']"
Captain Phillips (2013),0,134,"['Action,Biography,Crime']",7.8,504963,37,218791811.0,107100855.0,49.0,111690956.0,51.0,2013,en,['United States of America']
Secret Reunion (2010),0,117,"['Action,Drama,Thriller']",6.9,4471,139,36298578.0,0.0,0.0,36298578.0,100.0,2010,ko,['South Korea']
Jawan (2023),0,169,"['Action,Crime,Drama']",6.9,103627,113,28499044.0,15198530.0,53.3,13300514.0,46.7,2023,hi,['India']
Paranormal Activity 2 (2010),0,91,"['Horror,Mystery']",5.7,112197,39,177512032.0,84752907.0,47.7,92759125.0,52.3,2010,en,['United States of America']
What Happened to Monday (2017),0,123,"['Action,Crime,Fantasy']",6.8,138986,175,27975429.0,0.0,0.0,27975429.0,100.0,2017,en,"['Belgium', 'Germany', 'France', 'Romania', 'United Kingdom']"
My Spy (2020),0,94,"['Action,Adventure,Comedy']",6.3,34,110,10200000.0,0.0,0.0,10200000.0,100.0,2020,en,['United States of America']
The Mortal Instruments: City of Bones (2013),0,130,"['Action,Adventure,Fantasy']",5.8,140648,74,95396573.0,31165421.0,32.7,64231152.0,67.3,2013,en,"['Canada', 'Germany', 'United Kingdom', 'United States of America']"
Oppenheimer (2023),0,180,"['Biography,Drama,History']",8.3,854893,3,975594978.0,329862540.0,33.8,645732438.0,66.2,2023,en,"['United Kingdom', 'United States of America']"
Blair Witch (2016),0,89,"['Horror,Mystery,Thriller']",5.0,51285,134,45173154.0,20777061.0,46.0,24396093.0,54.0,2016,en,"['Canada', 'United States of America']"
Eiga Sumikkogurashi: Aoi tsukiyo no mahô no ko (2021),0,65,"['Animation,Family,Fantasy']",6.5,57,168,9742510.0,0.0,0.0,9742510.0,100.0,2021,,[]
Cloudy Mountain (2021),0,114,"['Action,Adventure,Drama']",5.3,1107,58,58348836.0,0.0,0.0,58348836.0,100.0,2021,zh,"['China', 'United States of America']"
127 Hours (2010),0,94,"['Biography,Drama']",7.5,411713,100,60738797.0,18335230.0,30.2,42403567.0,69.8,2010,en,"['France', 'United Kingdom', 'United States of America']"
Dunki (2023),0,160,"['Action,Adventure,Comedy']",6.5,80847,146,15473051.0,7460159.0,48.2,8012892.0,51.8,2023,hi,['India']
The Snowman (2017),0,0,['Documentary'],6.9,40,134,43084060.0,6700035.0,15.6,36384025.0,84.4,2017,en,"['Sweden', 'United Kingdom', 'United States of America']"
Ride On (2023),0,126,"['Action,Comedy,Drama']",6.3,6602,99,36258730.0,128950.0,0.4,36129780.0,99.6,2023,zh,"['China', 'Hong Kong']"
99.9 Criminal Lawyer: The Movie (2021),0,120,"['Comedy,Crime,Drama']",6.0,168,106,23055069.0,0.0,0.0,23055069.0,100.0,2021,ja,['Japan']
On the Wandering Paths (2023),0,95,['Drama'],6.6,1412,199,8187567.0,0.0,0.0,8187567.0,100.0,2023,fr,['France']
"My Country, My Parents (2021)",0,157,['Drama'],6.1,604,18,221831086.0,177133.0,0.0,221653953.0,99.9,2021,zh,['China']
That Time I Got Reincarnated as a Slime the Movie: Scarlet Bond (2022),0,114,"['Action,Adventure,Animation']",6.9,2324,151,11628645.0,1588491.0,13.7,10040154.0,86.3,2022,ja,['Japan']
Premium Rush (2012),0,91,"['Action,Thriller']",6.5,120024,157,31083599.0,20275446.0,65.2,10808153.0,34.8,2012,en,['United States of America']
Trick the Movie: Psychic Battle Royale (2010),0,119,['Mystery'],6.1,278,190,19795115.0,0.0,0.0,19795115.0,100.0,2010,ja,['Japan']
Die drei ??? - Erbe des Drachen (2023),0,100,"['Adventure,Family,Mystery']",5.6,818,143,15860016.0,0.0,0.0,15860016.0,100.0,2023,de,"['Germany', 'Romania', 'Spain']"
Rheingold (2022),0,138,"['Biography,Crime,Drama']",6.7,3317,170,9701747.0,0.0,0.0,9701747.0,100.0,2022,de,"['Germany', 'Italy', 'Netherlands']"
Under the Hawthorn Tree (2010),0,114,"['Drama,Romance']",7.1,3924,173,23004431.0,0.0,0.0,23004431.0,100.0,2010,zh,['China']
Finnick (2022),0,85,"['Adventure,Animation,Family']",5.7,554,188,7591889.0,0.0,0.0,7591889.0,100.0,2022,ru,['Russia']
Little Canned Men (2021),0,94,"['Comedy,Fantasy']",6.0,45,194,7600000.0,0.0,0.0,7600000.0,100.0,2021,zh,['China']
Country Strong (2010),0,117,"['Drama,Music']",6.3,19203,186,20529194.0,20218921.0,98.5,310273.0,1.5,2010,en,['United States of America']
Mary Queen of Scots (2018),0,119,"['Biography,Drama,History']",5.4,1013,129,46712809.0,16468499.0,35.3,30244310.0,64.7,2018,en,"['United Kingdom', 'United States of America']"
Elite Squad 2: The Enemy Within (2010),0,115,"['Crime,Drama,Thriller']",8.0,88927,98,63618850.0,100119.0,0.2,63518731.0,99.8,2010,pt,['Brazil']
"Like Father, Like Son (2013)",0,63,"['Documentary,Music']",8.6,10,148,37170163.0,334616.0,0.9,36835547.0,99.1,2013,ja,['Japan']
Beautiful Creatures (2013),0,124,"['Drama,Fantasy,Romance']",6.1,91935,112,60052138.0,19452138.0,32.4,40600000.0,67.6,2013,en,['United States of America']
Zombieland: Double Tap (2019),0,99,"['Action,Comedy,Horror']",6.7,213135,65,122810399.0,73123082.0,59.5,49687317.0,40.5,2019,en,['United States of America']
The Devil Inside (2012),0,83,['Horror'],4.2,38014,72,101758490.0,53261944.0,52.3,48496546.0,47.7,2012,en,['United States of America']
Ra.One (2011),0,156,"['Action,Sci-Fi,Thriller']",4.9,48381,141,35911689.0,2511689.0,7.0,33400000.0,93.0,2011,hi,['India']
One Day (2011),0,107,"['Drama,Romance']",7.0,173548,103,59389433.0,13843771.0,23.3,45545662.0,76.7,2011,en,"['United Kingdom', 'United States of America']"
Overboard (2018),0,112,"['Comedy,Romance']",6.0,42409,80,91244913.0,50316123.0,55.1,40928790.0,44.9,2018,en,['United States of America']
Dolphin Tale (2011),0,113,"['Drama,Family']",6.8,26140,74,95932565.0,72286779.0,75.4,23645786.0,24.6,2011,en,['United States of America']
Just Go with It (2011),0,117,"['Comedy,Romance']",6.4,275209,31,214945591.0,103028109.0,47.9,111917482.0,52.1,2011,en,['United States of America']
Skyline (2010),0,92,"['Action,Sci-Fi,Thriller']",4.5,93115,96,66984887.0,21393620.0,31.9,45591267.0,68.1,2010,en,['United States of America']
No Hard Feelings (2023),0,103,"['Comedy,Romance']",6.3,188493,62,87256407.0,50452282.0,57.8,36804125.0,42.2,2023,en,['United States of America']
Knock at the Cabin (2023),0,100,"['Horror,Mystery,Thriller']",6.1,131721,75,54760947.0,35397980.0,64.6,19362967.0,35.4,2023,en,['United States of America']
Man on a Ledge (2012),0,102,"['Action,Crime,Thriller']",6.6,160149,119,47636031.0,18620000.0,39.1,29016031.0,60.9,2012,en,['United States of America']
War Horse (2011),0,146,"['Adventure,Drama,War']",7.2,168637,40,177584879.0,79884879.0,45.0,97700000.0,55.0,2011,en,"['India', 'United States of America']"
The Secret World of Arrietty (2010),0,94,"['Adventure,Animation,Drama']",7.6,109636,48,148979794.0,19202743.0,12.9,129777051.0,87.1,2010,ja,"['France', 'Japan', 'United States of America']"
Nasha Russia. Yaytsa sudby (2010),0,85,['Comedy'],4.7,2479,170,24022125.0,0.0,0.0,24022125.0,100.0,2010,,[]
"Crazy, Stupid, Love. (2011)",0,118,"['Comedy,Drama,Romance']",7.4,586352,58,145051197.0,84351197.0,58.2,60700000.0,41.8,2011,en,['United States of America']
A Dangerous Method (2011),0,99,"['Biography,Drama,Romance']",6.4,109995,157,30519436.0,5704709.0,18.7,24814727.0,81.3,2011,en,"['Switzerland', 'United Kingdom', 'Germany', 'Canada']"
Mortal Engines (2018),0,128,"['Action,Adventure,Fantasy']",6.1,146809,87,83672673.0,15951040.0,19.1,67721633.0,80.9,2018,en,"['New Zealand', 'United States of America']"
The Lady Shogun and Her Men (2010),0,116,"['Drama,Sci-Fi']",6.2,467,156,27769952.0,0.0,0.0,27769952.0,100.0,2010,ja,['Japan']
Texas Chainsaw (2013),0,92,"['Horror,Mystery,Thriller']",4.8,57853,127,47340586.0,34341945.0,72.5,12998641.0,27.5,2013,en,['United States of America']
Weekend Rebels (2023),0,109,"['Comedy,Drama,Sport']",7.1,1563,200,8184539.0,0.0,0.0,8184539.0,100.0,2023,de,['Germany']
Freelance (2023),0,108,"['Action,Comedy']",5.5,24380,184,10196704.0,5314136.0,52.1,4882568.0,47.9,2023,en,['United States of America']
Fireworks (2017),0,134,"['Drama,Romance']",7.6,2648,187,25672406.0,525280.0,2.0,25147126.0,98.0,2017,en,[]
Recep Ivedik 3 (2010),0,95,['Comedy'],4.3,22029,174,22588876.0,0.0,0.0,22588876.0,100.0,2010,tr,['Turkey']
Christmas with the Chosen: The Messengers (2021),0,123,['Music'],7.9,1008,144,13728000.0,13728000.0,100.0,0.0,0.0,2021,en,['United States of America']
The Dilemma (2011),0,111,"['Comedy,Drama']",5.3,57546,94,69721966.0,48475290.0,69.5,21246676.0,30.5,2011,en,['United States of America']
Nice View (2022),0,106,"['Comedy,Drama']",6.7,1392,22,211019042.0,0.0,0.0,211019042.0,100.0,2022,zh,['China']
Elemental (2023),0,101,"['Adventure,Animation,Comedy']",7.0,146410,13,496444308.0,154426697.0,31.1,342017611.0,68.9,2023,en,['United States of America']
Barbarian (2022),0,102,"['Horror,Mystery,Thriller']",7.0,215309,68,45352337.0,40842944.0,90.1,4509393.0,9.9,2022,en,['United States of America']
Kick (2014),0,155,"['Action,Comedy,Crime']",7.9,6200,140,43996483.0,2472695.0,5.6,41523788.0,94.4,2014,hi,['India']
Saturday Night (2024),0,90,['Documentary'],7.1,561,163,9802248.0,9511315.0,97.0,290933.0,3.0,2024,en,['United States of America']
House at the End of the Street (2012),0,101,"['Drama,Horror,Mystery']",5.5,82839,124,44287131.0,31611916.0,71.4,12675215.0,28.6,2012,en,"['United States of America', 'Canada']"
Sword Art Online the Movie: Progressive - Scherzo of Deep Night (2022),0,101,"['Action,Adventure,Animation']",6.7,1206,174,9071701.0,0.0,0.0,9071701.0,100.0,2022,ja,['Japan']
Larry Crowne (2011),0,98,"['Comedy,Drama,Romance']",6.1,71882,92,75055070.0,35608245.0,47.4,39446825.0,52.6,2011,en,"['France', 'United States of America']"
G.I. Joe: Retaliation (2013),0,110,"['Action,Adventure,Sci-Fi']",5.7,189491,18,375740705.0,122523060.0,32.6,253217645.0,67.4,2013,en,"['Canada', 'United States of America']"
PAW Patrol: The Mighty Movie (2023),0,88,"['Action,Adventure,Animation']",5.9,5726,37,204986920.0,65231360.0,31.8,139755560.0,68.2,2023,en,"['Canada', 'France', 'United States of America']"
The Roundup (2022),0,106,"['Action,Crime,Thriller']",7.0,13259,41,101166707.0,812859.0,0.8,100353848.0,99.2,2022,ko,['South Korea']
The Attorney (2013),0,102,"['Crime,Drama']",6.1,175,88,78547586.0,557236.0,0.7,77990350.0,99.3,2013,ko,['South Korea']
Diary of a Wimpy Kid: Rodrick Rules (2011),0,74,"['Animation,Comedy,Drama']",5.1,1830,93,72526996.0,52698535.0,72.7,19828461.0,27.3,2011,en,['United States of America']
Vicky and the Treasure of the Gods (2011),0,96,"['Action,Adventure,Comedy']",5.5,1532,195,20796153.0,0.0,0.0,20796153.0,100.0,2011,de,['Germany']
Veda - Atatürk (2010),0,114,"['Biography,Drama,History']",7.2,7733,107,55024621.0,0.0,0.0,55024621.0,100.0,2010,tr,['Turkey']
What to Expect When You're Expecting (2012),0,110,"['Comedy,Drama,Romance']",5.7,76856,81,84384002.0,41152203.0,48.8,43231799.0,51.2,2012,en,['United States of America']
Beck (2010),0,145,"['Drama,Music,Musical']",6.9,1076,187,20219060.0,0.0,0.0,20219060.0,100.0,2010,ja,['Japan']
Maleficent (2014),0,97,"['Action,Adventure,Drama']",6.9,410183,4,758410378.0,241410378.0,31.8,517000000.0,68.2,2014,en,['United States of America']
71: Into the Fire (2010),0,120,"['Action,Drama,War']",7.2,5931,185,20967660.0,176638.0,0.8,20791022.0,99.2,2010,ko,['South Korea']
Warm Bodies (2013),0,98,"['Comedy,Horror,Romance']",6.8,248764,61,116980662.0,66380662.0,56.7,50600000.0,43.3,2013,en,"['United States of America', 'Canada']"
Of Gods and Men (2010),0,122,"['Drama,History']",7.2,16419,129,43803417.0,3951596.0,9.0,39851821.0,91.0,2010,fr,['France']
Bang Bang (2014),0,102,['Drama'],7.7,51,143,42045981.0,2546172.0,6.1,39499809.0,93.9,2014,hi,"['Czech Republic', 'India', 'Thailand']"
Isle of Dogs (2018),0,90,"['Action,Crime,Thriller']",3.5,583,111,64241499.0,32015231.0,49.8,32226268.0,50.2,2018,en,"['Germany', 'United States of America']"
The Commuter (2017),0,104,"['Action,Mystery,Thriller']",6.3,128815,70,119942387.0,36343858.0,30.3,83598529.0,69.7,2017,,[]
The Mermaid (2016),0,73,['Drama'],4.7,156,14,553810228.0,3232685.0,0.6,550577543.0,99.4,2016,zh,"['China', 'Hong Kong']"
Act of Valor (2012),0,110,"['Action,Adventure,Thriller']",6.4,72734,84,82497035.0,70012847.0,84.9,12484188.0,15.1,2012,en,['United States of America']
Norm of the North (2016),0,90,"['Adventure,Animation,Comedy']",3.4,10369,161,30734502.0,17062499.0,55.5,13672003.0,44.5,2016,en,"['India', 'Ireland', 'United States of America']"
Fast Five (2011),0,130,"['Action,Crime,Thriller']",7.3,417653,7,626137675.0,209837675.0,33.5,416300000.0,66.5,2011,en,['United States of America']
Soul Surfer (2011),0,112,"['Biography,Drama,Family']",7.0,54120,117,47120948.0,43853424.0,93.1,3267524.0,6.9,2011,en,['United States of America']
This Means War (2012),0,103,"['Action,Comedy,Romance']",6.3,196832,51,156491279.0,54760791.0,35.0,101730488.0,65.0,2012,en,['United States of America']
The Big Short (2015),0,130,"['Biography,Comedy,Drama']",7.8,504493,57,133440870.0,70259870.0,52.7,63181000.0,47.3,2015,en,['United States of America']
The Woman in Black (2012),0,95,"['Drama,Fantasy,Horror']",6.4,195966,60,128955898.0,54333290.0,42.1,74622608.0,57.9,2012,en,"['Canada', 'Sweden', 'United Kingdom']"
Bounty Hunters (2016),0,80,['Action'],3.7,1024,155,31918573.0,0.0,0.0,31918573.0,100.0,2016,zh,"['Hong Kong', 'China', 'South Korea']"
Astérix and Obélix: God Save Britannia (2012),0,110,"['Adventure,Comedy,Family']",5.3,17228,101,61319383.0,0.0,0.0,61319383.0,100.0,2012,fr,"['France', 'Hungary', 'Italy', 'Spain']"
New Year's Eve (2011),0,118,"['Comedy,Romance']",5.6,91289,59,142044638.0,54544638.0,38.4,87500000.0,61.6,2011,en,['United States of America']
One for the Money (2011),0,91,"['Action,Comedy,Crime']",5.3,44628,138,38080789.0,26414527.0,69.4,11666262.0,30.6,2011,,[]
Safe House (2012),0,115,"['Action,Thriller']",6.7,243003,38,208076205.0,126373434.0,60.7,81702771.0,39.3,2012,en,['United States of America']
A Hard Day (2014),0,111,"['Action,Crime,Thriller']",6.2,255,191,26488847.0,19004.0,0.0,26469843.0,99.9,2014,ko,['South Korea']
Amour (2012),0,127,['Drama'],7.9,107796,162,29652180.0,6739492.0,22.7,22912688.0,77.3,2012,fr,"['Austria', 'France', 'Germany']"
Hustlers (2019),0,95,"['Comedy,Drama']",5.5,1003,53,157563598.0,104963598.0,66.6,52600000.0,33.4,2019,en,['United States of America']
American Reunion (2012),0,113,['Comedy'],6.7,227984,35,234989584.0,57011521.0,24.3,177978063.0,75.7,2012,en,['United States of America']
A Good Day to Die Hard (2013),0,98,"['Action,Thriller']",5.2,218634,24,304654182.0,67349198.0,22.1,237304984.0,77.9,2013,en,['United States of America']
The Vow (2012),0,104,"['Drama,Romance']",6.8,208826,43,196114570.0,125014030.0,63.7,71100540.0,36.3,2012,en,['United States of America']
Zoolander 2 (2016),0,101,"['Action,Adventure,Comedy']",4.7,78489,114,56722693.0,28848693.0,50.9,27874000.0,49.1,2016,en,['United States of America']
Harold and the Purple Crayon (2024),0,90,"['Adventure,Animation,Comedy']",5.7,7449,80,32227291.0,17640924.0,54.7,14586367.0,45.3,2024,en,['United States of America']
Abraham Lincoln: Vampire Hunter (2012),0,105,"['Action,Fantasy,Horror']",5.9,164262,65,116471580.0,37519139.0,32.2,78952441.0,67.8,2012,en,"['Russia', 'United States of America']"
Go Away Mr. Tumor (2015),0,116,"['Comedy,Drama,Romance']",6.5,11,93,80606893.0,286639.0,0.4,80320254.0,99.6,2015,zh,['China']
Doraemon The Movie: Nobita's Great Battle of the Mermaid King (2010),0,99,"['Adventure,Animation,Comedy']",6.5,773,144,34702573.0,0.0,0.0,34702573.0,100.0,2010,ja,['Japan']
Kon-Tiki (2012),0,118,"['Adventure,Biography,Drama']",7.1,53093,193,22842887.0,1517410.0,6.6,21325477.0,93.4,2012,no,"['Denmark', 'Germany', 'Norway', 'Sweden', 'United Kingdom']"
Alvin and the Chipmunks: Chipwrecked (2011),0,87,"['Adventure,Comedy,Family']",4.4,41390,20,342695435.0,133110742.0,38.8,209584693.0,61.2,2011,en,['United States of America']
J. Edgar (2011),0,137,"['Biography,Drama,Romance']",6.5,135361,83,84920539.0,37306030.0,43.9,47614509.0,56.1,2011,en,['United States of America']
Jupiter Ascending (2015),0,127,"['Action,Adventure,Sci-Fi']",5.3,197597,42,184287723.0,47387723.0,25.7,136900000.0,74.3,2015,en,['United States of America']
One Piece Film: Red (2022),0,115,"['Action,Adventure,Animation']",6.8,24208,26,171315305.0,12775324.0,7.5,158539981.0,92.5,2022,ja,['Japan']
The Last Witch Hunter (2015),0,106,"['Action,Adventure,Fantasy']",5.9,112283,53,146936910.0,27367660.0,18.6,119569250.0,81.4,2015,en,"['Canada', 'Hong Kong', 'United States of America']"
Jackie (2016),0,100,"['Biography,Drama']",6.6,84926,167,29777777.0,13960394.0,46.9,15817383.0,53.1,2016,en,"['Chile', 'China', 'United States of America']"
Water Gate Bridge (2022),0,153,"['Action,Drama,History']",5.6,1567,9,626571697.0,117294.0,0.0,626454403.0,100.0,2022,zh,"['China', 'Hong Kong']"
Conference of Animals (2010),0,93,"['Adventure,Animation,Comedy']",4.9,7083,112,51883642.0,0.0,0.0,51883642.0,100.0,2010,,[]
Nightmare Alley (2021),0,88,['Horror'],3.3,122,78,39629195.0,11338107.0,28.6,28291088.0,71.4,2021,en,['United States of America']
A Wrinkle in Time (2018),0,109,"['Adventure,Drama,Family']",4.3,48621,57,132675864.0,100478608.0,75.7,32197256.0,24.3,2018,en,['United States of America']
The Addams Family (2019),0,86,"['Animation,Comedy,Family']",5.8,46671,42,203044905.0,100044905.0,49.3,103000000.0,50.7,2019,en,"['Canada', 'United States of America']"
Free Birds (2013),0,91,"['Adventure,Animation,Comedy']",5.8,27032,64,110387072.0,55750480.0,50.5,54636592.0,49.5,2013,en,['United States of America']
Think Like a Man (2012),0,122,"['Comedy,Romance']",6.5,51435,75,96070507.0,91547205.0,95.3,4523302.0,4.7,2012,en,['United States of America']
The Purge (2013),0,57,['Documentary'],4.8,12,78,89328627.0,64473115.0,72.2,24855512.0,27.8,2013,en,"['France', 'United States of America']"
30 Minutes or Less (2011),0,83,"['Action,Comedy,Crime']",6.0,107883,127,40662632.0,37053924.0,91.1,3608708.0,8.9,2011,en,['United States of America']
Final Destination 5 (2011),0,92,"['Horror,Thriller']",5.9,130229,49,157887643.0,42587643.0,27.0,115300000.0,73.0,2011,en,['United States of America']
Oz the Great and Powerful (2013),0,130,"['Adventure,Family,Fantasy']",6.3,217812,13,493311825.0,234911825.0,47.6,258400000.0,52.4,2013,en,['United States of America']
ParaNorman (2012),0,92,"['Adventure,Animation,Comedy']",7.0,112996,68,107139399.0,56003051.0,52.3,51136348.0,47.7,2012,en,['United States of America']
Young Adult (2011),0,94,"['Comedy,Drama']",6.3,89030,183,22939027.0,16311571.0,71.1,6627456.0,28.9,2011,en,['United States of America']
Too Cool to Kill (2022),0,109,['Comedy'],6.1,822,21,217254604.0,185882.0,0.0,217068722.0,99.9,2022,zh,['China']
Magic Mike's Last Dance (2023),0,112,"['Comedy,Drama']",5.2,18539,71,57105156.0,26005156.0,45.5,31100000.0,54.5,2023,en,['United States of America']
Independence Day: Resurgence (2016),0,120,"['Action,Adventure,Sci-Fi']",5.2,193548,21,389681935.0,103144286.0,26.5,286537649.0,73.5,2016,en,['United States of America']
Dogwood Tree (2010),0,128,"['Adventure,Drama,Romance']",6.8,1332,148,33016351.0,0.0,0.0,33016351.0,100.0,2010,,[]
Avatar: The Way of Water (2022),0,192,"['Action,Adventure,Fantasy']",7.5,526476,1,2320250281.0,684075767.0,29.5,1636174514.0,70.5,2022,en,['United States of America']
Courageous (2011),0,129,['Drama'],6.9,22009,142,35185884.0,34522221.0,98.1,663663.0,1.9,2011,en,['United States of America']
The Immature (2011),0,108,['Comedy'],6.1,3694,190,21858834.0,0.0,0.0,21858834.0,100.0,2011,it,['Italy']
Edge of Tomorrow (2014),0,113,"['Action,Adventure,Sci-Fi']",7.9,765305,20,370541256.0,100206256.0,27.0,270335000.0,73.0,2014,en,['United States of America']
Creed (2015),0,77,['Horror'],7.2,19,43,174167581.0,109767581.0,63.0,64400000.0,37.0,2015,en,['United States of America']
Friends with Benefits (2011),0,109,"['Comedy,Romance']",6.5,406380,54,149542245.0,55802754.0,37.3,93739491.0,62.7,2011,en,['United States of America']
Shark Night (2011),0,90,"['Action,Horror,Thriller']",4.1,27600,123,41363927.0,18877153.0,45.6,22486774.0,54.4,2011,en,['United States of America']
Bloodshot (2020),0,109,"['Action,Adventure,Sci-Fi']",5.7,87556,41,39861118.0,12561824.0,31.5,27299294.0,68.5,2020,en,"['China', 'United States of America']"
Johnny English Reborn (2011),0,101,"['Action,Adventure,Comedy']",6.3,144708,47,160078586.0,8305970.0,5.2,151772616.0,94.8,2011,en,"['United Kingdom', 'United States of America']"
The Intern (2015),0,65,"['Comedy,Drama']",5.5,30,40,194764672.0,75764672.0,38.9,119000000.0,61.1,2015,en,['United States of America']
Venom: The Last Dance (2024),0,110,"['Action,Adventure,Sci-Fi']",6.0,95266,9,476857448.0,139728533.0,29.3,337128915.0,70.7,2024,en,['United States of America']
Detective Conan: The Lost Ship in the Sky (2010),0,103,"['Action,Adventure,Animation']",6.9,2159,138,36407407.0,0.0,0.0,36407407.0,100.0,2010,ja,['Japan']
In Time (2011),0,109,"['Action,Sci-Fi,Thriller']",6.7,462690,43,173930596.0,37520095.0,21.6,136410501.0,78.4,2011,en,['United States of America']
Our Idiot Brother (2011),0,90,"['Comedy,Drama']",6.4,91469,177,25804448.0,24816118.0,96.2,988330.0,3.8,2011,en,['United States of America']
Ted (2012),0,106,['Comedy'],6.9,676881,12,549368315.0,218815487.0,39.8,330552828.0,60.2,2012,en,['United States of America']
"Love, Rosie (2014)",0,102,"['Comedy,Romance']",7.1,161228,195,25574387.0,20431.0,0.0,25553956.0,99.9,2014,en,"['Germany', 'United Kingdom']"
The Man from U.N.C.L.E. (2015),0,116,"['Action,Adventure,Comedy']",7.2,344596,66,110045109.0,45445109.0,41.3,64600000.0,58.7,2015,en,['United States of America']
Jumping the Broom (2011),0,112,"['Comedy,Drama']",5.7,11785,137,38158601.0,37295394.0,97.7,863207.0,2.3,2011,en,['United States of America']
Downhill (2020),0,84,['Drama'],8.6,8,123,8899195.0,8287061.0,93.1,612134.0,6.9,2020,en,"['Austria', 'United States of America']"
Crayon Shin-chan: Mononoke Ninja Chinpuden (2022),0,100,"['Action,Adventure,Animation']",6.8,401,106,20617005.0,0.0,0.0,20617005.0,100.0,2022,ja,['Japan']
Air (2023),0,111,"['Drama,Sport']",7.4,181057,60,90060106.0,52460106.0,58.3,37600000.0,41.7,2023,en,['United States of America']
Challengers (2024),0,131,"['Comedy,Drama,Romance']",7.1,145947,39,96019408.0,50119408.0,52.2,45900000.0,47.8,2024,en,"['Italy', 'United States of America']"
Suzume (2022),0,122,"['Action,Adventure,Animation']",7.6,50976,37,133473559.0,10932037.0,8.2,122541522.0,91.8,2022,ja,['Japan']
The Last 10 Years (2022),0,124,"['Drama,Romance']",6.9,1836,87,26729106.0,0.0,0.0,26729106.0,100.0,2022,ja,['Japan']
The Dictator (2012),0,83,['Comedy'],6.5,347592,45,179379533.0,59650222.0,33.3,119729311.0,66.7,2012,en,['United States of America']
Father There Is Only One 3 (2022),0,99,['Comedy'],5.3,1257,121,16401315.0,0.0,0.0,16401315.0,100.0,2022,es,"['Spain', 'United States of America']"
How to Train Your Dragon 2 (2014),0,102,"['Action,Adventure,Animation']",7.8,377467,12,621537519.0,177002924.0,28.5,444534595.0,71.5,2014,en,['United States of America']
Wrath of the Titans (2012),0,99,"['Action,Adventure,Fantasy']",5.7,198629,27,301970083.0,83670083.0,27.7,218300000.0,72.3,2012,en,"['Spain', 'United States of America']"
Million Dollar Arm (2014),0,124,"['Biography,Drama,Family']",7.0,48482,157,38483455.0,36457627.0,94.7,2025828.0,5.3,2014,en,['United States of America']
Here Comes the Boom (2012),0,105,"['Action,Comedy,Sport']",6.4,96768,91,73100172.0,45290318.0,62.0,27809854.0,38.0,2012,en,['United States of America']
The Dark Tower (2017),0,95,"['Action,Adventure,Fantasy']",5.6,149915,72,113231078.0,50701325.0,44.8,62529753.0,55.2,2017,en,['United States of America']
SP: The Motion Picture II (2011),0,129,['Drama'],6.3,115,130,40255101.0,0.0,0.0,40255101.0,100.0,2011,ja,['Japan']
The Impossible (2012),0,114,"['Drama,History,Thriller']",7.5,253756,41,198087212.0,19019882.0,9.6,179067330.0,90.4,2012,en,"['Spain', 'United States of America']"
Super 8 (2011),0,112,"['Action,Sci-Fi,Thriller']",7.0,372724,23,260095986.0,127004179.0,48.8,133091807.0,51.2,2011,en,['United States of America']
Turkish for Beginners (2012),0,105,"['Adventure,Comedy']",5.8,9777,188,23952712.0,0.0,0.0,23952712.0,100.0,2012,de,['Germany']
Kick-Ass 2 (2013),0,103,"['Action,Comedy,Crime']",6.5,293973,110,60795985.0,28795985.0,47.4,32000000.0,52.6,2013,en,"['Japan', 'United Kingdom']"
Pushpa: The Rule - Part 2 (2024),0,201,"['Action,Crime,Drama']",6.2,51289,100,21530578.0,13000000.0,60.4,8530578.0,39.6,2024,te,['India']
Chebi: My Fluffy Friend (2022),0,113,"['Comedy,Family']",5.8,1812,50,77609926.0,0.0,0.0,77609926.0,100.0,2022,,[]
My Week with Marilyn (2011),0,99,"['Biography,Drama']",6.9,90502,143,35057696.0,14600347.0,41.6,20457349.0,58.4,2011,en,"['United Kingdom', 'United States of America']"
The Age of Adaline (2015),0,112,"['Drama,Fantasy,Romance']",7.2,216923,105,65663276.0,42629776.0,64.9,23033500.0,35.1,2015,en,['United States of America']
Bestseller (2010),0,117,"['Horror,Mystery,Thriller']",6.1,1247,92,68813389.0,0.0,0.0,68813389.0,100.0,2010,ko,['South Korea']
Colombiana (2011),0,108,"['Action,Crime,Drama']",6.4,110849,100,63458440.0,36665854.0,57.8,26792586.0,42.2,2011,en,['France']
The Perks of Being a Wallflower (2012),0,103,['Drama'],7.9,566029,146,33384127.0,17742948.0,53.1,15641179.0,46.9,2012,en,['United States of America']
The Animal Kingdom (2023),0,128,"['Adventure,Drama,Horror']",6.7,10140,191,9223430.0,11767.0,0.1,9211663.0,99.9,2023,fr,"['Belgium', 'France']"
Grudge Match (2013),0,113,"['Comedy,Drama,Sport']",6.4,63666,135,44907260.0,29807260.0,66.4,15100000.0,33.6,2013,en,['United States of America']
Polisse (2011),0,127,"['Crime,Drama']",7.3,15826,197,20590872.0,211440.0,1.0,20379432.0,99.0,2011,fr,['France']
Pacific Rim (2013),0,131,"['Action,Adventure,Sci-Fi']",6.9,542520,16,411002906.0,101802906.0,24.8,309200000.0,75.2,2013,en,['United States of America']
Pixels (2015),0,100,"['Action,Comedy']",4.5,102,31,244874809.0,78747585.0,32.2,166127224.0,67.8,2015,en,"['China', 'France', 'India', 'United States of America']"
All Eyez on Me (2017),0,139,"['Biography,Drama,Music']",5.9,25357,111,55668698.0,44922302.0,80.7,10746396.0,19.3,2017,en,['United States of America']
Vampires Suck (2010),0,82,"['Comedy,Horror']",3.4,52855,81,80547866.0,36661504.0,45.5,43886362.0,54.5,2010,en,['United States of America']
The DUFF (2015),0,101,"['Comedy,Romance']",6.4,104086,147,43709744.0,34030343.0,77.9,9679401.0,22.1,2015,en,['United States of America']
Mirror Mirror (2012),0,106,"['Adventure,Comedy,Drama']",5.6,92579,44,183018522.0,64935167.0,35.5,118083355.0,64.5,2012,en,['United States of America']
Ice Age: Continental Drift (2012),0,88,"['Adventure,Animation,Comedy']",6.5,232647,5,877244782.0,161321843.0,18.4,715922939.0,81.6,2012,en,['United States of America']
Sarah's Key (2010),0,111,"['Drama,War']",7.5,18175,166,24792815.0,7693187.0,31.0,17099628.0,69.0,2010,fr,['France']
Now You See Me (2013),0,115,"['Crime,Mystery,Thriller']",7.2,730587,21,351723989.0,117723989.0,33.5,234000000.0,66.5,2013,en,"['United States of America', 'France']"
In His Chart (2011),0,128,['Drama'],5.9,179,180,23384864.0,0.0,0.0,23384864.0,100.0,2011,ja,['Japan']
The Twilight Saga: Breaking Dawn - Part 2 (2012),0,115,"['Adventure,Drama,Fantasy']",5.6,270023,6,829746820.0,292324737.0,35.2,537422083.0,64.8,2012,en,['United States of America']
Autumn and the Black Jaguar (2024),0,100,"['Adventure,Comedy,Family']",5.6,928,101,21473459.0,0.0,0.0,21473459.0,100.0,2024,fr,['France']
Heretic (2024),0,87,['Horror'],5.2,86,62,43977764.0,27791987.0,63.2,16185777.0,36.8,2024,en,['United States of America']
101 Proposals (2013),0,120,['Romance'],5.4,532,165,31283838.0,0.0,0.0,31283838.0,100.0,2013,,[]
Entourage (2015),0,104,"['Comedy,Drama']",6.5,84061,134,49263404.0,32363404.0,65.7,16900000.0,34.3,2015,en,['United States of America']
The Floating Castle (2012),0,144,"['Comedy,Drama,History']",6.4,636,152,31967471.0,0.0,0.0,31967471.0,100.0,2012,ja,['Japan']
Vikram (2022),0,0,['Drama'],8.6,809,82,29837637.0,1770000.0,5.9,28067637.0,94.1,2022,ta,['India']
The Intouchables (2011),0,112,"['Comedy,Drama']",8.5,967140,16,426588510.0,10198820.0,2.4,416389690.0,97.6,2011,fr,['France']
Divergent (2014),0,0,"['Comedy,Drama']",5.3,14,28,288885818.0,150947895.0,52.3,137937923.0,47.7,2014,en,['United States of America']
A Ghost of a Chance (2011),0,142,"['Comedy,Crime']",6.9,1276,111,53982636.0,0.0,0.0,53982636.0,100.0,2011,ja,['Japan']
Dark Waters (2019),0,76,"['Drama,Horror,Thriller']",6.5,18,184,23108017.0,11136084.0,48.2,11971933.0,51.8,2019,en,['United States of America']
Ready Player One (2018),0,140,"['Action,Adventure,Sci-Fi']",7.4,510475,12,583490172.0,137690172.0,23.6,445800000.0,76.4,2018,en,['United States of America']
Trolls (2016),0,92,"['Adventure,Animation,Comedy']",6.4,95814,25,347013487.0,153856089.0,44.3,193157398.0,55.7,2016,en,['United States of America']
The Santa Claus Gang (2010),0,100,['Comedy'],5.9,3395,154,29181330.0,0.0,0.0,29181330.0,100.0,2010,,[]
Qualunquemente (2011),0,96,['Comedy'],6.1,3225,186,22862029.0,0.0,0.0,22862029.0,100.0,2011,it,['Italy']
Table for Six (2022),0,95,"['Drama,Mystery,Romance']",8.5,19,164,10138355.0,0.0,0.0,10138355.0,100.0,2022,cn,['Hong Kong']
The Fall Guy (2024),0,126,"['Action,Comedy,Drama']",6.8,211532,26,181073291.0,92900355.0,51.3,88172936.0,48.7,2024,en,"['United States of America', 'Australia']"
Act of Vengeance (2010),0,119,"['Action,Drama']",5.7,15730,172,23423390.0,0.0,0.0,23423390.0,100.0,2010,en,['United States of America']
Pokémon: Zoroark: Master of Illusions (2010),0,96,"['Action,Adventure,Animation']",6.1,2503,88,71143529.0,0.0,0.0,71143529.0,100.0,2010,ja,['Japan']
Despicable Me 2 (2013),0,98,"['Adventure,Animation,Comedy']",7.3,440275,3,970766005.0,368065385.0,37.9,602700620.0,62.1,2013,en,['United States of America']
Neighbors (2014),0,105,['Documentary'],7.7,12,30,270665134.0,150157400.0,55.5,120507734.0,44.5,2014,en,['United States of America']
Planes (2013),0,91,"['Adventure,Animation,Comedy']",5.7,50048,34,239258712.0,90288712.0,37.7,148970000.0,62.3,2013,en,['United States of America']
Moss (2010),0,163,"['Crime,Drama,Mystery']",6.7,2596,178,21925534.0,0.0,0.0,21925534.0,100.0,2010,ko,['South Korea']
The Guilt Trip (2012),0,95,"['Comedy,Drama']",5.8,41095,125,41863726.0,37134215.0,88.7,4729511.0,11.3,2012,en,['United States of America']
Haunted Mansion (2023),0,123,"['Comedy,Drama,Family']",6.0,46832,51,117449790.0,67653287.0,57.6,49796503.0,42.4,2023,en,['United States of America']
"Alexander and the Terrible, Horrible, No Good, Very Bad Day (2014)",0,81,"['Comedy,Drama,Family']",6.2,47432,76,100654149.0,66954149.0,66.5,33700000.0,33.5,2014,en,['United States of America']
Skyscraper (2018),0,90,"['Comedy,Drama,Romance']",6.1,490,34,304868961.0,68420120.0,22.4,236448841.0,77.6,2018,en,"['Canada', 'Japan', 'United States of America']"
Beginning of the Great Revival (2011),0,124,"['Drama,History']",3.1,6439,105,58309289.0,151000.0,0.3,58158289.0,99.7,2011,zh,['China']
Kokowääh (2011),0,126,['Comedy'],6.2,10539,114,50447784.0,0.0,0.0,50447784.0,100.0,2011,de,['Germany']
Gooische vrouwen (2011),0,105,"['Comedy,Drama']",6.2,3121,189,22194574.0,0.0,0.0,22194574.0,100.0,2011,nl,"['Netherlands', 'France']"
Sausage Party (2016),0,89,"['Adventure,Animation,Comedy']",6.1,217378,63,140705322.0,97685686.0,69.4,43019636.0,30.6,2016,en,"['Canada', 'United States of America']"
The Confidence Man JP: Episode of the Hero (2022),0,120,['Drama'],6.4,555,93,23214581.0,0.0,0.0,23214581.0,100.0,2022,ja,['Japan']
Anatomy of a Fall (2023),0,151,"['Crime,Drama,Thriller']",7.6,168714,101,36051506.0,5076369.0,14.1,30975137.0,85.9,2023,fr,['France']
Safe Haven (2013),0,115,"['Drama,Romance,Thriller']",6.7,118585,71,97594140.0,71349120.0,73.1,26245020.0,26.9,2013,en,['United States of America']
Justin Bieber: Never Say Never (2011),0,105,"['Documentary,Music']",1.7,76509,70,99036827.0,73013910.0,73.7,26022917.0,26.3,2011,en,['United States of America']
The Equalizer 3 (2023),0,109,"['Action,Crime,Thriller']",6.8,141101,38,191067560.0,92373751.0,48.3,98693809.0,51.7,2023,en,"['Italy', 'United States of America']"
Hankyu Railways - A 15-minute Miracle (2011),0,119,['Comedy'],6.6,250,65,118799256.0,0.0,0.0,118799256.0,100.0,2011,ja,['Japan']
Tarzan (2013),0,94,"['Adventure,Animation,Drama']",4.8,13199,137,44095996.0,0.0,0.0,44095996.0,100.0,2013,en,['United States of America']
Chronicle (2012),0,84,"['Adventure,Drama,Sci-Fi']",7.0,268779,61,126636097.0,64575175.0,51.0,62060922.0,49.0,2012,en,['United States of America']
Snowpiercer (2013),0,126,"['Action,Sci-Fi,Thriller']",7.1,402029,83,86758912.0,4563650.0,5.3,82195262.0,94.7,2013,ko,"['Czech Republic', 'South Korea']"
Joyful Noise (2012),0,118,"['Comedy,Drama,Music']",5.7,8976,156,31158113.0,30932113.0,99.3,226000.0,0.7,2012,en,['United States of America']
21 & Over (2013),0,93,['Comedy'],5.8,78178,126,48065672.0,25682380.0,53.4,22383292.0,46.6,2013,en,['United States of America']
Office Christmas Party (2016),0,105,['Comedy'],5.9,91283,74,114501299.0,54767494.0,47.8,59733805.0,52.2,2016,en,['United States of America']
Alex Cross (2012),0,101,"['Action,Crime,Mystery']",5.2,36103,139,34618867.0,25888412.0,74.8,8730455.0,25.2,2012,en,"['United States of America', 'France']"
Triple 9 (2016),0,115,"['Action,Crime,Drama']",6.3,79306,197,23177948.0,12639297.0,54.5,10538651.0,45.5,2016,en,['United States of America']
The Inbetweeners (2011),0,97,['Comedy'],6.7,88518,79,88823111.0,36000.0,0.0,88787111.0,100.0,2011,en,"['Spain', 'United Kingdom', 'United States of America']"
The Empty Man (2020),0,57,['Drama'],4.1,9,195,4796993.0,2992948.0,62.4,1804045.0,37.6,2020,en,"['South Africa', 'United States of America']"
The Monkey King: Havoc in Heaven's Palace (2014),0,90,"['Action,Adventure,Family']",4.9,5488,48,175835580.0,0.0,0.0,175835580.0,100.0,2014,,[]
StreetDance 2 (2010),0,85,"['Drama,Music,Romance']",5.6,9642,123,46960833.0,0.0,0.0,46960833.0,100.0,2010,,[]
We're the Millers (2012),0,110,"['Comedy,Crime']",7.0,502575,31,269994119.0,150394119.0,55.7,119600000.0,44.3,2012,,[]
HOUBA! On the Trail of the Marsupilami (2012),0,105,"['Adventure,Comedy,Family']",5.5,4389,115,50146474.0,0.0,0.0,50146474.0,100.0,2012,fr,"['Belgium', 'France', 'Mexico']"
Reagan (2024),0,141,"['Biography,Drama,History']",6.2,10192,86,30107173.0,30047417.0,99.8,59756.0,0.2,2024,en,['United States of America']
The Way Way Back (2013),0,103,"['Comedy,Drama']",7.4,159637,183,26474920.0,21506546.0,81.2,4968374.0,18.8,2013,en,['United States of America']
Jeanne du Barry (2023),0,117,"['Biography,Drama,History']",6.7,14380,158,13568450.0,0.0,0.0,13568450.0,100.0,2023,fr,"['Belgium', 'France', 'Russia', 'Saudi Arabia', 'United Kingdom', 'United States of America']"
Bohemian Rhapsody (2018),0,134,"['Biography,Drama,Music']",7.9,617236,6,903655259.0,216428042.0,24.0,687227217.0,76.0,2018,en,"['United Kingdom', 'United States of America']"
Civil War (2024),0,109,"['Action,Adventure,Thriller']",7.0,227476,33,126185957.0,68603430.0,54.4,57582527.0,45.6,2024,en,"['Finland', 'United Kingdom', 'United States of America']"
Bol Bachchan (2012),0,155,"['Action,Comedy']",5.6,10360,168,28775262.0,1216258.0,4.2,27559004.0,95.8,2012,hi,['India']
Hollywoo (2011),0,107,['Comedy'],5.1,2031,198,20587850.0,0.0,0.0,20587850.0,100.0,2011,fr,['France']
The Zookeeper's Wife (2017),0,127,"['Biography,Drama,History']",7.0,48003,182,26152835.0,17571660.0,67.2,8581175.0,32.8,2017,en,"['Czech Republic', 'United Kingdom', 'United States of America']"
Ender's Game (2013),0,114,"['Action,Adventure,Sci-Fi']",6.6,259241,57,125544024.0,61737191.0,49.2,63806833.0,50.8,2013,en,['United States of America']
Saltburn (2023),0,131,"['Drama,Thriller']",7.0,239324,126,21026167.0,11425829.0,54.3,9600338.0,45.7,2023,en,"['United Kingdom', 'United States of America']"
Snow White and the Huntsman (2012),0,127,"['Action,Adventure,Drama']",6.1,307938,18,396592829.0,155332381.0,39.2,241260448.0,60.8,2012,en,['United States of America']
Christmas in South Africa (2010),0,105,['Comedy'],3.3,876,163,25362517.0,0.0,0.0,25362517.0,100.0,2010,,[]
Secret in Their Eyes (2015),0,111,"['Crime,Drama,Mystery']",6.3,53278,170,34854990.0,20180155.0,57.9,14674835.0,42.1,2015,en,"['South Korea', 'Spain', 'United Kingdom', 'United States of America']"
Jersey Boys (2014),0,134,"['Biography,Drama,Music']",6.8,37543,104,67647013.0,47047013.0,69.5,20600000.0,30.5,2014,en,['United States of America']
I Don't Know How She Does It (2011),0,89,"['Comedy,Romance']",5.0,21440,152,31410151.0,9662284.0,30.8,21747867.0,69.2,2011,en,['United States of America']
Top Gun: Maverick (2022),0,130,"['Action,Drama']",8.2,758214,2,1495696292.0,718732821.0,48.1,776963471.0,51.9,2022,en,['United States of America']
Moonrise Kingdom (2012),0,94,"['Adventure,Comedy,Drama']",7.8,372667,97,68263166.0,45512466.0,66.7,22750700.0,33.3,2012,en,['United States of America']
Scabbard Samurai (2011),0,103,"['Comedy,Drama']",6.8,1221,199,20251745.0,0.0,0.0,20251745.0,100.0,2011,ja,['Japan']
The Pirates: The Last Royal Treasure (2022),0,126,"['Action,Adventure,Comedy']",6.1,5036,162,10258331.0,0.0,0.0,10258331.0,100.0,2022,ko,['South Korea']
Decibel (2022),0,110,"['Action,Drama,Thriller']",6.1,1962,198,7212471.0,60579.0,0.8,7151892.0,99.2,2022,ko,['South Korea']
Horizon: An American Saga - Chapter 1 (2024),0,181,"['Drama,Western']",6.7,37739,69,38235702.0,29035702.0,75.9,9200000.0,24.1,2024,en,['United States of America']
Lost in the Stars (2023),0,121,"['Crime,Drama,Mystery']",6.5,2882,14,487637474.0,1721446.0,0.4,485916028.0,99.6,2023,zh,['China']
The Substance (2024),0,141,"['Drama,Horror,Sci-Fi']",7.3,250889,45,77770614.0,16443999.0,21.1,61326615.0,78.9,2024,en,"['France', 'United Kingdom', 'United States of America']"
Bottoms (2023),0,91,['Comedy'],6.7,51232,162,12976079.0,12036071.0,92.8,940008.0,7.2,2023,en,['United States of America']
A Dog's Purpose (2017),0,100,"['Adventure,Comedy,Drama']",7.3,82289,47,205035819.0,64508620.0,31.5,140527199.0,68.5,2017,en,"['Canada', 'India', 'United States of America']"
Eternal Moment (2011),0,102,"['Drama,Romance']",5.6,345,160,30186159.0,0.0,0.0,30186159.0,100.0,2011,zh,['China']
Welcome to the North (2012),0,110,['Comedy'],5.4,4519,137,34995189.0,0.0,0.0,34995189.0,100.0,2012,it,['Italy']
Pegasus (2019),0,104,['Drama'],6.4,107,33,255863112.0,0.0,0.0,255863112.0,100.0,2019,zh,['China']
This Is 40 (2012),0,134,"['Comedy,Drama,Romance']",6.2,154294,78,88215156.0,67544505.0,76.6,20670651.0,23.4,2012,en,['United States of America']
Walking with Dinosaurs 3D (2012),0,87,"['Adventure,Animation,Comedy']",5.2,12100,62,126546518.0,36076121.0,28.5,90470397.0,71.5,2012,,[]
Arbitrage (2012),0,107,"['Drama,Thriller']",6.6,56055,136,35485056.0,7919574.0,22.3,27565482.0,77.7,2012,en,['United States of America']
Killing Them Softly (2012),0,97,"['Crime,Drama,Thriller']",6.2,156193,131,37930465.0,15026056.0,39.6,22904409.0,60.4,2012,en,['United States of America']
Tad: The Lost Explorer (2012),0,92,"['Adventure,Animation,Comedy']",5.9,9422,116,49491464.0,0.0,0.0,49491464.0,100.0,2012,es,"['France', 'Spain']"
The Expendables 2 (2012),0,103,"['Action,Adventure,Thriller']",6.6,327389,24,314975955.0,85028192.0,27.0,229947763.0,73.0,2012,en,"['Bulgaria', 'United States of America']"
Scream VI (2023),0,122,"['Horror,Mystery,Thriller']",6.4,134604,42,166347514.0,108161389.0,65.0,58186125.0,35.0,2023,en,['United States of America']
Bad Genius (2017),0,96,['Thriller'],6.2,1850,130,44560421.0,0.0,0.0,44560421.0,100.0,2017,th,['Thailand']
Apollo 18 (2011),0,86,"['Horror,Mystery,Sci-Fi']",5.2,58967,176,26236153.0,17687709.0,67.4,8548444.0,32.6,2011,en,"['Canada', 'Russia', 'United States of America']"
Nerve (2016),0,83,"['Comedy,Drama']",6.8,107,91,85251425.0,38583626.0,45.3,46667799.0,54.7,2016,en,"['Hong Kong', 'United States of America']"
Wreck-It Ralph (2012),0,101,"['Adventure,Animation,Comedy']",7.7,475262,14,471222889.0,189422889.0,40.2,281800000.0,59.8,2012,en,['United States of America']
Paranormal Activity 3 (2011),0,83,"['Horror,Mystery,Thriller']",5.8,101685,34,207039844.0,104028807.0,50.2,103011037.0,49.8,2011,en,['United States of America']
Anna Karenina (2012),0,129,"['Drama,Romance']",6.6,109073,95,68929150.0,12816367.0,18.6,56112783.0,81.4,2012,en,['United Kingdom']
No Escape (2015),0,103,"['Action,Thriller']",6.7,95778,122,54418872.0,27288872.0,50.1,27130000.0,49.9,2015,en,"['Thailand', 'United States of America']"
Six Degrees of Celebration (2010),0,90,"['Comedy,Drama,Family']",6.2,3888,165,25030264.0,0.0,0.0,25030264.0,100.0,2010,ru,['Russia']
Conquest 1453 (2012),0,162,"['Action,Drama,History']",6.4,59444,134,35797045.0,35730.0,0.0,35761315.0,99.9,2012,tr,['Turkey']
Widows (2018),0,100,"['Comedy,Drama']",6.3,639,96,75984700.0,42402632.0,55.8,33582068.0,44.2,2018,en,"['United Kingdom', 'United States of America']"
Madea's Big Happy Family (2011),0,106,"['Comedy,Drama']",4.8,8819,110,54161287.0,53345287.0,98.5,816000.0,1.5,2011,en,['United States of America']
The Watchers (2024),0,52,['Documentary'],7.1,37,78,33271404.0,19071404.0,57.3,14200000.0,42.7,2024,en,['United States of America']
Unbeatable (2013),0,92,['Action'],7.1,18,189,25816154.0,0.0,0.0,25816154.0,100.0,2013,cn,"['Hong Kong', 'China']"
Pirates of the Caribbean: Dead Men Tell No Tales (2017),0,129,"['Action,Adventure,Fantasy']",6.5,361428,12,794861794.0,172558876.0,21.7,622302918.0,78.3,2017,en,['United States of America']
The Maze Runner (2014),0,113,"['Action,Mystery,Sci-Fi']",6.8,530278,24,348319861.0,102427862.0,29.4,245891999.0,70.6,2014,en,"['United States of America', 'United Kingdom']"
Zero Dark Thirty (2012),0,157,"['Drama,History,Thriller']",7.4,328198,57,132820716.0,95720716.0,72.1,37100000.0,27.9,2012,en,['United States of America']
Unfair: The Answer (2011),0,109,"['Crime,Drama']",6.1,176,167,29166054.0,0.0,0.0,29166054.0,100.0,2011,ja,['Japan']
Cirque du Soleil: Worlds Away (2012),0,91,['Fantasy'],6.7,8291,143,34153101.0,12512862.0,36.6,21640239.0,63.4,2012,en,['United States of America']
Friends: Naki on the Monster Island (2011),0,87,"['Adventure,Animation,Comedy']",6.3,357,187,22537428.0,0.0,0.0,22537428.0,100.0,2011,ja,['Japan']
La vérité si je mens! 3 (2012),0,112,['Comedy'],5.3,1955,128,40928635.0,0.0,0.0,40928635.0,100.0,2012,fr,['France']
How Not to Rescue a Princess (2010),0,75,"['Adventure,Animation,Comedy']",6.3,2245,188,20157447.0,0.0,0.0,20157447.0,100.0,2010,ru,['Russia']
I Want You (2012),0,120,"['Drama,Romance']",6.7,17048,187,23961214.0,0.0,0.0,23961214.0,100.0,2012,es,['Spain']
From Up on Poppy Hill (2011),0,91,"['Animation,Comedy,Drama']",7.4,55202,101,61459425.0,1002895.0,1.6,60456530.0,98.4,2011,ja,['Japan']
Bad Santa 2 (2016),0,92,"['Comedy,Crime,Drama']",5.6,29924,191,24079268.0,17782178.0,73.8,6297090.0,26.2,2016,en,"['Canada', 'United Kingdom', 'United States of America']"
Andalucia: Revenge of the Goddess (2011),0,125,"['Action,Drama']",6.0,142,184,22929221.0,0.0,0.0,22929221.0,100.0,2011,ja,['Japan']
Southpaw (2015),0,124,"['Drama,Sport']",7.3,266585,85,91970827.0,52421953.0,57.0,39548874.0,43.0,2015,en,['United States of America']
American Hustle (2013),0,138,"['Crime,Drama']",7.2,507818,31,251171807.0,150117807.0,59.8,101054000.0,40.2,2013,en,['United States of America']
That Awkward Moment (2014),0,94,"['Comedy,Romance']",6.1,108687,136,45640143.0,26068955.0,57.1,19571188.0,42.9,2014,en,['United States of America']
Step Up Revolution (2012),0,99,"['Drama,Music,Romance']",6.4,58943,53,140470746.0,35074677.0,25.0,105396069.0,75.0,2012,en,['United States of America']
Eyyvah Eyvah 2 (2011),0,106,['Comedy'],6.6,15879,178,24792348.0,0.0,0.0,24792348.0,100.0,2011,tr,['Turkey']
The Women on the 6th Floor (2011),0,102,['Comedy'],7.1,10814,172,27533970.0,719823.0,2.6,26814147.0,97.4,2011,fr,['France']
Son of God (2014),0,80,['Documentary'],6.6,23,102,70829270.0,59700064.0,84.3,11129206.0,15.7,2014,en,['United States of America']
80 for Brady (2023),0,98,"['Comedy,Drama,Sport']",5.9,12986,92,40362938.0,39330588.0,97.4,1032350.0,2.6,2023,en,['United States of America']
What a Beautiful Day (2011),0,97,['Comedy'],6.3,6380,102,60661950.0,0.0,0.0,60661950.0,100.0,2011,it,['Italy']
Never Say Never (2023),0,104,"['Comedy,Drama,Romance']",5.4,125,23,301957043.0,0.0,0.0,301957043.0,100.0,2023,zh,['China']
If You Are the One 2 (2010),0,120,"['Comedy,Romance']",5.9,1722,85,76085443.0,426894.0,0.6,75658549.0,99.4,2010,zh,['China']
Cat and Dog (2024),0,86,['Comedy'],5.2,1023,156,10740923.0,0.0,0.0,10740923.0,100.0,2024,fr,['France']
"All's Well, Ends Well 2011 (2011)",0,118,"['Comedy,Romance']",4.9,458,153,31335572.0,0.0,0.0,31335572.0,100.0,2011,cn,['Hong Kong']
The Crown Jewels (2011),0,120,['Drama'],5.9,2984,135,39000000.0,0.0,0.0,39000000.0,100.0,2011,sv,['Sweden']
After Earth (2013),0,100,"['Action,Adventure,Sci-Fi']",4.8,212520,33,243611982.0,60522097.0,24.8,183089885.0,75.2,2013,en,['United States of America']
Kaibutsu-kun: The Movie (2011),0,103,"['Adventure,Comedy,Fantasy']",5.1,64,133,39766344.0,0.0,0.0,39766344.0,100.0,2011,ja,['Japan']
The Place Beyond the Pines (2013),0,140,"['Crime,Drama,Thriller']",7.3,297158,130,47052899.0,21403519.0,45.5,25649380.0,54.5,2013,en,['United States of America']
The Nut Job (2014),0,85,"['Adventure,Animation,Comedy']",5.7,31022,64,120885527.0,64251541.0,53.2,56633986.0,46.8,2014,en,"['Canada', 'South Korea', 'United States of America']"
RED 2 (2013),0,116,"['Action,Comedy,Crime']",6.6,184399,52,148075565.0,53262560.0,36.0,94813005.0,64.0,2013,en,['United States of America']
After Death (2023),0,104,"['Comedy,Drama,Mystery']",3.8,287,169,11830860.0,11478326.0,97.0,352534.0,3.0,2023,en,['United States of America']
Always: Sunset on Third Street '64 (2012),0,142,"['Comedy,Drama,Family']",7.1,775,129,40923305.0,0.0,0.0,40923305.0,100.0,2012,ja,['Japan']
Annie (2014),0,118,"['Comedy,Drama,Family']",5.4,41777,59,136853506.0,85911262.0,62.8,50942244.0,37.2,2014,en,['United States of America']
Chappie (2015),0,120,"['Action,Crime,Drama']",6.8,276086,73,102811889.0,31569268.0,30.7,71242621.0,69.3,2015,en,['United States of America']
Black Panther (2018),0,134,"['Action,Adventure,Sci-Fi']",7.3,864678,2,1346913161.0,700059566.0,52.0,646853595.0,48.0,2018,en,['United States of America']
Just Call Me Nobody (2010),0,119,"['Action,Comedy']",4.1,375,171,23705022.0,0.0,0.0,23705022.0,100.0,2010,zh,"['China', 'Taiwan']"
Sonic the Hedgehog 3 (2024),0,110,"['Action,Adventure,Comedy']",7.0,44982,22,210564198.0,136564198.0,64.9,74000000.0,35.1,2024,en,"['Japan', 'United States of America']"
About Last Night (2014),0,100,"['Comedy,Romance']",6.0,25481,127,50445860.0,48637684.0,96.4,1808176.0,3.6,2014,en,['United States of America']
The Gambler (2014),0,105,['Drama'],6.7,20,152,39280992.0,33680992.0,85.7,5600000.0,14.3,2014,en,['United States of America']
Detective K: Secret of Virtuous Widow (2011),0,115,"['Action,Comedy,Crime']",6.2,1203,149,32358664.0,0.0,0.0,32358664.0,100.0,2011,ko,['South Korea']
A Separation (2011),0,123,['Drama'],8.3,267035,185,22926076.0,7099055.0,31.0,15827021.0,69.0,2011,fa,"['Australia', 'France', 'Iran']"
Dhoom 3 (2013),0,172,"['Action,Crime,Drama']",5.4,50775,79,88031955.0,8031955.0,9.1,80000000.0,90.9,2013,hi,['India']
Winter's Tale (2014),0,118,"['Drama,Fantasy,Mystery']",6.1,57967,179,30800231.0,12600231.0,40.9,18200000.0,59.1,2014,en,['United States of America']
Honest Thief (2020),0,99,"['Action,Crime,Drama']",6.0,60064,50,31220247.0,14163574.0,45.4,17056673.0,54.6,2020,en,"['United Kingdom', 'United States of America']"
Detective Conan: Quarter of Silence (2011),0,109,"['Action,Adventure,Animation']",6.6,2115,120,42808575.0,0.0,0.0,42808575.0,100.0,2011,ja,['Japan']
Tiger 3 (2023),0,155,"['Action,Adventure,Thriller']",5.7,54805,170,11713932.0,5365263.0,45.8,6348669.0,54.2,2023,hi,"['Austria', 'India', 'Russia', 'Turkey']"
Alien: Romulus (2024),0,119,"['Horror,Sci-Fi,Thriller']",7.1,228488,16,350865342.0,105313091.0,30.0,245552251.0,70.0,2024,en,['United States of America']
Captain America: The Winter Soldier (2014),0,136,"['Action,Adventure,Sci-Fi']",7.7,925558,7,714421503.0,259766572.0,36.4,454654931.0,63.6,2014,en,['United States of America']
Hunter Killer (2018),0,121,"['Action,Thriller']",6.6,77035,164,31672678.0,15767460.0,49.8,15905218.0,50.2,2018,en,"['France', 'United States of America']"
Crawl (2019),0,80,"['Crime,Thriller']",4.6,1476,81,91542097.0,39014193.0,42.6,52527904.0,57.4,2019,en,"['Canada', 'Serbia', 'United States of America']"
Agneepath (2012),0,174,"['Action,Crime,Drama']",6.9,27695,176,26001696.0,1986748.0,7.6,24014948.0,92.4,2012,hi,['India']
Man on the Edge (2013),0,113,"['Action,Crime,Thriller']",5.2,189,190,25774679.0,0.0,0.0,25774679.0,100.0,2013,ko,['South Korea']
The Dream Team (2012),0,97,"['Comedy,Sport']",5.4,4009,154,31822402.0,0.0,0.0,31822402.0,100.0,2012,en,['United States of America']
Doraemon: Nobita and the New Steel Troops: ~Winged Angels~ (2011),0,108,"['Action,Adventure,Animation']",7.9,2378,159,30236973.0,0.0,0.0,30236973.0,100.0,2011,ja,['Japan']
Django Unchained (2012),0,165,"['Comedy,Drama,Western']",8.5,1767406,16,425368238.0,162805434.0,38.3,262562804.0,61.7,2012,en,['United States of America']
You're Next (2013),0,95,"['Drama,Horror,Mystery']",6.6,114447,180,26895481.0,18494006.0,68.8,8401475.0,31.2,2013,en,"['United Kingdom', 'United States of America']"
Percy Jackson: Sea of Monsters (2013),0,106,"['Adventure,Family,Fantasy']",5.7,129760,40,199850315.0,68559554.0,34.3,131290761.0,65.7,2013,en,['United States of America']
End of Watch (2012),0,109,"['Action,Crime,Drama']",7.6,278003,108,55078146.0,41003371.0,74.4,14074775.0,25.6,2012,en,['United States of America']
Resident Evil: Retribution (2012),0,95,"['Action,Horror,Sci-Fi']",5.3,153502,33,240159255.0,42345531.0,17.6,197813724.0,82.4,2012,en,"['Canada', 'Germany', 'United States of America']"
"Little Brother, Big Trouble: A Christmas Adventure (2012)",0,79,"['Adventure,Animation,Comedy']",5.6,1449,190,23785681.0,0.0,0.0,23785681.0,100.0,2012,fi,"['Denmark', 'Finland', 'Germany', 'Ireland']"
The Boys in the Boat (2023),0,123,"['Biography,Drama,Sport']",7.0,26695,74,55501365.0,52641306.0,94.8,2860059.0,5.2,2023,en,['United States of America']
Blade Runner 2049 (2017),0,164,"['Action,Drama,Mystery']",8.0,704060,35,259154159.0,92054159.0,35.5,167100000.0,64.5,2017,en,"['Canada', 'United Kingdom', 'United States of America']"
The Sorcerer and the White Snake (2011),0,102,"['Action,Fantasy,Romance']",5.8,9092,166,29649716.0,0.0,0.0,29649716.0,100.0,2011,zh,"['China', 'Hong Kong']"
To Rome with Love (2012),0,112,"['Comedy,Music,Romance']",6.3,91881,90,73244881.0,16685867.0,22.8,56559014.0,77.2,2012,en,"['Italy', 'United States of America']"
Dirty Grandpa (2016),0,102,['Comedy'],5.9,137078,81,94073028.0,35593113.0,37.8,58479915.0,62.2,2016,en,['United States of America']
Turbo (2013),0,96,"['Adventure,Animation,Comedy']",6.4,116548,27,282570682.0,83028128.0,29.4,199542554.0,70.6,2013,en,['United States of America']
Deepwater Horizon (2016),0,107,"['Action,Drama,History']",7.1,189579,67,121790373.0,61433527.0,50.4,60356846.0,49.6,2016,en,"['Hong Kong', 'United States of America']"
Thermae Romae (2012),0,108,"['Comedy,Fantasy,Sci-Fi']",6.4,2791,88,74285251.0,0.0,0.0,74285251.0,100.0,2012,ja,['Japan']
BTS Permission to Dance on Stage - Seoul: Live Viewing (2022),0,195,"['Documentary,Music']",7.9,17549,78,32600000.0,6840000.0,21.0,25760000.0,79.0,2022,ko,['South Korea']
Default (2018),0,88,"['Action,Thriller']",4.4,278,175,27694043.0,203775.0,0.7,27490268.0,99.3,2018,ko,['South Korea']
The Amazing Spider-Man 2 (2014),0,142,"['Action,Adventure,Sci-Fi']",6.6,557922,9,708982323.0,202853933.0,28.6,506128390.0,71.4,2014,en,['United States of America']
The Batman (2022),0,176,"['Action,Crime,Drama']",7.8,857981,7,772245583.0,369345583.0,47.8,402900000.0,52.2,2022,en,['United States of America']
X-Men: Days of Future Past (2014),0,132,"['Action,Adventure,Sci-Fi']",7.9,765399,6,746045700.0,233921534.0,31.4,512124166.0,68.6,2014,en,['United States of America']
Operation Mincemeat (2022),0,128,"['Drama,War']",6.6,39796,125,15621194.0,0.0,0.0,15621194.0,100.0,2022,en,"['Australia', 'Spain', 'United Kingdom', 'United States of America']"
SPEC: Heaven (2012),0,119,['Drama'],5.9,380,166,29023960.0,0.0,0.0,29023960.0,100.0,2012,ja,['Japan']
Lesson in Murder (2022),0,128,"['Crime,Mystery']",6.3,618,192,7348964.0,0.0,0.0,7348964.0,100.0,2022,ja,['Japan']
Good Deeds (2012),0,110,"['Drama,Romance']",5.7,8465,135,35579177.0,35025791.0,98.4,553386.0,1.6,2012,en,['United States of America']
Spotlight (2015),0,129,"['Biography,Crime,Drama']",8.1,514952,76,98690254.0,45055776.0,45.7,53634478.0,54.3,2015,en,['United States of America']
Fly Me to the Moon (2024),0,132,"['Comedy,Romance']",6.6,46033,65,42247783.0,20532222.0,48.6,21715561.0,51.4,2024,en,['United States of America']
Kaiji 2: The Ultimate Gambler (2011),0,133,['Drama'],6.3,1112,200,19971259.0,0.0,0.0,19971259.0,100.0,2011,ja,['Japan']
Parker (2013),0,118,"['Action,Crime,Thriller']",6.2,132210,131,46922566.0,17616641.0,37.5,29305925.0,62.5,2013,en,['United States of America']
Fast & Furious 6 (2013),0,130,"['Action,Thriller']",7.0,426038,6,788679850.0,238679850.0,30.3,550000000.0,69.7,2013,en,['United States of America']
The Servant (2010),0,124,"['Comedy,Drama,Romance']",6.3,1340,196,19259164.0,0.0,0.0,19259164.0,100.0,2010,ko,['South Korea']
K-On! The Movie (2011),0,110,"['Adventure,Animation,Comedy']",7.7,2446,193,21434003.0,0.0,0.0,21434003.0,100.0,2011,ja,['Japan']
Penguins of Madagascar (2014),0,92,"['Action,Adventure,Animation']",6.6,107526,19,373515621.0,83850911.0,22.4,289664710.0,77.6,2014,en,['United States of America']
Magic Mike (2012),0,110,"['Comedy,Drama,Music']",6.1,149699,48,167221571.0,113721571.0,68.0,53500000.0,32.0,2012,en,['United States of America']
Love Strikes! (2011),0,118,"['Comedy,Romance']",6.8,1204,171,27707149.0,0.0,0.0,27707149.0,100.0,2011,ja,['Japan']
Joker (2019),0,104,"['Comedy,Family,Sci-Fi']",2.5,6130,6,1078751311.0,335451311.0,31.1,743300000.0,68.9,2019,en,"['Canada', 'United States of America']"
Big Fish & Begonia (2016),0,100,"['Adventure,Animation,Drama']",7.0,7054,90,85409373.0,0.0,0.0,85409373.0,100.0,2016,zh,"['China', 'South Korea']"
A Tale of Mari and Three Puppies (2007),0,124,['Drama'],7.3,340,150,30183621.0,0.0,0.0,30183621.0,100.0,2007,ja,['Japan']
Pompeii (2014),0,105,"['Action,Adventure,Drama']",5.5,119351,65,117831631.0,23219748.0,19.7,94611883.0,80.3,2014,en,"['Canada', 'Germany', 'United Kingdom']"
Sinister (2012),0,110,"['Horror,Mystery,Thriller']",6.8,295967,83,82515113.0,48086903.0,58.3,34428210.0,41.7,2012,en,"['Canada', 'United Kingdom', 'United States of America']"
Cry Macho (2021),0,104,['Drama'],5.7,34966,130,16510734.0,10310734.0,62.4,6200000.0,37.6,2021,en,['United States of America']
Let's Be Cops (2014),0,104,"['Action,Comedy,Crime']",6.4,141724,58,138224951.0,82390774.0,59.6,55834177.0,40.4,2014,en,['United States of America']
Letters to Santa (2011),0,110,"['Comedy,Romance']",7.2,5049,173,26923513.0,0.0,0.0,26923513.0,100.0,2011,pl,['Poland']
Heaven Is for Real (2014),0,99,"['Biography,Drama,Family']",5.9,29172,75,101888019.0,91443253.0,89.7,10444766.0,10.3,2014,en,"['Canada', 'United States of America']"
Triumph in the Skies (2015),0,100,['Drama'],4.3,418,187,28085162.0,0.0,0.0,28085162.0,100.0,2015,cn,"['China', 'Hong Kong']"
The Big Wedding (2013),0,89,"['Comedy,Drama,Romance']",5.6,52715,132,46522137.0,21819348.0,46.9,24702789.0,53.1,2013,en,['United States of America']
Better Days (2019),0,99,['Drama'],6.5,75,39,227313644.0,1921657.0,0.8,225391987.0,99.2,2019,zh,"['China', 'Hong Kong', 'United Kingdom']"
Seven Psychopaths (2012),0,110,"['Comedy,Crime']",7.1,279657,164,29347202.0,15024049.0,51.2,14323153.0,48.8,2012,en,['United Kingdom']
Drive-Away Dolls (2024),0,84,"['Action,Comedy,Thriller']",5.4,22427,188,7935363.0,5028215.0,63.4,2907148.0,36.6,2024,en,"['United Kingdom', 'United States of America']"
Miss Peregrine's Home for Peculiar Children (2016),0,127,"['Adventure,Drama,Family']",6.7,198788,34,296482446.0,87242834.0,29.4,209239612.0,70.6,2016,en,"['United Kingdom', 'United States of America']"
On the Other Side of the Tracks (2012),0,96,"['Action,Comedy,Crime']",5.8,6192,179,25109572.0,9572.0,0.0,25100000.0,100.0,2012,fr,['France']
Cocorico (2024),0,92,['Comedy'],5.8,3046,114,18259571.0,0.0,0.0,18259571.0,100.0,2024,fr,['France']
Carrie (2013),0,100,"['Drama,Horror,Thriller']",5.8,151598,84,84790678.0,35266619.0,41.6,49524059.0,58.4,2013,en,['United States of America']
My Own Swordsman (2011),0,92,"['Action,Comedy']",5.2,480,162,30082188.0,0.0,0.0,30082188.0,100.0,2011,zh,['China']
Begin Again (2014),0,68,"['Drama,Family']",7.1,66,113,63464861.0,16170632.0,25.5,47294229.0,74.5,2014,en,['United States of America']
UglyDolls (2019),0,87,"['Adventure,Animation,Comedy']",5.1,8163,152,32450241.0,20150241.0,62.1,12300000.0,37.9,2019,en,"['Canada', 'China', 'United States of America']"
Ford v Ferrari (2019),0,152,"['Action,Biography,Drama']",8.1,512500,40,225508210.0,117624357.0,52.2,107883853.0,47.8,2019,en,['United States of America']
The Hangover Part III (2013),0,100,"['Comedy,Crime']",5.8,345734,19,362000072.0,112200072.0,31.0,249800000.0,69.0,2013,en,['United States of America']
The Hunger Games: Catching Fire (2013),0,146,"['Action,Adventure,Sci-Fi']",7.5,741571,5,865011746.0,424668047.0,49.1,440343699.0,50.9,2013,en,['United States of America']
The Hunger Games: Mockingjay - Part 1 (2014),0,123,"['Action,Adventure,Sci-Fi']",6.6,519352,5,755356711.0,337135885.0,44.6,418220826.0,55.4,2014,en,['United States of America']
The Hunger Games: Mockingjay - Part 2 (2015),0,137,"['Action,Adventure,Sci-Fi']",6.6,389179,9,653428261.0,281723902.0,43.1,371704359.0,56.9,2015,en,"['Germany', 'United States of America']"
Aftersun (2022),0,70,"['Drama,Mystery,Thriller']",6.0,38,175,8598565.0,1658790.0,19.3,6939775.0,80.7,2022,en,"['United Kingdom', 'United States of America']"
Sex Tape (2014),0,94,"['Comedy,Romance']",5.1,120250,62,126069509.0,38543473.0,30.6,87526036.0,69.4,2014,en,['United States of America']
The Hitman's Bodyguard (2017),0,118,"['Action,Comedy,Crime']",6.9,254056,51,183415183.0,75468583.0,41.1,107946600.0,58.9,2017,en,"['Bulgaria', 'Canada', 'France', 'Hong Kong', 'Netherlands', 'United States of America']"
American Assassin (2017),0,111,"['Action,Thriller']",6.2,95463,91,67234188.0,36249674.0,53.9,30984514.0,46.1,2017,en,"['Hong Kong', 'United States of America']"
Ice (2018),0,118,['Drama'],6.0,1734,170,29806210.0,0.0,0.0,29806210.0,100.0,2018,nl,[]
Love Lies Bleeding (2024),0,104,"['Action,Adventure,Crime']",6.6,54142,137,12778206.0,8335797.0,65.2,4442409.0,34.8,2024,en,"['United Kingdom', 'United States of America']"
Tomorrowland (2015),0,130,"['Action,Adventure,Family']",6.4,194883,37,209035668.0,93436322.0,44.7,115599346.0,55.3,2015,en,['United States of America']
Father Figures (2017),0,113,"['Comedy,Drama']",5.5,22760,186,25701244.0,17501244.0,68.1,8200000.0,31.9,2017,en,['United States of America']
Stalingrad (2013),0,131,"['Action,Drama,War']",5.7,17993,102,68316452.0,1013945.0,1.5,67302507.0,98.5,2013,ru,['Russia']
Tag (2018),0,91,['Drama'],4.1,285,93,78230625.0,54730625.0,70.0,23500000.0,30.0,2018,en,['United States of America']
Ducobu 4 President (2022),0,86,"['Comedy,Family']",3.8,221,187,7858171.0,0.0,0.0,7858171.0,100.0,2022,fr,"['Belgium', 'France']"
A Most Wanted Man (2014),0,122,"['Crime,Drama,Thriller']",6.7,82109,160,36233517.0,17237855.0,47.6,18995662.0,52.4,2014,en,"['Belgium', 'Germany', 'United Kingdom', 'United States of America']"
King Arthur: Legend of the Sword (2017),0,126,"['Action,Adventure,Drama']",6.7,238935,60,149175066.0,39175066.0,26.3,110000000.0,73.7,2017,en,['United States of America']
The Best of Me (2014),0,118,"['Drama,Romance']",6.7,79042,156,38609668.0,26766213.0,69.3,11843455.0,30.7,2014,en,['United States of America']
Golden Kamuy (2024),0,127,"['Action,Adventure,History']",6.3,2418,112,19077748.0,0.0,0.0,19077748.0,100.0,2024,ja,['Japan']
The Taste of Things (2023),0,135,"['Drama,History,Romance']",7.4,16947,181,10462726.0,2654510.0,25.4,7808216.0,74.6,2023,fr,"['Belgium', 'France']"
Victor Frankenstein (2015),0,110,"['Drama,Horror,Sci-Fi']",6.0,61766,174,34227298.0,5775076.0,16.9,28452222.0,83.1,2015,en,"['United Kingdom', 'United States of America']"
Detective Conan: The Bride of Halloween (2022),0,111,"['Action,Animation,Crime']",6.8,1959,54,72699093.0,0.0,0.0,72699093.0,100.0,2022,ja,['Japan']
The Break Up Man (2013),0,110,['Comedy'],5.6,3930,182,26477012.0,0.0,0.0,26477012.0,100.0,2013,de,['Germany']
Rurouni Kenshin Part I: Origins (2012),0,134,"['Action,Adventure,Drama']",7.4,29943,132,37654579.0,0.0,0.0,37654579.0,100.0,2012,ja,['Japan']
Rush (2013),0,123,"['Biography,Drama,Sport']",8.1,529538,75,95224595.0,26947624.0,28.3,68276971.0,71.7,2013,en,"['United Kingdom', 'United States of America']"
Toy Story 4 (2019),0,100,"['Adventure,Animation,Comedy']",7.6,293769,8,1073394593.0,434038008.0,40.4,639356585.0,59.6,2019,en,['United States of America']
The Good Dinosaur (2015),0,93,"['Action,Adventure,Animation']",6.7,132504,22,332207671.0,123087120.0,37.1,209120551.0,62.9,2015,en,['United States of America']
Pain & Gain (2013),0,129,"['Action,Biography,Comedy']",6.4,234932,80,87305549.0,49875291.0,57.1,37430258.0,42.9,2013,en,['United States of America']
Housefull 2 (2012),0,145,"['Action,Comedy,Drama']",5.4,16590,182,24922847.0,1791780.0,7.2,23131067.0,92.8,2012,hi,['India']
Thor: The Dark World (2013),0,112,"['Action,Adventure,Fantasy']",6.7,745743,10,644783140.0,206362140.0,32.0,438421000.0,68.0,2013,en,['United States of America']
Wild (2014),0,107,"['Adventure,Comedy']",4.8,114,125,52501541.0,37880356.0,72.2,14621185.0,27.8,2014,en,['United States of America']
Geostorm (2017),0,111,"['Action,Sci-Fi,Thriller']",5.3,124617,45,221900160.0,33700160.0,15.2,188200000.0,84.8,2017,en,"['Canada', 'Hong Kong', 'United States of America']"
Pitch Perfect (2012),0,112,"['Comedy,Music,Romance']",7.1,338520,66,115350426.0,65001093.0,56.4,50349333.0,43.6,2012,en,['United States of America']
The Innocent (2020),0,99,"['Comedy,Crime,Romance']",6.7,4413,167,5929392.0,22549.0,0.4,5906843.0,99.6,2020,it,"['France', 'Italy']"
Masterminds (2016),0,89,"['Action,Crime,Drama']",4.7,44,168,29674699.0,17368022.0,58.5,12306677.0,41.5,2016,en,['United States of America']
The Angry Birds Movie (2016),0,97,"['Action,Adventure,Animation']",6.3,109280,24,352333929.0,107509366.0,30.5,244824563.0,69.5,2016,en,['Finland']
Cloudy with a Chance of Meatballs 2 (2013),0,95,"['Adventure,Animation,Comedy']",6.3,119130,28,274325949.0,119793567.0,43.7,154532382.0,56.3,2013,en,['United States of America']
My Happy Marriage (2023),0,115,"['Drama,Fantasy,History']",6.9,1622,130,19506407.0,0.0,0.0,19506407.0,100.0,2023,ja,['Japan']
The Upside (2019),0,126,"['Comedy,Drama']",7.0,66077,61,125852517.0,108252517.0,86.0,17600000.0,14.0,2019,en,['United States of America']
Kamen Rider OOO Wonderful: The Shogun and the 21 Core Medals (2011),0,60,"['Action,Adventure,Fantasy']",5.8,115,188,22313925.0,0.0,0.0,22313925.0,100.0,2011,en,['Japan']
Chernobyl Diaries (2012),0,86,"['Horror,Mystery,Thriller']",5.0,69452,130,38390020.0,18119640.0,47.2,20270380.0,52.8,2012,en,['United States of America']
Pleasant Goat and Big Big Wolf 3 (2011),0,88,"['Adventure,Animation,Comedy']",4.9,129,191,21847806.0,0.0,0.0,21847806.0,100.0,2011,zh,['China']
We Were There: True Love (2012),0,121,"['Drama,Romance']",6.9,552,167,28876929.0,0.0,0.0,28876929.0,100.0,2012,ja,['Japan']
War Dogs (2016),0,114,"['Biography,Comedy,Crime']",7.1,273321,89,86434523.0,43034523.0,49.8,43400000.0,50.2,2016,en,['United States of America']
The 33 (2015),0,127,"['Biography,Drama,History']",6.9,40515,188,27972023.0,12227722.0,43.7,15744301.0,56.3,2015,en,"['Chile', 'Colombia', 'Spain', 'United States of America']"
Quick (2011),0,115,"['Action,Comedy,Crime']",5.7,1357,192,21561934.0,0.0,0.0,21561934.0,100.0,2011,ko,['South Korea']
Hotaru the Movie: It's Only a Little Light in My Life (2012),0,109,"['Drama,Romance']",5.7,331,192,22975341.0,0.0,0.0,22975341.0,100.0,2012,ja,['Japan']
The Wind Rises (2012),0,126,"['Animation,Biography,Drama']",7.8,104669,55,136483511.0,5209580.0,3.8,131273859.0,96.2,2012,,[]
Guardians of the Galaxy (2014),0,121,"['Action,Adventure,Comedy']",8.0,1306806,3,772776600.0,333176600.0,43.1,439600000.0,56.9,2014,en,['United States of America']
Alienoid (2022),0,142,"['Action,Adventure,Fantasy']",6.3,6639,149,12109608.0,168309.0,1.4,11941299.0,98.6,2022,ko,['South Korea']
The Smurfs 2 (2013),0,105,"['Adventure,Animation,Comedy']",5.3,47779,22,347545360.0,71017784.0,20.4,276527576.0,79.6,2013,en,"['United States of America', 'Canada', 'France']"
Journey to the West: Conquering the Demons (2013),0,110,"['Action,Adventure,Comedy']",6.7,14444,38,205637183.0,18058.0,0.0,205619125.0,100.0,2013,zh,"['China', 'Hong Kong']"
My Fairy Troublemaker (2022),0,80,"['Adventure,Animation,Comedy']",5.2,445,200,7177868.0,0.0,0.0,7177868.0,100.0,2022,de,"['Germany', 'Luxembourg']"
Alienoid: The Return to the Future (2024),0,122,"['Action,Fantasy,Sci-Fi']",6.5,2423,154,10824208.0,60720.0,0.6,10763488.0,99.4,2024,ko,['South Korea']
Conclave (2024),0,120,"['Drama,Mystery,Thriller']",7.4,100208,48,57908426.0,31272175.0,54.0,26636251.0,46.0,2024,en,"['United Kingdom', 'United States of America']"
Emilia Pérez (2024),0,132,"['Comedy,Crime,Drama']",5.5,71702,165,9655756.0,0.0,0.0,9655756.0,100.0,2024,fr,"['Belgium', 'France', 'United States of America']"
Diary of a Wimpy Kid: Dog Days (2012),0,94,"['Comedy,Family']",6.3,31379,87,77229695.0,49008662.0,63.5,28221033.0,36.5,2012,en,"['United States of America', 'Canada']"
Wicked Little Letters (2024),0,100,"['Comedy,Crime,Drama']",7.0,35770,91,27219729.0,5008179.0,18.4,22211550.0,81.6,2024,en,['United Kingdom']
Identity Thief (2013),0,111,"['Comedy,Crime,Drama']",5.7,143726,45,173965010.0,134506920.0,77.3,39458090.0,22.7,2013,en,['United States of America']
Non-Stop (2014),0,106,"['Action,Mystery,Thriller']",6.9,281283,37,222809600.0,92168600.0,41.4,130641000.0,58.6,2014,en,"['France', 'United Kingdom', 'United States of America']"
12 Years a Slave (2013),0,134,"['Biography,Drama,History']",8.1,759313,43,187733202.0,56671993.0,30.2,131061209.0,69.8,2013,en,"['United States of America', 'United Kingdom']"
War of the Arrows (2011),0,122,['Action'],7.1,13013,113,50587661.0,251200.0,0.5,50336461.0,99.5,2011,ko,"['South Korea', 'United States of America']"
The Finest Hours (2016),0,117,"['Action,Drama,History']",6.7,72354,121,52099090.0,27569558.0,52.9,24529532.0,47.1,2016,en,['United States of America']
Twilight of the Warriors: Walled In (2024),0,126,"['Action,Crime,Thriller']",7.0,8210,117,17111121.0,336023.0,2.0,16775098.0,98.0,2024,cn,"['China', 'Hong Kong']"
The Crime Is Mine (2023),0,102,"['Comedy,Crime,Mystery']",6.5,6131,180,10473689.0,122083.0,1.2,10351606.0,98.8,2023,fr,['France']
The Last Exorcism Part II (2013),0,88,"['Horror,Thriller']",4.0,17288,192,25051865.0,15179302.0,60.6,9872563.0,39.4,2013,en,['United States of America']
Dearest (2012),0,110,['Drama'],6.9,537,172,26723916.0,0.0,0.0,26723916.0,100.0,2012,ja,['Japan']
The Great Wall (2016),0,103,"['Action,Adventure,Fantasy']",5.9,152099,27,334933831.0,45540830.0,13.6,289393001.0,86.4,2016,en,"['China', 'Japan', 'United States of America']"
You Are the Apple of My Eye (2011),0,109,"['Comedy,Drama,Romance']",7.5,11932,164,29843025.0,0.0,0.0,29843025.0,100.0,2011,zh,['Taiwan']
Flatliners (2017),0,109,"['Drama,Horror,Mystery']",5.2,52246,129,45158254.0,16883115.0,37.4,28275139.0,62.6,2017,en,['United States of America']
"Manta, Manta: Legacy (2023)",0,127,"['Action,Comedy']",3.5,4165,160,13078126.0,0.0,0.0,13078126.0,100.0,2023,de,['Germany']
Dancing Queen (2012),0,92,"['Drama,Family']",6.3,196,174,26411266.0,0.0,0.0,26411266.0,100.0,2012,ko,['South Korea']
Alibi.com 2 (2023),0,88,['Comedy'],6.5,3347,103,34114308.0,0.0,0.0,34114308.0,100.0,2023,fr,['France']
Inside Llewyn Davis (2013),0,104,"['Drama,Music']",7.4,167104,155,32935319.0,13235319.0,40.2,19700000.0,59.8,2013,en,"['France', 'United Kingdom']"
Beetlejuice Beetlejuice (2024),0,105,"['Comedy,Fantasy,Horror']",6.7,138883,10,451100435.0,294100435.0,65.2,157000000.0,34.8,2024,en,['United States of America']
Brave Hearts: Umizaru (2012),0,116,['Action'],6.5,325,77,91884352.0,0.0,0.0,91884352.0,100.0,2012,ja,['Japan']
Rust and Bone (2012),0,120,"['Drama,Romance']",7.4,71582,177,25807712.0,2062027.0,8.0,23745685.0,92.0,2012,fr,"['Belgium', 'France', 'Italy', 'United Kingdom']"
The Railway Man (2013),0,116,"['Biography,Drama,Romance']",7.1,43421,198,24174885.0,4438438.0,18.4,19736447.0,81.6,2013,en,"['Australia', 'France', 'Switzerland', 'Thailand', 'United Kingdom']"
Point Break (2015),0,114,"['Action,Adventure,Crime']",5.3,67460,56,133782481.0,28782481.0,21.5,105000000.0,78.5,2015,en,"['Austria', 'Canada', 'China', 'Germany', 'Italy', 'United States of America']"
Rocketman (2019),0,121,"['Biography,Drama,Music']",7.3,202174,43,195320400.0,96368160.0,49.3,98952240.0,50.7,2019,en,"['United Kingdom', 'United States of America']"
Silenced (2011),0,125,"['Crime,Drama,Thriller']",8.0,24113,155,30996130.0,0.0,0.0,30996130.0,100.0,2011,ko,['South Korea']
Temptation: Confessions of a Marriage Counselor (2013),0,111,['Drama'],4.9,12578,118,53143144.0,51975354.0,97.8,1167790.0,2.2,2013,en,['United States of America']
Son of a Rich 2 (2023),0,114,['Comedy'],5.7,1004,88,44718015.0,0.0,0.0,44718015.0,100.0,2023,ru,['Russia']
Attack on Titan Part 1 (2015),0,98,"['Action,Adventure,Drama']",5.0,15902,181,30810658.0,449523.0,1.5,30361135.0,98.5,2015,ja,['Japan']
The Liquidator (2017),0,94,"['Action,Thriller']",4.8,543,153,35046130.0,0.0,0.0,35046130.0,100.0,2017,zh,['China']
Ip Man 4: The Finale (2019),0,107,"['Action,Biography,Drama']",7.0,38344,50,176345966.0,3956031.0,2.2,172389935.0,97.8,2019,cn,"['China', 'Hong Kong']"
Chaos Walking (2021),0,109,"['Action,Adventure,Fantasy']",5.7,58979,101,26508132.0,13287908.0,50.1,13220224.0,49.9,2021,en,"['Canada', 'Hong Kong', 'Luxembourg', 'United States of America']"
Book Club: The Next Chapter (2023),0,107,"['Comedy,Romance']",5.6,8309,111,29014500.0,17581565.0,60.6,11432935.0,39.4,2023,en,['United States of America']
Rowdy Rathore (2012),0,140,"['Action,Comedy,Crime']",5.8,24838,165,29342463.0,777373.0,2.6,28565090.0,97.4,2012,hi,['India']
Liar Game: Reborn (2012),0,131,['Drama'],6.2,709,186,24549726.0,0.0,0.0,24549726.0,100.0,2012,ja,['Japan']
Steve Jobs (2015),0,122,"['Biography,Drama']",7.2,182589,173,34441873.0,17766658.0,51.6,16675215.0,48.4,2015,en,"['United Kingdom', 'United States of America']"
Nameless Gangster: Rules of the Time (2012),0,134,"['Action,Crime,Drama']",7.0,7568,150,32472645.0,0.0,0.0,32472645.0,100.0,2012,ko,['South Korea']
The Best Man Holiday (2013),0,123,"['Comedy,Drama']",6.6,17376,97,72835710.0,70525195.0,96.8,2310515.0,3.2,2013,en,['United States of America']
Trouble with the Curve (2012),0,111,"['Drama,Romance,Sport']",6.8,70109,118,48963137.0,35763137.0,73.0,13200000.0,27.0,2012,en,['United States of America']
The Imitation Game (2014),0,114,"['Biography,Drama,Thriller']",8.0,847211,36,233555708.0,91125683.0,39.0,142430025.0,61.0,2014,en,['United States of America']
Unbowed (2012),0,100,"['Crime,Drama']",6.7,692,196,22132903.0,0.0,0.0,22132903.0,100.0,2012,,[]
Kleks Academy (2024),0,130,['Fantasy'],4.6,1894,124,15348026.0,0.0,0.0,15348026.0,100.0,2024,pl,['Poland']
Il grande giorno (2022),0,90,['Comedy'],6.1,1800,185,8021940.0,0.0,0.0,8021940.0,100.0,2022,it,['Italy']
Babygirl (2024),0,81,"['Drama,Romance']",6.0,182,181,8484475.0,8406060.0,99.1,78415.0,0.9,2024,en,"['Netherlands', 'United States of America']"
Kokkuri-san: Gekijô-ban (2010),0,0,['Horror'],5.2,27,136,37982240.0,0.0,0.0,37982240.0,100.0,2010,,[]
Captain Underpants: The First Epic Movie (2017),0,89,"['Action,Adventure,Animation']",6.2,34046,67,125427681.0,73921000.0,58.9,51506681.0,41.1,2017,en,['United States of America']
Assassin's Creed (2016),0,115,"['Action,Adventure,Sci-Fi']",5.6,212728,37,240697856.0,54647948.0,22.7,186049908.0,77.3,2016,en,"['France', 'United Kingdom', 'United States of America']"
Grace of Monaco (2014),0,103,"['Biography,Drama,Romance']",5.7,21647,188,27515247.0,0.0,0.0,27515247.0,100.0,2014,en,"['Belgium', 'France', 'Italy', 'Switzerland', 'United States of America']"
Dumb and Dumber To (2014),0,109,['Comedy'],5.6,148799,50,169837010.0,86208010.0,50.8,83629000.0,49.2,2014,en,['United States of America']
"McFarland, USA (2015)",0,129,"['Biography,Drama,Sport']",7.4,44051,143,45710059.0,44482410.0,97.3,1227649.0,2.7,2015,en,['United States of America']
Spring Breakers (2013),0,94,"['Crime,Drama,Thriller']",5.3,151267,163,31724284.0,14124284.0,44.5,17600000.0,55.5,2013,en,"['France', 'United States of America']"
The Physician (2013),0,155,"['Adventure,Drama,History']",7.2,42954,114,57284237.0,0.0,0.0,57284237.0,100.0,2013,en,['Germany']
Tammy (2014),0,97,"['Comedy,Romance']",4.9,55830,77,100375432.0,84525432.0,84.2,15850000.0,15.8,2014,en,['United States of America']
Dawn of the Planet of the Apes (2014),0,130,"['Action,Adventure,Drama']",7.6,497286,8,710644566.0,208545589.0,29.3,502098977.0,70.7,2014,en,"['United Kingdom', 'United States of America']"
The Iron Claw (2023),0,132,"['Biography,Drama,Sport']",7.6,101053,87,45204449.0,35070296.0,77.6,10134153.0,22.4,2023,en,"['United Kingdom', 'United States of America']"
Paranormal Activity 4 (2012),0,88,"['Horror,Mystery']",4.7,71770,52,142802657.0,53885000.0,37.7,88917657.0,62.3,2012,en,"['United States of America', 'Australia']"
Transformers: Age of Extinction (2014),0,165,"['Action,Adventure,Sci-Fi']",5.6,338824,1,1104054072.0,245439076.0,22.2,858614996.0,77.8,2014,en,['United States of America']
My Big Fat Greek Wedding 3 (2023),0,92,"['Comedy,Drama,Romance']",5.2,11285,94,38831076.0,28496030.0,73.4,10335046.0,26.6,2023,en,['United States of America']
Hansan: Rising Dragon (2022),0,130,"['Action,Drama,History']",6.6,2272,61,57490985.0,865888.0,1.5,56625097.0,98.5,2022,ko,['South Korea']
A Moroccan Affair (2023),0,97,['Comedy'],4.9,1138,156,14075140.0,0.0,0.0,14075140.0,100.0,2023,es,['Spain']
Even If This Love Disappears from the World Tonight (2022),0,121,"['Drama,Romance']",7.2,1141,120,16470005.0,0.0,0.0,16470005.0,100.0,2022,ja,['Japan']
Absolutely Fabulous: The Movie (2016),0,91,"['Comedy,Crime']",5.4,13476,143,39219109.0,4772155.0,12.2,34446954.0,87.8,2016,en,['United Kingdom']
The 100 Year-Old Man Who Climbed Out the Window and Disappeared (2013),0,114,"['Adventure,Comedy']",7.0,43325,120,51167572.0,944193.0,1.8,50223379.0,98.2,2013,sv,['Sweden']
Full River Red (2023),0,159,"['Comedy,Drama,History']",6.4,3608,7,670491959.0,0.0,0.0,670491959.0,100.0,2023,zh,"['China', 'Hong Kong']"
Vysotsky. Thank You for Being Alive (2011),0,128,"['Biography,Drama']",6.4,2980,154,31016553.0,0.0,0.0,31016553.0,100.0,2011,,[]
Special ID (2013),0,99,"['Action,Crime']",5.5,4621,168,29139936.0,12666.0,0.0,29127270.0,100.0,2013,cn,['China']
Lisa Frankenstein (2024),0,101,"['Comedy,Horror,Romance']",6.1,27250,162,9927714.0,9774285.0,98.5,153429.0,1.5,2024,en,['United States of America']
All of Us Strangers (2023),0,105,"['Drama,Romance']",7.6,68648,129,20226058.0,4050103.0,20.0,16175955.0,80.0,2023,en,"['United Kingdom', 'United States of America']"
The Legend & Butterfly (2023),0,168,"['Drama,History,Romance']",6.5,689,142,16087771.0,0.0,0.0,16087771.0,100.0,2023,ja,['Japan']
Hacksaw Ridge (2016),0,139,"['Biography,Drama,History']",8.1,627587,51,180563636.0,67209615.0,37.2,113354021.0,62.8,2016,en,"['Australia', 'United Kingdom', 'United States of America']"
The House with a Clock in Its Walls (2018),0,105,"['Comedy,Family,Fantasy']",6.1,57116,58,131457147.0,68549695.0,52.1,62907452.0,47.9,2018,en,"['Canada', 'India', 'United States of America']"
Surprise (2015),0,0,['Romance'],4.8,11,133,49567466.0,0.0,0.0,49567466.0,100.0,2015,en,['United States of America']
Alpha (2018),0,116,['Crime'],5.2,136,70,97254328.0,35857181.0,36.9,61397147.0,63.1,2018,en,"['Canada', 'United States of America']"
Home Again (2017),0,104,['Drama'],6.5,439,147,37270721.0,27020284.0,72.5,10250437.0,27.5,2017,en,['United States of America']
Doraemon the Movie: Nobita's Sky Utopia (2023),0,107,"['Adventure,Animation,Comedy']",6.7,1313,96,37475850.0,0.0,0.0,37475850.0,100.0,2023,ja,['Japan']
Ghostbusters: Frozen Empire (2024),0,115,"['Adventure,Comedy,Fantasy']",6.1,90906,24,201967521.0,113376590.0,56.1,88590931.0,43.9,2024,en,['United States of America']
Bayside Shakedown the Final (2012),0,126,"['Action,Crime']",5.5,276,92,72867395.0,0.0,0.0,72867395.0,100.0,2012,ja,['Japan']
Yolki 2 (2011),0,96,"['Comedy,Drama,Family']",6.2,2800,169,28719002.0,0.0,0.0,28719002.0,100.0,2011,ru,['Russia']
Re/Member (2022),0,102,"['Drama,Horror,Mystery']",5.2,4301,182,8166175.0,0.0,0.0,8166175.0,100.0,2022,ko,['South Korea']
Beasts of the Southern Wild (2012),0,93,"['Adventure,Drama,Fantasy']",7.2,85742,200,21107746.0,12795746.0,60.6,8312000.0,39.4,2012,en,"['Canada', 'United States of America']"
Cobweb (2023),0,135,"['Comedy,Drama,History']",6.6,1991,186,10091821.0,0.0,0.0,10091821.0,100.0,2023,en,['United States of America']
Back to Black (2024),0,122,"['Biography,Drama,Music']",6.3,25496,55,50996759.0,6157705.0,12.1,44839054.0,87.9,2024,en,"['United Kingdom', 'United States of America']"
San Andreas (2015),0,114,"['Action,Adventure,Thriller']",6.1,265025,16,474590832.0,155190832.0,32.7,319400000.0,67.3,2015,en,"['Canada', 'United States of America', 'Australia']"
Matilda: The Musical (2022),0,0,"['Drama,Family,Musical']",6.9,312,72,37289659.0,0.0,0.0,37289659.0,100.0,2022,en,['United Kingdom']
Detective Conan: The Eleventh Striker (2012),0,110,"['Action,Adventure,Animation']",6.4,2006,123,44369456.0,0.0,0.0,44369456.0,100.0,2012,ja,['Japan']
The Kids Are Alright 2 (2022),0,84,['Comedy'],4.9,5625,199,7187470.0,0.0,0.0,7187470.0,100.0,2022,es,['Spain']
Happy Death Day (2017),0,0,['Thriller'],5.9,26,66,125479266.0,55683845.0,44.4,69795421.0,55.6,2017,en,['United States of America']
The Bremen Town Musicians (2023),0,115,"['Adventure,Comedy,Family']",4.6,644,107,30835715.0,0.0,0.0,30835715.0,100.0,2023,,[]
The Roundup: No Way Out (2023),0,105,"['Action,Crime,Thriller']",6.6,7096,63,83410298.0,909411.0,1.1,82500887.0,98.9,2023,ko,['South Korea']
Kamen Rider 555: Paradise Lost (2003),0,81,"['Action,Drama,Fantasy']",7.3,254,184,11067556.0,0.0,0.0,11067556.0,100.0,2003,ja,['Japan']
Wolf Children (2012),0,117,"['Animation,Drama,Family']",8.1,51545,109,54984346.0,0.0,0.0,54984346.0,100.0,2012,ja,['Japan']
Saving Mr. Banks (2013),0,125,"['Biography,Comedy,Drama']",7.5,172389,60,117867984.0,83301580.0,70.7,34566404.0,29.3,2013,en,"['Australia', 'United Kingdom', 'United States of America']"
Self/less (2015),0,117,"['Action,Mystery,Sci-Fi']",6.5,105480,179,31807156.0,12279691.0,38.6,19527465.0,61.4,2015,en,['United States of America']
The Accountant (2016),0,128,"['Action,Crime,Drama']",7.3,337554,59,155560045.0,86260045.0,55.5,69300000.0,44.5,2016,en,['United States of America']
The Broken Hearts Gallery (2020),0,109,"['Comedy,Romance']",6.3,10589,197,4781389.0,4067442.0,85.1,713947.0,14.9,2020,en,['United States of America']
Inazuma Eleven GO the Movie: The Ultimate Bonds Gryphon (2010),0,90,['Animation'],6.7,131,180,21645379.0,0.0,0.0,21645379.0,100.0,2010,,[]
Ivan Tsarevich & the Grey Wolf (2011),0,75,"['Adventure,Animation,Comedy']",6.2,1639,175,26420475.0,0.0,0.0,26420475.0,100.0,2011,ru,['Russia']
Viking (2016),0,104,"['Comedy,Drama,Sci-Fi']",6.8,899,170,29161298.0,0.0,0.0,29161298.0,100.0,2016,ru,['Russia']
The Bikeriders (2024),0,116,"['Crime,Drama']",6.6,62931,71,36087646.0,21714630.0,60.2,14373016.0,39.8,2024,en,['United States of America']
Helter Skelter (2012),0,127,"['Crime,Drama,Horror']",6.4,3804,180,25066699.0,0.0,0.0,25066699.0,100.0,2012,ja,['Japan']
Silent Parade (2022),0,130,"['Crime,Drama,Mystery']",6.2,556,101,21723595.0,0.0,0.0,21723595.0,100.0,2022,ja,['Japan']
Phases of the Moon (2022),0,128,"['Drama,Romance']",5.9,196,189,7564756.0,0.0,0.0,7564756.0,100.0,2022,ja,['Japan']
Drug War (2013),0,107,"['Action,Crime,Drama']",7.0,11091,194,24676341.0,128195.0,0.5,24548146.0,99.5,2013,cn,"['Hong Kong', 'China']"
Gone with the Bullets (2014),0,140,"['Action,Comedy,Drama']",5.8,1916,92,81387479.0,0.0,0.0,81387479.0,100.0,2014,zh,"['China', 'Hong Kong', 'United States of America']"
Kung Fu Panda 4 (2024),0,94,"['Action,Adventure,Animation']",6.3,65365,8,547689492.0,193590620.0,35.3,354098872.0,64.7,2024,en,['United States of America']
Finding Mr. Right (2013),0,121,"['Comedy,Romance']",6.5,2872,85,84112033.0,6945.0,0.0,84105088.0,100.0,2013,zh,['China']
Horrible Bosses 2 (2014),0,108,"['Comedy,Crime']",6.3,188626,70,107645357.0,54445357.0,50.6,53200000.0,49.4,2014,en,['United States of America']
St. Vincent (2014),0,102,"['Comedy,Drama']",7.2,110428,119,54837234.0,44137712.0,80.5,10699522.0,19.5,2014,en,['United States of America']
3 Days to Kill (2014),0,117,"['Action,Drama,Thriller']",6.2,99428,123,53260230.0,30697999.0,57.6,22562231.0,42.4,2014,en,"['France', 'United States of America']"
All About My Wife (2012),0,121,"['Comedy,Drama,Romance']",6.6,1796,163,29382038.0,0.0,0.0,29382038.0,100.0,2012,ko,['South Korea']
The Monuments Men (2014),0,118,"['Comedy,Drama,War']",6.1,145072,53,155641650.0,78031620.0,50.1,77610030.0,49.9,2014,en,"['Germany', 'United States of America']"
What's in a Name? (2012),0,109,"['Comedy,Drama']",7.3,19126,155,31303580.0,8111.0,0.0,31295469.0,100.0,2012,fr,"['France', 'Belgium']"
American Sniper (2014),0,133,"['Action,Biography,Drama']",7.3,545877,13,547626372.0,350126372.0,63.9,197500000.0,36.1,2014,en,['United States of America']
There's Still Tomorrow (2023),0,118,"['Comedy,Drama,History']",7.7,14415,80,49685782.0,0.0,0.0,49685782.0,100.0,2023,it,['Italy']
6/45 (2022),0,113,['Comedy'],7.0,1781,95,22263336.0,0.0,0.0,22263336.0,100.0,2022,ko,['South Korea']
Into the Woods (2014),0,125,"['Adventure,Comedy,Drama']",5.9,150386,40,212902372.0,128002372.0,60.1,84900000.0,39.9,2014,en,['United States of America']
Saw X (2023),0,118,"['Horror,Mystery,Thriller']",6.6,87672,54,112202480.0,53607898.0,47.8,58594582.0,52.2,2023,en,['United States of America']
Jungle Bunch: Operation Meltdown (2023),0,89,"['Action,Adventure,Animation']",5.6,375,171,11580770.0,831200.0,7.2,10749570.0,92.8,2023,fr,['France']
Malignant (2021),0,85,"['Horror,Sci-Fi,Thriller']",4.4,504,86,34891791.0,13391791.0,38.4,21500000.0,61.6,2021,en,['United States of America']
Legend No. 17 (2021),0,134,"['Biography,Drama,Sport']",7.4,6395,132,16096860.0,0.0,0.0,16096860.0,100.0,2021,,[]
A Real Pain (2024),0,90,"['Comedy,Drama']",7.1,55031,173,9137007.0,7652182.0,83.7,1484825.0,16.3,2024,en,"['Poland', 'United States of America']"
Earth to Echo (2014),0,91,"['Adventure,Family,Sci-Fi']",5.7,20049,135,45681062.0,38934842.0,85.2,6746220.0,14.8,2014,en,['United States of America']
Confidential Assignment 2: International (2022),0,129,"['Action,Comedy,Thriller']",6.6,2317,62,54486330.0,0.0,0.0,54486330.0,100.0,2022,ko,['South Korea']
The Tatta's (2022),0,90,['Comedy'],6.0,1350,186,8000956.0,0.0,0.0,8000956.0,100.0,2022,,[]
Championext (2023),0,125,['Comedy'],6.1,1177,163,12899265.0,0.0,0.0,12899265.0,100.0,2023,es,['Spain']
The After-Dinner Mysteries (2013),0,121,['Mystery'],6.1,297,161,32160741.0,0.0,0.0,32160741.0,100.0,2013,ja,['Japan']
Living (2022),0,119,['Drama'],7.2,1832,147,12377310.0,3038113.0,24.5,9339197.0,75.5,2022,en,"['Japan', 'Sweden', 'United Kingdom']"
Grown Ups 2 (2013),0,101,['Comedy'],5.4,177256,32,246984278.0,133668525.0,54.1,113315753.0,45.9,2013,en,['United States of America']
The Counselor (2013),0,117,"['Action,Adventure,Crime']",5.4,107501,98,71009334.0,16973715.0,23.9,54035619.0,76.1,2013,en,['United States of America']
Dream Scenario (2023),0,102,"['Comedy,Drama,Fantasy']",6.9,82070,165,12502808.0,5742193.0,45.9,6760615.0,54.1,2023,en,['United States of America']
About Time (2013),0,123,"['Comedy,Drama,Fantasy']",7.8,407295,81,87100449.0,15322921.0,17.6,71777528.0,82.4,2013,en,"['United Kingdom', 'United States of America']"
Kokowääh 2 (2013),0,122,['Comedy'],5.3,4323,169,28811936.0,0.0,0.0,28811936.0,100.0,2013,de,['Germany']
Hunt (2022),0,132,"['Action,Crime,Thriller']",5.4,2776,76,33821338.0,25994.0,0.0,33795344.0,99.9,2022,et,['Estonia']
The Neighbors (2012),0,115,"['Crime,Drama,Mystery']",6.5,1905,153,31949315.0,0.0,0.0,31949315.0,100.0,2012,ko,['South Korea']
Run All Night (2015),0,114,"['Action,Crime,Thriller']",6.6,117519,101,71661644.0,26461644.0,36.9,45200000.0,63.1,2015,en,['United States of America']
Inside Out 2 (2024),0,96,"['Adventure,Animation,Comedy']",7.5,205612,1,1698772985.0,652980194.0,38.4,1045792791.0,61.6,2024,en,['United States of America']
Transcendence (2014),0,98,['Drama'],6.2,26,74,103039258.0,23022309.0,22.3,80016949.0,77.7,2014,en,"['China', 'United Kingdom', 'United States of America']"
Fragments of the Last Will (2022),0,134,"['Drama,History,War']",6.8,228,117,17954691.0,0.0,0.0,17954691.0,100.0,2022,ja,['Japan']
Priscilla (2023),0,113,"['Biography,Drama,Music']",6.5,45055,104,33111706.0,20960939.0,63.3,12150767.0,36.7,2023,en,"['Italy', 'United States of America']"
The Four (2012),0,118,"['Action,Crime,Fantasy']",5.7,2493,159,30505808.0,0.0,0.0,30505808.0,100.0,2012,en,"['China', 'Hong Kong']"
MaXXXine (2024),0,103,"['Crime,Horror']",6.3,64286,98,22057160.0,15097632.0,68.4,6959528.0,31.6,2024,en,['United States of America']
The Strangers: Chapter 1 (2024),0,91,['Horror'],4.6,21661,59,48166448.0,35202562.0,73.1,12963886.0,26.9,2024,en,"['Slovakia', 'Spain', 'United Kingdom', 'United States of America']"
Yolki 9 (2022),0,94,"['Comedy,Drama,Family']",3.5,296,178,8385030.0,0.0,0.0,8385030.0,100.0,2022,ru,['Russia']
Madea's Witness Protection (2012),0,114,"['Comedy,Crime,Drama']",5.0,11585,99,66899242.0,65653242.0,98.1,1246000.0,1.9,2012,en,['United States of America']
Katy Perry: Part of Me (2012),0,93,"['Biography,Documentary,Music']",6.0,13953,149,32726956.0,25326071.0,77.4,7400885.0,22.6,2012,en,['United States of America']
We Are the Nobles (2013),0,108,['Comedy'],7.3,10934,184,26433651.0,0.0,0.0,26433651.0,100.0,2013,es,['Mexico']
Draft Day (2014),0,110,"['Drama,Sport']",6.8,69276,181,29824199.0,28842237.0,96.7,981962.0,3.3,2014,en,['United States of America']
The Jungle Book (2016),0,64,['Animation'],7.2,77,5,966550600.0,364001123.0,37.7,602549477.0,62.3,2016,en,"['United Kingdom', 'United States of America']"
Insidious: Chapter 2 (2013),0,106,"['Horror,Mystery,Thriller']",6.6,194559,48,161919318.0,83586447.0,51.6,78332871.0,48.4,2013,en,['United States of America']
The Mountain Between Us (2017),0,112,"['Drama,Thriller']",6.4,85403,95,62832209.0,30348555.0,48.3,32483654.0,51.7,2017,en,['United States of America']
Don Jon (2013),0,90,"['Comedy,Drama,Romance']",6.5,250601,145,39439355.0,24477704.0,62.1,14961651.0,37.9,2013,en,['United States of America']
The Internship (2013),0,119,['Comedy'],6.3,218775,77,93492844.0,44672764.0,47.8,48820080.0,52.2,2013,en,['United States of America']
Epic Tails (2023),0,95,"['Adventure,Animation,Comedy']",5.8,999,149,15114378.0,355088.0,2.3,14759290.0,97.7,2023,fr,['France']
Skiptrace (2016),0,107,"['Action,Adventure,Comedy']",5.6,22990,65,136579287.0,0.0,0.0,136579287.0,100.0,2016,en,"['China', 'Hong Kong', 'United States of America']"
Valerian and the City of a Thousand Planets (2017),0,136,"['Action,Adventure,Fantasy']",6.4,202644,44,225874228.0,41189488.0,18.2,184684740.0,81.8,2017,en,"['France', 'Germany', 'United Arab Emirates', 'United States of America', 'Belgium', 'Canada', 'China']"
Think Like a Man Too (2014),0,106,"['Comedy,Romance']",5.7,23515,103,70181428.0,65182182.0,92.9,4999246.0,7.1,2014,en,['United States of America']
Kinds of Kindness (2024),0,164,"['Comedy,Drama,Horror']",6.5,56153,120,16398509.0,5038931.0,30.7,11359578.0,69.3,2024,en,"['Ireland', 'United Kingdom', 'United States of America']"
Money Monster (2016),0,98,"['Action,Crime,Drama']",6.5,108640,83,93282604.0,41012075.0,44.0,52270529.0,56.0,2016,en,['United States of America']
A Haunted House (2013),0,86,"['Comedy,Fantasy,Horror']",5.0,51661,111,60159584.0,40041683.0,66.6,20117901.0,33.4,2013,en,['United States of America']
I Give It a Year (2013),0,97,"['Comedy,Romance']",5.7,39985,173,28328531.0,34657.0,0.1,28293874.0,99.9,2013,en,"['France', 'Germany', 'United Kingdom']"
Big Hero 6 (2014),0,102,"['Action,Adventure,Animation']",7.8,523106,11,657827828.0,222527828.0,33.8,435300000.0,66.2,2014,en,['United States of America']
The Kiyosu Conference (2013),0,138,"['Comedy,History']",6.4,683,172,28338665.0,0.0,0.0,28338665.0,100.0,2013,ja,['Japan']
When the Game Stands Tall (2014),0,115,"['Biography,Drama,Family']",6.6,17188,180,30138754.0,30127963.0,100.0,10791.0,0.0,2014,en,['United States of America']
2016: Obama's America (2012),0,87,['Documentary'],4.8,11072,145,33449086.0,33449086.0,100.0,0.0,0.0,2012,en,['United States of America']
12.12: The Day (2023),0,141,"['Action,Drama,History']",7.6,3959,57,97476565.0,0.0,0.0,97476565.0,100.0,2023,ko,['South Korea']
Spider-Man: Homecoming (2017),0,133,"['Action,Adventure,Sci-Fi']",7.4,748615,6,880166924.0,334201140.0,38.0,545965784.0,62.0,2017,en,['United States of America']
Fading Gigolo (2014),0,90,"['Comedy,Romance']",6.2,25808,200,22706304.0,3769873.0,16.6,18936431.0,83.4,2014,en,['United States of America']
Leap! (2016),0,89,"['Adventure,Animation,Comedy']",6.8,25298,92,84197417.0,2844490.0,3.4,81352927.0,96.6,2016,zh,['China']
The Book of Life (2014),0,95,"['Adventure,Animation,Comedy']",7.2,80532,80,99783556.0,50151543.0,50.3,49632013.0,49.7,2014,en,['United States of America']
The Founder (2016),0,108,"['Comedy,Sci-Fi']",6.0,55,190,24121245.0,12786053.0,53.0,11335192.0,47.0,2016,en,"['Greece', 'United States of America']"
Dragon Ball Z: Battle of Gods (2013),0,85,"['Action,Adventure,Animation']",7.1,30676,121,50461371.0,2553002.0,5.1,47908369.0,94.9,2013,ja,['Japan']
Kung Fu Panda 3 (2016),0,95,"['Action,Adventure,Animation']",7.1,201316,16,521170825.0,143528619.0,27.5,377642206.0,72.5,2016,en,"['China', 'United States of America']"
Gone Girl (2014),0,149,"['Drama,Mystery,Thriller']",8.1,1109565,21,369330363.0,167767189.0,45.4,201563174.0,54.6,2014,en,['United States of America']
Magic Mike XXL (2015),0,115,"['Comedy,Drama,Music']",5.6,62399,62,122613057.0,66013057.0,53.8,56600000.0,46.2,2015,en,['United States of America']
A Haunting in Venice (2023),0,103,"['Crime,Drama,Horror']",6.5,128591,48,122290456.0,42471412.0,34.7,79819044.0,65.3,2023,en,"['United Kingdom', 'United States of America']"
Doraemon: Nobita and the Island of Miracles ~Animal Adventure~ (2012),0,100,"['Action,Adventure,Animation']",6.7,724,121,46180706.0,0.0,0.0,46180706.0,100.0,2012,ja,['Japan']
Serial Teachers (2013),0,88,['Comedy'],5.2,4282,156,32849727.0,0.0,0.0,32849727.0,100.0,2013,fr,['France']
Finding Dory (2016),0,97,"['Adventure,Animation,Comedy']",7.2,316303,3,1028570889.0,486295561.0,47.3,542275328.0,52.7,2016,en,['United States of America']
The Grand Budapest Hotel (2014),0,99,"['Adventure,Comedy,Crime']",8.1,917480,49,172936941.0,59301324.0,34.3,113635617.0,65.7,2014,en,"['Germany', 'United States of America']"
American Dreams in China (2013),0,112,"['Comedy,Drama']",6.9,2981,82,87097067.0,0.0,0.0,87097067.0,100.0,2013,zh,['China']
Love the Coopers (2015),0,107,"['Comedy,Fantasy,Romance']",5.8,28143,150,42426912.0,26302731.0,62.0,16124181.0,38.0,2015,en,['United States of America']
The SpongeBob Movie: Sponge Out of Water (2015),0,92,"['Adventure,Animation,Comedy']",6.0,63779,24,325186032.0,162994032.0,50.1,162192000.0,49.9,2015,en,"['Australia', 'United States of America']"
Noryang: Deadly Sea (2023),0,152,"['Action,Biography,History']",6.3,959,102,34210966.0,315245.0,0.9,33895721.0,99.1,2023,ko,['South Korea']
Muppets Most Wanted (2014),0,107,"['Adventure,Comedy,Crime']",6.4,37973,93,80383113.0,51183113.0,63.7,29200000.0,36.3,2014,en,"['United Kingdom', 'United States of America']"
Platinum Data (2013),0,133,"['Mystery,Sci-Fi']",5.7,582,187,26052718.0,0.0,0.0,26052718.0,100.0,2013,ja,['Japan']
Men in Black: International (2019),0,114,"['Action,Adventure,Comedy']",5.6,152784,34,253890701.0,80001807.0,31.5,173888894.0,68.5,2019,en,"['China', 'United States of America']"
Jumanji: Welcome to the Jungle (2017),0,119,"['Action,Adventure,Comedy']",7.0,472188,5,962077546.0,404515480.0,42.0,557562066.0,58.0,2017,en,['United States of America']
A Turtle's Tale 2: Sammy's Escape from Paradise (2012),0,92,"['Adventure,Animation,Family']",5.6,2633,117,49261830.0,0.0,0.0,49261830.0,100.0,2012,en,"['Belgium', 'France', 'Italy', 'United Kingdom', 'United States of America']"
Minions (2015),0,91,"['Adventure,Animation,Comedy']",6.4,270341,5,1159398397.0,336045770.0,29.0,823352627.0,71.0,2015,en,['United States of America']
22 Jump Street (2014),0,112,"['Action,Comedy,Crime']",7.0,419510,26,331333876.0,191719337.0,57.9,139614539.0,42.1,2014,en,['United States of America']
Lesson of the Evil (2012),0,129,"['Horror,Thriller']",6.6,6997,175,26167224.0,0.0,0.0,26167224.0,100.0,2012,ja,['Japan']
Concussion (2015),0,96,['Drama'],5.6,5918,136,48623572.0,34542474.0,71.0,14081098.0,29.0,2015,en,['United States of America']
Head Over Heels 2 (2012),0,115,"['Comedy,Romance']",5.8,1436,178,25402893.0,0.0,0.0,25402893.0,100.0,2012,pt,"['Brazil', 'United States of America']"
Sherlock Gnomes (2018),0,86,"['Adventure,Animation,Comedy']",5.3,14651,81,90497778.0,43242871.0,47.8,47254907.0,52.2,2018,en,"['United Kingdom', 'United States of America']"
Olympus Has Fallen (2013),0,119,"['Action,Thriller']",6.5,298754,47,170270201.0,98925640.0,58.1,71344561.0,41.9,2013,en,['United States of America']
Mandela: Long Walk to Freedom (2013),0,141,"['Biography,Drama,History']",7.1,29535,174,27985788.0,8323085.0,29.7,19662703.0,70.3,2013,en,"['France', 'South Africa', 'United Kingdom', 'United States of America']"
The 5th Wave (2015),0,112,"['Action,Adventure,Sci-Fi']",5.2,120491,67,109906372.0,34916787.0,31.8,74989585.0,68.2,2015,,[]
The Gallows (2015),0,81,"['Horror,Mystery,Thriller']",4.2,22021,149,42964410.0,22764410.0,53.0,20200000.0,47.0,2015,en,['United States of America']
The Hobbit: The Battle of the Five Armies (2014),0,144,"['Adventure,Fantasy']",7.4,592042,2,956019788.0,255119788.0,26.7,700900000.0,73.3,2014,en,"['New Zealand', 'United States of America']"
Homefront (2013),0,100,"['Action,Crime,Thriller']",6.5,134629,123,48449416.0,20158898.0,41.6,28290518.0,58.4,2013,en,['United States of America']
A Werewolf Boy (2012),0,127,"['Drama,Fantasy,Romance']",7.2,9285,120,46282588.0,342922.0,0.7,45939666.0,99.3,2012,ko,['South Korea']
"Me, Myself and Mum (2013)",0,85,['Comedy'],6.6,8149,193,24991467.0,0.0,0.0,24991467.0,100.0,2013,fr,['France']
Alien: Covenant (2017),0,122,"['Horror,Sci-Fi,Thriller']",6.4,326856,40,240891763.0,74262031.0,30.8,166629732.0,69.2,2017,en,['United States of America']
Mummies (2023),0,88,"['Adventure,Animation,Comedy']",5.9,9832,76,54475970.0,4275970.0,7.8,50200000.0,92.2,2023,es,['Spain']
Endless Love (2014),0,104,"['Drama,Mystery,Romance']",6.2,48301,165,34718173.0,23438250.0,67.5,11279923.0,32.5,2014,en,['United States of America']
Tokyo Revengers 2: Bloody Halloween - Destiny (2023),0,90,"['Action,Crime,Drama']",6.2,594,140,17216567.0,0.0,0.0,17216567.0,100.0,2023,ja,['Japan']
Fifty Shades of Grey (2015),0,125,"['Drama,Romance,Thriller']",4.2,344138,11,569651467.0,166167230.0,29.2,403484237.0,70.8,2015,en,['United States of America']
The Turning (2020),0,180,['Drama'],5.8,1562,70,19428166.0,15472775.0,79.6,3955391.0,20.4,2020,en,"['India', 'United States of America']"
Godzilla Minus One (2023),0,124,"['Action,Adventure,Drama']",7.7,165183,52,113676322.0,57144669.0,50.3,56531653.0,49.7,2023,ja,['Japan']
The Thieves (2012),0,135,"['Action,Comedy,Crime']",6.8,11914,79,87126367.0,685839.0,0.8,86440528.0,99.2,2012,ko,"['Hong Kong', 'South Korea']"
Blind Detective (2013),0,130,"['Action,Comedy,Crime']",6.4,3775,153,34958596.0,0.0,0.0,34958596.0,100.0,2013,cn,"['China', 'Hong Kong']"
The Expendables 3 (2014),0,126,"['Action,Adventure,Comedy']",6.1,200379,39,214657577.0,39322544.0,18.3,175335033.0,81.7,2014,en,"['Bulgaria', 'France', 'United States of America']"
Blue Jasmine (2013),0,98,"['Comedy,Drama,Romance']",7.3,215592,68,99104804.0,33405481.0,33.7,65699323.0,66.3,2013,en,['United States of America']
White House Down (2013),0,131,"['Action,Drama,Thriller']",6.3,242069,39,205366737.0,73103784.0,35.6,132262953.0,64.4,2013,en,['United States of America']
Architecture 101 (2012),0,118,"['Drama,Romance']",7.2,4328,173,26642354.0,0.0,0.0,26642354.0,100.0,2012,ko,['South Korea']
PK (2014),0,153,"['Comedy,Drama,Sci-Fi']",8.1,208858,78,100370104.0,10616104.0,10.6,89754000.0,89.4,2014,hi,['India']
The Woman in Black 2: Angel of Death (2015),0,98,"['Drama,Horror,Thriller']",4.8,30015,135,48854305.0,26501323.0,54.2,22352982.0,45.8,2015,en,"['Canada', 'United Kingdom', 'United States of America']"
The Mummy (2017),0,110,"['Action,Adventure,Fantasy']",5.4,212567,23,409231607.0,80227895.0,19.6,329003712.0,80.4,2017,en,"['China', 'Japan', 'United States of America']"
Longlegs (2024),0,101,"['Crime,Horror,Thriller']",6.6,168574,32,126942386.0,74346140.0,58.6,52596246.0,41.4,2024,en,"['Canada', 'United States of America']"
The Best Christmas Pageant Ever (2024),0,99,"['Adventure,Comedy,Drama']",6.8,5871,68,39978310.0,39764951.0,99.5,213359.0,0.5,2024,en,['United States of America']
American Fiction (2023),0,117,"['Comedy,Drama']",7.5,107778,120,22483370.0,21098470.0,93.8,1384900.0,6.2,2023,en,['United States of America']
Jobs (2013),0,128,"['Biography,Drama']",6.0,105211,141,42128352.0,16131410.0,38.3,25996942.0,61.7,2013,en,"['Switzerland', 'United States of America']"
Rio 2 (2014),0,101,"['Adventure,Animation,Comedy']",6.3,105133,15,498781117.0,131538435.0,26.4,367242682.0,73.6,2014,en,['United States of America']
The Berlin File (2013),0,120,"['Action,Thriller']",6.6,7790,122,48972848.0,665210.0,1.4,48307638.0,98.6,2013,ko,['South Korea']
The Great Beauty (2013),0,141,['Drama'],7.7,101316,195,24582838.0,2852400.0,11.6,21730438.0,88.4,2013,it,"['France', 'Italy']"
Unsung Hero (2024),0,113,"['Drama,Family']",7.0,4732,103,21214331.0,20335239.0,95.9,879092.0,4.1,2024,en,['United States of America']
Runner Runner (2013),0,88,"['Crime,Mystery,Thriller']",5.6,66284,107,62675095.0,19316646.0,30.8,43358449.0,69.2,2013,en,['United States of America']
Need for Speed (2014),0,132,"['Action,Crime,Thriller']",6.4,181817,42,203277636.0,43577636.0,21.4,159700000.0,78.6,2014,en,"['India', 'United States of America']"
Carol (2015),0,115,"['Drama,Family,Fantasy']",8.3,45,155,40272135.0,12711491.0,31.6,27560644.0,68.4,2015,en,"['United Kingdom', 'United States of America']"
The Wish of the Fairy Fish (2023),0,115,"['Adventure,Family,Fantasy']",6.2,799,114,28218581.0,0.0,0.0,28218581.0,100.0,2023,ru,['Russia']
Onegin (2024),0,141,"['Drama,Romance']",7.1,1171,171,9201680.0,0.0,0.0,9201680.0,100.0,2024,en,[]
One Piece Film Z (2012),0,108,"['Action,Adventure,Animation']",7.7,10419,89,74223861.0,0.0,0.0,74223861.0,100.0,2012,ja,['Japan']
Un mondo a parte (2024),0,113,"['Comedy,Drama']",6.5,1136,185,8108856.0,0.0,0.0,8108856.0,100.0,2024,it,['Italy']
Instructions Not Included (2013),0,122,"['Comedy,Drama']",7.5,33391,66,100486616.0,44467206.0,44.3,56019410.0,55.7,2013,es,"['United States of America', 'Mexico']"
The Glass Castle (2017),0,127,"['Biography,Drama']",7.1,39578,197,22088533.0,17273059.0,78.2,4815474.0,21.8,2017,en,"['Hong Kong', 'United States of America']"
Guest from the Future (2024),0,141,"['Adventure,Family,Sci-Fi']",6.0,1100,122,15900290.0,0.0,0.0,15900290.0,100.0,2024,ru,['Russia']
Spectre (2015),0,148,"['Action,Adventure,Thriller']",6.8,477915,6,880674609.0,200074609.0,22.7,680600000.0,77.3,2015,en,"['United Kingdom', 'United States of America']"
Mission: Impossible - Rogue Nation (2015),0,131,"['Action,Adventure,Thriller']",7.4,422071,8,682714267.0,195042377.0,28.6,487671890.0,71.4,2015,en,['United States of America']
The Huntsman: Winter's War (2016),0,114,"['Action,Adventure,Drama']",6.1,122869,55,164989338.0,48390190.0,29.3,116599148.0,70.7,2016,en,"['China', 'United States of America']"
Parthenope (2024),0,137,"['Drama,Fantasy']",6.8,6167,187,7942189.0,0.0,0.0,7942189.0,100.0,2024,it,"['France', 'Italy']"
How to Train Your Dragon: The Hidden World (2019),0,104,"['Action,Adventure,Animation']",7.4,160957,14,521799505.0,160799505.0,30.8,361000000.0,69.2,2019,en,['United States of America']
The Night Owl (2022),0,118,"['Mystery,Thriller']",6.7,1198,88,26719364.0,0.0,0.0,26719364.0,100.0,2022,ko,['South Korea']
Dark Skies (2013),0,97,"['Horror,Sci-Fi,Thriller']",6.3,81745,175,27858103.0,17418667.0,62.5,10439436.0,37.5,2013,en,['United States of America']
Keeping Up with the Joneses (2016),0,105,"['Action,Comedy']",5.9,70097,166,29918745.0,14904426.0,49.8,15014319.0,50.2,2016,en,['United States of America']
Delivery Man (2013),0,105,"['Comedy,Drama']",6.3,83953,119,53120346.0,30664106.0,57.7,22456240.0,42.3,2013,en,"['United States of America', 'India']"
Oculus (2014),0,104,"['Horror,Mystery,Thriller']",6.5,144166,138,44446287.0,27695246.0,62.3,16751041.0,37.7,2014,en,['United States of America']
Mai (2024),0,105,"['Drama,Family']",6.7,112,99,21714524.0,0.0,0.0,21714524.0,100.0,2024,vi,['Vietnam']
Enough Said (2013),0,93,"['Comedy,Drama,Romance']",7.0,67633,191,25288872.0,17550872.0,69.4,7738000.0,30.6,2013,en,"['United Kingdom', 'United States of America']"
Avengers: Age of Ultron (2015),0,141,"['Action,Adventure,Sci-Fi']",7.3,950860,4,1402805868.0,459005868.0,32.7,943800000.0,67.3,2015,en,['United States of America']
Gully Boy (2019),0,154,"['Drama,Music,Romance']",7.9,44883,163,28299498.0,5566534.0,19.7,22732964.0,80.3,2019,hi,['India']
Clifford the Big Red Dog (2021),0,96,"['Adventure,Comedy,Family']",5.9,17855,42,107347356.0,48947356.0,45.6,58400000.0,54.4,2021,en,"['Canada', 'United States of America']"
An Officer and a Spy (2019),0,132,"['Drama,History,Thriller']",7.2,21954,198,18899214.0,0.0,0.0,18899214.0,100.0,2019,fr,"['France', 'Italy']"
Smurfs: The Lost Village (2017),0,90,"['Adventure,Animation,Comedy']",6.0,25489,48,197183546.0,45020282.0,22.8,152163264.0,77.2,2017,en,"['China', 'United States of America']"
The November Man (2014),0,108,"['Action,Adventure,Crime']",6.3,71675,149,39661919.0,25018119.0,63.1,14643800.0,36.9,2014,en,"['United Kingdom', 'United States of America']"
The Fighter Pilot (2013),0,144,"['Action,Drama,Mystery']",7.3,2931,86,82879386.0,0.0,0.0,82879386.0,100.0,2013,ja,['Japan']
Gods of Egypt (2015),0,127,"['Action,Adventure,Drama']",5.4,129957,52,150680864.0,31153464.0,20.7,119527400.0,79.3,2015,,[]
Woman in Gold (2015),0,109,"['Biography,Drama,History']",7.3,64664,115,61619773.0,33307793.0,54.1,28311980.0,45.9,2015,en,['United Kingdom']
The Magnificent Seven (2016),0,132,"['Action,Adventure,Drama']",6.9,235484,56,162360636.0,93432655.0,57.5,68927981.0,42.5,2016,en,['United States of America']
Atomic Blonde (2017),0,115,"['Action,Thriller']",6.7,212820,78,100014025.0,51687870.0,51.7,48326155.0,48.3,2017,en,"['Germany', 'Hungary', 'Sweden', 'United States of America']"
Dr. Coto's Clinic (2022),0,124,['Drama'],6.2,94,122,16062841.0,0.0,0.0,16062841.0,100.0,2022,ja,['Japan']
Cats in the Museum (2023),0,83,"['Adventure,Animation,Comedy']",4.7,589,193,9025291.0,0.0,0.0,9025291.0,100.0,2023,ru,['Russia']
All Your Faces (2023),0,118,['Drama'],7.5,4158,192,9065011.0,0.0,0.0,9065011.0,100.0,2023,fr,['France']
Midsummer's Equation (2013),0,129,['Mystery'],6.6,1263,158,32514549.0,0.0,0.0,32514549.0,100.0,2013,ja,['Japan']
Midway (2019),0,85,"['Documentary,Family']",7.4,52,60,127390389.0,56846802.0,44.6,70543587.0,55.4,2019,en,"['Canada', 'Hong Kong', 'United States of America']"
Philomena (2013),0,98,"['Biography,Comedy,Drama']",7.6,105245,67,100129872.0,37709979.0,37.7,62419893.0,62.3,2013,en,"['France', 'United Kingdom']"
Project Almanac (2015),0,106,"['Drama,Mystery,Sci-Fi']",6.4,85760,176,33213241.0,22348241.0,67.3,10865000.0,32.7,2015,en,['United States of America']
The Boy (2015),0,111,"['Drama,Horror,Thriller']",5.5,5832,109,64188367.0,35819556.0,55.8,28368811.0,44.2,2015,en,['United States of America']
Taken 3 (2015),0,108,"['Action,Thriller']",6.0,209041,23,326479141.0,89256424.0,27.3,237222717.0,72.7,2015,en,"['France', 'Spain', 'United States of America']"
The Grand Heist (2012),0,121,"['Action,Comedy,History']",6.2,994,160,30158762.0,0.0,0.0,30158762.0,100.0,2012,ko,['South Korea']
The Peanuts Movie (2015),0,88,"['Adventure,Animation,Comedy']",7.0,51252,30,246233113.0,130178411.0,52.9,116054702.0,47.1,2015,en,['United States of America']
Respect (2021),0,145,"['Biography,Drama,Music']",6.6,18575,88,32882823.0,24278399.0,73.8,8604424.0,26.2,2021,en,"['Canada', 'United States of America']"
Isn't It Romantic (2019),0,89,"['Comedy,Fantasy,Musical']",5.9,75095,122,48791187.0,48791187.0,100.0,0.0,0.0,2019,en,"['Canada', 'United States of America']"
Afraid (2024),0,84,"['Horror,Mystery,Sci-Fi']",5.2,12694,135,12977758.0,6725687.0,51.8,6252071.0,48.2,2024,en,['United States of America']
The Ice Road (2021),0,46,['Documentary'],7.2,16,197,7502846.0,0.0,0.0,7502846.0,100.0,2021,en,"['Canada', 'United States of America']"
The Last Tycoon (2012),0,107,"['Action,Adventure,Crime']",6.5,2159,181,25009914.0,0.0,0.0,25009914.0,100.0,2012,zh,"['China', 'Hong Kong']"
Evangelion: 3.0+1.01 Thrice Upon a Time (2021),0,155,"['Action,Animation,Drama']",8.0,15669,45,93882453.0,810744.0,0.9,93071709.0,99.1,2021,,[]
Lost in Thailand (2012),0,105,"['Adventure,Comedy,Drama']",6.2,4020,42,197757387.0,57387.0,0.0,197700000.0,100.0,2012,zh,"['China', 'Thailand']"
And So It Goes (2014),0,94,"['Comedy,Drama,Romance']",5.9,15672,197,25312387.0,15160801.0,59.9,10151586.0,40.1,2014,en,['United States of America']
Left Behind (2014),0,110,"['Action,Fantasy,Sci-Fi']",3.1,43413,189,27405896.0,14019924.0,51.2,13385972.0,48.8,2014,en,"['Canada', 'United States of America']"
Confession of Murder (2012),0,119,"['Action,Crime,Mystery']",7.0,12270,197,21701525.0,0.0,0.0,21701525.0,100.0,2012,ko,['South Korea']
Paranormal Activity: The Ghost Dimension (2015),0,88,"['Horror,Mystery']",4.6,31731,95,78903124.0,18300124.0,23.2,60603000.0,76.8,2015,en,['United States of America']
Get on Up (2014),0,139,"['Biography,Drama,Music']",6.9,26510,169,33448971.0,30703100.0,91.8,2745871.0,8.2,2014,en,['United States of America']
Paranormal Activity: The Marked Ones (2014),0,84,"['Horror,Mystery']",5.1,46469,84,90894962.0,32462372.0,35.7,58432590.0,64.3,2014,en,['United States of America']
BTS: Yet to Come in Cinemas (2023),0,104,"['Documentary,Music']",8.5,1813,110,29291883.0,8093270.0,27.6,21198613.0,72.4,2023,ko,['South Korea']
Star Wars: Episode VII - The Force Awakens (2015),0,138,"['Action,Adventure,Sci-Fi']",7.8,993522,1,2068223624.0,936662225.0,45.3,1131561399.0,54.7,2015,en,['United States of America']
Burnt (2015),0,101,"['Comedy,Drama']",6.6,137150,164,36606743.0,13651946.0,37.3,22954797.0,62.7,2015,en,['United States of America']
Hotel Transylvania 2 (2015),0,89,"['Adventure,Animation,Comedy']",6.6,150759,15,474800000.0,169700110.0,35.7,305099890.0,64.3,2015,en,['United States of America']
Billy Lynn's Long Halftime Walk (2016),0,113,"['Action,Drama,Sport']",6.2,24533,159,30930984.0,1738477.0,5.6,29192507.0,94.4,2016,en,"['China', 'United Kingdom', 'United States of America']"
One Direction: This Is Us (2013),0,92,"['Documentary,Music']",4.4,25344,100,68599793.0,28873374.0,42.1,39726419.0,57.9,2013,en,"['United Kingdom', 'United States of America']"
Star Wars: Episode VIII - The Last Jedi (2017),0,152,"['Action,Adventure,Fantasy']",6.9,689796,1,1332539889.0,620181382.0,46.5,712358507.0,53.5,2017,en,['United States of America']
Star Wars: Episode IX - The Rise of Skywalker (2019),0,141,"['Action,Adventure,Fantasy']",6.4,511880,7,1074144248.0,515202542.0,48.0,558941706.0,52.0,2019,en,['United States of America']
God's Not Dead (2014),0,113,"['Drama,Romance']",4.6,45903,110,64667874.0,60755732.0,94.0,3912142.0,6.0,2014,en,['United States of America']
Blockers (2018),0,102,"['Comedy,Drama']",6.2,88813,76,94017294.0,60311495.0,64.1,33705799.0,35.9,2018,en,"['China', 'Japan', 'United States of America']"
A Guilty Conscience (2023),0,135,"['Comedy,Crime,Mystery']",7.2,2083,151,14911562.0,0.0,0.0,14911562.0,100.0,2023,cn,"['China', 'Hong Kong']"
Kingdom 3: The Flame of Destiny (2023),0,129,"['Action,History,War']",6.7,1692,98,36259522.0,0.0,0.0,36259522.0,100.0,2023,ja,['Japan']
Arrival (2016),0,116,"['Drama,Mystery,Sci-Fi']",7.9,806982,45,203388186.0,100546139.0,49.4,102842047.0,50.6,2016,en,['United States of America']
Wonder (2017),0,113,"['Drama,Family']",7.9,186431,32,305937718.0,132422809.0,43.3,173514909.0,56.7,2017,en,"['Canada', 'Hong Kong', 'United States of America']"
Deep Sea (2006),0,112,"['Adventure,Animation,Drama']",6.7,2364,62,98230905.0,46412757.0,47.2,51818148.0,52.8,2006,en,"['Canada', 'United States of America']"
The Light Between Oceans (2016),0,133,"['Drama,Romance']",7.2,61408,178,25975621.0,12545979.0,48.3,13429642.0,51.7,2016,en,"['India', 'United Kingdom', 'United States of America']"
Crimson Peak (2014),0,119,"['Drama,Horror,Mystery']",6.5,162611,98,74679822.0,31090320.0,41.6,43589502.0,58.4,2014,,[]
The Second Best Exotic Marigold Hotel (2015),0,122,"['Comedy,Drama,Romance']",6.5,36756,86,85978266.0,33078266.0,38.5,52900000.0,61.5,2015,en,"['United Kingdom', 'United States of America']"
Iceman (2014),0,104,"['Action,Comedy,Fantasy']",4.7,3905,193,26033917.0,7679.0,0.0,26026238.0,100.0,2014,cn,"['China', 'Hong Kong']"
Pacific Rim: Uprising (2018),0,111,"['Action,Adventure,Sci-Fi']",5.6,131797,36,290930148.0,59874525.0,20.6,231055623.0,79.4,2018,en,['United States of America']
A Million Ways to Die in the West (2014),0,116,"['Comedy,Western']",6.1,204081,87,87189756.0,43139300.0,49.5,44050456.0,50.5,2014,en,['United States of America']
Get Hard (2015),0,100,"['Comedy,Crime,Drama']",6.0,150089,65,111811453.0,90411453.0,80.9,21400000.0,19.1,2015,en,['United States of America']
Birdman or (The Unexpected Virtue of Ignorance) (2014),0,119,"['Comedy,Drama']",7.7,679139,73,103215094.0,42340598.0,41.0,60874496.0,59.0,2014,en,['United States of America']
Alice Through the Looking Glass (2016),0,113,"['Adventure,Family,Fantasy']",6.2,127558,33,299457024.0,77041381.0,25.7,222415643.0,74.3,2016,en,"['United Kingdom', 'United States of America']"
Going in Style (2017),0,96,"['Comedy,Crime']",6.6,94714,84,85218541.0,45018541.0,52.8,40200000.0,47.2,2017,en,['United States of America']
The Outlaws (2017),0,78,"['Crime,Mystery,Western']",4.3,186,115,52946454.0,0.0,0.0,52946454.0,100.0,2017,ko,['South Korea']
The Tale of The Princess Kaguya (2013),0,137,"['Animation,Drama,Family']",8.0,57350,196,24479719.0,703232.0,2.9,23776487.0,97.1,2013,ja,['Japan']
Hell or High Water (2016),0,102,"['Crime,Drama,Thriller']",7.6,262522,147,37879877.0,27007844.0,71.3,10872033.0,28.7,2016,en,['United States of America']
The Fault in Our Stars (2014),0,126,"['Drama,Romance']",7.6,412292,27,307166834.0,124872350.0,40.7,182294484.0,59.3,2014,en,['United States of America']
Jojo Rabbit (2019),0,108,"['Comedy,Drama,War']",7.9,460996,83,90335025.0,33370906.0,36.9,56964119.0,63.1,2019,en,"['New Zealand', 'United States of America']"
Three Heroes on Distant Shores (2012),0,65,['Animation'],5.1,1320,144,33674759.0,0.0,0.0,33674759.0,100.0,2012,ru,['Russia']
Resident Evil: The Final Chapter (2016),0,107,"['Action,Horror,Sci-Fi']",5.5,103994,30,312242626.0,26830068.0,8.6,285412558.0,91.4,2016,en,"['Canada', 'France', 'Germany', 'United States of America']"
Police Story: Lockdown (2013),0,110,"['Action,Crime,Drama']",5.9,10958,76,94249025.0,0.0,0.0,94249025.0,100.0,2013,zh,"['China', 'Hong Kong']"
Anyone But You (2023),0,103,"['Comedy,Romance']",6.1,137991,33,220310798.0,88319668.0,40.1,131991130.0,59.9,2023,en,['United States of America']
A Madea Christmas (2013),0,100,"['Comedy,Drama,Romance']",5.1,7467,117,53396635.0,52543354.0,98.4,853281.0,1.6,2013,en,['United States of America']
Kevin Hart: Let Me Explain (2013),0,75,"['Comedy,Documentary']",6.7,9466,159,32318051.0,32244051.0,99.8,74000.0,0.2,2013,en,['United States of America']
Bonhoeffer: Pastor. Spy. Assassin. (2024),0,133,"['Biography,Drama,History']",6.3,3065,142,12113004.0,12108225.0,100.0,4779.0,0.0,2024,en,"['Belgium', 'Ireland']"
Step Up All In (2014),0,112,"['Drama,Music,Romance']",5.9,36673,88,86165646.0,14904384.0,17.3,71261262.0,82.7,2014,en,['United States of America']
Ted 2 (2015),0,115,['Comedy'],6.3,243882,36,215863606.0,81476385.0,37.7,134387221.0,62.3,2015,en,['United States of America']
Ben-Hur (2016),0,123,"['Action,Adventure,Drama']",5.7,47922,82,94061311.0,26410477.0,28.1,67650834.0,71.9,2016,en,['United States of America']
Greta (2019),0,98,"['Drama,Mystery,Thriller']",6.1,40347,200,18653107.0,10532219.0,56.5,8120888.0,43.5,2019,en,"['Hong Kong', 'Ireland', 'South Korea', 'United States of America']"
Gekijouban SPEC: Kurôzu - Zen no hen (2013),0,0,['Action'],5.2,235,188,25860404.0,0.0,0.0,25860404.0,100.0,2013,ja,['Japan']
The House of No Man (2023),0,102,"['Comedy,Drama']",6.1,551,131,19490980.0,0.0,0.0,19490980.0,100.0,2023,vi,[]
The Count of Monte-Cristo (2024),0,178,"['Action,Adventure,Drama']",7.6,29807,47,74978738.0,60501.0,0.0,74918237.0,99.9,2024,fr,['France']
Badges of Fury (2013),0,98,"['Action,Comedy,Crime']",4.5,3201,133,46495296.0,0.0,0.0,46495296.0,100.0,2013,zh,"['China', 'Hong Kong']"
"The Chef, The Actor, The Scoundrel (2013)",0,108,"['Action,Comedy,Drama']",5.6,794,139,42970000.0,0.0,0.0,42970000.0,100.0,2013,zh,['China']
Let's Get Married (2015),0,152,"['Comedy,Family,Romance']",4.7,716,141,45972724.0,462918.0,1.0,45509806.0,99.0,2015,zh,['China']
"Crouching Tiger, Hidden Dragon: Sword of Destiny (2016)",0,96,"['Action,Adventure,Drama']",6.1,21269,146,38659039.0,0.0,0.0,38659039.0,100.0,2016,en,['China']
Buffalo Kids (2024),0,93,"['Adventure,Animation,Comedy']",6.6,587,194,7434047.0,0.0,0.0,7434047.0,100.0,2024,es,['Spain']
Demon Slayer: Kimetsu No Yaiba - To the Swordsmith Village (2023),0,110,"['Action,Adventure,Animation']",7.6,13723,73,56319794.0,10117806.0,18.0,46201988.0,82.0,2023,ja,['Japan']
Letuchiy korabl (2024),0,100,"['Adventure,Comedy,Family']",3.8,282,136,12886684.0,0.0,0.0,12886684.0,100.0,2024,ru,['Russia']
Tokyo Revengers 2: Bloody Halloween - Decisive Battle (2023),0,96,"['Action,Crime,Drama']",6.2,364,152,14584970.0,0.0,0.0,14584970.0,100.0,2023,ja,['Japan']
Star Trek Beyond (2016),0,122,"['Action,Adventure,Sci-Fi']",7.0,263530,26,343471816.0,158848340.0,46.2,184623476.0,53.8,2016,en,['United States of America']
Thermae Romae II (2014),0,112,"['Comedy,Fantasy,Sci-Fi']",6.1,852,142,42473163.0,0.0,0.0,42473163.0,100.0,2014,ja,"['Bulgaria', 'Italy', 'Japan']"
Imaginary (2024),0,104,"['Horror,Mystery,Thriller']",4.7,16722,63,43787034.0,28009161.0,64.0,15777873.0,36.0,2024,en,['United States of America']
Spy x Family Code: White (2023),0,110,"['Action,Animation,Comedy']",7.3,6348,70,59629242.0,8110042.0,13.6,51519200.0,86.4,2023,ja,['Japan']
Fences (2016),0,139,['Drama'],7.2,121063,109,64414761.0,57682904.0,89.5,6731857.0,10.5,2016,en,"['Canada', 'United States of America']"
The Forge (2024),0,124,"['Drama,Family']",6.7,4289,67,40392664.0,29123632.0,72.1,11269032.0,27.9,2024,en,['United States of America']
The Best Years (2020),0,96,"['Comedy,Crime,Drama']",4.6,3064,139,7358771.0,0.0,0.0,7358771.0,100.0,2020,it,['Italy']
Monsieur Aznavour (2024),0,133,"['Biography,Drama,Music']",7.4,1814,125,15188639.0,0.0,0.0,15188639.0,100.0,2024,fr,"['Belgium', 'France']"
Me Before You (2016),0,110,"['Drama,Romance']",7.4,305568,43,208445075.0,56245075.0,27.0,152200000.0,73.0,2016,en,['United States of America']
The Wailing (2016),0,107,"['Drama,Horror']",6.2,729,124,49851770.0,786633.0,1.6,49065137.0,98.4,2016,ko,"['South Korea', 'United States of America']"
Vacaciones de verano (2023),0,100,"['Comedy,Family']",5.0,789,198,8209854.0,0.0,0.0,8209854.0,100.0,2023,es,['Spain']
Hitman: Agent 47 (2015),0,96,"['Action,Adventure,Crime']",5.7,98491,91,82347656.0,22467450.0,27.3,59880206.0,72.7,2015,en,"['United Kingdom', 'United States of America']"
Shin Jigen! Crayon Shin-chan the Movie (2023),0,93,"['Action,Adventure,Animation']",6.6,693,119,23920308.0,0.0,0.0,23920308.0,100.0,2023,ja,['Japan']
The Bad Guys (2022),0,90,"['Comedy,Drama']",5.1,835,17,250387888.0,97459240.0,38.9,152928648.0,61.1,2022,en,['United States of America']
Night at the Museum: Secret of the Tomb (2014),0,98,"['Adventure,Comedy,Family']",6.2,140948,22,363204635.0,113746621.0,31.3,249458014.0,68.7,2014,en,"['United Kingdom', 'United States of America']"
A Smile Doesn't Lie (2024),0,96,['Comedy'],5.7,235,170,9211570.0,0.0,0.0,9211570.0,100.0,2024,fr,['France']
The Secret Garden (2020),0,99,"['Drama,Family,Fantasy']",5.6,10496,125,8721243.0,0.0,0.0,8721243.0,100.0,2020,en,"['France', 'United Kingdom']"
Game Night (2018),0,100,"['Action,Adventure,Comedy']",6.9,263424,61,117679066.0,69179066.0,58.8,48500000.0,41.2,2018,en,['United States of America']
Chantal in Fairyland (2024),0,118,"['Comedy,Fantasy']",4.6,2426,89,29663607.0,0.0,0.0,29663607.0,100.0,2024,de,['Germany']
The Grinch (2018),0,85,"['Animation,Comedy,Family']",6.4,102609,18,512453517.0,271478510.0,53.0,240975007.0,47.0,2018,en,['United States of America']
The Secret Life of Pets (2016),0,86,"['Adventure,Animation,Comedy']",6.5,225310,6,875697467.0,368623860.0,42.1,507073607.0,57.9,2016,en,['United States of America']
We Live in Time (2024),0,108,"['Drama,Romance']",7.0,42982,82,32071378.0,24690031.0,77.0,7381347.0,23.0,2024,en,['United Kingdom']
Ruby Gillman: Teenage Kraken (2023),0,91,"['Animation,Comedy,Romance']",5.7,12517,86,45657745.0,15753600.0,34.5,29904145.0,65.5,2023,en,['United States of America']
Pretty Cure All Stars F (2023),0,73,"['Action,Adventure,Animation']",8.2,78,196,8557763.0,0.0,0.0,8557763.0,100.0,2023,ja,['Japan']
Cells at Work! (2024),0,109,"['Action,Adventure,Comedy']",6.7,129,149,11239820.0,0.0,0.0,11239820.0,100.0,2024,ja,['Japan']
Small Things Like These (2024),0,98,"['Drama,History']",6.8,18628,174,8878821.0,1552074.0,17.5,7326747.0,82.5,2024,en,"['Belgium', 'Ireland', 'United States of America']"
Everest (2015),0,121,"['Adventure,Biography,Drama']",7.1,238212,38,203427584.0,43482270.0,21.4,159945314.0,78.6,2015,en,"['Iceland', 'United Kingdom', 'United States of America']"
The Longest Ride (2015),0,123,"['Comedy,Drama,Romance']",7.0,91160,111,62944815.0,37446117.0,59.5,25498698.0,40.5,2015,en,['United States of America']
Juror #2 (2024),0,114,"['Crime,Drama,Mystery']",7.0,84620,102,21309466.0,0.0,0.0,21309466.0,100.0,2024,en,['United States of America']
Tokyo MER (2023),0,128,"['Drama,Thriller']",7.0,134,108,30239900.0,0.0,0.0,30239900.0,100.0,2023,ja,['Japan']
Lyod 3 (2024),0,134,"['Drama,Romance,Sport']",6.0,287,105,20615744.0,0.0,0.0,20615744.0,100.0,2024,ru,['Russia']
Beating Hearts (2024),0,166,"['Crime,Drama,Romance']",7.2,3143,73,35714047.0,0.0,0.0,35714047.0,100.0,2024,fr,"['Belgium', 'France']"
Shotgun Wedding (2022),0,92,"['Comedy,Horror,Romance']",5.0,303,180,8277788.0,0.0,0.0,8277788.0,100.0,2022,en,['United States of America']
Perfect Days (2023),0,124,['Drama'],7.9,77221,117,25637623.0,3766668.0,14.7,21870955.0,85.3,2023,ja,"['Germany', 'Japan']"
Detective Conan: Black Iron Submarine (2023),0,109,"['Action,Adventure,Animation']",7.2,2393,55,106771806.0,0.0,0.0,106771806.0,100.0,2023,ja,['Japan']
Three heroes and the Navel of the Earth (2023),0,85,"['Adventure,Animation,Family']",4.9,243,161,13028535.0,0.0,0.0,13028535.0,100.0,2023,,[]
Devil's Due (2014),0,89,"['Horror,Mystery']",4.2,18112,159,36921560.0,15821461.0,42.9,21100099.0,57.1,2014,en,['United States of America']
Sinister 2 (2015),0,97,"['Horror,Mystery,Thriller']",5.3,63432,123,53329150.0,27740955.0,52.0,25588195.0,48.0,2015,en,"['Canada', 'United States of America']"
Don't Call it Mystery: The Movie (2023),0,128,"['Crime,Drama,Mystery']",6.3,340,105,32516533.0,0.0,0.0,32516533.0,100.0,2023,ja,['Japan']
Face Off 6: The Ticket of Destiny (2023),0,132,"['Action,Comedy,Drama']",6.4,304,172,11538081.0,0.0,0.0,11538081.0,100.0,2023,vi,['Vietnam']
T2 Trainspotting (2017),0,117,"['Comedy,Crime,Drama']",7.1,136384,139,41681746.0,2402004.0,5.8,39279742.0,94.2,2017,en,"['United Kingdom', 'United States of America']"
Running Man (2015),0,127,"['Action,Adventure,Comedy']",6.3,791,103,68782475.0,310978.0,0.5,68471497.0,99.5,2015,zh,['China']
Bring Happiness Home (2013),0,84,"['Adventure,Comedy,Family']",3.0,54,200,23980000.0,0.0,0.0,23980000.0,100.0,2013,zh,[]
So Young (2013),0,131,"['Drama,Romance']",6.4,2333,63,114926694.0,11186.0,0.0,114915508.0,100.0,2013,zh,['China']
Doraemon: Nobita's Secret Gadget Museum (2013),0,100,"['Action,Adventure,Animation']",7.0,1414,140,42770271.0,0.0,0.0,42770271.0,100.0,2013,ja,['Japan']
Only 3 Days Left (2023),0,90,"['Action,Comedy']",5.2,1290,148,15152854.0,0.0,0.0,15152854.0,100.0,2023,fr,['France']
Rehragout-Rendezvous (2023),0,97,"['Comedy,Crime']",6.4,1073,155,14127069.0,0.0,0.0,14127069.0,100.0,2023,de,['Germany']
The Little Mermaid (2023),0,0,['Horror'],5.1,85,11,569626289.0,298172056.0,52.3,271454233.0,47.7,2023,en,['United States of America']
The Invisible Guest (2017),0,106,"['Crime,Drama,Thriller']",5.8,264,163,31191910.0,0.0,0.0,31191910.0,100.0,2017,es,['Spain']
Exhuma (2024),0,134,"['Drama,Horror,Mystery']",6.9,21810,40,93891418.0,2310900.0,2.5,91580518.0,97.5,2024,ko,['South Korea']
The Roundup: Punishment (2024),0,109,"['Action,Crime,Thriller']",6.6,4870,44,80426848.0,1154475.0,1.4,79272373.0,98.6,2024,ko,['South Korea']
Top Five (2014),0,102,"['Comedy,Romance']",6.4,28046,192,26117471.0,25317471.0,96.9,800000.0,3.1,2014,en,['United States of America']
Pete's Dragon (2016),0,102,"['Action,Adventure,Comedy']",6.7,62720,62,143695338.0,76233151.0,53.1,67462187.0,46.9,2016,en,['United States of America']
IDOLiSH7 Movie: LIVE 4bit - BEYOND THE PERiOD (2023),0,93,"['Animation,Musical']",7.4,26,125,21112012.0,0.0,0.0,21112012.0,100.0,2023,ja,['Japan']
Terrifier 3 (2024),0,125,['Horror'],6.3,45327,41,88632979.0,53981071.0,60.9,34651908.0,39.1,2024,en,['United States of America']
Annihilation (2018),0,115,"['Adventure,Drama,Horror']",6.8,375138,135,43070915.0,32732301.0,76.0,10338614.0,24.0,2018,en,"['United Kingdom', 'United States of America']"
A Beautiful Planet (2016),0,46,['Documentary'],7.3,1513,179,25730120.0,15650615.0,60.8,10079505.0,39.2,2016,en,['United States of America']
Serial Bad Weddings (2014),0,97,['Comedy'],7.0,46629,47,176404493.0,0.0,0.0,176404493.0,100.0,2014,fr,['France']
Kingsman: The Secret Service (2015),0,129,"['Action,Adventure,Comedy']",7.7,745602,18,414351546.0,128261724.0,31.0,286089822.0,69.0,2015,en,"['United Kingdom', 'United States of America']"
No More Bets (2023),0,130,"['Crime,Drama']",6.8,3086,12,532600264.0,0.0,0.0,532600264.0,100.0,2023,zh,['China']
Maison de retraite 2 (2024),0,102,['Comedy'],5.1,328,150,11227393.0,0.0,0.0,11227393.0,100.0,2024,fr,['France']
Smugglers (2023),0,129,"['Action,Crime']",6.2,1786,97,36851831.0,0.0,0.0,36851831.0,100.0,2023,ko,['South Korea']
Yolo (2024),0,129,"['Action,Comedy,Drama']",6.9,3493,199,7241561.0,2001584.0,27.6,5239977.0,72.4,2024,zh,['China']
Furious 7 (2015),0,137,"['Action,Thriller']",7.1,424211,3,1515047671.0,353007020.0,23.3,1162040651.0,76.7,2015,en,['United States of America']
Rock Dog (2016),0,90,"['Adventure,Animation,Comedy']",6.0,6205,198,23139802.0,9420546.0,40.7,13719256.0,59.3,2016,en,"['China', 'United States of America']"
Mike and Dave Need Wedding Dates (2016),0,98,"['Comedy,Romance']",6.0,97506,98,77068246.0,46009673.0,59.7,31058573.0,40.3,2016,en,['United States of America']
A Haunted House 2 (2014),0,86,"['Comedy,Fantasy,Horror']",4.7,24303,196,25358716.0,17329486.0,68.3,8029230.0,31.7,2014,en,['United States of America']
Pitch Perfect 2 (2015),0,115,"['Comedy,Music']",6.4,173982,27,287144079.0,184296230.0,64.2,102847849.0,35.8,2015,en,['United States of America']
Ducobu passe au vert! (2024),0,90,"['Comedy,Family']",4.0,119,193,7510050.0,0.0,0.0,7510050.0,100.0,2024,fr,"['Belgium', 'France']"
The Croods: A New Age (2020),0,95,"['Adventure,Animation,Comedy']",6.9,56399,10,215905815.0,58568815.0,27.1,157337000.0,72.9,2020,en,['United States of America']
Anora (2024),0,139,"['Comedy,Drama,Romance']",7.7,97731,85,30246869.0,14089824.0,46.6,16157045.0,53.4,2024,en,['United States of America']
A Million Minutes (2024),0,125,['Drama'],6.6,923,152,11077140.0,0.0,0.0,11077140.0,100.0,2024,de,['Germany']
Honey Sweet (2023),0,118,['Comedy'],6.4,307,177,10766032.0,0.0,0.0,10766032.0,100.0,2023,ko,['South Korea']
Blue Lock: Episode Nagi (2024),0,91,"['Animation,Drama,Sport']",6.6,2317,130,14291561.0,1855384.0,13.0,12436177.0,87.0,2024,ja,['Japan']
Ride Along 2 (2015),0,102,"['Action,Comedy,Crime']",5.9,64910,61,124605297.0,91221830.0,73.2,33383467.0,26.8,2015,,[]
Magic in the Moonlight (2014),0,97,"['Comedy,Drama,Romance']",6.5,71989,126,51029361.0,10539326.0,20.7,40490035.0,79.3,2014,en,"['France', 'United Kingdom', 'United States of America']"
The Shack (2017),0,132,"['Drama,Fantasy']",6.3,40706,80,96942115.0,57386418.0,59.2,39555697.0,40.8,2017,en,"['Canada', 'Hong Kong', 'United States of America']"
Nightcrawler (2014),0,117,"['Crime,Drama,Thriller']",7.8,630309,134,47425835.0,32381217.0,68.3,15044618.0,31.7,2014,en,['United States of America']
Shaun the Sheep Movie (2015),0,85,"['Adventure,Animation,Comedy']",7.3,44847,71,106209378.0,19375982.0,18.2,86833396.0,81.8,2015,en,"['France', 'United Kingdom']"
Red Sparrow (2018),0,140,"['Action,Drama,Thriller']",6.6,209679,53,151572634.0,46874505.0,30.9,104698129.0,69.1,2018,en,['United States of America']
Taylor Swift: The Eras Tour (2023),0,169,"['Documentary,Music,Musical']",8.0,23844,29,261656269.0,180756269.0,69.1,80900000.0,30.9,2023,en,['United States of America']
Ip Man 3 (2015),0,105,"['Action,Biography,Crime']",7.0,61968,49,156954938.0,2679437.0,1.7,154275501.0,98.3,2015,cn,"['China', 'Hong Kong']"
Dr. Cheon and Lost Talisman (2023),0,98,"['Crime,Fantasy,Horror']",5.9,1034,153,14574445.0,84362.0,0.6,14490083.0,99.4,2023,ko,['South Korea']
Keys to the Heart (2018),0,102,"['Comedy,Drama,Music']",6.5,292,187,25375866.0,75134.0,0.3,25300732.0,99.7,2018,ko,['South Korea']
Love Reset (2023),0,119,"['Comedy,Romance']",6.8,2268,135,18425590.0,0.0,0.0,18425590.0,100.0,2023,ko,['South Korea']
Dungeons & Dragons: Honor Among Thieves (2023),0,134,"['Action,Adventure,Comedy']",7.2,253211,36,205187763.0,93277026.0,45.5,111910737.0,54.5,2023,en,"['Canada', 'United States of America']"
The Divergent Series: Insurgent (2015),0,119,"['Action,Adventure,Sci-Fi']",6.2,262249,26,297002527.0,130179072.0,43.8,166823455.0,56.2,2015,en,"['Canada', 'United States of America']"
Wolf Totem (2015),0,121,"['Adventure,Drama']",6.6,6349,60,125837070.0,210591.0,0.2,125626479.0,99.8,2015,zh,"['China', 'France', 'United States of America']"
A Wedding Invitation (2013),0,101,"['Drama,Romance']",6.0,540,166,30665036.0,14350.0,0.0,30650686.0,100.0,2013,zh,"['South Korea', 'China']"
John Wick (2014),0,101,"['Action,Crime,Thriller']",7.4,770941,89,86013056.0,43037835.0,50.0,42975221.0,50.0,2014,en,['United States of America']
The Lazarus Effect (2015),0,83,"['Horror,Mystery,Sci-Fi']",5.2,47202,160,38356892.0,25801570.0,67.3,12555322.0,32.7,2015,en,['United States of America']
Ruki vverkh! (2024),0,102,"['Biography,Comedy,Music']",5.6,230,166,9630048.0,0.0,0.0,9630048.0,100.0,2024,,[]
Smile 2 (2024),0,127,"['Horror,Mystery,Thriller']",6.8,91023,30,138083280.0,68967012.0,49.9,69116268.0,50.1,2024,en,['United States of America']
47 Meters Down (2017),0,89,"['Horror,Mystery,Thriller']",5.6,62791,98,62187529.0,44307191.0,71.2,17880338.0,28.8,2017,en,"['Dominican Republic', 'United Kingdom', 'United States of America']"
Renaissance: A Film by Beyoncé (2023),0,169,"['Documentary,Music']",8.6,3634,89,43989684.0,33889684.0,77.0,10100000.0,23.0,2023,en,['United States of America']
Far from the Madding Crowd (2015),0,119,"['Drama,Romance']",7.1,55242,183,30229977.0,12236500.0,40.5,17993477.0,59.5,2015,en,['United Kingdom']
Ad Astra (2019),0,123,"['Adventure,Drama,Mystery']",6.5,268293,59,127461872.0,50188370.0,39.4,77273502.0,60.6,2019,en,"['Brazil', 'China', 'United States of America']"
The Transporter Refueled (2015),0,96,"['Action,Thriller']",5.2,46066,100,72629670.0,16029670.0,22.1,56600000.0,77.9,2015,en,"['Belgium', 'China', 'France']"
Doraemon the Movie: Nobita's Earth Symphony (2024),0,115,"['Adventure,Animation,Comedy']",6.6,1377,77,33399912.0,0.0,0.0,33399912.0,100.0,2024,ja,['Japan']
The Room Next Door (2024),0,107,['Drama'],6.9,16291,182,8353954.0,223689.0,2.7,8130265.0,97.3,2024,es,['Spain']
Zootopia (2016),0,108,"['Action,Adventure,Animation']",8.0,572650,4,1023784195.0,341268248.0,33.3,682515947.0,66.7,2016,en,['United States of America']
Kung Fu Jungle (2014),0,100,"['Action,Crime,Thriller']",6.4,12324,198,24070765.0,129784.0,0.5,23940981.0,99.5,2014,zh,"['China', 'Hong Kong']"
Encanto (2021),0,102,"['Animation,Comedy,Family']",7.2,277919,16,256786742.0,96093622.0,37.4,160693120.0,62.6,2021,en,['United States of America']
Spanish Affair (2014),0,98,"['Comedy,Romance']",6.5,19022,94,78768613.0,0.0,0.0,78768613.0,100.0,2014,es,['Spain']
Out of Inferno (2013),0,107,"['Action,Adventure,Drama']",5.7,942,199,24109886.0,0.0,0.0,24109886.0,100.0,2013,cn,"['Hong Kong', 'China']"
The White Storm (2013),0,140,"['Action,Crime,Thriller']",6.6,2950,136,44670277.0,0.0,0.0,44670277.0,100.0,2013,cn,"['China', 'Hong Kong']"
The Wild Robot (2024),0,102,"['Animation,Sci-Fi']",8.2,137445,18,324291115.0,143182115.0,44.2,181109000.0,55.8,2024,en,['United States of America']
Hot Pursuit (2015),0,87,"['Action,Comedy,Crime']",5.1,55282,130,51680201.0,34580201.0,66.9,17100000.0,33.1,2015,en,['United States of America']
Secretly Greatly (2013),0,124,"['Action,Comedy,Drama']",6.8,5411,138,43447199.0,0.0,0.0,43447199.0,100.0,2013,ko,['South Korea']
Mr. Go (2013),0,132,"['Comedy,Drama,Sport']",6.1,965,181,26835201.0,0.0,0.0,26835201.0,100.0,2013,ko,"['South Korea', 'China']"
Cold Eyes (2013),0,119,"['Action,Crime,Thriller']",7.1,8773,147,37795598.0,0.0,0.0,37795598.0,100.0,2013,ko,"['Hong Kong', 'South Korea']"
Kundo: Age of the Rampant (2014),0,137,"['Action,Drama']",6.8,3976,161,35941291.0,280958.0,0.8,35660333.0,99.2,2014,ko,['South Korea']
Alvin and the Chipmunks: The Road Chip (2015),0,92,"['Adventure,Comedy,Family']",4.9,23805,34,234798636.0,85886987.0,36.6,148911649.0,63.4,2015,en,['United States of America']
The Purge: Anarchy (2014),0,103,"['Action,Horror,Sci-Fi']",6.4,167047,67,111928365.0,71962800.0,64.3,39965565.0,35.7,2014,en,"['France', 'United States of America']"
Batman v Superman: Dawn of Justice (2016),0,151,"['Action,Adventure,Sci-Fi']",6.5,767601,7,874360194.0,330360194.0,37.8,544000000.0,62.2,2016,en,['United States of America']
Dolphin Tale 2 (2014),0,107,"['Drama,Family']",6.4,9996,118,57824533.0,42024533.0,72.7,15800000.0,27.3,2014,en,['United States of America']
Joy of Fatherhood (2014),0,110,"['Comedy,Romance']",5.6,2868,190,27088817.0,0.0,0.0,27088817.0,100.0,2014,de,['Germany']
Believer (2018),0,108,"['Horror,Mystery,Thriller']",4.6,292,147,39047153.0,365639.0,0.9,38681514.0,99.1,2018,en,['United States of America']
The Theory of Everything (2014),0,123,"['Biography,Drama,Romance']",7.7,492772,63,123726688.0,35893537.0,29.0,87833151.0,71.0,2014,en,"['United Kingdom', 'United States of America']"
The Hundred-Foot Journey (2014),0,122,"['Comedy,Drama']",7.3,89129,85,89078609.0,54240821.0,60.9,34837788.0,39.1,2014,en,"['India', 'United States of America', 'United Arab Emirates']"
Planes: Fire & Rescue (2014),0,83,"['Adventure,Animation,Comedy']",5.9,20568,55,146965787.0,59165787.0,40.3,87800000.0,59.7,2014,en,['United States of America']
Father There is Only One 4 (2024),0,90,"['Comedy,Family']",5.2,585,127,14668098.0,0.0,0.0,14668098.0,100.0,2024,es,['Spain']
Suck Me Shakespeer (2013),0,119,['Comedy'],6.9,32795,93,77676735.0,0.0,0.0,77676735.0,100.0,2013,de,['Germany']
The Terror Live (2013),0,97,"['Action,Crime,Drama']",7.1,8378,151,35659824.0,0.0,0.0,35659824.0,100.0,2013,ko,['South Korea']
Young Detective Dee: Rise of the Sea Dragon (2013),0,134,"['Action,Adventure,Drama']",6.4,5316,69,98774891.0,87783.0,0.0,98687108.0,99.9,2013,zh,"['China', 'Hong Kong']"
Personal Tailor (2013),0,118,"['Comedy,Drama']",5.2,1426,62,116126458.0,375892.0,0.3,115750566.0,99.7,2013,zh,['China']
The Enchanted Tinderbox (2024),0,105,"['Adventure,Family,Fantasy']",5.5,194,146,11676459.0,0.0,0.0,11676459.0,100.0,2024,ru,['Russia']
The Water Diviner (2014),0,111,"['Drama,History,War']",7.0,79247,163,35396641.0,4196641.0,11.9,31200000.0,88.1,2014,en,"['Australia', 'United States of America']"
The Face Reader (2013),0,140,"['Action,Drama,History']",6.8,3028,108,61559184.0,515876.0,0.8,61043308.0,99.2,2013,ko,['South Korea']
Wild Tales (2014),0,122,"['Comedy,Drama,Thriller']",8.1,225678,175,31478893.0,3106530.0,9.9,28372363.0,90.1,2014,es,"['Argentina', 'Spain']"
One Night Surprise (2013),0,106,"['Comedy,Romance']",5.4,452,186,26220159.0,0.0,0.0,26220159.0,100.0,2013,zh,['China']
The Lego Ninjago Movie (2017),0,101,"['Adventure,Animation,Comedy']",6.1,31463,68,123681555.0,59281555.0,47.9,64400000.0,52.1,2017,en,"['Australia', 'Denmark', 'United States of America']"
Lohusa (2024),0,118,['Comedy'],5.4,2704,175,8809952.0,0.0,0.0,8809952.0,100.0,2024,tr,['Turkey']
Nicholas on Holiday (2014),0,97,"['Comedy,Family']",6.2,3630,187,27567832.0,0.0,0.0,27567832.0,100.0,2014,fr,['France']
"I, the Executioner (2024)",0,118,"['Action,Adventure,Comedy']",6.3,1382,52,53453611.0,388067.0,0.7,53065544.0,99.3,2024,ko,['South Korea']
Rurouni Kenshin: The Legend Ends (2014),0,134,"['Action,Adventure,Drama']",7.5,15265,145,41900000.0,0.0,0.0,41900000.0,100.0,2014,ja,['Japan']
Rurouni Kenshin Part II: Kyoto Inferno (2014),0,138,"['Action,Adventure,Drama']",7.5,19052,124,52696176.0,0.0,0.0,52696176.0,100.0,2014,ja,['Japan']
The Marching Band (2024),0,103,"['Comedy,Drama']",7.5,1543,147,11515634.0,0.0,0.0,11515634.0,100.0,2024,fr,['France']
Citizen of a Kind (2024),0,114,"['Action,Comedy,Crime']",6.7,734,143,11976305.0,0.0,0.0,11976305.0,100.0,2024,ko,['South Korea']
Demon Slayer: Kimetsu No Yaiba - To the Hashira Training (2024),0,104,"['Action,Animation,Fantasy']",7.1,8139,61,44354825.0,17657658.0,39.8,26697167.0,60.2,2024,ja,['Japan']
Crayon Shin-chan: Ora's Dinosaur Diary (2024),0,106,"['Adventure,Animation,Comedy']",6.6,270,104,20640922.0,0.0,0.0,20640922.0,100.0,2024,,[]
Tiny Times (2013),0,116,"['Drama,Romance']",3.3,2485,92,77717014.0,23462.0,0.0,77693552.0,100.0,2013,zh,"['China', 'Taiwan']"
Mortdecai (2015),0,107,"['Action,Adventure,Comedy']",5.5,78231,140,47275695.0,7696134.0,16.3,39579561.0,83.7,2015,en,['United States of America']
Haikyu!! The Dumpster Battle (2024),0,85,"['Animation,Comedy,Drama']",7.8,5539,37,100255784.0,7071622.0,7.1,93184162.0,92.9,2024,ja,['Japan']
Jackass Presents: Bad Grandpa (2013),0,92,['Comedy'],6.5,99191,50,151826547.0,102003019.0,67.2,49823528.0,32.8,2013,en,['United States of America']
Uma Musume: Pretty Derby - Beginning of a New Era (2024),0,108,"['Animation,Sport']",8.3,99,179,8551637.0,0.0,0.0,8551637.0,100.0,2024,ja,['Japan']
The Conjuring 2 (2016),0,134,"['Horror,Mystery,Thriller']",7.3,315011,29,321370008.0,102470008.0,31.9,218900000.0,68.1,2016,en,['United States of America']
Sole a catinelle (2013),0,87,['Comedy'],6.4,7287,99,69903094.0,0.0,0.0,69903094.0,100.0,2013,it,['Italy']
Suffragette (2015),0,106,"['Drama,History']",6.9,45466,178,31972096.0,4702420.0,14.7,27269676.0,85.3,2015,en,"['France', 'United Kingdom']"
A Little Something Extra (2024),0,99,['Comedy'],7.0,4449,42,84044095.0,0.0,0.0,84044095.0,100.0,2024,fr,['France']
Tiny Times 2.0 (2013),0,113,"['Comedy,Drama,Romance']",3.5,1252,128,47289937.0,43788.0,0.0,47246149.0,99.9,2013,zh,"['China', 'Taiwan']"
Monster Trucks (2016),0,104,"['Action,Adventure,Comedy']",5.7,19579,108,64493915.0,33370166.0,51.7,31123749.0,48.3,2016,en,['United States of America']
Article 370 (2024),0,158,"['Action,Drama,Thriller']",7.8,24272,134,13222021.0,1088790.0,8.2,12133231.0,91.8,2024,hi,['India']
The Inbetweeners 2 (2014),0,96,['Comedy'],6.4,47633,112,63852235.0,0.0,0.0,63852235.0,100.0,2014,en,"['Australia', 'France', 'United Kingdom']"
Crazy Rich Asians (2018),0,120,"['Comedy,Drama,Romance']",6.9,199141,40,239032921.0,174532921.0,73.0,64500000.0,27.0,2018,en,"['United States of America', 'Hong Kong']"
Now You See Me 2 (2016),0,129,"['Action,Adventure,Comedy']",6.4,334189,28,334897606.0,65075540.0,19.4,269822066.0,80.6,2016,en,"['Hong Kong', 'United States of America']"
The Birth of Korea (2024),0,101,"['Documentary,History']",5.4,127,186,8022137.0,0.0,0.0,8022137.0,100.0,2024,ko,['South Korea']
Yolki 3 (2013),0,100,"['Comedy,Drama,Family']",5.3,1840,144,40267368.0,0.0,0.0,40267368.0,100.0,2013,,[]
Overheard 3 (2014),0,132,"['Crime,Thriller']",6.0,1342,121,53493428.0,0.0,0.0,53493428.0,100.0,2014,cn,"['Hong Kong', 'China']"
Don't Go Breaking My Heart 2 (2014),0,113,['Romance'],5.5,812,168,33801759.0,0.0,0.0,33801759.0,100.0,2014,zh,"['China', 'Hong Kong']"
Kingdom 4: Return of the Great General (2024),0,145,"['Action,Drama,History']",7.1,1115,50,54114815.0,0.0,0.0,54114815.0,100.0,2024,ja,['Japan']
Detective Conan: The Million-Dollar Pentagram (2024),0,111,"['Animation,Mystery,Romance']",6.8,1365,34,108136957.0,0.0,0.0,108136957.0,100.0,2024,ja,['Japan']
Thunder and the House of Magic (2013),0,85,"['Adventure,Animation,Comedy']",6.2,7600,103,64197205.0,4091.0,0.0,64193114.0,100.0,2013,en,"['Belgium', 'France', 'United Kingdom']"
Scoob! (2020),0,93,"['Adventure,Animation,Comedy']",5.6,31230,54,28588425.0,2188425.0,7.7,26400000.0,92.3,2020,en,"['Canada', 'United States of America']"
Trainwreck (2015),0,125,"['Comedy,Drama,Romance']",6.2,144745,54,140795793.0,110212700.0,78.3,30583093.0,21.7,2015,en,['United States of America']
The Boy Next Door (2015),0,0,['Comedy'],9.7,11,126,52425855.0,35423380.0,67.6,17002475.0,32.4,2015,en,['United States of America']
Hijack 1971 (2024),0,100,"['Action,Crime,Thriller']",6.8,3096,128,14602614.0,242069.0,1.7,14360545.0,98.3,2024,ko,['South Korea']
The Last Dance (2024),0,126,['Drama'],7.9,1773,111,19154556.0,0.0,0.0,19154556.0,100.0,2024,en,['United States of America']
Gifted (2017),0,82,['Adventure'],6.6,8,135,43046590.0,24801212.0,57.6,18245378.0,42.4,2017,en,"['United Kingdom', 'United States of America']"
Mr. Holmes (2015),0,104,"['Crime,Drama,Family']",6.8,69124,184,29355203.0,17737646.0,60.4,11617557.0,39.6,2015,en,"['United Kingdom', 'United States of America']"
Look Back (2024),0,58,"['Animation,Drama']",7.8,13019,138,12648664.0,2002270.0,15.8,10646394.0,84.2,2024,ja,['Japan']
The Boy with Pink Trousers (2024),0,114,['Drama'],6.9,337,168,9449929.0,0.0,0.0,9449929.0,100.0,2024,,[]
Dear Family (2024),0,116,"['Drama,Family']",7.0,38,180,8528605.0,0.0,0.0,8528605.0,100.0,2024,ja,['Japan']
The Stolen Years (2013),0,111,['Romance'],6.2,1364,185,26249553.0,0.0,0.0,26249553.0,100.0,2013,zh,"['China', 'Taiwan']"
Fantastic Beasts and Where to Find Them (2016),0,132,"['Adventure,Family,Fantasy']",7.2,521739,8,816037575.0,234037575.0,28.7,582000000.0,71.3,2016,en,"['United Kingdom', 'United States of America']"
A Strange House (2024),0,110,"['Mystery,Thriller']",5.5,286,84,30864331.0,0.0,0.0,30864331.0,100.0,2024,ja,['Japan']
Gorko! (2013),0,100,['Comedy'],5.6,3239,178,27369902.0,0.0,0.0,27369902.0,100.0,2013,ru,['Russia']
Insidious: Chapter 3 (2015),0,97,"['Horror,Mystery,Thriller']",6.1,122772,64,112983889.0,52218558.0,46.2,60765331.0,53.8,2015,en,"['Canada', 'United States of America']"
Kill Zone 2 (2015),0,120,"['Action,Adventure,Crime']",6.7,7448,84,93638358.0,11998.0,0.0,93626360.0,100.0,2015,cn,"['China', 'Hong Kong']"
Silent Witness (2013),0,119,"['Crime,Drama,Mystery']",6.9,985,167,29315945.0,0.0,0.0,29315945.0,100.0,2013,cn,['China']
My Mom Is a Character 2 (2016),0,88,['Comedy'],6.7,3567,144,39195565.0,0.0,0.0,39195565.0,100.0,2016,pt,['Brazil']
Those Who Wish Me Dead (2021),0,100,"['Action,Drama,Thriller']",6.0,75509,119,19107200.0,7407200.0,38.8,11700000.0,61.2,2021,en,"['Canada', 'United States of America']"
Pilot (2024),0,110,['Comedy'],6.2,690,83,30917972.0,0.0,0.0,30917972.0,100.0,2024,ko,['South Korea']
Abudeka Is Back (2024),0,120,"['Action,Adventure']",5.6,16,172,9163586.0,0.0,0.0,9163586.0,100.0,2024,ja,['Japan']
My Hero Academia: You're Next (2024),0,110,"['Action,Adventure,Animation']",7.0,1424,81,32224616.0,5041781.0,15.6,27182835.0,84.4,2024,ja,['Japan']
Alter weißer Mann (2024),0,114,['Comedy'],6.2,413,184,8165361.0,0.0,0.0,8165361.0,100.0,2024,de,['Germany']
Following (2024),0,102,"['Mystery,Thriller']",6.5,1129,178,8798081.0,0.0,0.0,8798081.0,100.0,2024,en,"['United Kingdom', 'United States of America']"
Face Off 7: One Wish (2024),0,138,"['Comedy,Drama']",7.3,335,110,19353760.0,0.0,0.0,19353760.0,100.0,2024,vi,['Vietnam']
School of Magical Animals 3 (2024),0,105,"['Action,Adventure,Family']",5.9,275,94,25000869.0,0.0,0.0,25000869.0,100.0,2024,de,['Germany']
A Beautiful Day in the Neighborhood (2019),0,109,"['Biography,Drama,Family']",7.2,91204,97,67925733.0,61704055.0,90.8,6221678.0,9.2,2019,en,"['China', 'United States of America']"
Last Mile (2024),0,128,['Drama'],7.1,239,70,37164152.0,0.0,0.0,37164152.0,100.0,2024,ja,['Japan']
Cruella (2021),0,134,"['Adventure,Comedy,Crime']",7.3,278108,17,233503234.0,86103234.0,36.9,147400000.0,63.1,2021,en,['United States of America']
"Hello, Love, Again (2024)",0,122,"['Drama,Romance']",6.9,704,97,22881613.0,2625000.0,11.5,20256613.0,88.5,2024,tl,"['Philippines', 'Canada']"
Handsome Guys (2024),0,101,"['Action,Comedy,Horror']",6.5,657,129,14439610.0,0.0,0.0,14439610.0,100.0,2024,ko,['South Korea']
Loving Vincent (2017),0,94,"['Animation,Drama,Mystery']",7.8,65666,136,42187665.0,6735118.0,16.0,35452547.0,84.0,2017,en,"['United Kingdom', 'Poland']"
The Firefighters (2024),0,106,['Action'],7.0,78,119,16555362.0,0.0,0.0,16555362.0,100.0,2024,ko,['South Korea']
Sully (2016),0,96,"['Biography,Drama']",7.4,308937,36,243870033.0,125070033.0,51.3,118800000.0,48.7,2016,en,['United States of America']
Hot Road (2014),0,119,"['Drama,Romance']",5.6,288,199,22916313.0,0.0,0.0,22916313.0,100.0,2014,ja,['Japan']
Reminiscence (2021),0,116,"['Mystery,Romance,Sci-Fi']",5.9,68470,131,16400193.0,3900193.0,23.8,12500000.0,76.2,2021,en,['United States of America']
Doctor X: The Movie (2024),0,128,"['Comedy,Drama,Mystery']",7.5,25,144,11873367.0,0.0,0.0,11873367.0,100.0,2024,ja,['Japan']
Little Women (2019),0,135,"['Drama,Romance']",7.8,263170,41,220102318.0,108101214.0,49.1,112001104.0,50.9,2019,en,['United States of America']
Jung Kook: I Am Still (2024),0,90,"['Documentary,Music']",8.2,7507,155,10763217.0,2574318.0,23.9,8188899.0,76.1,2024,ko,['South Korea']
The Expendables 4 (2023),0,103,"['Action,Adventure,Thriller']",4.8,48430,95,37917985.0,16710153.0,44.1,21207832.0,55.9,2023,en,"['Bulgaria', 'France', 'United States of America']"
London Has Fallen (2016),0,99,"['Action,Thriller']",5.9,174454,44,205754447.0,62524260.0,30.4,143230187.0,69.6,2016,en,"['Bulgaria', 'United States of America']"
Am I Racist? (2024),0,100,"['Comedy,Documentary']",6.7,16272,140,12311598.0,12311598.0,100.0,0.0,0.0,2024,en,['United States of America']
Detective Conan: Private Eye in the Distant Sea (2013),0,110,"['Action,Adventure,Animation']",6.5,1717,149,36324232.0,0.0,0.0,36324232.0,100.0,2013,ja,['Japan']
Heartsping : Teenieping of Love (2024),0,0,"['Animation,Drama,Family']",7.0,19,191,7725143.0,0.0,0.0,7725143.0,100.0,2024,ko,['South Korea']
Women Who Flirt (2014),0,97,['Comedy'],5.8,948,154,39156132.0,375495.0,1.0,38780637.0,99.0,2014,zh,['China']
American Ultra (2015),0,96,"['Action,Comedy']",6.1,97849,193,27262374.0,14440985.0,53.0,12821389.0,47.0,2015,en,"['Switzerland', 'United States of America']"
Still Alice (2015),0,101,['Drama'],7.5,146456,145,44779195.0,18754371.0,41.9,26024824.0,58.1,2015,en,"['France', 'United Kingdom', 'United States of America']"
Attack on Titan the Movie: The Last Attack (2024),0,145,"['Action,Adventure,Animation']",9.3,11883,189,7796800.0,0.0,0.0,7796800.0,100.0,2024,ja,['Japan']
Annabelle (2014),0,99,"['Horror,Mystery,Thriller']",5.5,182223,33,257047661.0,84273813.0,32.8,172773848.0,67.2,2014,en,['United States of America']
Stand by Me Doraemon (2014),0,95,"['Animation,Comedy,Drama']",7.3,9992,46,183442714.0,0.0,0.0,183442714.0,100.0,2014,ja,['Japan']
Lupin III vs. Detective Conan: The Movie (2013),0,107,"['Action,Animation,Crime']",6.4,1270,143,41397727.0,0.0,0.0,41397727.0,100.0,2013,ja,['Japan']
Maya the Bee Movie (2014),0,89,"['Adventure,Animation,Comedy']",5.9,2369,184,28638603.0,0.0,0.0,28638603.0,100.0,2014,en,"['Germany', 'Australia']"
Les boules de Noël (2024),0,90,['Comedy'],4.4,27,176,8804443.0,0.0,0.0,8804443.0,100.0,2024,fr,['France']
The Four 2 (2013),0,118,"['Action,Adventure']",5.7,1307,171,28599970.0,0.0,0.0,28599970.0,100.0,2013,zh,"['China', 'Hong Kong']"
Dügün Dernek (2013),0,106,['Comedy'],6.9,24530,150,36185741.0,0.0,0.0,36185741.0,100.0,2013,tr,[]
Jigsaw (2017),0,92,"['Horror,Mystery,Thriller']",5.7,97273,76,102952888.0,38052832.0,37.0,64900056.0,63.0,2017,en,['United States of America']
Transformers: The Last Knight (2017),0,154,"['Action,Adventure,Sci-Fi']",5.2,175859,16,605425157.0,130168683.0,21.5,475256474.0,78.5,2017,en,['United States of America']
The Brothers Grimsby (2016),0,83,"['Action,Adventure,Comedy']",6.2,114586,175,27979040.0,6874837.0,24.6,21104203.0,75.4,2016,en,"['United Kingdom', 'United States of America']"
X-Men: Apocalypse (2016),0,144,"['Action,Adventure,Sci-Fi']",6.8,475959,15,543934105.0,155442489.0,28.6,388491616.0,71.4,2016,en,['United States of America']
Stan & Ollie (2018),0,98,"['Biography,Comedy,Drama']",7.2,40672,188,24420923.0,5470235.0,22.4,18950688.0,77.6,2018,en,"['Canada', 'United Kingdom', 'United States of America']"
Scary Stories to Tell in the Dark (2019),0,108,"['Adventure,Horror,Mystery']",6.2,88709,75,104545505.0,68947075.0,65.9,35598430.0,34.1,2019,en,"['Canada', 'Hong Kong', 'United States of America']"
Jack Reacher: Never Go Back (2016),0,118,"['Action,Thriller']",6.2,183464,57,162146076.0,58697076.0,36.2,103449000.0,63.8,2016,en,"['China', 'United States of America']"
Sicario (2015),0,121,"['Action,Crime,Drama']",7.7,500895,88,84872444.0,46889293.0,55.2,37983151.0,44.8,2015,en,"['Mexico', 'United States of America']"
When Marnie Was There (2014),0,103,"['Animation,Drama,Family']",7.6,50993,164,34949567.0,561085.0,1.6,34388482.0,98.4,2014,ja,['Japan']
Samba (2014),0,118,"['Comedy,Drama,Romance']",6.7,17579,153,39178695.0,151530.0,0.4,39027165.0,99.6,2014,fr,['France']
The Devotion of Suspect X (2017),0,112,"['Crime,Thriller']",6.2,1014,105,59035664.0,686435.0,1.2,58349229.0,98.8,2017,zh,"['China', 'South Korea']"
Fist Fight (2017),0,91,['Comedy'],5.6,46833,140,41187017.0,32187017.0,78.1,9000000.0,21.9,2017,en,['United States of America']
Tazza: The Hidden Card (2014),0,147,"['Crime,Drama']",6.8,2770,176,31278476.0,251555.0,0.8,31026921.0,99.2,2014,ko,['South Korea']
Murder on the Orient Express (2017),0,114,"['Crime,Drama,Mystery']",6.5,308296,26,352789811.0,102826543.0,29.1,249963268.0,70.9,2017,en,['United States of America']
Allegiant (2016),0,120,"['Action,Adventure,Fantasy']",5.7,139521,52,179246868.0,66184051.0,36.9,113062817.0,63.1,2016,en,['United States of America']
Ferdinand (2017),0,108,"['Adventure,Animation,Comedy']",6.7,67221,33,296069199.0,84410380.0,28.5,211658819.0,71.5,2017,en,['United States of America']
A Monster Calls (2016),0,108,"['Adventure,Drama,Family']",7.4,95940,131,47309313.0,3740823.0,7.9,43568490.0,92.1,2016,en,"['Spain', 'United States of America']"
Ice Age: Collision Course (2016),0,94,"['Adventure,Animation,Comedy']",5.7,79694,20,408579038.0,64063008.0,15.7,344516030.0,84.3,2016,en,['United States of America']
The Divine Move (2014),0,118,"['Action,Crime,Drama']",6.6,2674,186,27926871.0,136707.0,0.5,27790164.0,99.5,2014,ko,['South Korea']
Listy do M. Pozegnania i powroty (2024),0,123,"['Comedy,Romance']",5.9,274,169,9440754.0,0.0,0.0,9440754.0,100.0,2024,pl,['Poland']
Black & White: The Dawn of Justice (2014),0,126,"['Action,Comedy,Crime']",5.6,711,166,34146896.0,0.0,0.0,34146896.0,100.0,2014,zh,"['China', 'Hong Kong', 'Taiwan']"
Supercondriaque (2014),0,107,['Comedy'],6.0,9486,122,53425036.0,0.0,0.0,53425036.0,100.0,2014,fr,"['Belgium', 'France']"
The Boogeyman (2023),0,98,"['Horror,Mystery,Thriller']",5.9,48837,68,67307243.0,43244282.0,64.2,24062961.0,35.8,2023,en,['United States of America']
Mrs. Brown's Boys D'Movie (2014),0,94,['Comedy'],4.2,5640,177,31116264.0,0.0,0.0,31116264.0,100.0,2014,en,"['Ireland', 'United Kingdom']"
The Man from Macau (2014),0,93,"['Action,Comedy,Drama']",4.9,1884,83,93864936.0,0.0,0.0,93864936.0,100.0,2014,cn,"['China', 'Hong Kong']"
Paul Blart: Mall Cop 2 (2015),0,94,"['Action,Comedy,Crime']",4.4,42451,68,107588225.0,71038190.0,66.0,36550035.0,34.0,2015,en,['United States of America']
War for the Planet of the Apes (2017),0,140,"['Action,Adventure,Drama']",7.4,313308,20,490719763.0,146880162.0,29.9,343839601.0,70.1,2017,en,['United States of America']
Detective Conan: The Sniper from Another Dimension (2014),0,110,"['Action,Adventure,Animation']",6.7,1809,144,42028116.0,0.0,0.0,42028116.0,100.0,2014,ja,['Japan']
The Hateful Eight (2015),0,168,"['Crime,Drama,Mystery']",7.8,684881,50,155760117.0,54117416.0,34.7,101642701.0,65.3,2015,en,['United States of America']
The White Haired Witch of Lunar Kingdom (2014),0,104,"['Action,Adventure,Drama']",5.3,1872,114,62515046.0,0.0,0.0,62515046.0,100.0,2014,zh,['China']
Despicable Me 3 (2017),0,89,"['Adventure,Animation,Comedy']",6.3,166199,4,1034799409.0,264624300.0,25.6,770175109.0,74.4,2017,en,['United States of America']
Rise of the Legend (2014),0,131,"['Action,Biography,Drama']",6.4,4515,178,30932534.0,0.0,0.0,30932534.0,100.0,2014,zh,['Hong Kong']
Sing (2016),0,108,"['Animation,Comedy,Family']",7.1,200581,13,634151679.0,270395425.0,42.6,363756254.0,57.4,2016,en,"['Japan', 'United States of America']"
Recep Ivedik 4 (2014),0,117,['Comedy'],3.9,19127,150,39477906.0,0.0,0.0,39477906.0,100.0,2014,tr,['Turkey']
The Fatal Encounter (2014),0,135,"['Action,Drama']",6.7,1352,183,29060186.0,0.0,0.0,29060186.0,100.0,2014,ko,['South Korea']
The Pirates (2014),0,130,"['Action,Adventure,Comedy']",6.5,4731,109,64858224.0,415775.0,0.6,64442449.0,99.4,2014,ko,['South Korea']
The Nut Job 2: Nutty by Nature (2017),0,91,"['Adventure,Animation,Comedy']",5.5,7539,90,68743485.0,28370522.0,41.3,40372963.0,58.7,2017,en,"['Canada', 'South Korea', 'United States of America']"
Head Full of Honey (2014),0,139,"['Comedy,Drama,Family']",6.6,7344,96,78127384.0,0.0,0.0,78127384.0,100.0,2014,de,['Germany']
Captain America: Civil War (2016),0,147,"['Action,Sci-Fi']",7.8,879684,1,1153296293.0,408084349.0,35.4,745211944.0,64.6,2016,en,['United States of America']
Assassination (2015),0,140,"['Action,Drama,Thriller']",7.2,8309,80,96119773.0,1904682.0,2.0,94215091.0,98.0,2015,ja,['Japan']
Thor: Ragnarok (2017),0,130,"['Action,Adventure,Comedy']",7.9,845828,9,853977126.0,315058289.0,36.9,538918837.0,63.1,2017,en,['United States of America']
Beijing Love Story (2014),0,121,"['Drama,Romance']",5.8,454,107,65842375.0,428318.0,0.7,65414057.0,99.3,2014,zh,['China']
The Lego Movie 2: The Second Part (2019),0,107,"['Adventure,Animation,Comedy']",6.5,80160,46,192306508.0,105806508.0,55.0,86500000.0,45.0,2019,en,"['Canada', 'Denmark', 'United States of America']"
Richard Jewell (2019),0,131,"['Biography,Crime,Drama']",7.5,101865,131,44645542.0,22345542.0,50.1,22300000.0,49.9,2019,en,['United States of America']
Miss Granny (2014),0,124,"['Comedy,Fantasy,Music']",7.2,4473,116,58940254.0,0.0,0.0,58940254.0,100.0,2014,ko,['South Korea']
Miss Granny (2015),0,124,"['Comedy,Fantasy,Music']",7.2,4473,119,59396311.0,234573.0,0.4,59161738.0,99.6,2015,zh,"['South Korea', 'China']"
The Disaster Artist (2017),0,104,"['Biography,Comedy,Drama']",7.3,167656,168,29820616.0,21120616.0,70.8,8700000.0,29.2,2017,en,['United States of America']
Moana (2016),0,107,"['Adventure,Animation,Comedy']",7.6,407408,12,643331111.0,248757044.0,38.7,394574067.0,61.3,2016,en,['United States of America']
Mechanic: Resurrection (2016),0,98,"['Action,Adventure,Thriller']",5.7,97323,66,125729635.0,21218403.0,16.9,104511232.0,83.1,2016,en,"['France', 'United States of America', 'Thailand']"
The Night Before (2015),0,101,"['Comedy,Fantasy']",6.4,86265,127,52395996.0,43047372.0,82.2,9348624.0,17.8,2015,en,['United States of America']
American Made (2017),0,115,"['Action,Comedy,Crime']",7.1,217447,64,134866593.0,51342000.0,38.1,83524593.0,61.9,2017,en,"['Luxembourg', 'United States of America']"
Wolf Warrior (2015),0,90,"['Action,Crime,Thriller']",5.3,6145,92,81411331.0,0.0,0.0,81411331.0,100.0,2015,zh,['China']
The Admiral: Roaring Currents (2014),0,128,"['Action,History,War']",7.1,13563,57,138342258.0,2589811.0,1.9,135752447.0,98.1,2014,ko,['South Korea']
The Bélier Family (2014),0,106,"['Comedy,Drama,Music']",7.3,30453,100,72751538.0,0.0,0.0,72751538.0,100.0,2014,fr,['France']
Whiskey Tango Foxtrot (2016),0,112,"['Biography,Comedy,Drama']",6.6,57988,185,24972139.0,23083334.0,92.4,1888805.0,7.6,2016,en,['United States of America']
Space Jam: A New Legacy (2021),0,115,"['Adventure,Animation,Comedy']",4.5,83139,27,163692228.0,70592228.0,43.1,93100000.0,56.9,2021,en,['United States of America']
Legend (2015),0,168,"['Action,Drama']",6.2,2847,148,42972994.0,1872994.0,4.4,41100000.0,95.6,2015,en,"['France', 'United Kingdom', 'United States of America']"
Girls Trip (2017),0,122,"['Adventure,Comedy,Drama']",6.2,41556,63,140552359.0,115171585.0,81.9,25380774.0,18.1,2017,en,['United States of America']
Boonie Bears: To the Rescue (2014),0,95,"['Action,Adventure,Animation']",4.8,347,148,40163675.0,0.0,0.0,40163675.0,100.0,2014,zh,[]
West Side Story (2021),0,156,"['Crime,Drama,Musical']",7.1,99711,52,76016171.0,38530322.0,50.7,37485849.0,49.3,2021,en,['United States of America']
Zhongkui: Snow Girl and the Dark Crystal (2015),0,118,"['Action,Fantasy,Romance']",5.3,1448,107,64325947.0,165428.0,0.3,64160519.0,99.7,2015,zh,"['United States of America', 'China', 'Hong Kong']"
Us and Them (2018),0,83,"['Crime,Drama,Thriller']",5.2,816,43,209221380.0,0.0,0.0,209221380.0,100.0,2018,zh,['China']
Monk Comes Down the Mountain (2015),0,123,['Action'],5.5,2292,106,64455686.0,0.0,0.0,64455686.0,100.0,2015,zh,['China']
Prem Ratan Dhan Payo (2015),0,164,"['Drama,Musical,Romance']",4.4,24268,125,52715771.0,4364639.0,8.3,48351132.0,91.7,2015,hi,['India']
Cars 3 (2017),0,102,"['Adventure,Animation,Comedy']",6.7,133092,24,383930656.0,152901115.0,39.8,231029541.0,60.2,2017,en,['United States of America']
Incredibles 2 (2018),0,118,"['Action,Adventure,Animation']",7.5,347210,4,1242805359.0,608581744.0,49.0,634223615.0,51.0,2018,en,['United States of America']
Helios (2015),0,118,"['Action,Crime,Drama']",5.5,1397,161,37938005.0,0.0,0.0,37938005.0,100.0,2015,cn,"['China', 'Hong Kong']"
Paper Towns (2015),0,109,"['Adventure,Comedy,Drama']",6.2,109620,87,85512300.0,32000304.0,37.4,53511996.0,62.6,2015,en,['United States of America']
Ricki and the Flash (2015),0,101,"['Comedy,Drama,Music']",6.0,25333,153,41325328.0,26822144.0,64.9,14503184.0,35.1,2015,en,['United States of America']
Spanish Affair 2 (2015),0,99,"['Comedy,Romance']",5.3,8155,154,40591862.0,0.0,0.0,40591862.0,100.0,2015,es,['Spain']
Barbershop: The Next Cut (2016),0,111,"['Comedy,Drama']",5.9,16537,115,55630051.0,54030051.0,97.1,1600000.0,2.9,2016,en,['United States of America']
Allied (2016),0,124,"['Action,Drama,Romance']",7.1,174448,68,119520023.0,40098064.0,33.5,79421959.0,66.5,2016,en,"['China', 'United States of America', 'United Kingdom']"
The Martian (2015),0,144,"['Adventure,Drama,Sci-Fi']",8.0,959178,10,630161890.0,228433663.0,36.2,401728227.0,63.8,2015,en,['United States of America']
The Breakup Guru (2014),0,114,['Comedy'],4.1,700,71,106980263.0,208959.0,0.2,106771304.0,99.8,2014,zh,['China']
Dragon Blade (2015),0,127,"['Action,Drama,History']",5.9,21793,63,122593849.0,74068.0,0.0,122519781.0,99.9,2015,zh,"['Hong Kong', 'China']"
Bridge of Spies (2015),0,142,"['Drama,History,Thriller']",7.6,334179,45,165478348.0,72313754.0,43.7,93164594.0,56.3,2015,en,"['India', 'United States of America', 'Germany']"
The BFG (2016),0,117,"['Adventure,Family,Fantasy']",6.3,95921,46,195243411.0,55483770.0,28.4,139759641.0,71.6,2016,en,"['India', 'United Kingdom', 'United States of America']"
Suck Me Shakespeer 2 (2015),0,115,['Comedy'],5.9,15244,90,83027924.0,0.0,0.0,83027924.0,100.0,2015,de,['Germany']
Elvis (2022),0,159,"['Biography,Drama,Music']",7.3,248223,16,287740048.0,151040048.0,52.5,136700000.0,47.5,2022,en,"['Australia', 'United States of America']"
Unfriended (2015),0,83,"['Horror,Mystery,Thriller']",5.6,84189,112,62882090.0,32482090.0,51.7,30400000.0,48.3,2015,en,['United States of America']
Serial Teachers 2 (2015),0,92,['Comedy'],4.4,1824,199,25364150.0,0.0,0.0,25364150.0,100.0,2015,fr,['France']
Irrational Man (2015),0,95,"['Comedy,Crime,Drama']",6.6,68618,190,27391084.0,4030360.0,14.7,23360724.0,85.3,2015,en,['United States of America']
Underworld: Blood Wars (2016),0,91,"['Action,Fantasy,Thriller']",5.8,83152,94,81093313.0,30353973.0,37.4,50739340.0,62.6,2016,en,['United States of America']
Power Rangers (2017),0,124,"['Action,Adventure,Fantasy']",5.9,116043,62,142337240.0,85364450.0,60.0,56972790.0,40.0,2017,en,"['Canada', 'Hong Kong', 'United States of America']"
The Great Hypnotist (2014),0,104,"['Drama,Mystery,Thriller']",6.9,3182,139,44077818.0,0.0,0.0,44077818.0,100.0,2014,zh,['China']
The Lady in the Van (2015),0,104,"['Biography,Comedy,Drama']",6.7,33289,152,41387687.0,10021175.0,24.2,31366512.0,75.8,2015,en,['United Kingdom']
Kong: Skull Island (2017),0,118,"['Action,Adventure,Fantasy']",6.7,360465,17,568652812.0,168052812.0,29.6,400600000.0,70.4,2017,en,"['China', 'United States of America']"
Detective Conan: Sunflowers of Inferno (2015),0,112,"['Action,Adventure,Animation']",6.2,1989,124,52920296.0,0.0,0.0,52920296.0,100.0,2015,ja,['Japan']
Godzilla: King of the Monsters (2019),0,132,"['Action,Adventure,Fantasy']",6.0,217647,22,387300138.0,110500138.0,28.5,276800000.0,71.5,2019,en,"['China', 'Japan', 'United States of America']"
Rogue One: A Star Wars Story (2016),0,133,"['Action,Adventure,Sci-Fi']",7.8,707783,2,1056057273.0,532177324.0,50.4,523879949.0,49.6,2016,en,['United States of America']
Ferrari (2023),0,130,"['Biography,Drama,History']",6.4,60932,90,43332974.0,18550028.0,42.8,24782946.0,57.2,2023,en,"['Italy', 'United Kingdom', 'United States of America']"
Asterix and Obelix: Mansion of the Gods (2014),0,85,"['Adventure,Animation,Comedy']",6.9,15945,141,42830578.0,0.0,0.0,42830578.0,100.0,2014,fr,"['Belgium', 'France']"
My Big Fat Greek Wedding 2 (2016),0,94,"['Comedy,Romance']",6.0,36599,85,90632641.0,59689605.0,65.9,30943036.0,34.1,2016,en,"['Canada', 'United States of America']"
The Equalizer 2 (2018),0,121,"['Action,Crime,Thriller']",6.7,211814,46,190400157.0,102084362.0,53.6,88315795.0,46.4,2018,en,['United States of America']
Snowden (2016),0,134,"['Biography,Crime,Drama']",7.3,167308,150,37357216.0,21587519.0,57.8,15769697.0,42.2,2016,en,"['France', 'Germany', 'United States of America']"
Solo: A Star Wars Story (2018),0,135,"['Action,Adventure,Sci-Fi']",6.9,391027,24,392924807.0,213767512.0,54.4,179157295.0,45.6,2018,en,['United States of America']
Inside Men (2015),0,130,"['Crime,Drama,Thriller']",7.0,4358,137,47616503.0,0.0,0.0,47616503.0,100.0,2015,ko,['South Korea']
Monster Hunt (2015),0,117,"['Action,Adventure,Comedy']",6.1,5847,19,387053506.0,32766.0,0.0,387020740.0,100.0,2015,zh,"['China', 'Hong Kong']"
La La Land (2016),0,128,"['Comedy,Drama,Music']",8.0,709512,17,447407695.0,151101803.0,33.8,296305892.0,66.2,2016,en,"['United States of America', 'Hong Kong']"
Sonic the Hedgehog (2020),0,99,"['Action,Adventure,Comedy']",6.5,176663,6,319715683.0,148974665.0,46.6,170741018.0,53.4,2020,en,"['Japan', 'United States of America']"
The Nice Guys (2016),0,116,"['Action,Comedy,Crime']",7.4,389741,103,71261763.0,36261763.0,50.9,35000000.0,49.1,2016,en,['United States of America']
Wild City (2015),0,120,"['Action,Crime,Thriller']",5.7,911,200,24817852.0,34866.0,0.1,24782986.0,99.9,2015,cn,['Hong Kong']
Ode to My Father (2014),0,126,"['Drama,War']",7.8,6465,81,99085291.0,2300121.0,2.3,96785170.0,97.7,2014,ko,['South Korea']
The House That Never Dies (2014),0,90,"['Drama,Horror,Mystery']",4.5,412,108,65220000.0,0.0,0.0,65220000.0,100.0,2014,zh,['China']
Dragon Ball Z: Resurrection 'F' (2015),0,94,"['Action,Adventure,Animation']",7.1,24677,114,61768190.0,8008363.0,13.0,53759827.0,87.0,2015,ja,['Japan']
See You Tomorrow (2016),0,128,"['Comedy,Drama,Romance']",5.0,1264,105,70065569.0,0.0,0.0,70065569.0,100.0,2016,cn,"['China', 'Hong Kong']"
The Predator (2018),0,107,"['Action,Adventure,Sci-Fi']",5.3,152313,51,160542134.0,51024708.0,31.8,109517426.0,68.2,2018,en,"['Canada', 'United States of America']"
War Room (2015),0,120,['Drama'],6.5,16801,99,73267874.0,67790117.0,92.5,5477757.0,7.5,2015,en,['United States of America']
Twenty Two (2017),0,112,"['Crime,Documentary,History']",7.4,621,181,26289378.0,46796.0,0.2,26242582.0,99.8,2017,zh,['China']
Krampus (2015),0,98,"['Comedy,Fantasy,Horror']",6.2,89980,116,61548707.0,42725475.0,69.4,18823232.0,30.6,2015,en,['United States of America']
Tiny Times 3.0 (2014),0,125,"['Drama,Romance']",3.0,945,91,82320000.0,0.0,0.0,82320000.0,100.0,2014,zh,['China']
Dumbo (2019),0,112,"['Adventure,Family,Fantasy']",6.3,84958,26,353284621.0,114766307.0,32.5,238518314.0,67.5,2019,en,"['Australia', 'Canada', 'United Kingdom', 'United States of America']"
The Perfect Guy (2015),0,100,"['Drama,Romance,Thriller']",5.6,11551,117,60273173.0,57027435.0,94.6,3245738.0,5.4,2015,en,['United States of America']
Bajrangi Bhaijaan (2015),0,163,"['Action,Adventure,Comedy']",8.1,103058,98,75547184.0,8178001.0,10.8,67369183.0,89.2,2015,hi,['India']
Old Boys: The Way of the Dragon (2014),0,114,['Comedy'],5.2,236,172,32800000.0,0.0,0.0,32800000.0,100.0,2014,zh,['China']
The Boss Baby (2017),0,97,"['Adventure,Animation,Comedy']",6.3,147826,18,527965936.0,175003033.0,33.1,352962903.0,66.9,2017,en,['United States of America']
Baby Driver (2017),0,113,"['Action,Crime,Drama']",7.5,641894,43,226945087.0,107825862.0,47.5,119119225.0,52.5,2017,en,"['United Kingdom', 'United States of America']"
Breakup Buddies (2014),0,116,"['Comedy,Drama,Romance']",6.4,1858,45,189017596.0,777896.0,0.4,188239700.0,99.6,2014,zh,['China']
The Continent (2014),0,105,"['Comedy,Drama']",6.3,1916,79,100125957.0,0.0,0.0,100125957.0,100.0,2014,zh,['China']
"Tad, the Lost Explorer, and the Secret of King Midas (2017)",0,85,"['Adventure,Animation,Comedy']",6.2,4307,149,35704046.0,5874.0,0.0,35698172.0,100.0,2017,en,"['Spain', 'United Kingdom']"
Guardians of the Galaxy Vol. 2 (2017),0,136,"['Action,Adventure,Comedy']",7.6,786332,8,863756051.0,389813101.0,45.1,473942950.0,54.9,2017,en,['United States of America']
But Always (2014),0,106,"['Drama,Romance']",5.3,509,158,38039248.0,430760.0,1.1,37608488.0,98.9,2014,cn,['China']
Puss in Boots: The Last Wish (2022),0,102,"['Action,Adventure,Animation']",7.8,197926,10,481757663.0,186090535.0,38.6,295667128.0,61.4,2022,en,['United States of America']
Pokémon the Movie: Diancie and the Cocoon of Destruction (2014),0,76,"['Action,Adventure,Animation']",5.5,1922,185,28595105.0,0.0,0.0,28595105.0,100.0,2014,ja,['Japan']
The Four 3 (2014),0,106,['Action'],5.6,1037,174,31521335.0,0.0,0.0,31521335.0,100.0,2014,zh,"['China', 'Hong Kong']"
Teenage Mutant Ninja Turtles: Out of the Shadows (2016),0,112,"['Action,Adventure,Comedy']",5.9,102607,35,245623848.0,82051601.0,33.4,163572247.0,66.6,2016,en,['United States of America']
The Taking of Tiger Mountain (2014),0,141,"['Action,Adventure,History']",6.4,3444,56,141654055.0,228984.0,0.2,141425071.0,99.8,2014,zh,"['China', 'Hong Kong']"
My Old Classmate (2014),0,98,"['Comedy,Romance']",5.5,560,99,73052128.0,0.0,0.0,73052128.0,100.0,2014,zh,['China']
Don't Breathe (2016),0,86,"['Comedy,Documentary,Drama']",6.4,103,58,157761002.0,89217875.0,56.6,68543127.0,43.4,2016,en,['United States of America']
The Throne (2015),0,125,"['Drama,History']",7.1,3309,151,42165755.0,0.0,0.0,42165755.0,100.0,2015,ko,['South Korea']
The Handmaiden (2016),0,145,"['Drama,Romance,Thriller']",8.1,184749,149,37692886.0,2006788.0,5.3,35686098.0,94.7,2016,ko,['South Korea']
Meet Miss Anxiety (2014),0,99,"['Comedy,Romance']",4.7,219,194,25948636.0,0.0,0.0,25948636.0,100.0,2014,zh,['China']
The Bye Bye Man (2017),0,96,"['Drama,Fantasy,Horror']",4.3,26825,167,29874280.0,22395806.0,75.0,7478474.0,25.0,2017,en,['United States of America']
Manchester by the Sea (2016),0,137,['Drama'],7.8,328383,95,78988148.0,47695371.0,60.4,31292777.0,39.6,2016,en,['United States of America']
Maze Runner: The Scorch Trials (2015),0,131,"['Action,Adventure,Sci-Fi']",6.3,289137,25,312296056.0,81697192.0,26.2,230598864.0,73.8,2015,en,['United States of America']
The Shallows (2016),0,86,"['Drama,Horror,Thriller']",6.3,148398,70,119100758.0,55124043.0,46.3,63976715.0,53.7,2016,en,"['Australia', 'Spain', 'United States of America']"
"My Love, Don't Cross That River (2014)",0,86,"['Documentary,Drama,Romance']",7.9,822,167,34012261.0,0.0,0.0,34012261.0,100.0,2014,ko,['South Korea']
The Darkest Minds (2018),0,104,"['Action,Adventure,Drama']",5.7,38262,140,41142379.0,12695691.0,30.9,28446688.0,69.1,2018,en,['United States of America']
Somewhere Only We Know (2015),0,109,"['Drama,Romance']",5.1,805,142,45737711.0,482341.0,1.1,45255370.0,98.9,2015,zh,"['China', 'Czech Republic']"
My Beloved Bodyguard (2016),0,99,"['Action,Crime,Drama']",5.9,2368,120,52165873.0,0.0,0.0,52165873.0,100.0,2016,zh,"['China', 'Hong Kong', 'Malaysia']"
The Dead End (2015),0,139,"['Crime,Drama']",7.2,2177,138,47600000.0,0.0,0.0,47600000.0,100.0,2015,zh,['China']
A Man Called Ove (2015),0,116,"['Comedy,Drama,Romance']",7.7,71360,182,30692889.0,3479315.0,11.3,27213574.0,88.7,2015,sv,"['Norway', 'Sweden']"
The Purge: Election Year (2016),0,108,"['Action,Horror,Sci-Fi']",6.0,114390,71,118587880.0,79213375.0,66.8,39374505.0,33.2,2016,en,"['France', 'Japan', 'United States of America']"
Hollywood Adventures (2015),0,114,"['Action,Adventure,Comedy']",4.8,715,128,52265070.0,0.0,0.0,52265070.0,100.0,2015,zh,"['China', 'Hong Kong', 'United States of America']"
The Lego Batman Movie (2017),0,104,"['Action,Adventure,Animation']",7.3,180324,29,312150384.0,175750384.0,56.3,136400000.0,43.7,2017,en,"['Australia', 'Denmark', 'United States of America']"
Nobunaga Concerto: The Movie (2016),0,126,"['Adventure,Comedy,Drama']",6.2,483,151,36187594.0,0.0,0.0,36187594.0,100.0,2016,ja,['Japan']
Fantastic Beasts: The Crimes of Grindelwald (2018),0,134,"['Adventure,Family,Fantasy']",6.5,319114,10,655755901.0,159555901.0,24.3,496200000.0,75.7,2018,en,"['United Kingdom', 'United States of America']"
Fantastic Beasts: The Secrets of Dumbledore (2022),0,142,"['Adventure,Fantasy']",6.2,181855,12,407150844.0,95850844.0,23.5,311300000.0,76.5,2022,en,"['United Kingdom', 'United States of America']"
My Little Pony: The Movie (2017),0,99,"['Adventure,Animation,Comedy']",6.1,8382,103,60330833.0,21885107.0,36.3,38445726.0,63.7,2017,en,"['Canada', 'United States of America']"
Florence Foster Jenkins (2016),0,111,"['Biography,Comedy,Drama']",6.8,60797,128,48902953.0,27383770.0,56.0,21519183.0,44.0,2016,en,"['United Kingdom', 'United States of America']"
The Legend of Maula Jatt (2022),0,153,"['Action,Drama,Fantasy']",8.6,11127,140,13941539.0,5016493.0,36.0,8925046.0,64.0,2022,pa,['Pakistan']
Captain Marvel (2019),0,123,"['Action,Adventure,Sci-Fi']",6.8,631049,5,1128274794.0,426829839.0,37.8,701444955.0,62.2,2019,en,['United States of America']
Avengers: Infinity War (2018),0,149,"['Action,Adventure,Sci-Fi']",8.4,1267953,1,2048359754.0,678815482.0,33.1,1369544272.0,66.9,2018,en,['United States of America']
Avengers: Endgame (2019),0,181,"['Action,Adventure,Sci-Fi']",8.4,1334186,1,2799439100.0,858373000.0,30.7,1941066100.0,69.3,2019,en,['United States of America']
Judy (2019),0,75,"['Horror,Thriller']",4.2,722,129,45701880.0,24313888.0,53.2,21387992.0,46.8,2019,en,"['France', 'United Kingdom', 'United States of America']"
"Yo-kai Watch Movie: It's the Secret of Birth, Meow! (2015)",0,97,"['Action,Animation,Comedy']",5.7,332,129,51838845.0,257343.0,0.5,51581502.0,99.5,2015,ja,['Japan']
M.S. Dhoni: The Untold Story (2016),0,184,"['Biography,Drama,Sport']",8.0,71079,171,28903047.0,1801550.0,6.2,27101497.0,93.8,2016,hi,['India']
Look Who's Back (2015),0,116,"['Comedy,Drama,Fantasy']",7.0,51640,198,25513752.0,0.0,0.0,25513752.0,100.0,2015,de,['Germany']
Tunnel (2016),0,86,['Horror'],4.1,364,118,52444295.0,568876.0,1.1,51875419.0,98.9,2016,es,"['Spain', 'Argentina']"
Flying Colors (2015),0,117,"['Comedy,Drama']",7.3,4217,186,28525563.0,0.0,0.0,28525563.0,100.0,2015,ja,['Japan']
Jason Bourne (2016),0,123,"['Action,Thriller']",6.6,248770,19,415484914.0,162434410.0,39.1,253050504.0,60.9,2016,en,"['China', 'United States of America']"
Molly's Game (2017),0,140,"['Biography,Crime,Drama']",7.4,195358,104,59284015.0,28780744.0,48.5,30503271.0,51.5,2017,en,"['Canada', 'China', 'United States of America']"
Kung Fu Yoga (2017),0,107,"['Action,Adventure,Comedy']",5.2,11747,36,257743016.0,362657.0,0.1,257380359.0,99.9,2017,zh,"['China', 'Hong Kong', 'Iceland', 'India', 'South Korea', 'United Arab Emirates']"
Lost in Hong Kong (2015),0,114,"['Action,Adventure,Comedy']",5.4,1944,29,256283912.0,1302281.0,0.5,254981631.0,99.5,2015,zh,['China']
Love on the Cloud (2014),0,135,['Comedy'],4.0,216,137,45386560.0,271734.0,0.6,45114826.0,99.4,2014,zh,['China']
Hostiles (2017),0,74,"['Drama,Thriller']",6.5,34,150,35669017.0,29819114.0,83.6,5849903.0,16.4,2017,en,['United States of America']
The Last Duel (2021),0,152,"['Drama,History,Thriller']",7.3,192281,95,30552111.0,10853945.0,35.5,19698166.0,64.5,2021,en,['United States of America']
The Himalayas (2015),0,124,"['Adventure,Biography,Drama']",6.4,1341,131,50544493.0,696717.0,1.4,49847776.0,98.6,2015,ko,['South Korea']
Miracles from Heaven (2016),0,109,"['Biography,Drama,Family']",7.1,29630,102,73983003.0,61705123.0,83.4,12277880.0,16.6,2016,en,['United States of America']
Shin Godzilla (2016),0,120,"['Action,Drama,Horror']",6.8,40291,97,77947607.0,1918403.0,2.5,76029204.0,97.5,2016,ja,['Japan']
The Witch (2016),0,92,"['Drama,Fantasy,Horror']",7.0,327031,139,40423945.0,25138705.0,62.2,15285240.0,37.8,2016,en,"['Brazil', 'Canada', 'United Kingdom', 'United States of America']"
The Boy and the Beast (2015),0,119,"['Action,Adventure,Animation']",7.6,28122,132,49714378.0,490643.0,1.0,49223735.0,99.0,2015,ja,['Japan']
Mojin: The Lost Legend (2015),0,127,"['Action,Adventure,Drama']",5.9,4513,28,259368448.0,1243810.0,0.5,258124638.0,99.5,2015,zh,['China']
Fleet of Time (2014),0,119,"['Drama,Romance']",5.5,673,82,94244191.0,569280.0,0.6,93674911.0,99.4,2014,zh,['China']
Kubo and the Two Strings (2016),0,101,"['Action,Adventure,Animation']",7.7,141928,99,76249438.0,48023088.0,63.0,28226350.0,37.0,2016,en,['United States of America']
From Vegas to Macau II (2015),0,109,"['Action,Adventure,Comedy']",4.6,1242,46,163877532.0,0.0,0.0,163877532.0,100.0,2015,cn,['Hong Kong']
Ouija: Origin of Evil (2016),0,99,"['Drama,Horror,Mystery']",6.2,78353,93,81705746.0,35144505.0,43.0,46561241.0,57.0,2016,en,['United States of America']
The Peanut Butter Falcon (2019),0,97,"['Adventure,Comedy,Drama']",7.6,112191,180,23712097.0,20457158.0,86.3,3254939.0,13.7,2019,en,['United States of America']
Ma (2019),0,80,['Drama'],5.9,244,104,61220784.0,45896028.0,75.0,15324756.0,25.0,2019,en,"['Japan', 'United States of America']"
Boonie Bears: A Mystical Winter (2015),0,96,"['Animation,Comedy']",5.4,223,139,47581416.0,0.0,0.0,47581416.0,100.0,2015,zh,['China']
John Wick: Chapter 2 (2017),0,122,"['Action,Crime,Thriller']",7.4,534017,55,171539887.0,92029184.0,53.6,79510703.0,46.4,2017,en,['United States of America']
Paws of Fury: The Legend of Hank (2022),0,98,"['Action,Adventure,Animation']",5.8,7036,70,42439184.0,17811382.0,42.0,24627802.0,58.0,2022,en,"['Canada', 'China', 'United Kingdom', 'United States of America']"
Neighbors 2: Sorority Rising (2016),0,92,['Comedy'],5.7,133389,77,108007109.0,55455765.0,51.3,52551344.0,48.7,2016,en,['United States of America']
Lost and Love (2015),0,108,['Drama'],6.4,789,169,34930177.0,188817.0,0.5,34741360.0,99.5,2015,zh,"['China', 'Hong Kong']"
Shaft (2019),0,111,"['Action,Comedy,Crime']",6.4,60283,191,21360215.0,21360215.0,100.0,0.0,0.0,2019,en,['United States of America']
Fifty Shades Darker (2017),0,118,"['Drama,Mystery,Romance']",4.6,115720,25,381545846.0,114581250.0,30.0,266964596.0,70.0,2017,en,"['Japan', 'United States of America']"
The New Adventures of Aladdin (2015),0,107,"['Comedy,Fantasy']",4.8,2774,166,35771820.0,0.0,0.0,35771820.0,100.0,2015,fr,"['Belgium', 'France']"
Paddington 2 (2017),0,103,"['Adventure,Comedy,Family']",7.8,102757,41,227291591.0,40891591.0,18.0,186400000.0,82.0,2017,en,"['France', 'United Kingdom']"
Fifty Shades Freed (2018),0,105,"['Drama,Mystery,Romance']",4.5,77827,26,371985018.0,100407760.0,27.0,271577258.0,73.0,2018,en,['United States of America']
Gran Turismo (2023),0,134,"['Action,Adventure,Drama']",7.1,117177,49,122076738.0,44428554.0,36.4,77648184.0,63.6,2023,en,['United States of America']
Maze Runner: The Death Cure (2018),0,143,"['Action,Adventure,Sci-Fi']",6.3,174895,37,288175335.0,58032443.0,20.1,230142892.0,79.9,2018,en,['United States of America']
Why Him? (2016),0,111,['Comedy'],6.2,129793,72,118102725.0,60323786.0,51.1,57778939.0,48.9,2016,en,['United States of America']
Detective K: Secret of the Lost Island (2015),0,124,"['Action,Adventure,Comedy']",6.2,713,191,27387870.0,185367.0,0.7,27202503.0,99.3,2015,ko,['South Korea']
Café Society (2016),0,96,"['Comedy,Drama,Romance']",6.6,82849,136,43763247.0,11103205.0,25.4,32660042.0,74.6,2016,en,['United States of America']
Ghostbusters: Afterlife (2021),0,124,"['Adventure,Comedy,Fantasy']",7.0,231300,22,204334455.0,129360575.0,63.3,74973880.0,36.7,2021,en,"['Canada', 'United States of America']"
Frozen II (2019),0,103,"['Adventure,Animation,Comedy']",6.8,204811,3,1450026933.0,477373578.0,32.9,972653355.0,67.1,2019,en,['United States of America']
Overlord (2018),0,110,"['Action,Horror,Sci-Fi']",6.6,110135,138,41657844.0,21704844.0,52.1,19953000.0,47.9,2018,en,['United States of America']
The War with Grandpa (2020),0,94,"['Comedy,Drama,Family']",5.7,26074,37,43387638.0,21277892.0,49.0,22109746.0,51.0,2020,en,['United States of America']
Dilwale (2015),0,158,"['Action,Comedy,Drama']",5.1,40020,177,31994323.0,4871263.0,15.2,27123060.0,84.8,2015,hi,['India']
White Boy Rick (2018),0,111,"['Crime,Drama']",6.5,45528,185,25957482.0,24011188.0,92.5,1946294.0,7.5,2018,en,['United States of America']
"Dad, Where Are We Going? (2014)",0,95,['Comedy'],3.9,92,68,111870000.0,0.0,0.0,111870000.0,100.0,2014,zh,['China']
"Dad, Where Are We Going 2 (2015)",0,96,"['Comedy,Documentary']",3.4,141,171,34840000.0,0.0,0.0,34840000.0,100.0,2015,,[]
The Left Ear (2015),0,120,"['Drama,Romance']",5.4,582,96,78015473.0,0.0,0.0,78015473.0,100.0,2015,zh,['China']
Nocturnal Animals (2016),0,116,"['Drama,Thriller']",7.4,325802,164,30311857.0,10663357.0,35.2,19648500.0,64.8,2016,en,"['United States of America', 'China']"
Ae Dil Hai Mushkil (2016),0,158,"['Drama,Music,Musical']",5.9,27244,156,31668920.0,4264983.0,13.5,27403937.0,86.5,2016,hi,['India']
Mile 22 (2018),0,94,"['Action,Thriller']",6.1,89446,107,66308758.0,36108758.0,54.5,30200000.0,45.5,2018,en,"['China', 'Colombia', 'United States of America']"
Mulan (2020),0,115,"['Action,Adventure,Drama']",5.8,162725,21,69965374.0,0.0,0.0,69965374.0,100.0,2020,en,['United States of America']
Patriots Day (2016),0,133,"['Action,Crime,Drama']",7.3,117138,119,52185751.0,31886361.0,61.1,20299390.0,38.9,2016,en,"['Hong Kong', 'United States of America']"
Christopher Robin (2018),0,104,"['Adventure,Comedy,Drama']",7.2,87270,45,197744377.0,99215042.0,50.2,98529335.0,49.8,2018,en,"['United Kingdom', 'United States of America']"
Five Nights at Freddy's (2023),0,109,"['Horror,Mystery,Thriller']",5.4,109323,25,291493620.0,137275620.0,47.1,154218000.0,52.9,2023,en,['United States of America']
The Monkey King 2 (2016),0,119,"['Action,Adventure,Fantasy']",5.9,3601,47,193678298.0,709982.0,0.4,192968316.0,99.6,2016,zh,"['Hong Kong', 'China']"
Boruto: Naruto the Movie (2015),0,95,"['Action,Adventure,Animation']",7.7,12701,159,38362448.0,919651.0,2.4,37442797.0,97.6,2015,ja,['Japan']
Storks (2016),0,87,"['Adventure,Animation,Comedy']",6.8,69536,49,183679278.0,72679278.0,39.6,111000000.0,60.4,2016,en,['United States of America']
Born in China (2016),0,79,['Documentary'],7.2,4197,181,25081168.0,13873211.0,55.3,11207957.0,44.7,2016,zh,"['China', 'United Kingdom', 'United States of America']"
The Fate of the Furious (2017),0,136,"['Action,Crime,Thriller']",6.6,262030,3,1236005118.0,226008385.0,18.3,1009996733.0,81.7,2017,en,['United States of America']
Spider-Man: Into the Spider-Verse (2018),0,117,"['Action,Adventure,Animation']",8.4,717229,25,375582637.0,190241310.0,50.7,185341327.0,49.3,2018,en,['United States of America']
Assassination Classroom: The Graduation (2016),0,118,"['Action,Adventure,Comedy']",5.7,970,157,31352921.0,0.0,0.0,31352921.0,100.0,2016,ja,['Japan']
Huevos: Little Rooster's Egg-cellent Adventure (2015),0,98,"['Adventure,Animation,Comedy']",5.7,1278,196,25892561.0,9080818.0,35.1,16811743.0,64.9,2015,es,['Mexico']
Monkey King: Hero Is Back (2015),0,89,"['Action,Adventure,Animation']",6.7,4868,51,153262397.0,0.0,0.0,153262397.0,100.0,2015,zh,['China']
Harriet (2019),0,125,"['Action,Biography,Drama']",6.7,32842,132,43347017.0,43082155.0,99.4,264862.0,0.6,2019,en,['United States of America']
Almost Christmas (2016),0,111,"['Comedy,Drama,Romance']",6.2,8732,138,42580920.0,42158780.0,99.0,422140.0,1.0,2016,en,['United States of America']
Kingsman: The Golden Circle (2017),0,141,"['Action,Adventure,Comedy']",6.7,381509,22,410902662.0,100234838.0,24.4,310667824.0,75.6,2017,en,"['United Kingdom', 'United States of America']"
Bad Moms (2016),0,100,['Comedy'],6.2,137688,48,183936074.0,113257297.0,61.6,70678777.0,38.4,2016,en,['United States of America']
Kevin Hart: What Now? (2016),0,96,"['Comedy,Documentary']",6.0,10093,194,23591043.0,23591043.0,100.0,0.0,0.0,2016,en,['United States of America']
On the Basis of Sex (2018),0,120,"['Biography,Drama,History']",7.1,40503,149,38673750.0,24622687.0,63.7,14051063.0,36.3,2018,en,['United States of America']
The New Mutants (2020),0,94,"['Action,Horror,Mystery']",5.3,95112,31,49169594.0,23852659.0,48.5,25316935.0,51.5,2020,en,['United States of America']
Collateral Beauty (2016),0,97,"['Drama,Romance']",6.8,106988,86,88616021.0,31016021.0,35.0,57600000.0,65.0,2016,en,['United States of America']
The Snow Queen 3: Fire and Ice (2016),0,89,"['Adventure,Animation,Comedy']",6.0,2422,187,24644317.0,0.0,0.0,24644317.0,100.0,2016,ru,['Russia']
The Death of Stalin (2017),0,107,"['Comedy,Drama,History']",7.3,118679,190,24646055.0,8047856.0,32.7,16598199.0,67.3,2017,en,"['Belgium', 'Canada', 'France', 'United Kingdom']"
Railroad Tigers (2016),0,124,"['Action,Adventure,Comedy']",5.8,5079,79,102205175.0,218044.0,0.2,101987131.0,99.8,2016,zh,['China']
Northern Limit Line (2015),0,130,"['Drama,War']",6.5,1422,156,40034677.0,337907.0,0.8,39696770.0,99.2,2015,ko,['South Korea']
Bumblebee (2018),0,114,"['Action,Adventure,Sci-Fi']",6.7,196892,19,467989645.0,127195589.0,27.2,340794056.0,72.8,2018,en,"['China', 'United States of America']"
Mr. Six (2015),0,134,"['Action,Crime,Drama']",6.9,4389,55,139191345.0,1415450.0,1.0,137775895.0,99.0,2015,zh,['China']
Early Man (2018),0,89,"['Adventure,Animation,Comedy']",6.1,24517,117,54622814.0,8267544.0,15.1,46355270.0,84.9,2018,en,"['France', 'United Kingdom', 'United States of America']"
Book Club (2018),0,72,['Documentary'],6.4,25,65,104438188.0,68566296.0,65.7,35871892.0,34.3,2018,en,['United States of America']
The Wild Life (2016),0,91,"['Adventure,Animation,Comedy']",5.4,6801,140,40075446.0,8005586.0,20.0,32069860.0,80.0,2016,de,"['Belgium', 'France', 'United States of America']"
A Cure for Wellness (2017),0,146,"['Drama,Fantasy,Horror']",6.4,114045,179,26620002.0,8106986.0,30.5,18513016.0,69.5,2017,en,"['Germany', 'United States of America']"
The Mauritanian (2021),0,129,"['Biography,Crime,Drama']",7.5,66560,196,7527030.0,836536.0,11.1,6690494.0,88.9,2021,en,"['United Kingdom', 'United States of America']"
Pitch Perfect 3 (2017),0,93,"['Comedy,Music']",5.8,74240,50,185400345.0,104897530.0,56.6,80502815.0,43.4,2017,en,"['United States of America', 'China']"
Veteran (2015),0,123,"['Action,Comedy,Crime']",7.0,8463,82,94393020.0,1200627.0,1.3,93192393.0,98.7,2015,ko,['South Korea']
Maleficent: Mistress of Evil (2019),0,119,"['Adventure,Drama,Family']",6.6,124264,15,491730089.0,113929605.0,23.2,377800484.0,76.8,2019,en,['United States of America']
The Meg (2018),0,113,"['Action,Horror,Sci-Fi']",5.7,215925,16,529243742.0,145443742.0,27.5,383800000.0,72.5,2018,en,"['China', 'United States of America']"
Doraemon: Nobita no Uchû Eiyûki (2015),0,100,"['Action,Adventure,Animation']",6.5,990,172,34811747.0,0.0,0.0,34811747.0,100.0,2015,ja,['Japan']
To the Fore (2015),0,125,"['Drama,Sport']",6.2,1171,192,27267799.0,0.0,0.0,27267799.0,100.0,2015,zh,"['Taiwan', 'Hong Kong']"
How to Be a Latin Lover (2017),0,115,"['Comedy,Drama']",6.0,18409,97,62547032.0,32149404.0,51.4,30397628.0,48.6,2017,en,"['Mexico', 'United States of America']"
Rough Night (2017),0,101,['Comedy'],5.2,57157,121,47347283.0,22105643.0,46.7,25241640.0,53.3,2017,en,['United States of America']
Tiny Times 4.0 (2015),0,116,"['Drama,Romance']",3.1,595,97,77750000.0,0.0,0.0,77750000.0,100.0,2015,zh,['China']
Jian Bing Man (2015),0,113,['Comedy'],5.6,1450,41,186683536.0,0.0,0.0,186683536.0,100.0,2015,zh,['China']
Chronicles of the Ghostly Tribe (2015),0,118,"['Action,Adventure,Drama']",5.1,2157,70,106380000.0,0.0,0.0,106380000.0,100.0,2015,zh,['China']
Saving Mr. Wu (2015),0,106,"['Action,Crime,Drama']",6.6,2652,180,31222161.0,92696.0,0.3,31129465.0,99.7,2015,zh,['China']
L.O.R.D: Legend of Ravaging Dynasties (2016),0,118,"['Action,Adventure,Animation']",5.1,1393,112,58089494.0,350456.0,0.6,57739038.0,99.4,2016,zh,['China']
The SpongeBob Movie: Sponge on the Run (2020),0,91,"['Adventure,Animation,Comedy']",5.9,23314,194,4810790.0,4810790.0,100.0,0.0,0.0,2020,en,"['France', 'United States of America']"
God's Not Dead 2 (2016),0,120,['Drama'],4.3,13882,188,24487848.0,20774575.0,84.8,3713273.0,15.2,2016,en,['United States of America']
Mia and the White Lion (2018),0,98,"['Adventure,Drama,Family']",6.5,6698,155,35487190.0,399471.0,1.1,35087719.0,98.9,2018,fr,"['South Africa', 'Germany', 'France']"
Hidden Figures (2016),0,127,"['Biography,Drama,History']",7.8,270251,38,235956898.0,169607287.0,71.9,66349611.0,28.1,2016,en,['United States of America']
Baahubali 2: The Conclusion (2017),0,167,"['Action,Drama']",8.2,121959,38,254158390.0,20186659.0,7.9,233971731.0,92.1,2017,te,['India']
A Chinese Odyssey: Part Three (2016),0,93,"['Action,Adventure,Comedy']",3.6,531,117,53306108.0,0.0,0.0,53306108.0,100.0,2016,zh,['China']
Guy Ritchie's the Covenant (2023),0,123,"['Action,Drama,Thriller']",7.5,184462,121,21948551.0,16938039.0,77.2,5010512.0,22.8,2023,en,"['United Kingdom', 'United States of America']"
The Emoji Movie (2017),0,86,"['Adventure,Animation,Comedy']",3.4,74633,46,217776646.0,86089513.0,39.5,131687133.0,60.5,2017,en,['United States of America']
Jurassic World: Fallen Kingdom (2018),0,128,"['Action,Adventure,Sci-Fi']",6.1,356655,3,1308467944.0,417719760.0,31.9,890748184.0,68.1,2018,en,['United States of America']
Fall in Love Like a Star (2012),0,98,['Romance'],5.3,303,194,22640355.0,0.0,0.0,22640355.0,100.0,2012,,[]
Mission: Impossible - Fallout (2018),0,147,"['Action,Adventure,Thriller']",7.7,391470,8,791115104.0,220159104.0,27.8,570956000.0,72.2,2018,en,['United States of America']
The Curse of La Llorona (2019),0,93,"['Horror,Mystery,Thriller']",5.3,60561,63,123233739.0,54733739.0,44.4,68500000.0,55.6,2019,en,['United States of America']
The Age of Shadows (2016),0,140,"['Action,History,Thriller']",7.1,11453,116,54491162.0,541719.0,1.0,53949443.0,99.0,2016,ko,['South Korea']
Just Mercy (2019),0,137,"['Biography,Crime,Drama']",7.6,79242,113,50901502.0,36001502.0,70.7,14900000.0,29.3,2019,en,['United States of America']
Bad Boys: Ride or Die (2024),0,115,"['Action,Adventure,Comedy']",6.5,95717,12,404547819.0,193573217.0,47.8,210974602.0,52.2,2024,en,['United States of America']
Lady Bird (2017),0,94,"['Comedy,Drama']",7.4,347954,88,78965611.0,48958273.0,62.0,30007338.0,38.0,2017,en,['United States of America']
The Tuche Family: The American Dream (2016),0,94,['Comedy'],4.9,2039,153,35210425.0,0.0,0.0,35210425.0,100.0,2016,fr,['France']
Till (2022),0,130,"['Biography,Crime,Drama']",7.2,16620,152,11498884.0,9000202.0,78.3,2498682.0,21.7,2022,en,"['United Kingdom', 'United States of America']"
The Hundred Regiments Offensive (2015),0,111,"['History,War']",4.1,118,110,63230000.0,0.0,0.0,63230000.0,100.0,2015,zh,['China']
Camping 3 (2016),0,105,"['Comedy,Drama']",4.4,1193,189,24224579.0,0.0,0.0,24224579.0,100.0,2016,fr,['France']
Middle School: The Worst Years of My Life (2016),0,92,"['Comedy,Family']",6.1,10325,196,23316139.0,20007149.0,85.8,3308990.0,14.2,2016,en,['United States of America']
Ordinary Angels (2024),0,118,"['Biography,Drama']",7.4,14908,107,20571534.0,19174421.0,93.2,1397113.0,6.8,2024,en,['United States of America']
"Everything, Everything (2017)",0,96,"['Drama,Romance']",6.3,43478,99,61721140.0,34121140.0,55.3,27600000.0,44.7,2017,en,['United States of America']
Never Gone (2016),0,100,"['Drama,Romance']",5.2,1148,126,48980792.0,96421.0,0.2,48884371.0,99.8,2016,zh,['China']
Dunkirk (2017),0,106,"['Action,Drama,History']",7.8,766124,19,526045546.0,188045546.0,35.7,338000000.0,64.3,2017,en,"['United Kingdom', 'United States of America']"
"Three Billboards Outside Ebbing, Missouri (2017)",0,115,"['Comedy,Crime,Drama']",8.1,575725,57,160060063.0,54513740.0,34.1,105546323.0,65.9,2017,en,"['United Kingdom', 'United States of America']"
Mary Poppins Returns (2018),0,130,"['Adventure,Comedy,Family']",6.7,97552,31,349537494.0,171958438.0,49.2,177579056.0,50.8,2018,en,['United States of America']
Charlie's Angels (2019),0,118,"['Action,Adventure,Comedy']",5.0,82225,91,73279888.0,17803077.0,24.3,55476811.0,75.7,2019,en,['United States of America']
Godzilla vs. Kong (2021),0,113,"['Action,Sci-Fi,Thriller']",6.3,254409,8,470116094.0,100916094.0,21.5,369200000.0,78.5,2021,en,['United States of America']
Nosferatu (2024),0,132,"['Fantasy,Horror,Mystery']",7.3,152930,58,48324020.0,45201020.0,93.5,3123000.0,6.5,2024,en,['United States of America']
The Priests (2015),0,103,"['Horror,Mystery,Thriller']",6.3,2570,165,36577134.0,185093.0,0.5,36392041.0,99.5,2015,ko,['South Korea']
Get Out (2017),0,104,"['Horror,Mystery,Thriller']",7.8,748358,37,255407969.0,176040665.0,68.9,79367304.0,31.1,2017,en,['United States of America']
Sicario: Day of the Soldado (2018),0,122,"['Action,Crime,Drama']",7.1,176556,97,75837743.0,50072235.0,66.0,25765508.0,34.0,2018,en,"['Mexico', 'United States of America']"
Goodbye Mr. Loser (2015),0,104,"['Comedy,Drama,Fantasy']",6.7,3766,35,228122928.0,1293626.0,0.6,226829302.0,99.4,2015,zh,['China']
Dangal (2016),0,161,"['Action,Biography,Drama']",8.3,222280,31,303726694.0,12391761.0,4.1,291334933.0,95.9,2016,hi,"['India', 'United States of America']"
Two Is a Family (2016),0,118,"['Comedy,Drama']",7.3,29321,125,49619118.0,0.0,0.0,49619118.0,100.0,2016,fr,"['France', 'United Kingdom']"
2.0 (2018),0,148,"['Action,Sci-Fi,Thriller']",6.0,28822,153,36945969.0,4152000.0,11.2,32793969.0,88.8,2018,ta,['India']
The Favourite (2018),0,119,"['Biography,Comedy,Drama']",7.5,245466,72,95918706.0,34366783.0,35.8,61551923.0,64.2,2018,en,"['Ireland', 'United Kingdom', 'United States of America']"
Transformers: Rise of the Beasts (2023),0,127,"['Action,Adventure,Sci-Fi']",6.0,118753,16,441381193.0,157066392.0,35.6,284314801.0,64.4,2023,en,['United States of America']
Ant-Man and the Wasp (2018),0,118,"['Action,Adventure,Comedy']",7.0,467366,11,622674139.0,216648740.0,34.8,406025399.0,65.2,2018,en,['United States of America']
Morbius (2022),0,104,"['Action,Adventure,Horror']",5.1,161560,29,167460961.0,73865530.0,44.1,93595431.0,55.9,2022,en,['United States of America']
Raya and the Last Dragon (2021),0,107,"['Action,Adventure,Animation']",7.3,178861,37,130423032.0,54723032.0,42.0,75700000.0,58.0,2021,en,['United States of America']
Mother! (2017),0,121,"['Drama,Horror,Mystery']",6.6,257730,131,44516999.0,17800004.0,40.0,26716995.0,60.0,2017,en,['United States of America']
Cold War 2 (2016),0,110,"['Action,Crime,Drama']",6.5,3243,78,103197501.0,560824.0,0.5,102636677.0,99.5,2016,cn,"['China', 'Hong Kong']"
The Secret Life of Pets 2 (2019),0,86,"['Adventure,Animation,Comedy']",6.4,72954,19,431164459.0,158980250.0,36.9,272184209.0,63.1,2019,en,['United States of America']
Minions: The Rise of Gru (2022),0,87,"['Adventure,Animation,Comedy']",6.5,96614,5,940203765.0,370270765.0,39.4,569933000.0,60.6,2022,en,['United States of America']
Dügün Dernek 2: Sünnet (2015),0,112,['Comedy'],6.3,11858,197,25836668.0,0.0,0.0,25836668.0,100.0,2015,tr,['Turkey']
Tini: The New Life of Violetta (2001),0,99,"['Adventure,Family,Music']",5.3,1375,181,8678476.0,0.0,0.0,8678476.0,100.0,2001,,[]
Annabelle: Creation (2017),0,109,"['Horror,Mystery,Thriller']",6.5,157638,31,306592201.0,102092201.0,33.3,204500000.0,66.7,2017,en,['United States of America']
The Dry (2021),0,117,"['Crime,Drama,Mystery']",6.8,36325,135,15576286.0,364237.0,2.3,15212049.0,97.7,2021,en,"['Australia', 'United Kingdom', 'United States of America']"
Mrs. Harris Goes to Paris (2022),0,115,"['Comedy,Drama']",7.1,33673,81,31182637.0,10433915.0,33.5,20748722.0,66.5,2022,en,"['Belgium', 'Canada', 'France', 'Hungary', 'United Kingdom']"
Escape Room (2019),0,81,"['Horror,Thriller']",4.2,14523,55,155712077.0,57005601.0,36.6,98706476.0,63.4,2019,en,['United States of America']
Ocean's Eight (2018),0,110,"['Action,Comedy,Crime']",6.3,250162,35,297718711.0,140218711.0,47.1,157500000.0,52.9,2018,en,['United States of America']
"Love, Simon (2018)",0,110,"['Comedy,Drama,Romance']",7.5,129820,106,66316289.0,40826341.0,61.6,25489948.0,38.4,2018,en,['United States of America']
The Girl in the Spider's Web (2018),0,115,"['Action,Adventure,Crime']",6.1,53667,156,35164920.0,14841338.0,42.2,20323582.0,57.8,2018,en,"['Germany', 'United Kingdom', 'United States of America']"
The Ministry of Ungentlemanly Warfare (2024),0,122,"['Action,Comedy,War']",6.8,128729,87,29715044.0,20535053.0,69.1,9179991.0,30.9,2024,en,"['United Kingdom', 'United States of America']"
Hotel Transylvania 3: Summer Vacation (2018),0,97,"['Adventure,Animation,Comedy']",6.3,91146,17,528583774.0,167510016.0,31.7,361073758.0,68.3,2018,en,['United States of America']
From Vegas to Macau III (2016),0,113,"['Comedy,Drama']",2.6,3381,50,181732879.0,0.0,0.0,181732879.0,100.0,2016,cn,"['China', 'Hong Kong']"
One Piece Film: Gold (2016),0,124,"['Action,Adventure,Animation']",7.1,7921,106,66207073.0,423593.0,0.6,65783480.0,99.4,2016,ja,['Japan']
Penny Pincher! (2016),0,89,['Comedy'],5.9,6343,200,22955486.0,0.0,0.0,22955486.0,100.0,2016,fr,"['France', 'Spain']"
No Manches Frida (2016),0,114,"['Comedy,Romance']",5.5,2838,195,23540937.0,11528613.0,49.0,12012324.0,51.0,2016,es,['Mexico']
Journey to the West: The Demons Strike Back (2017),0,109,"['Adventure,Comedy,Fantasy']",5.4,3743,39,247585244.0,880346.0,0.4,246704898.0,99.6,2017,zh,"['China', 'Hong Kong']"
Quo vado? (2016),0,86,['Comedy'],6.6,13128,100,75878701.0,0.0,0.0,75878701.0,100.0,2016,it,['Italy']
Detective Chinatown (2015),0,136,"['Action,Comedy,Mystery']",6.6,3685,59,125842935.0,474252.0,0.4,125368683.0,99.6,2015,zh,['China']
All the Money in the World (2017),0,132,"['Crime,Drama,History']",6.8,93553,108,56996304.0,25113707.0,44.1,31882597.0,55.9,2017,en,"['Italy', 'United States of America']"
Ex-Files 2: The Backup Strikes Back (2015),0,108,['Comedy'],4.5,238,157,39108291.0,0.0,0.0,39108291.0,100.0,2015,zh,['China']
Devil and Angel (2015),0,124,['Comedy'],4.1,356,77,98599942.0,131058.0,0.1,98468884.0,99.9,2015,zh,['China']
Your Name. (2016),0,106,"['Animation,Drama,Fantasy']",8.4,348075,22,357986087.0,5017246.0,1.4,352968841.0,98.6,2016,ja,['Japan']
Wish Upon (2017),0,90,"['Drama,Fantasy,Horror']",5.1,23962,194,23468586.0,14301505.0,60.9,9167081.0,39.1,2017,en,"['Canada', 'United States of America']"
A Silent Voice: The Movie (2016),0,130,"['Animation,Drama']",8.1,115382,165,30021659.0,310407.0,1.0,29711252.0,99.0,2016,ja,['Japan']
Boo! A Madea Halloween (2016),0,103,"['Comedy,Drama,Horror']",4.7,9616,101,74827344.0,73206343.0,97.8,1621001.0,2.2,2016,en,['United States of America']
Time Raiders (2016),0,124,"['Adventure,Fantasy']",4.8,915,61,145819137.0,0.0,0.0,145819137.0,100.0,2016,zh,"['China', 'Hong Kong']"
The Hurricane Heist (2018),0,103,"['Action,Adventure,Crime']",5.1,23006,160,32517248.0,6115825.0,18.8,26401423.0,81.2,2018,en,"['United Kingdom', 'United States of America']"
Wind River (2017),0,107,"['Crime,Drama,Mystery']",7.7,293172,132,43980821.0,33800859.0,76.9,10179962.0,23.1,2017,en,"['France', 'United Kingdom', 'United States of America']"
Mission Milano (2016),0,103,"['Action,Adventure,Comedy']",3.8,343,148,37749848.0,0.0,0.0,37749848.0,100.0,2016,cn,"['Hong Kong', 'China']"
Os Dez Mandamentos - O Filme (2016),0,120,"['Adventure,Drama,Fantasy']",3.1,1224,154,31998251.0,0.0,0.0,31998251.0,100.0,2016,pt,"['Brazil', 'Morocco']"
F9: The Fast Saga (2021),0,143,"['Action,Crime,Thriller']",5.2,169517,5,726229501.0,173005945.0,23.8,553223556.0,76.2,2021,en,['United States of America']
Fast X (2023),0,141,"['Action,Adventure,Crime']",5.7,131383,5,704875015.0,146126015.0,20.7,558749000.0,79.3,2023,en,['United States of America']
Logan Lucky (2017),0,118,"['Action,Comedy,Crime']",7.0,169518,117,48453605.0,27780977.0,57.3,20672628.0,42.7,2017,en,['United States of America']
A Violent Prosecutor (2015),0,126,"['Action,Comedy,Crime']",6.7,3590,104,66736633.0,0.0,0.0,66736633.0,100.0,2015,,[]
Judwaa 2 (2017),0,145,"['Action,Comedy,Romance']",3.7,12084,173,28733523.0,1431255.0,5.0,27302268.0,95.0,2017,hi,['India']
Hotel Mumbai (2019),0,123,"['Action,Drama,History']",7.6,74886,192,21314816.0,9651611.0,45.3,11663205.0,54.7,2019,en,"['Australia', 'India', 'Singapore', 'United States of America', 'Indonesia']"
The Big Sick (2017),0,120,"['Comedy,Drama,Romance']",7.5,146473,109,56411585.0,42873127.0,76.0,13538458.0,24.0,2017,en,['United States of America']
Deadpool 2 (2018),0,119,"['Action,Adventure,Comedy']",7.6,703144,9,734546611.0,318491426.0,43.4,416055185.0,56.6,2018,en,['United States of America']
Boonie Bears: The Big Top Secret (2016),0,99,['Animation'],4.9,248,135,45150390.0,0.0,0.0,45150390.0,100.0,2016,zh,[]
"Yôkai Watch: the Movie: The Flying Whale and the Grand Adventure of the Double Worlds, Meow! (2016)",0,99,"['Animation,Comedy,Family']",6.3,98,173,28110245.0,0.0,0.0,28110245.0,100.0,2016,,[]
League of Gods (2016),0,109,"['Action,Fantasy']",4.5,3057,137,43498766.0,181633.0,0.4,43317133.0,99.6,2016,zh,"['China', 'Hong Kong']"
Welcome to Germany (2016),0,116,"['Comedy,Drama']",6.2,5708,174,28036021.0,0.0,0.0,28036021.0,100.0,2016,de,['Germany']
Spirits' Homecoming (2016),0,127,['Drama'],6.7,584,192,23857217.0,125616.0,0.5,23731601.0,99.5,2016,ko,['South Korea']
The Nutcracker and the Four Realms (2018),0,99,"['Adventure,Family,Fantasy']",5.6,38820,49,173961069.0,54858851.0,31.5,119102218.0,68.5,2018,en,['United States of America']
Killers of the Flower Moon (2023),0,206,"['Crime,Drama,History']",7.6,275213,43,158764012.0,68026901.0,42.8,90737111.0,57.2,2023,en,['United States of America']
Sword Art Online the Movie: Ordinal Scale (2017),0,119,"['Action,Adventure,Animation']",7.3,9406,171,29322339.0,1522976.0,5.2,27799363.0,94.8,2017,ja,['Japan']
Doraemon the Movie: Nobita and the Birth of Japan (2016),0,104,"['Adventure,Animation,Comedy']",6.7,1130,123,50939840.0,0.0,0.0,50939840.0,100.0,2016,ja,['Japan']
When Larry Meets Mary (2016),0,0,"['Comedy,Romance']",4.8,154,176,27863090.0,0.0,0.0,27863090.0,100.0,2016,,[]
Wish Dragon (2021),0,98,"['Adventure,Animation,Comedy']",7.2,35611,113,21120000.0,0.0,0.0,21120000.0,100.0,2021,en,"['China', 'United States of America']"
The Good Liar (2019),0,109,"['Crime,Drama,Mystery']",6.7,51046,147,33856058.0,17156058.0,50.7,16700000.0,49.3,2019,en,"['Canada', 'United Kingdom', 'United States of America']"
"I, Tonya (2017)",0,119,"['Biography,Comedy,Drama']",7.5,251219,113,53939297.0,30014539.0,55.6,23924758.0,44.4,2017,en,['United States of America']
The Hate U Give (2018),0,133,"['Crime,Drama']",7.5,41843,157,34934009.0,29719483.0,85.1,5214526.0,14.9,2018,en,['United States of America']
All About Me (2018),0,100,"['Biography,Comedy,Drama']",7.3,5257,161,31920159.0,0.0,0.0,31920159.0,100.0,2018,de,['Germany']
The Beguiled (2017),0,93,"['Drama,History,Thriller']",6.3,64345,177,27869129.0,10709995.0,38.4,17159134.0,61.6,2017,en,['United States of America']
Chongqing Hot Pot (2016),0,94,"['Comedy,Crime,Thriller']",6.6,1451,111,58106427.0,779818.0,1.3,57326609.0,98.7,2016,zh,['China']
Night School (2018),0,85,['Documentary'],7.1,174,66,103105878.0,77339130.0,75.0,25766748.0,25.0,2018,en,['United States of America']
Confidential Assignment (2017),0,124,"['Action,Comedy,Drama']",6.7,4860,110,55972241.0,475618.0,0.8,55496623.0,99.2,2017,ko,['South Korea']
Doctor Sleep (2019),0,152,"['Drama,Fantasy,Horror']",7.3,229651,92,72381712.0,31581712.0,43.6,40800000.0,56.4,2019,en,['United States of America']
Battle of Memories (2017),0,119,"['Fantasy,Mystery,Sci-Fi']",6.4,1255,133,43892362.0,594552.0,1.4,43297810.0,98.6,2017,zh,['China']
Flight Crew (2016),0,138,"['Action,Adventure,Drama']",6.6,6230,169,29171110.0,0.0,0.0,29171110.0,100.0,2016,ru,"['Cambodia', 'Russia']"
Alibi.com (2017),0,89,"['Comedy,Romance']",6.5,10647,170,29370592.0,0.0,0.0,29370592.0,100.0,2017,fr,['France']
Daddy's Home 2 (2017),0,100,['Comedy'],6.0,87404,52,180613180.0,104029443.0,57.6,76583737.0,42.4,2017,en,['United States of America']
Goosebumps 2: Haunted Halloween (2018),0,90,"['Adventure,Comedy,Fantasy']",5.6,24775,78,93320380.0,46700633.0,50.0,46619747.0,50.0,2018,en,"['United Kingdom', 'United States of America']"
The First Omen (2024),0,119,['Horror'],6.5,62359,51,53845880.0,20092802.0,37.3,33753078.0,62.7,2024,en,['United States of America']
Slender Man (2018),0,93,"['Horror,Mystery,Thriller']",3.3,40142,120,51738549.0,30569484.0,59.1,21169065.0,40.9,2018,en,['United States of America']
Show Dogs (2018),0,92,"['Adventure,Comedy,Crime']",4.0,5174,146,39156854.0,17857020.0,45.6,21299834.0,54.4,2018,en,"['United Kingdom', 'United States of America']"
Detective Conan: Crimson Love Letter (2017),0,112,"['Action,Adventure,Animation']",6.5,1767,94,63144805.0,0.0,0.0,63144805.0,100.0,2017,ja,['Japan']
Cats (2019),0,110,"['Comedy,Drama,Family']",2.8,57301,89,75558925.0,27166770.0,36.0,48392155.0,64.0,2019,en,"['China', 'United Kingdom', 'United States of America']"
Train to Busan (2016),0,118,"['Action,Horror,Thriller']",7.6,278934,84,92742323.0,2129768.0,2.3,90612555.0,97.7,2016,ko,['South Korea']
Son of Bigfoot (2017),0,92,"['Adventure,Animation,Comedy']",6.1,8470,122,47046281.0,289308.0,0.6,46756973.0,99.4,2017,en,"['Belgium', 'France', 'United States of America']"
Cold Pursuit (2019),0,119,"['Action,Comedy,Crime']",6.2,81308,88,76419755.0,32138862.0,42.1,44280893.0,57.9,2019,en,"['Canada', 'France', 'Norway', 'United Kingdom', 'United States of America']"
Insidious: The Last Key (2018),0,103,"['Horror,Mystery,Thriller']",5.7,75079,50,167885588.0,67745330.0,40.4,100140258.0,59.6,2018,en,['United States of America']
Call Me by Your Name (2017),0,132,"['Drama,Romance']",7.8,335042,137,42142738.0,18095701.0,42.9,24047037.0,57.1,2017,en,"['Brazil', 'France', 'Italy', 'United States of America']"
Uncut Gems (2019),0,135,"['Crime,Drama,Thriller']",7.4,331573,117,50023780.0,50023780.0,100.0,0.0,0.0,2019,en,['United States of America']
The Possession of Hannah Grace (2018),0,86,"['Horror,Mystery,Thriller']",5.2,27603,136,43016528.0,14837422.0,34.5,28179106.0,65.5,2018,en,['United States of America']
R.A.I.D. Special Unit (2017),0,105,"['Action,Comedy,Crime']",5.6,4698,155,34598750.0,0.0,0.0,34598750.0,100.0,2017,fr,['France']
Hindi Medium (2017),0,132,"['Comedy,Drama']",7.8,33305,160,32841493.0,0.0,0.0,32841493.0,100.0,2017,hi,['India']
Underwater (2020),0,95,"['Action,Horror,Sci-Fi']",5.9,102259,40,40882928.0,17291078.0,42.3,23591850.0,57.7,2020,en,['United States of America']
Phantom Thread (2017),0,130,"['Drama,Romance']",7.4,150454,120,47756590.0,21198205.0,44.4,26558385.0,55.6,2017,en,"['United States of America', 'China']"
The Garfield Movie (2024),0,101,"['Adventure,Animation,Comedy']",5.7,22934,21,234572723.0,91956547.0,39.2,142616176.0,60.8,2024,en,"['Hong Kong', 'United Kingdom', 'United States of America']"
Gintama Live Action the Movie (2017),0,131,"['Action,Adventure,Comedy']",6.1,2833,127,45746967.0,0.0,0.0,45746967.0,100.0,2017,,[]
Bleeding Steel (2017),0,109,"['Action,Sci-Fi,Thriller']",5.2,11442,116,48825526.0,0.0,0.0,48825526.0,100.0,2017,zh,"['China', 'Hong Kong']"
Spies in Disguise (2019),0,102,"['Action,Adventure,Animation']",6.8,59536,52,171616764.0,66757013.0,38.9,104859751.0,61.1,2019,en,['United States of America']
Victoria & Abdul (2017),0,111,"['Biography,Comedy,Drama']",6.8,39092,92,66558465.0,22245070.0,33.4,44313395.0,66.6,2017,en,"['India', 'United Kingdom', 'United States of America']"
Paddington in Peru (2024),0,106,"['Adventure,Comedy,Family']",6.8,10605,57,48960581.0,0.0,0.0,48960581.0,100.0,2024,en,"['Japan', 'United Kingdom', 'France']"
Europe Raiders (2018),0,101,"['Action,Comedy,Crime']",4.7,546,198,22435156.0,0.0,0.0,22435156.0,100.0,2018,cn,"['China', 'Hong Kong', 'Italy']"
Moonfall (2022),0,130,"['Action,Adventure,Sci-Fi']",5.2,105515,56,67319703.0,19060660.0,28.3,48234703.0,71.7,2022,en,"['Hong Kong', 'United Kingdom', 'United States of America']"
Call of Heroes (2016),0,120,"['Action,Adventure,Crime']",6.4,2638,183,25040561.0,0.0,0.0,25040561.0,100.0,2016,cn,"['China', 'Hong Kong']"
Shock Wave (2017),0,119,"['Action,Crime,Thriller']",6.3,4206,106,58824459.0,0.0,0.0,58824459.0,100.0,2017,cn,"['China', 'Hong Kong']"
Ralph Breaks the Internet (2018),0,112,"['Adventure,Animation,Comedy']",7.0,192449,15,529323962.0,201091711.0,38.0,328232251.0,62.0,2018,en,['United States of America']
The Adventurers (2017),0,108,"['Action,Adventure,Crime']",5.6,3462,148,36796816.0,216556.0,0.6,36580260.0,99.4,2017,cn,"['China', 'Czech Republic', 'Hong Kong', 'United States of America']"
Last Christmas (2019),0,0,['Comedy'],5.0,15,62,123446172.0,35150750.0,28.5,88295422.0,71.5,2019,en,"['United Kingdom', 'United States of America']"
Pokémon: Detective Pikachu (2019),0,104,"['Adventure,Comedy,Family']",6.5,189314,18,433305346.0,144105346.0,33.3,289200000.0,66.7,2019,en,"['Japan', 'United States of America']"
Plane (2023),0,107,"['Action,Adventure,Thriller']",6.5,88761,65,74515586.0,32111181.0,43.1,42404405.0,56.9,2023,en,"['United Kingdom', 'United States of America']"
Line Walker (2016),0,109,"['Action,Crime,Mystery']",6.0,1677,87,88228755.0,0.0,0.0,88228755.0,100.0,2016,cn,"['China', 'Hong Kong']"
Doraemon: Great Adventure in the Antarctic Kachi Kochi (2017),0,101,"['Adventure,Animation,Comedy']",6.7,1410,100,61153455.0,0.0,0.0,61153455.0,100.0,2017,ja,['Japan']
I Am Not Madame Bovary (2016),0,128,"['Comedy,Drama']",6.9,2553,104,70826207.0,436798.0,0.6,70389409.0,99.4,2016,zh,['China']
Padmaavat (2018),0,163,"['Drama,History,Romance']",7.1,38496,196,22991060.0,11846060.0,51.5,11145000.0,48.5,2018,hi,['India']
Love Off the Cuff (2017),0,121,"['Comedy,Drama,Romance']",6.5,1138,185,25959989.0,0.0,0.0,25959989.0,100.0,2017,cn,"['China', 'Hong Kong']"
Tiger Zinda Hai (2017),0,161,"['Action,Adventure,Thriller']",5.9,34984,82,87320000.0,5560921.0,6.4,81759079.0,93.6,2017,hi,"['Austria', 'India']"
Knives Out (2019),0,90,['Drama'],5.9,77,29,312897920.0,165363234.0,52.8,147534686.0,47.2,2019,en,['United States of America']
The Battleship Island (2017),0,132,"['Action,Drama,History']",7.1,8931,125,46183383.0,1104957.0,2.4,45078426.0,97.6,2017,ko,['South Korea']
Thugs of Hindostan (2018),0,164,"['Action,Adventure']",4.1,22402,144,39570044.0,1449848.0,3.7,38120196.0,96.3,2018,hi,"['India', 'Malta', 'Thailand']"
Jolly LLB 2 (2017),0,137,"['Comedy,Crime,Drama']",7.2,28036,192,24214186.0,1654254.0,6.8,22559932.0,93.2,2017,hi,['India']
Three Seconds (2017),0,133,"['Biography,Drama,Sport']",6.7,5608,123,46596415.0,0.0,0.0,46596415.0,100.0,2017,ru,['Russia']
S Storm (2016),0,95,"['Action,Crime']",5.1,834,163,30381402.0,0.0,0.0,30381402.0,100.0,2016,cn,"['China', 'Hong Kong']"
Diary of a Wimpy Kid: The Long Haul (2017),0,91,"['Adventure,Comedy,Family']",4.3,11636,142,40140972.0,20738724.0,51.7,19402248.0,48.3,2017,en,['United States of America']
Chasing the Dragon (2017),0,128,"['Action,Biography,Crime']",6.7,4731,81,87965942.0,456854.0,0.5,87509088.0,99.5,2017,cn,"['Hong Kong', 'China']"
Épouse-moi mon pote (2017),0,92,"['Comedy,Romance']",6.1,4394,198,21571464.0,0.0,0.0,21571464.0,100.0,2017,fr,['France']
Operation Mekong (2016),0,123,"['Action,Adventure,Crime']",6.5,5488,53,173839072.0,800012.0,0.5,173039060.0,99.5,2016,zh,"['Hong Kong', 'China']"
I Belonged to You (2016),0,112,"['Drama,Romance']",5.5,667,69,119107580.0,744541.0,0.6,118363039.0,99.4,2016,zh,['China']
The Protégé (2021),0,109,"['Action,Thriller']",6.1,40258,181,8737253.0,7446823.0,85.2,1290430.0,14.8,2021,en,"['Bulgaria', 'Romania', 'United Kingdom', 'United States of America']"
The Menu (2022),0,90,"['Crime,Drama']",6.2,196,49,79628200.0,38501125.0,48.4,41127075.0,51.6,2022,en,['United States of America']
Love O2O (2016),0,103,"['Drama,Romance']",6.4,1268,141,39969537.0,0.0,0.0,39969537.0,100.0,2016,zh,['China']
The Angry Birds Movie 2 (2019),0,97,"['Action,Adventure,Animation']",6.4,38045,57,147792047.0,41667116.0,28.2,106124931.0,71.8,2019,en,"['Finland', 'United States of America']"
The Lion King (2019),0,118,"['Adventure,Animation,Drama']",6.8,279447,2,1656943394.0,543638043.0,32.8,1113305351.0,67.2,2019,en,['United States of America']
Late Night (2019),0,102,"['Comedy,Drama']",6.5,41958,188,22386555.0,15499454.0,69.2,6887101.0,30.8,2019,en,['United States of America']
Secret Superstar (2017),0,150,"['Drama,Music']",7.8,30669,69,122026260.0,0.0,0.0,122026260.0,100.0,2017,hi,['India']
Antlers (2021),0,0,"['Comedy,Drama,Fantasy']",5.3,9,122,18867659.0,10619670.0,56.3,8247989.0,43.7,2021,en,['United States of America']
The First Purge (2018),0,97,"['Action,Horror,Sci-Fi']",5.2,74731,55,137056262.0,69488745.0,50.7,67567517.0,49.3,2018,en,['United States of America']
Once Upon A Time (2017),0,109,"['Action,Adventure,Drama']",5.1,1647,86,82886178.0,485728.0,0.6,82400450.0,99.4,2017,it,"['Italy', 'United States of America']"
John Wick: Chapter 3 - Parabellum (2019),0,130,"['Action,Crime,Thriller']",7.4,447058,27,327777335.0,171015687.0,52.2,156761648.0,47.8,2019,en,['United States of America']
Buddies in India (2017),0,99,"['Action,Comedy']",3.8,419,73,110155128.0,293194.0,0.3,109861934.0,99.7,2017,zh,['China']
Legend of the Demon Cat (2017),0,129,"['Adventure,Drama,Family']",6.2,3162,79,97051623.0,0.0,0.0,97051623.0,100.0,2017,zh,"['China', 'Hong Kong', 'Japan']"
Wonka (2023),0,116,"['Adventure,Comedy,Family']",7.0,172460,8,634402312.0,218402312.0,34.4,416000000.0,65.6,2023,en,"['United Kingdom', 'United States of America']"
Mr. Donkey (2016),0,113,['Comedy'],7.4,2296,180,25537759.0,356255.0,1.4,25181504.0,98.6,2016,zh,['China']
Monster Hunt 2 (2018),0,110,"['Adventure,Comedy,Fantasy']",5.4,2137,29,361682618.0,706153.0,0.2,360976465.0,99.8,2018,zh,"['China', 'Hong Kong']"
Luck-Key (2016),0,112,"['Action,Comedy,Crime']",6.9,3331,127,48913975.0,466505.0,1.0,48447470.0,99.0,2016,ko,['South Korea']
The Last Warrior (2017),0,114,"['Action,Adventure,Comedy']",6.4,3667,165,30618274.0,0.0,0.0,30618274.0,100.0,2017,ru,['Russia']
Smallfoot (2018),0,96,"['Adventure,Animation,Comedy']",6.6,44004,41,217940103.0,83240103.0,38.2,134700000.0,61.8,2018,en,['United States of America']
Angel Has Fallen (2019),0,121,"['Action,Thriller']",6.4,116003,58,146661977.0,69030436.0,47.1,77631541.0,52.9,2019,en,['United States of America']
A Shaun the Sheep Movie: Farmageddon (2019),0,86,"['Adventure,Animation,Comedy']",6.8,16393,133,43100248.0,0.0,0.0,43100248.0,100.0,2019,en,"['France', 'United Kingdom']"
Boo 2! A Madea Halloween (2017),0,101,"['Comedy,Drama,Horror']",4.0,5444,118,48333932.0,47319572.0,97.9,1014360.0,2.1,2017,en,['United States of America']
Don't Breathe 2 (2021),0,98,"['Action,Crime,Horror']",6.0,76686,63,53785551.0,32712950.0,60.8,21072601.0,39.2,2021,en,['United States of America']
Deadpool & Wolverine (2024),0,128,"['Action,Adventure,Comedy']",7.6,468848,2,1338073645.0,636745858.0,47.6,701327787.0,52.4,2024,en,['United States of America']
Free Guy (2021),0,115,"['Action,Adventure,Comedy']",7.1,455239,14,331526598.0,121626598.0,36.7,209900000.0,63.3,2021,en,['United States of America']
The Bride of Badrinath (2017),0,139,"['Comedy,Drama,Romance']",6.1,14035,183,26134309.0,1993259.0,7.6,24141050.0,92.4,2017,,[]
Brahmastra Part One: Shiva (2022),0,167,"['Action,Adventure,Fantasy']",5.6,113572,66,50164785.0,7839108.0,15.6,42325677.0,84.4,2022,hi,['India']
The 8-Year Engagement (2017),0,119,"['Drama,Romance']",7.0,1151,191,24425963.0,0.0,0.0,24425963.0,100.0,2017,ja,['Japan']
Spider-Man: Far from Home (2019),0,129,"['Action,Adventure,Comedy']",7.4,587594,4,1131927996.0,390532085.0,34.5,741395911.0,65.5,2019,en,['United States of America']
The Suicide Squad (2021),0,132,"['Action,Adventure,Comedy']",7.2,428205,25,168717425.0,55817425.0,33.1,112900000.0,66.9,2021,en,['United States of America']
Mary and the Witch's Flower (2017),0,103,"['Adventure,Animation,Family']",6.8,17819,138,41978431.0,2418404.0,5.8,39560027.0,94.2,2017,ja,['Japan']
Creed II (2018),0,130,"['Action,Drama,Sport']",7.1,160969,42,214215889.0,115715889.0,54.0,98500000.0,46.0,2018,en,['United States of America']
A Quiet Place (2018),0,80,['Documentary'],7.1,52,32,340939361.0,188024361.0,55.1,152915000.0,44.9,2018,en,['United States of America']
Missing Link (2019),0,93,"['Adventure,Animation,Comedy']",6.7,29656,168,26565710.0,16649539.0,62.7,9916171.0,37.3,2019,en,['United States of America']
A Bad Moms Christmas (2017),0,104,['Comedy'],5.6,60288,65,130560428.0,72110659.0,55.2,58449769.0,44.8,2017,en,['United States of America']
Bombshell (2019),0,109,"['Biography,Drama']",6.8,130835,102,61404394.0,31762808.0,51.7,29641586.0,48.3,2019,en,"['Canada', 'United States of America']"
Downton Abbey (2019),0,122,"['Drama,Romance']",7.4,66286,44,194694725.0,96853865.0,49.7,97840860.0,50.3,2019,en,"['United Kingdom', 'United States of America']"
Some Like It Hot (2016),0,116,['Comedy'],5.6,1234,80,95721752.0,100026.0,0.1,95621726.0,99.9,2016,en,['United States of America']
Wonder Park (2019),0,85,"['Adventure,Animation,Comedy']",5.9,13017,68,119559110.0,45216793.0,37.8,74342317.0,62.2,2019,en,"['Spain', 'United States of America']"
The Personal History of David Copperfield (2020),0,119,"['Comedy,Drama']",6.4,23218,84,14399270.0,1876298.0,13.0,12522972.0,87.0,2020,en,"['United Kingdom', 'United States of America']"
Recep Ivedik 5 (2017),0,114,['Comedy'],3.4,18616,172,28952258.0,0.0,0.0,28952258.0,100.0,2017,tr,['Turkey']
Black Adam (2022),0,125,"['Action,Adventure,Fantasy']",6.2,288008,15,393452111.0,168152111.0,42.7,225300000.0,57.3,2022,en,['United States of America']
I Can Only Imagine (2018),0,110,"['Biography,Drama,Family']",7.3,19283,85,86086881.0,83482352.0,97.0,2604529.0,3.0,2018,en,['United States of America']
Terminator: Dark Fate (2019),0,128,"['Action,Adventure,Sci-Fi']",6.2,201934,30,261119292.0,62253077.0,23.8,198866215.0,76.2,2019,en,"['China', 'Hungary', 'Spain', 'United States of America']"
Sanju (2018),0,155,"['Biography,Comedy,Drama']",7.6,63714,94,76693052.0,7909317.0,10.3,68783735.0,89.7,2018,hi,"['India', 'United States of America']"
Bhool Bhulaiyaa 2 (2022),0,143,"['Comedy,Horror']",5.7,35091,116,18307258.0,0.0,0.0,18307258.0,100.0,2022,hi,['India']
Duckweed (2017),0,102,"['Comedy,Drama,Fantasy']",6.4,1707,58,152894264.0,471575.0,0.3,152422689.0,99.7,2017,zh,['China']
The Monkey King 3 (2018),0,114,"['Action,Adventure,Family']",5.5,1915,63,115084576.0,187074.0,0.2,114897502.0,99.8,2018,zh,"['China', 'Hong Kong']"
Sing 2 (2021),0,110,"['Adventure,Animation,Comedy']",7.3,94296,10,408402685.0,162790990.0,39.9,245611695.0,60.1,2021,en,['United States of America']
Suck Me Shakespeer 3 (2017),0,120,['Comedy'],5.4,7855,93,64236772.0,0.0,0.0,64236772.0,100.0,2017,de,['Germany']
Five Feet Apart (2019),0,116,"['Drama,Romance']",7.2,89522,80,92554209.0,45729221.0,49.4,46824988.0,50.6,2019,en,['United States of America']
Monster Hunter (2020),0,103,"['Action,Adventure,Fantasy']",5.2,70556,39,42145959.0,15162470.0,36.0,26983489.0,64.0,2020,en,"['China', 'Germany', 'Japan', 'United Kingdom']"
1987: When the Day Comes (2017),0,129,"['Drama,History,Thriller']",7.7,7347,114,53834292.0,0.0,0.0,53834292.0,100.0,2017,ko,['South Korea']
Destiny: The Tale of Kamakura (2017),0,129,"['Crime,Drama,Fantasy']",6.6,1446,152,35166640.0,0.0,0.0,35166640.0,100.0,2017,ja,['Japan']
Migration (2023),0,83,"['Adventure,Animation,Comedy']",6.6,38783,24,299863204.0,127306285.0,42.5,172556919.0,57.5,2023,en,['United States of America']
Fighting with My Family (2019),0,108,"['Biography,Comedy,Drama']",7.0,90256,134,41503392.0,22958886.0,55.3,18544506.0,44.7,2019,en,"['United Kingdom', 'United States of America']"
Immortal Demon Slayer (2017),0,123,"['Action,Adventure,Family']",5.9,2069,75,103818506.0,0.0,0.0,103818506.0,100.0,2017,zh,['China']
Serial (Bad) Weddings 2 (2019),0,99,"['Comedy,Drama']",6.1,10218,84,87761988.0,0.0,0.0,87761988.0,100.0,2019,fr,['France']
The Queen's Corgi (2019),0,85,"['Animation,Comedy,Family']",4.9,8136,143,35515687.0,0.0,0.0,35515687.0,100.0,2019,en,"['Belgium', 'France']"
X-Men: Dark Phoenix (2019),0,113,"['Action,Adventure,Sci-Fi']",5.7,215991,35,252442974.0,65845974.0,26.1,186597000.0,73.9,2019,en,['United States of America']
Ainbo (2021),0,84,"['Adventure,Animation,Comedy']",4.9,2396,167,10172403.0,0.0,0.0,10172403.0,100.0,2021,en,['Peru']
Monster Family (2017),0,93,"['Animation,Comedy,Family']",4.8,5617,176,27890108.0,127259.0,0.5,27762849.0,99.5,2017,en,"['United Kingdom', 'Germany']"
The Boy and the Heron (2023),0,124,"['Adventure,Animation,Drama']",7.4,89979,41,172766713.0,46832867.0,27.1,125933846.0,72.9,2023,ja,['Japan']
Trolls World Tour (2020),0,91,"['Adventure,Animation,Comedy']",6.1,30640,30,49276818.0,450000.0,0.9,48826818.0,99.1,2020,en,"['Japan', 'United States of America']"
Hichki (2018),0,116,"['Comedy,Drama']",7.5,14396,183,26055222.0,330279.0,1.3,25724943.0,98.7,2018,hi,['India']
The Prison (2017),0,125,"['Action,Crime']",6.5,2266,199,21205329.0,207481.0,1.0,20997848.0,99.0,2017,en,"['United Kingdom', 'United States of America']"
Pokémon the Movie: I Choose You! (2017),0,98,"['Action,Adventure,Animation']",6.3,7779,146,37552144.0,2401722.0,6.4,35150422.0,93.6,2017,ja,['Japan']
Bad Times at the El Royale (2018),0,141,"['Crime,Drama,Mystery']",7.1,171289,162,31882724.0,17839115.0,56.0,14043609.0,44.0,2018,en,['United States of America']
Crazy Alien (2019),0,116,"['Comedy,Sci-Fi']",5.8,1691,28,327598891.0,0.0,0.0,327598891.0,100.0,2019,zh,['China']
The Spy Who Dumped Me (2018),0,117,"['Action,Adventure,Comedy']",6.0,84619,99,75320680.0,33562069.0,44.6,41758611.0,55.4,2018,en,['United States of America']
Dolittle (2020),0,101,"['Adventure,Comedy,Family']",5.6,73648,7,251410631.0,77047065.0,30.6,174363566.0,69.4,2020,en,"['China', 'United States of America']"
Mavka: The Forest Song (2023),0,99,"['Adventure,Animation,Comedy']",6.6,6509,138,17974964.0,0.0,0.0,17974964.0,100.0,2023,uk,['Ukraine']
Extraordinary Mission (2017),0,117,"['Action,Crime']",6.2,920,196,22757764.0,54174.0,0.2,22703590.0,99.8,2017,zh,"['China', 'Hong Kong']"
Everything Everywhere All at Once (2022),0,139,"['Action,Adventure,Comedy']",7.8,570938,34,139407019.0,77191785.0,55.4,62215234.0,44.6,2022,en,['United States of America']
The Super Mario Bros. Movie (2023),0,92,"['Adventure,Animation,Comedy']",7.0,260753,2,1360847665.0,574934330.0,42.2,785913335.0,57.8,2023,en,"['Japan', 'United States of America']"
Tenet (2020),0,150,"['Action,Sci-Fi,Thriller']",7.3,622444,5,365304105.0,58504105.0,16.0,306800000.0,84.0,2020,en,"['United Kingdom', 'United States of America']"
Steel Rain (2017),0,139,"['Action,Drama,Thriller']",7.1,6865,161,32783733.0,0.0,0.0,32783733.0,100.0,2017,ko,['South Korea']
This Is Not What I Expected (2017),0,106,"['Comedy,Drama,Romance']",6.7,1922,164,30996615.0,337670.0,1.1,30658945.0,98.9,2017,zh,['China']
I Feel Pretty (2018),0,110,"['Comedy,Romance']",5.7,58586,75,94539426.0,48795601.0,51.6,45743825.0,48.4,2018,en,"['China', 'United States of America']"
Guardians of the Galaxy Vol. 3 (2023),0,150,"['Action,Adventure,Comedy']",7.9,417543,4,845555777.0,358995815.0,42.5,486559962.0,57.5,2023,en,['United States of America']
The 15:17 to Paris (2018),0,94,"['Biography,Drama,Thriller']",5.3,36274,114,57176286.0,36276286.0,63.4,20900000.0,36.6,2018,en,['United States of America']
Fast & Furious Presents: Hobbs & Shaw (2019),0,137,"['Action,Adventure,Thriller']",6.5,245704,11,760732926.0,173956935.0,22.9,586775991.0,77.1,2019,en,['United States of America']
The Kid Who Would Be King (2019),0,120,"['Action,Adventure,Family']",6.1,19461,156,32140970.0,16790790.0,52.2,15350180.0,47.8,2019,en,['United Kingdom']
The Thousand Faces of Dunjia (2017),0,113,"['Action,Adventure,Fantasy']",5.4,1459,124,46263237.0,124187.0,0.3,46139050.0,99.7,2017,zh,"['China', 'Hong Kong']"
Baaghi 2 (2018),0,137,"['Action,Drama,Thriller']",4.8,12105,159,33139063.0,1319579.0,4.0,31819484.0,96.0,2018,hi,"['India', 'Thailand']"
The King's Man (2021),0,131,"['Action,Adventure,Thriller']",6.3,184442,39,125897478.0,37176373.0,29.5,88721105.0,70.5,2021,en,"['United Kingdom', 'United States of America']"
Fantastica: A Boonie Bears Adventure (2017),0,89,"['Action,Adventure,Animation']",5.6,294,89,77151096.0,0.0,0.0,77151096.0,100.0,2017,zh,['China']
Killing for the Prosecution (2018),0,123,['Mystery'],6.3,1053,191,23929620.0,0.0,0.0,23929620.0,100.0,2018,ja,['Japan']
Family is Family (2018),0,107,['Comedy'],5.8,4761,125,49954866.0,0.0,0.0,49954866.0,100.0,2018,fr,['France']
Detective Dee: The Four Heavenly Kings (2018),0,132,"['Action,Adventure,Drama']",6.3,3153,82,90040771.0,262963.0,0.3,89777808.0,99.7,2018,zh,"['China', 'Hong Kong']"
A Taxi Driver (2017),0,137,"['Action,Drama,History']",7.9,34418,83,86252940.0,1527829.0,1.8,84725111.0,98.2,2017,ko,['South Korea']
News of the World (2020),0,118,"['Action,Adventure,Drama']",6.8,97969,93,12668325.0,12668325.0,100.0,0.0,0.0,2020,en,['United States of America']
Operation Red Sea (2018),0,142,"['Action,Drama,Thriller']",6.6,8224,13,579330426.0,1543547.0,0.3,577786879.0,99.7,2018,zh,"['China', 'Hong Kong', 'Morocco']"
Sound of Hope: The Story of Possum Trot (2024),0,130,['Drama'],7.2,1946,145,11721425.0,11647099.0,99.4,74326.0,0.6,2024,en,['United States of America']
Mirai (2018),0,98,"['Adventure,Animation,Drama']",7.0,18853,174,28756961.0,812794.0,2.8,27944167.0,97.2,2018,ja,['Japan']
The Marksman (2021),0,108,"['Action,Drama,Thriller']",5.7,45735,105,23076711.0,15566093.0,67.5,7510618.0,32.5,2021,en,['United States of America']
Sky Hunter (2017),0,115,"['Action,Drama,Romance']",5.6,1762,119,48065601.0,0.0,0.0,48065601.0,100.0,2017,zh,['China']
Mamma Mia! Here We Go Again (2018),0,114,"['Comedy,Musical,Romance']",6.6,114341,23,395044706.0,120634935.0,30.5,274409771.0,69.5,2018,en,"['United Kingdom', 'United States of America']"
Resident Evil: Welcome to Raccoon City (2021),0,107,"['Action,Horror,Sci-Fi']",5.2,67616,74,41914915.0,17000612.0,40.6,24914303.0,59.4,2021,en,"['France', 'Germany', 'United States of America']"
Johnny English Strikes Again (2018),0,89,"['Action,Adventure,Comedy']",6.2,86611,52,158970776.0,4412170.0,2.8,154558606.0,97.2,2018,en,"['United Kingdom', 'United States of America']"
The Great Battle (2018),0,136,"['Action,Drama,History']",7.0,6362,139,41509280.0,472166.0,1.1,41037114.0,98.9,2018,ko,['South Korea']
The Boss Baby: Family Business (2021),0,107,"['Adventure,Animation,Comedy']",5.9,24104,32,146745280.0,57300280.0,39.0,89445000.0,61.0,2021,en,['United States of America']
Green Book (2018),0,130,"['Biography,Comedy,Drama']",8.2,622119,33,321752656.0,85080171.0,26.4,236672485.0,73.6,2018,en,['United States of America']
Creation of the Gods I: Kingdom of Storms (2023),0,148,"['Adventure,Drama,Fantasy']",6.7,5358,21,373021923.0,1706355.0,0.5,371315568.0,99.5,2023,zh,['China']
The Accidental Detective 2: In Action (2018),0,116,"['Action,Comedy,Crime']",6.5,925,190,24243825.0,179045.0,0.7,24064780.0,99.3,2018,ko,['South Korea']
A Simple Favor (2018),0,117,"['Comedy,Crime,Mystery']",6.8,173901,69,97644617.0,53548586.0,54.8,44096031.0,45.2,2018,en,"['Canada', 'United States of America']"
A Madea Family Funeral (2019),0,109,"['Comedy,Drama']",4.7,5255,90,74747725.0,73257045.0,98.0,1490680.0,2.0,2019,en,['United States of America']
Brotherhood of Blades 2 (2017),0,120,"['Action,Adventure,Drama']",6.6,2333,143,39966092.0,14204.0,0.0,39951888.0,100.0,2017,zh,['China']
Midnight Runners (2017),0,109,"['Action,Comedy']",7.3,10624,144,39730433.0,0.0,0.0,39730433.0,100.0,2017,ko,['South Korea']
The Magic Tuche (2018),0,95,['Comedy'],4.7,1575,127,47427990.0,0.0,0.0,47427990.0,100.0,2018,fr,['France']
The Conjuring: The Devil Made Me Do It (2021),0,112,"['Horror,Mystery,Thriller']",6.3,148508,20,206431050.0,65631050.0,31.8,140800000.0,68.2,2021,en,['United States of America']
Dragon Rider (2020),0,91,"['Adventure,Animation,Comedy']",5.7,2240,146,6977378.0,0.0,0.0,6977378.0,100.0,2020,en,"['Belgium', 'Germany', 'Spain']"
Venom: Let There Be Carnage (2021),0,97,"['Action,Sci-Fi,Thriller']",5.9,282345,7,506813864.0,213550366.0,42.1,293263498.0,57.9,2021,en,['United States of America']
Wonder Woman 1984 (2020),0,151,"['Action,Adventure,Fantasy']",5.4,299398,13,169601036.0,46801036.0,27.6,122800000.0,72.4,2020,en,['United States of America']
Once Upon a Time... in Hollywood (2019),0,161,"['Comedy,Drama']",7.6,892695,24,377426903.0,142502728.0,37.8,234924175.0,62.2,2019,en,"['China', 'United Kingdom', 'United States of America']"
Wolf Warrior 2 (2017),0,123,"['Action,Adventure,Drama']",5.9,9207,7,870325439.0,2721100.0,0.3,867604339.0,99.7,2017,zh,['China']
The Rhythm Section (2020),0,109,"['Action,Drama,Mystery']",5.4,20330,165,5989583.0,5437971.0,90.8,551612.0,9.2,2020,en,"['Spain', 'United Kingdom', 'United States of America']"
Breaking In (2018),0,88,"['Action,Thriller']",5.5,17392,121,51411620.0,46840590.0,91.1,4571030.0,8.9,2018,en,['United States of America']
A Rainy Day in New York (2019),0,92,"['Comedy,Romance']",6.4,55024,179,23805899.0,0.0,0.0,23805899.0,100.0,2019,en,['United States of America']
The Black Phone (2022),0,103,"['Horror,Mystery,Thriller']",6.9,221600,31,161440742.0,90123230.0,55.8,71317512.0,44.2,2022,en,['United States of America']
Onward (2020),0,102,"['Adventure,Animation,Comedy']",7.4,177449,16,141940042.0,61555145.0,43.4,80384897.0,56.6,2020,en,['United States of America']
Along With the Gods: The Two Worlds (2017),0,139,"['Action,Adventure,Drama']",7.2,20543,74,109383972.0,1908823.0,1.7,107475149.0,98.3,2017,ko,['South Korea']
The Zone of Interest (2023),0,105,"['Drama,History,War']",7.3,128487,79,52790256.0,8659464.0,16.4,44130792.0,83.6,2023,en,"['Poland', 'United Kingdom', 'United States of America']"
Project Gutenberg (2018),0,130,"['Action,Crime,Mystery']",6.8,5354,47,188116796.0,0.0,0.0,188116796.0,100.0,2018,cn,"['China', 'Hong Kong']"
The Founding of an Army (2017),0,133,"['Action,Drama,History']",4.5,1125,102,60600361.0,0.0,0.0,60600361.0,100.0,2017,zh,"['China', 'Hong Kong']"
Klassikokkutulek 2: Pulmad ja matused (2020),0,90,['Comedy'],5.3,485,173,5543147.0,0.0,0.0,5543147.0,100.0,2020,,[]
Simmba (2018),0,158,"['Action,Crime,Drama']",5.5,22922,124,51329025.0,5102129.0,9.9,46226896.0,90.1,2018,hi,['India']
Pad Man (2018),0,140,"['Comedy,Drama']",7.9,30218,173,29045020.0,1670192.0,5.8,27374828.0,94.2,2018,hi,"['Hong Kong', 'India', 'United States of America']"
Guilty of Mind (2017),0,110,"['Action,Crime,Drama']",4.7,204,128,45698503.0,0.0,0.0,45698503.0,100.0,2017,zh,['China']
I Want to Eat Your Pancreas (2017),0,109,"['Animation,Drama,Family']",8.1,28536,157,33748006.0,277019.0,0.8,33470987.0,99.2,2017,ja,['Japan']
Taxi 5 (2018),0,102,"['Action,Comedy,Crime']",4.6,11366,150,38598227.0,0.0,0.0,38598227.0,100.0,2018,fr,['France']
The Swindlers (2017),0,117,"['Action,Crime']",6.6,2552,169,29721916.0,241916.0,0.8,29480000.0,99.2,2017,ko,['South Korea']
The Eight Hundred (2020),0,149,"['History,War']",6.7,7746,2,461421559.0,372755.0,0.0,461048804.0,99.9,2020,zh,['China']
Triangle of Sadness (2022),0,147,"['Comedy,Drama']",7.3,198199,89,26214659.0,4608096.0,17.6,21606563.0,82.4,2022,en,"['Denmark', 'France', 'Germany', 'Greece', 'Mexico', 'Sweden', 'Switzerland', 'Turkey', 'United Kingdom', 'United States of America']"
47 Meters Down: Uncaged (2019),0,90,"['Adventure,Drama,Horror']",5.0,32068,127,47582563.0,22260900.0,46.8,25321663.0,53.2,2019,en,"['United Kingdom', 'United States of America']"
Uncle Drew (2018),0,103,"['Comedy,Drama,Sport']",5.8,16349,130,46664414.0,42469946.0,91.0,4194468.0,9.0,2018,en,['United States of America']
I Can Speak (2017),0,119,"['Comedy,Drama']",7.5,2422,193,24024444.0,63239.0,0.3,23961205.0,99.7,2017,ko,['South Korea']
BlacKkKlansman (2018),0,135,"['Biography,Comedy,Crime']",7.5,299779,77,93400823.0,49275340.0,52.8,44125483.0,47.2,2018,en,['United States of America']
It Chapter Two (2019),0,169,"['Drama,Fantasy,Horror']",6.5,319831,16,473093228.0,211593228.0,44.7,261500000.0,55.3,2019,en,['United States of America']
Dying to Survive (2018),0,117,"['Comedy,Drama']",7.8,8415,20,451176639.0,0.0,0.0,451176639.0,100.0,2018,zh,['China']
Warriors of Future (2022),0,112,"['Action,Adventure,Sci-Fi']",5.6,7764,160,10490328.0,0.0,0.0,10490328.0,100.0,2022,zh,"['China', 'Hong Kong']"
"Paul, Apostle of Christ (2018)",0,108,"['Adventure,Biography,Drama']",6.6,10456,186,25915966.0,17560475.0,67.8,8355491.0,32.2,2018,en,['United States of America']
Instant Family (2018),0,118,"['Comedy,Drama']",7.3,126239,59,120556201.0,67363237.0,55.9,53192964.0,44.1,2018,en,['United States of America']
A Man Called Otto (2022),0,126,"['Comedy,Drama']",7.5,187514,38,113360085.0,64267657.0,56.7,49092428.0,43.3,2022,en,"['Sweden', 'United States of America']"
Teen Titans GO! To the Movies (2018),0,84,"['Action,Adventure,Animation']",6.7,22528,119,52390236.0,29790236.0,56.9,22600000.0,43.1,2018,en,['United States of America']
The Bob's Burgers Movie (2022),0,102,"['Adventure,Animation,Comedy']",7.0,22740,75,34148750.0,31933830.0,93.5,2214920.0,6.5,2022,en,['United States of America']
777 Charlie (2022),0,164,"['Adventure,Comedy,Drama']",8.7,42662,190,7529270.0,0.0,0.0,7529270.0,100.0,2022,kn,['India']
Sink or Swim (2018),0,121,"['Comedy,Drama,Sport']",6.9,12399,145,39193850.0,0.0,0.0,39193850.0,100.0,2018,fr,"['Belgium', 'France']"
Super 30 (2019),0,154,"['Biography,Drama']",7.9,38830,175,24701637.0,2269878.0,9.2,22431759.0,90.8,2019,hi,['India']
One Hundred Thousand Bad Jokes 2 (2017),0,0,"['Action,Adventure,Animation']",6.6,138,200,20460352.0,0.0,0.0,20460352.0,100.0,2017,zh,['China']
Masquerade Hotel (2019),0,133,"['Crime,Drama,Mystery']",6.3,2337,135,40396244.0,0.0,0.0,40396244.0,100.0,2019,ja,['Japan']
Ron's Gone Wrong (2021),0,107,"['Adventure,Animation,Comedy']",7.1,42547,57,60692022.0,23009270.0,37.9,37682752.0,62.1,2021,en,"['United Kingdom', 'United States of America']"
Despicable Me 4 (2024),0,94,"['Adventure,Animation,Comedy']",6.2,59301,3,969126452.0,361004205.0,37.3,608122247.0,62.7,2024,en,['United States of America']
Golden Job (2018),0,100,"['Action,Adventure,Crime']",5.6,1498,128,47287851.0,285795.0,0.6,47002056.0,99.4,2018,cn,['Hong Kong']
Like a Boss (2020),0,83,['Comedy'],4.7,15764,51,30399490.0,22169514.0,72.9,8229976.0,27.1,2020,en,['United States of America']
Dora and the Lost City of Gold (2019),0,102,"['Action,Adventure,Comedy']",6.1,36637,66,120597108.0,60477943.0,50.1,60119165.0,49.9,2019,en,"['Australia', 'United States of America']"
The Knight of Shadows: Between Yin and Yang (2019),0,109,"['Action,Adventure,Family']",5.0,2034,186,22936257.0,0.0,0.0,22936257.0,100.0,2019,zh,"['China', 'Hong Kong']"
Sound of Freedom (2023),0,131,"['Biography,Crime,Drama']",7.6,128297,31,250570396.0,184178046.0,73.5,66392350.0,26.5,2023,en,['United States of America']
The Wandering Earth (2019),0,125,"['Action,Adventure,Sci-Fi']",5.9,37606,13,699856699.0,5971413.0,0.9,693885286.0,99.1,2019,zh,['China']
A Dog's Way Home (2019),0,96,"['Adventure,Drama,Family']",6.7,20952,86,80708134.0,42004346.0,52.0,38703788.0,48.0,2019,en,"['China', 'United States of America']"
The House That Never Dies II (2017),0,97,"['Horror,Thriller']",4.6,133,162,32433588.0,0.0,0.0,32433588.0,100.0,2017,zh,['China']
What Men Want (2019),0,117,"['Comedy,Fantasy,Romance']",5.4,32948,93,72216294.0,54611903.0,75.6,17604391.0,24.4,2019,en,['United States of America']
Total Dhamaal (2019),0,130,['Comedy'],4.3,8295,167,26911995.0,2167632.0,8.1,24744363.0,91.9,2019,hi,['India']
Gintama 2: Rules are Made to be Broken (2018),0,134,"['Action,Adventure,Comedy']",6.4,1246,167,30896653.0,0.0,0.0,30896653.0,100.0,2018,ja,['Japan']
Namiya (2017),0,116,"['Drama,Family,Fantasy']",5.2,709,151,35351623.0,70814.0,0.2,35280809.0,99.8,2017,zh,"['China', 'Hong Kong', 'Japan']"
Death on the Nile (2022),0,127,"['Crime,Drama,Mystery']",6.3,198893,36,137307235.0,45630104.0,33.2,91677131.0,66.8,2022,en,['United States of America']
Searching (2018),0,102,"['Drama,Mystery,Thriller']",7.6,185387,98,75462037.0,26020957.0,34.5,49441080.0,65.5,2018,en,"['Russia', 'United States of America']"
Won't You Be My Neighbor? (2018),0,95,"['Biography,Documentary,History']",8.3,27554,197,22844741.0,22835787.0,100.0,8954.0,0.0,2018,en,['United States of America']
Birds of Prey and the Fantabulous Emancipation of One Harley Quinn (2020),0,109,"['Action,Comedy,Crime']",6.1,272307,11,205358461.0,84158461.0,41.0,121200000.0,59.0,2020,en,['United States of America']
Bharat (2019),0,150,"['Action,Comedy,Drama']",4.7,33015,150,33185983.0,2971549.0,9.0,30214434.0,91.0,2019,hi,['India']
Badhaai Ho (2018),0,124,"['Comedy,Drama']",7.9,39010,182,26125610.0,0.0,0.0,26125610.0,100.0,2018,hi,['India']
Code Blue: The Movie (2018),0,127,['Drama'],6.1,1476,92,78778562.0,0.0,0.0,78778562.0,100.0,2018,ja,['Japan']
Stuber (2019),0,93,"['Action,Comedy,Crime']",6.2,52726,153,32390945.0,22370452.0,69.1,10020493.0,30.9,2019,en,['United States of America']
Greenland (2020),0,119,"['Action,Thriller']",6.4,143773,26,52300000.0,0.0,0.0,52300000.0,100.0,2020,en,"['United Kingdom', 'United States of America']"
Goldbuster (2017),0,89,"['Comedy,Fantasy']",4.5,315,107,57628292.0,186135.0,0.3,57442157.0,99.7,2017,zh,"['China', 'Hong Kong']"
Die Känguru-Chroniken (2020),0,92,['Comedy'],5.2,3490,183,5081127.0,0.0,0.0,5081127.0,100.0,2020,de,['Germany']
Brightburn (2019),0,90,"['Drama,Horror,Mystery']",6.1,112105,149,33224654.0,17300439.0,52.1,15924215.0,47.9,2019,en,['United States of America']
Detective Chinatown 2 (2018),0,121,"['Action,Comedy,Mystery']",6.1,3367,14,544185156.0,1983984.0,0.4,542201172.0,99.6,2018,zh,['China']
Free Solo (2018),0,100,"['Adventure,Documentary,Sport']",8.1,80896,171,29390279.0,17541090.0,59.7,11849189.0,40.3,2018,en,['United States of America']
Hereditary (2018),0,127,"['Drama,Horror,Mystery']",7.3,411573,91,79996301.0,44069456.0,55.1,35926845.0,44.9,2018,en,['United States of America']
Hanson and the Beast (2017),0,110,"['Comedy,Fantasy,Romance']",5.3,701,126,46154323.0,0.0,0.0,46154323.0,100.0,2017,zh,['China']
The Ex-File 3: Return of the Exes (2017),0,120,"['Comedy,Romance']",5.5,599,30,307592427.0,838959.0,0.3,306753468.0,99.7,2017,zh,['China']
Detective Conan: Zero the Enforcer (2018),0,115,"['Action,Adventure,Animation']",6.2,2143,67,101860359.0,0.0,0.0,101860359.0,100.0,2018,ja,['Japan']
One Cut of the Dead (2018),0,96,"['Comedy,Drama,Horror']",7.6,32324,176,27590180.0,52406.0,0.2,27537774.0,99.8,2018,ja,['Japan']
Bodies at Rest (2019),0,94,"['Action,Crime,Mystery']",5.6,1050,173,25293853.0,0.0,0.0,25293853.0,100.0,2019,cn,"['China', 'Hong Kong']"
Animal World (2018),0,132,"['Action,Fantasy,Sci-Fi']",6.4,5279,100,74922830.0,0.0,0.0,74922830.0,100.0,2018,zh,['China']
10 Lives (2024),0,88,"['Animation,Comedy,Family']",5.9,1745,121,16198576.0,0.0,0.0,16198576.0,100.0,2024,en,"['Canada', 'Denmark', 'United Kingdom', 'United States of America']"
Dragon Ball Super: Broly (2018),0,100,"['Action,Adventure,Animation']",7.7,33809,62,115750445.0,30712119.0,26.5,85038326.0,73.5,2018,ja,['Japan']
Till The End Of The World (2018),0,117,"['Adventure,Drama,Romance']",6.6,441,152,37013733.0,118660.0,0.3,36895073.0,99.7,2018,zh,['China']
OSS 117: From Africa with Love (2021),0,117,"['Action,Comedy']",5.8,6268,146,13457801.0,0.0,0.0,13457801.0,100.0,2021,fr,['France']
Jumanji: The Next Level (2019),0,123,"['Action,Adventure,Comedy']",6.6,299255,10,801693929.0,320314960.0,40.0,481378969.0,60.0,2019,en,['United States of America']
Operation Fortune: Ruse de Guerre (2023),0,114,"['Action,Comedy,Thriller']",6.3,98409,81,48983306.0,6496125.0,13.3,42487181.0,86.7,2023,en,"['Turkey', 'United Kingdom', 'United States of America']"
Asterix: The Secret of the Magic Potion (2018),0,87,"['Adventure,Animation,Comedy']",6.7,11958,132,46205573.0,1271953.0,2.8,44933620.0,97.2,2018,fr,['France']
Come Play (2020),0,96,"['Drama,Horror,Mystery']",5.8,19117,90,13182254.0,10475990.0,79.5,2706264.0,20.5,2020,en,"['India', 'United States of America']"
House Party (2023),0,100,['Comedy'],4.4,4635,190,9285747.0,9002247.0,96.9,283500.0,3.1,2023,en,['United States of America']
Boonie Bears: The Big Shrink (2018),0,90,['Animation'],5.6,303,71,96845907.0,0.0,0.0,96845907.0,100.0,2018,zh,['China']
Spycies (2020),0,99,"['Action,Animation,Comedy']",5.5,1153,140,7169437.0,0.0,0.0,7169437.0,100.0,2020,fr,"['China', 'France']"
L Storm (2018),0,97,"['Action,Crime']",5.6,648,109,64517456.0,0.0,0.0,64517456.0,100.0,2018,cn,"['China', 'Hong Kong']"
Jurassic World Dominion (2022),0,147,"['Action,Adventure,Sci-Fi']",5.6,219738,3,1001978080.0,376851080.0,37.6,625127000.0,62.4,2022,en,['United States of America']
Shoplifters (2018),0,121,"['Crime,Drama,Thriller']",7.9,90560,104,67999335.0,3313513.0,4.9,64685822.0,95.1,2018,ja,['Japan']
Amazing China (2018),0,90,['Documentary'],1.8,3912,101,72506343.0,0.0,0.0,72506343.0,100.0,2018,zh,['China']
Little (2019),0,109,"['Comedy,Fantasy,Romance']",5.5,15380,121,48987096.0,40860481.0,83.4,8126615.0,16.6,2019,en,['United States of America']
Fate/stay night [Heaven's Feel] III. spring song (2020),0,120,"['Adventure,Animation,Drama']",7.9,2934,71,19252497.0,200000.0,1.0,19052497.0,99.0,2020,,[]
The Woman King (2022),0,135,"['Action,Drama,History']",6.9,78376,42,97562514.0,67328130.0,69.0,30234384.0,31.0,2022,en,"['Canada', 'United States of America']"
Turning Red (2022),0,100,"['Adventure,Animation,Comedy']",6.9,162611,103,21521622.0,1399001.0,6.5,20122621.0,93.5,2022,en,['United States of America']
Nobody's Fool (2018),0,110,"['Comedy,Drama,Romance']",5.0,8298,158,33705333.0,31713110.0,94.1,1992223.0,5.9,2018,en,['United States of America']
Doraemon the Movie: Nobita's Treasure Island (2018),0,108,"['Adventure,Animation,Comedy']",6.6,1301,89,80920916.0,0.0,0.0,80920916.0,100.0,2018,ja,['Japan']
Andhadhun (2018),0,139,"['Crime,Mystery,Thriller']",8.2,107480,112,62475342.0,1193046.0,1.9,61282296.0,98.1,2018,hi,['India']
Stree (2018),0,128,"['Comedy,Horror']",7.5,44472,200,22075730.0,0.0,0.0,22075730.0,100.0,2018,hi,['India']
Pokémon the Movie: The Power of Us (2018),0,100,"['Action,Adventure,Animation']",6.3,3132,192,23740788.0,789170.0,3.3,22951618.0,96.7,2018,ja,['Japan']
Tanhaji: The Unsung Warrior (2020),0,135,"['Action,Biography,Drama']",7.5,36912,34,45221814.0,0.0,0.0,45221814.0,100.0,2020,hi,['India']
The Many Saints of Newark (2021),0,120,"['Crime,Drama']",6.3,65887,149,13037403.0,8237403.0,63.2,4800000.0,36.8,2021,en,['United States of America']
Bodies Bodies Bodies (2022),0,94,"['Comedy,Horror,Mystery']",6.2,82414,141,13929670.0,11446602.0,82.2,2483068.0,17.8,2022,en,['United States of America']
Along With the Gods: The Last 49 Days (2018),0,142,"['Action,Adventure,Drama']",7.1,9820,68,97962238.0,1200246.0,1.2,96761992.0,98.8,2018,ko,['South Korea']
Dark Figure of Crime (2018),0,110,['Thriller'],6.7,2606,172,29176133.0,0.0,0.0,29176133.0,100.0,2018,ko,['South Korea']
Happy Death Day 2U (2019),0,100,"['Comedy,Horror,Mystery']",6.2,90075,100,64600152.0,28148130.0,43.6,36452022.0,56.4,2019,en,['United States of America']
Raging Fire (2021),0,126,"['Action,Adventure,Crime']",6.5,6362,21,205842393.0,385305.0,0.2,205457088.0,99.8,2021,cn,"['China', 'Hong Kong']"
RRR (2022),0,187,"['Action,Adventure,Drama']",7.8,176617,30,165946943.0,14500000.0,8.7,151446943.0,91.3,2022,te,['India']
Long Day's Journey Into Night (2018),0,138,"['Drama,Mystery,Romance']",7.1,9782,137,42140994.0,521365.0,1.2,41619629.0,98.8,2018,zh,"['China', 'France', 'Qatar', 'Spain', 'Taiwan']"
Overcomer (2019),0,119,"['Drama,Family,Sport']",6.7,6007,138,38026103.0,34746945.0,91.4,3279158.0,8.6,2019,en,['United States of America']
Cindy La Regia (2020),0,109,['Comedy'],6.0,1728,177,5222322.0,0.0,0.0,5222322.0,100.0,2020,es,['Mexico']
Little White Lies 2 (2019),0,134,"['Comedy,Drama,Family']",6.5,4493,181,23623665.0,0.0,0.0,23623665.0,100.0,2019,fr,"['Belgium', 'France']"
The White Storm 2: Drug Lords (2019),0,99,"['Action,Crime']",6.0,1614,48,189396380.0,609461.0,0.3,188786919.0,99.7,2019,cn,"['China', 'Hong Kong']"
Capernaum (2018),0,126,['Drama'],8.4,113883,110,64417003.0,1661096.0,2.6,62755907.0,97.4,2018,ar,"['France', 'Lebanon', 'United Kingdom', 'United States of America']"
Vakeel Saab (2021),0,153,"['Action,Drama,Thriller']",6.9,12625,148,13056490.0,0.0,0.0,13056490.0,100.0,2021,te,['India']
His Only Son (2023),0,106,"['Drama,History']",5.9,2738,157,13817186.0,12392740.0,89.7,1424446.0,10.3,2023,en,['United States of America']
The Spy Gone North (2018),0,137,"['Drama,Thriller']",7.3,6693,148,38844509.0,500803.0,1.3,38343706.0,98.7,2018,ko,['South Korea']
Uri: The Surgical Strike (2019),0,138,"['Action,Drama,History']",8.2,75107,137,39346577.0,4186168.0,10.6,35160409.0,89.4,2019,hi,['India']
Pain and Glory (2019),0,113,['Drama'],7.5,65100,140,37359689.0,4567338.0,12.2,32792351.0,87.8,2019,es,['Spain']
"Hello, Mrs. Money (2018)",0,113,['Comedy'],4.6,385,83,86874070.0,0.0,0.0,86874070.0,100.0,2018,zh,['China']
A Quiet Place Part II (2021),0,97,"['Drama,Horror,Sci-Fi']",7.2,299470,15,297372261.0,160072261.0,53.8,137300000.0,46.2,2021,en,['United States of America']
The Lost Prince (2020),0,101,"['Adventure,Comedy,Family']",5.4,1654,131,7837980.0,0.0,0.0,7837980.0,100.0,2020,fr,"['Belgium', 'France']"
Annabelle Comes Home (2019),0,106,"['Horror,Mystery,Thriller']",5.9,92009,38,231252591.0,74152591.0,32.1,157100000.0,67.9,2019,en,['United States of America']
The 355 (2022),0,122,"['Action,Thriller']",5.6,40183,86,27827745.0,14570455.0,52.4,13257290.0,47.6,2022,en,"['France', 'Hong Kong', 'Morocco', 'Taiwan', 'United States of America']"
Baaghi 3 (2020),0,143,['Action'],2.2,14372,80,16726510.0,721439.0,4.3,16005071.0,95.7,2020,hi,['India']
A or B (2018),0,114,"['Crime,Drama,Mystery']",5.3,363,115,56239049.0,0.0,0.0,56239049.0,100.0,2018,en,['United Kingdom']
The Gentlemen (2019),0,113,"['Action,Crime']",7.8,427775,71,115171795.0,36471795.0,31.7,78700000.0,68.3,2019,en,"['United Kingdom', 'United States of America']"
About My Father (2023),0,90,['Comedy'],5.8,15280,137,18167819.0,12089391.0,66.5,6078428.0,33.5,2023,en,['United States of America']
Peter Rabbit 2: The Runaway (2021),0,93,"['Adventure,Animation,Comedy']",6.2,15525,29,153901717.0,40501717.0,26.3,113400000.0,73.7,2021,en,"['Australia', 'United States of America']"
Hitman's Wife's Bodyguard (2021),0,100,"['Action,Comedy,Crime']",6.1,113219,54,70060492.0,38014727.0,54.3,32045765.0,45.7,2021,en,"['Bulgaria', 'France', 'Sweden', 'United States of America']"
A Dog's Journey (2019),0,109,"['Adventure,Comedy,Drama']",7.4,30614,87,78870908.0,22782371.0,28.9,56088537.0,71.1,2019,en,"['Canada', 'China', 'India', 'United States of America']"
Snake Eyes (2021),0,121,"['Action,Adventure,Crime']",5.4,46234,76,40064325.0,28264325.0,70.5,11800000.0,29.5,2021,en,['United States of America']
How Long Will I Love U (2018),0,101,"['Comedy,Fantasy,Romance']",6.4,1335,56,136796719.0,746933.0,0.5,136049786.0,99.5,2018,zh,['China']
Hidden Man (2018),0,137,"['Action,Crime,Drama']",6.4,2712,86,85170581.0,0.0,0.0,85170581.0,100.0,2018,zh,['China']
The Faces of My Gene (2018),0,95,"['Adventure,Comedy,Drama']",3.6,215,181,26796279.0,0.0,0.0,26796279.0,100.0,2018,zh,['China']
Bob Marley: One Love (2024),0,107,"['Biography,Drama,Music']",6.2,33704,27,180828556.0,96893170.0,53.6,83935386.0,46.4,2024,en,['United States of America']
Hello Mr. Billionaire (2018),0,118,['Comedy'],6.1,2888,27,366961907.0,0.0,0.0,366961907.0,100.0,2018,zh,['China']
The Witch: Part 1 - The Subversion (2018),0,125,"['Action,Mystery,Sci-Fi']",7.1,19578,189,24340302.0,0.0,0.0,24340302.0,100.0,2018,ko,"['Hong Kong', 'South Korea']"
1917 (2019),0,119,"['Action,Drama,War']",8.2,717002,23,384580017.0,159227644.0,41.4,225352373.0,58.6,2019,en,"['India', 'Spain', 'United Kingdom', 'United States of America']"
Teenage Mutant Ninja Turtles: Mutant Mayhem (2023),0,99,"['Action,Adventure,Animation']",7.2,71739,40,181848832.0,118613586.0,65.2,63235246.0,34.8,2023,en,"['Canada', 'France', 'United States of America']"
Hammamet (2020),0,126,"['Biography,Drama']",5.8,1862,154,6434874.0,0.0,0.0,6434874.0,100.0,2020,it,['Italy']
Violet Evergarden: The Movie (2020),0,140,"['Animation,Drama,Fantasy']",8.3,11745,66,20302668.0,0.0,0.0,20302668.0,100.0,2020,ja,['Japan']
The Specials (2019),0,114,"['Comedy,Drama']",7.4,11799,196,19363826.0,0.0,0.0,19363826.0,100.0,2019,fr,"['Belgium', 'France']"
Child's Play (2019),0,90,"['Drama,Horror,Sci-Fi']",5.7,58260,130,44907074.0,29208403.0,65.0,15698671.0,35.0,2019,en,"['Canada', 'United States of America']"
21 Bridges (2019),0,99,"['Action,Adventure,Crime']",6.6,77569,118,49939757.0,28539757.0,57.1,21400000.0,42.9,2019,en,['United States of America']
Queen & Slim (2019),0,132,"['Crime,Drama,Romance']",7.1,35722,126,47834125.0,43808310.0,91.6,4025815.0,8.4,2019,en,"['Canada', 'United States of America']"
Clergy (2018),0,133,['Drama'],7.3,6757,169,30114115.0,0.0,0.0,30114115.0,100.0,2018,pl,['Poland']
M3GAN (2022),0,102,"['Horror,Sci-Fi,Thriller']",6.3,159873,25,180089109.0,95159005.0,52.8,84930104.0,47.2,2022,en,['United States of America']
Midsommar (2019),0,148,"['Drama,Horror,Mystery']",7.1,440254,125,47871968.0,27426361.0,57.3,20445607.0,42.7,2019,en,"['Sweden', 'United States of America']"
100% Wolf (2020),0,96,"['Adventure,Animation,Comedy']",5.6,2623,111,9817950.0,658764.0,6.7,9159186.0,93.3,2020,en,"['Australia', 'Belgium']"
Meng Chong guo Jiang (2018),0,99,['Comedy'],4.3,52,168,30355804.0,0.0,0.0,30355804.0,100.0,2018,,[]
Last Letter (2020),0,120,['Romance'],6.9,1372,171,5663972.0,0.0,0.0,5663972.0,100.0,2020,ja,['Japan']
T-34 (2019),0,139,"['Action,War']",6.8,15204,139,37410850.0,0.0,0.0,37410850.0,100.0,2019,ru,['Russia']
Hit Me Anyone One More Time! (2019),0,127,"['Comedy,Drama']",6.2,647,154,32333512.0,0.0,0.0,32333512.0,100.0,2019,ja,['Japan']
Fatale (2020),0,102,"['Drama,Mystery,Romance']",5.5,15089,145,7031289.0,6306897.0,89.7,724392.0,10.3,2020,en,['United States of America']
Fat Buddies (2018),0,109,"['Action,Comedy']",4.4,216,151,37496410.0,0.0,0.0,37496410.0,100.0,2018,zh,"['China', 'Japan']"
The French Dispatch (2021),0,107,"['Comedy,Drama,Romance']",7.1,157202,70,46333545.0,16124375.0,34.8,30209170.0,65.2,2021,en,['United States of America']
Pokémon: Mewtwo Strikes Back - Evolution (2019),0,98,"['Action,Animation,Family']",5.7,6569,165,27347118.0,0.0,0.0,27347118.0,100.0,2019,ja,['Japan']
Fly Me to the Saitama (2019),0,106,"['Adventure,Comedy,Drama']",6.3,893,151,32802347.0,0.0,0.0,32802347.0,100.0,2019,ja,['Japan']
Transformers One (2024),0,104,"['Action,Adventure,Animation']",7.6,45200,31,129364141.0,59054170.0,45.6,70309971.0,54.4,2024,en,['United States of America']
iPartment the Movie (2018),0,117,"['Adventure,Comedy,Fantasy']",2.6,194,88,81096321.0,0.0,0.0,81096321.0,100.0,2018,,[]
DC League of Super-Pets (2022),0,105,"['Action,Adventure,Animation']",7.0,78284,23,207557117.0,93657117.0,45.1,113900000.0,54.9,2022,en,"['Canada', 'United States of America']"
Military Wives (2020),0,112,"['Comedy,Drama,Music']",6.5,6193,189,4890505.0,0.0,0.0,4890505.0,100.0,2020,en,['United Kingdom']
Radhe Shyam (2022),0,138,['Romance'],5.2,32543,123,15954804.0,1860000.0,11.7,14094804.0,88.3,2022,te,['India']
My Boyfriend's Meds (2020),0,100,['Comedy'],4.6,520,159,6292780.0,2971116.0,47.2,3321664.0,52.8,2020,es,['Mexico']
Panga (2020),0,131,"['Drama,Sport']",6.8,8048,190,4886124.0,582720.0,11.9,4303404.0,88.1,2020,hi,['India']
Wotakoi: Love Is Hard for Otaku (2020),0,114,"['Comedy,Musical,Romance']",5.2,629,98,11702371.0,0.0,0.0,11702371.0,100.0,2020,ja,['Japan']
No Manches Frida 2 (2019),0,102,['Comedy'],4.3,1278,169,26493648.0,9270920.0,35.0,17222728.0,65.0,2019,es,['Mexico']
Unplanned (2019),0,109,"['Biography,Drama']",5.5,14905,189,21585326.0,19005109.0,88.0,2580217.0,12.0,2019,en,['United States of America']
Eternals (2021),0,156,"['Action,Adventure,Fantasy']",6.3,402852,12,402064899.0,164870234.0,41.0,237194665.0,59.0,2021,en,['United States of America']
"Lost, Found (2018)",0,102,"['Drama,Mystery']",6.5,354,141,41043552.0,0.0,0.0,41043552.0,100.0,2018,zh,['China']
Cry Me a Sad River (2018),0,104,"['Drama,Romance']",6.4,585,122,51400614.0,0.0,0.0,51400614.0,100.0,2018,zh,['China']
A Piece of Cake (2020),0,78,"['Animation,Comedy,Family']",6.0,587,164,6008448.0,0.0,0.0,6008448.0,100.0,2020,en,['Canada']
The Vets (2020),0,92,"['Comedy,Drama']",5.8,622,196,4788826.0,0.0,0.0,4788826.0,100.0,2020,fr,['France']
This Is Tomas (2019),0,87,"['Comedy,Drama']",5.7,257,195,20084169.0,0.0,0.0,20084169.0,100.0,2019,es,['Mexico']
Gretel & Hansel (2020),0,87,"['Fantasy,Horror,Mystery']",5.5,36389,60,22304357.0,15347654.0,68.8,6956703.0,31.2,2020,en,"['Canada', 'Ireland', 'United States of America']"
The Rescue (2020),0,107,"['Action,Documentary,Mystery']",8.3,21874,24,64237554.0,18797.0,0.0,64218757.0,100.0,2020,zh,['China']
Black Panther: Wakanda Forever (2022),0,161,"['Action,Adventure,Drama']",6.6,324834,6,859208836.0,453829060.0,52.8,405379776.0,47.2,2022,en,['United States of America']
Brahms: The Boy II (2020),0,86,"['Drama,Horror,Mystery']",4.7,21526,65,20311536.0,12611536.0,62.1,7700000.0,37.9,2020,en,"['Australia', 'Canada', 'China', 'United States of America']"
Lindenberg! Mach dein Ding (2020),0,139,"['Biography,Drama,History']",6.5,1122,155,6404964.0,0.0,0.0,6404964.0,100.0,2020,de,['Germany']
"Are You There God? It's Me, Margaret. (2023)",0,106,"['Comedy,Drama,Family']",7.3,32708,124,21464043.0,20372406.0,94.9,1091637.0,5.1,2023,en,['United States of America']
Three Thousand Years of Longing (2022),0,108,"['Drama,Fantasy,Romance']",6.7,67381,108,20282422.0,8286741.0,40.9,11995681.0,59.1,2022,en,"['Australia', 'China', 'United Kingdom']"
Skyfire (2019),0,97,"['Action,Adventure,Drama']",5.3,4480,176,24444590.0,1105.0,0.0,24443485.0,100.0,2019,zh,['China']
Bigfoot Family (2020),0,89,"['Adventure,Animation,Family']",5.8,3804,99,11128253.0,0.0,0.0,11128253.0,100.0,2020,en,"['Belgium', 'France']"
Impractical Jokers: The Movie (2020),0,92,['Comedy'],5.7,7504,106,10691091.0,10691091.0,100.0,0.0,0.0,2020,en,['United States of America']
Emma. (2020),0,124,"['Comedy,Drama,Romance']",6.7,66303,56,25932444.0,10055355.0,38.8,15877089.0,61.2,2020,en,['United Kingdom']
Gladiator II (2024),0,148,"['Action,Adventure,Drama']",6.6,200755,11,435153922.0,163053922.0,37.5,272100000.0,62.5,2024,en,['United States of America']
Meg 2: The Trench (2023),0,116,"['Action,Adventure,Horror']",5.0,90578,19,397800317.0,82600317.0,20.8,315200000.0,79.2,2023,en,"['China', 'United States of America']"
The Green Knight (2021),0,130,"['Adventure,Drama,Fantasy']",6.6,124554,121,18887953.0,17173321.0,90.9,1714632.0,9.1,2021,en,"['Canada', 'Ireland', 'United States of America']"
Prey for the Devil (2022),0,93,"['Horror,Mystery,Thriller']",5.3,19640,69,44658929.0,19802293.0,44.3,24856636.0,55.7,2022,en,['United States of America']
A Cool Fish (2018),0,109,"['Comedy,Crime,Drama']",6.9,2082,60,118153135.0,551876.0,0.5,117601259.0,99.5,2018,zh,['China']
Mama Weed (2020),0,104,"['Comedy,Crime,Drama']",6.3,3752,174,5461144.0,29151.0,0.5,5431993.0,99.5,2020,fr,"['Belgium', 'France']"
Divorce Club (2020),0,108,['Comedy'],5.4,1450,175,5316313.0,0.0,0.0,5316313.0,100.0,2020,fr,['France']
Fukushima 50 (2020),0,122,"['Action,Drama,Thriller']",6.1,3560,138,7494243.0,0.0,0.0,7494243.0,100.0,2020,ja,['Japan']
Let Him Go (2020),0,113,"['Crime,Drama,Thriller']",6.7,36987,103,10835686.0,9358025.0,86.4,1477661.0,13.6,2020,en,"['Canada', 'United States of America']"
Dear Evan Hansen (2021),0,137,"['Drama,Musical']",6.1,19788,118,19133454.0,15002646.0,78.4,4130808.0,21.6,2021,en,"['Japan', 'United States of America']"
Spider-Man: Across the Spider-Verse (2023),0,140,"['Action,Adventure,Animation']",8.5,437373,6,690542303.0,381311319.0,55.2,309230984.0,44.8,2023,en,['United States of America']
Blue Beetle (2023),0,127,"['Action,Adventure,Sci-Fi']",5.9,106469,47,130788072.0,72488072.0,55.4,58300000.0,44.6,2023,en,['United States of America']
The New King of Comedy (2019),0,90,"['Comedy,Drama']",6.2,1959,78,95618308.0,0.0,0.0,95618308.0,100.0,2019,zh,['China']
Shang-Chi and the Legend of the Ten Rings (2021),0,132,"['Action,Adventure,Fantasy']",7.3,456794,9,432243292.0,224543292.0,51.9,207700000.0,48.1,2021,en,['United States of America']
Pushpa: The Rise - Part 1 (2021),0,179,"['Action,Crime,Drama']",7.6,95679,195,7592374.0,1320000.0,17.4,6272374.0,82.6,2021,te,['India']
Kill Mobile (2018),0,90,['Drama'],5.4,431,74,94870905.0,0.0,0.0,94870905.0,100.0,2018,zh,['China']
Where the Crawdads Sing (2022),0,125,"['Drama,Mystery,Romance']",7.2,143440,33,144353965.0,90230760.0,62.5,54123205.0,37.5,2022,en,['United States of America']
The Unholy (2021),0,99,"['Drama,Horror,Mystery']",5.1,29303,94,30832137.0,15532137.0,50.4,15300000.0,49.6,2021,en,['United States of America']
Doctor Strange in the Multiverse of Madness (2022),0,126,"['Action,Adventure,Fantasy']",6.9,506991,4,955775804.0,411331607.0,43.0,544444197.0,57.0,2022,en,['United States of America']
Weathering with You (2019),0,112,"['Animation,Drama,Fantasy']",7.5,61445,45,192495409.0,8056636.0,4.2,184438773.0,95.8,2019,ja,['Japan']
One Piece: Stampede (2019),0,101,"['Action,Adventure,Animation']",7.5,8665,85,81562741.0,1298528.0,1.6,80264213.0,98.4,2019,ja,['Japan']
Mojin: The Worm Valley (2018),0,110,"['Action,Adventure,Fantasy']",4.9,709,199,22381583.0,101516.0,0.5,22280067.0,99.5,2018,zh,['China']
Detective Conan: The Fist of Blue Sapphire (2019),0,109,"['Action,Adventure,Animation']",6.3,2160,70,115448200.0,0.0,0.0,115448200.0,100.0,2019,ja,['Japan']
Digimon Adventure: Last Evolution Kizuna (2020),0,94,"['Action,Adventure,Animation']",7.5,2108,78,17361009.0,0.0,0.0,17361009.0,100.0,2020,ja,['Japan']
Ala Vaikunthapurramuloo (2020),0,163,"['Action,Comedy,Drama']",7.3,25151,55,28477890.0,0.0,0.0,28477890.0,100.0,2020,te,['India']
Extreme Job (2019),0,111,"['Comedy,Crime']",7.1,14090,67,119932733.0,1565885.0,1.3,118366848.0,98.7,2019,ko,['South Korea']
The Confidence Man JP: The Movie (2019),0,116,"['Comedy,Crime']",6.7,1550,171,25958189.0,0.0,0.0,25958189.0,100.0,2019,ja,"['Hong Kong', 'Japan']"
Integrity (2019),0,114,"['Crime,Drama,Mystery']",5.5,609,193,21290004.0,0.0,0.0,21290004.0,100.0,2019,cn,['Hong Kong']
The Big Shot (2019),0,107,"['Action,Crime,Thriller']",5.8,306,109,56040681.0,0.0,0.0,56040681.0,100.0,2019,zh,['China']
Shock Wave 2 (2020),0,120,"['Action,Crime,Thriller']",6.6,3061,12,198921659.0,0.0,0.0,198921659.0,100.0,2020,cn,"['China', 'Hong Kong']"
The Secret Mission (2019),0,135,"['Comedy,Drama,History']",6.9,708,194,21083522.0,0.0,0.0,21083522.0,100.0,2019,id,['Indonesia']
Mission: Impossible - Dead Reckoning Part One (2023),0,163,"['Action,Adventure,Thriller']",7.6,278007,10,570619838.0,172135383.0,30.2,398484455.0,69.8,2023,en,['United States of America']
Chhapaak (2020),0,120,"['Biography,Drama']",5.4,27914,152,6532100.0,604334.0,9.3,5927766.0,90.7,2020,hi,['India']
Adu (2020),0,119,['Drama'],6.8,5591,144,7085946.0,0.0,0.0,7085946.0,100.0,2020,es,['Spain']
King Richard (2021),0,144,"['Biography,Drama,Sport']",7.5,145131,79,39529285.0,15129285.0,38.3,24400000.0,61.7,2021,en,['United States of America']
Promising Young Woman (2020),0,113,"['Crime,Drama,Mystery']",7.5,222029,72,18854166.0,6460965.0,34.3,12393201.0,65.7,2020,en,['United States of America']
The Climbers (2019),0,125,"['Action,Adventure,Drama']",5.5,1603,54,156892866.0,487157.0,0.3,156405709.0,99.7,2019,zh,['China']
Samrat Prithviraj (2022),0,135,"['Action,Drama,History']",5.6,53713,176,8568339.0,0.0,0.0,8568339.0,100.0,2022,hi,['India']
Last Night in Soho (2021),0,116,"['Drama,Horror,Mystery']",7.0,188759,107,22957625.0,10127625.0,44.1,12830000.0,55.9,2021,en,"['United Kingdom', 'China']"
The Wild Goose Lake (2019),0,113,"['Crime,Drama']",6.7,8170,160,31064835.0,12573.0,0.0,31052262.0,100.0,2019,zh,"['China', 'France']"
Street Dancer 3D (2020),0,146,"['Drama,Music']",3.7,8532,109,10339127.0,0.0,0.0,10339127.0,100.0,2020,hi,['India']
Fall In Love At First Kiss (2019),0,122,"['Comedy,Romance']",5.9,893,162,29206238.0,0.0,0.0,29206238.0,100.0,2019,zh,"['China', 'Taiwan']"
Aquaman and the Lost Kingdom (2023),0,124,"['Action,Adventure,Fantasy']",5.6,103656,18,439381226.0,124481226.0,28.3,314900000.0,71.7,2023,en,['United States of America']
Jade Dynasty (2019),0,101,"['Action,Fantasy,Romance']",5.7,3203,107,57149764.0,0.0,0.0,57149764.0,100.0,2019,zh,['China']
Night Swim (2024),0,98,"['Horror,Mystery,Thriller']",4.7,26681,49,54768317.0,32494740.0,59.3,22273577.0,40.7,2024,en,['United States of America']
A Writer's Odyssey (2021),0,130,"['Action,Adventure,Fantasy']",6.2,4560,31,150123320.0,160013.0,0.1,149963307.0,99.9,2021,zh,['China']
The Night House (2021),0,107,"['Horror,Mystery,Thriller']",6.4,71803,136,15437703.0,7100581.0,46.0,8337122.0,54.0,2021,en,"['United Kingdom', 'United States of America']"
Bros (2022),0,115,"['Comedy,Romance']",6.4,37635,133,14781867.0,11628165.0,78.7,3153702.0,21.3,2022,en,['United States of America']
Aline (2021),0,126,"['Biography,Comedy,Drama']",6.3,3548,160,11149943.0,667815.0,6.0,10482128.0,94.0,2021,fr,"['Belgium', 'Canada', 'France', 'Spain', 'United States of America']"
Doraemon: Nobita's Chronicle of the Moon Exploration (2019),0,111,"['Action,Adventure,Animation']",6.8,1394,99,65406606.0,0.0,0.0,65406606.0,100.0,2019,ja,['Japan']
Persian Lessons (2020),0,127,"['Drama,War']",7.4,13500,193,4849240.0,0.0,0.0,4849240.0,100.0,2020,de,"['Belarus', 'Germany', 'Russia']"
Beasts Clawing at Straws (2020),0,108,"['Drama,Thriller']",7.0,5891,170,5796059.0,0.0,0.0,5796059.0,100.0,2020,ko,['South Korea']
Nomadland (2021),0,107,['Drama'],7.3,190955,80,39458207.0,3700000.0,9.4,35758207.0,90.6,2021,en,['United States of America']
The Tomorrow War (2021),0,138,"['Action,Adventure,Drama']",6.6,237793,142,14400000.0,0.0,0.0,14400000.0,100.0,2021,en,['United States of America']
I Still Believe (2020),0,116,"['Biography,Drama,Music']",6.5,14121,81,16069730.0,9868521.0,61.4,6201209.0,38.6,2020,en,['United States of America']
Judas and the Black Messiah (2021),0,126,"['Biography,Drama,History']",7.4,94170,198,7478009.0,5478009.0,73.3,2000000.0,26.7,2021,en,"['Canada', 'United States of America']"
Kaguya-sama: Love Is War (2021),0,113,"['Comedy,Drama,Romance']",5.7,499,179,8794981.0,0.0,0.0,8794981.0,100.0,2021,ja,['Japan']
Jim Button and the Wild 13 (2020),0,110,"['Adventure,Family,Fantasy']",6.2,936,147,6933267.0,0.0,0.0,6933267.0,100.0,2020,de,['Germany']
Kaamelott: First Installment (2021),0,120,"['Adventure,Comedy,Fantasy']",6.1,4250,110,21979122.0,188000.0,0.9,21791122.0,99.1,2021,fr,['France']
Escape Room: Tournament of Champions (2021),0,88,"['Action,Adventure,Horror']",5.7,63693,55,65774490.0,25314753.0,38.5,40459737.0,61.5,2021,en,['United States of America']
The Asadas (2020),0,127,"['Biography,Comedy,Drama']",7.3,1535,97,11888743.0,0.0,0.0,11888743.0,100.0,2020,ja,['Japan']
Caught in Time (2020),0,95,"['Action,Crime,Drama']",6.0,1017,20,80543319.0,0.0,0.0,80543319.0,100.0,2020,zh,"['China', 'Hong Kong']"
Malang (2020),0,135,"['Action,Crime,Drama']",6.5,12611,127,8399765.0,0.0,0.0,8399765.0,100.0,2020,hi,['India']
Moonage Daydream (2022),0,135,"['Biography,Documentary,History']",7.6,15578,145,13095781.0,4218925.0,32.2,8876856.0,67.8,2022,en,"['Germany', 'United States of America']"
The Marriage Escape (2020),0,103,"['Comedy,Drama']",7.4,3429,133,7760946.0,0.0,0.0,7760946.0,100.0,2020,nl,['Netherlands']
