title,PC1,PC2
Kate & Leopold (2001),0.3658110822944879,1.674679487093462
The Sorcerer's Apprentice (2010),0.3349491077019498,0.25340637523585263
Fantastic Four (2005),2.526708673345671,0.6626459370637577
Fantastic Four (2015),0.9873379665630161,-0.07277381223554984
Frida (2002),0.07530794664831075,0.8451893961451917
From Hell (2001),0.3304581654213463,0.7834728920110314
The Lord of the Rings: The Fellowship of the Ring (2001),9.893655263586082,-1.698067826358492
Resident Evil (2002),0.6520797611030412,0.7586796253701081
The Shipping News (2001),-0.6283256399137566,1.1182527631826897
Trance (2013),-2.009084288028345,-0.46008755983093047
Men in Black II (2002),3.339159829277691,0.5727334955529508
Corpse Bride (2005),0.897518612868777,1.011585524574611
Star Wars: Episode II - Attack of the Clones (2002),5.7834404245400455,-0.11399200341297493
Star Wars: Episode III - Revenge of the Sith (2005),7.395367103292283,-0.7490511262161939
Heartbreakers (2001),0.1493585353634082,1.982514994507511
Shrek (2001),4.818459535919913,0.9073866389637784
Split (2017),4.016444033439925,-4.9348318238774835
Driven (2001),-0.30473200235126535,1.827236878687225
Planet of the Apes (2001),2.656742754777344,0.8208206750709535
Treasure Planet (2002),0.44671816851995727,0.5653568428527528
Intolerable Cruelty (2003),0.24177284267603755,0.3252102511345563
Training Day (2001),1.7840926659851404,1.8837595912195284
Town & Country (2001),-1.3312064160061967,2.186229308164333
Spider-Man (2002),7.3127071033517685,-0.15103407709507347
Lara Croft: Tomb Raider (2001),1.8818409960379738,1.0240168052937615
Clockstoppers (2002),-0.27826847319233533,3.3961186000845824
Behind Enemy Lines (2001),0.5510165717763302,1.8540027291658774
Cold Mountain (2003),1.5270967496897332,0.7700050962416987
What's the Worst That Could Happen? (2001),-0.28631792884135,2.934382054733326
Nowhere in Africa (2001),-0.7389710518663468,-0.3137136159959908
Ghost World (2001),-0.6666059898494253,2.045655050890632
Jurassic Park III (2001),2.8079243204800814,1.007574978288788
Dark Water (2002),-1.711189723492301,-0.7154035215467561
The Sum of All Fears (2002),1.518302334512085,1.4036035478994477
Along Came a Spider (2001),0.7344839565720253,2.126022534738102
Vidocq (2001),-1.6697144640513923,-0.8294944255886608
Sinbad: Legend of the Seven Seas (2003),-0.162564409955224,0.6293350199812192
Bones (2001),-1.2532404931533734,3.1677883251805006
Monkeybone (2001),-1.3850639269094378,2.501870276444781
Spirit: Stallion of the Cimarron (2002),0.7433428075051879,1.7216905213541447
Mulholland Drive (2001),0.20229567254707326,0.20367130695409538
Hellboy (2004),1.0789844637758046,1.3245463163043287
Hellboy (2019),0.15550065535600613,-0.07637590137002552
The Lord of the Rings: The Return of the King (2003),11.468486584750147,-2.5533755976988086
The Lord of the Rings: The Two Towers (2002),9.825679729415022,-1.7646737064324947
Thunderbirds (2004),-1.3566642750065723,0.5073840432572588
Antwone Fisher (2002),-0.21289731649649254,2.7113842472329095
Bad Boys II (2003),2.3940213031997186,0.557541407679116
Final Fantasy: The Spirits Within (2001),0.1189904227883828,0.7598020637343593
The Proposal (2009),1.642929112641105,0.9787422873346077
15 Minutes (2001),-0.20501722924271956,0.9400287855699122
Hardball (2001),0.11221647461838834,3.0203049674183333
Minority Report (2002),3.452142876628726,-0.28598482699778566
Osmosis Jones (2001),-0.6006541509726627,3.365504728907454
Terminator 3: Rise of the Machines (2003),3.2222517764995318,-0.0636106139122817
Phone Booth (2003),0.6484974768019016,1.204687757957495
A Knight's Tale (2001),0.988904807894039,0.8359056238158817
O (2001),-0.6145542838691566,2.83491128035651
Sugar & Spice (2001),-0.8642526412441514,2.8255399532556367
Blade II (2002),1.2876230373826913,1.1258385222822505
Birthday Girl (2002),-1.3759294422703556,0.7331108562175019
Just Visiting (2001),-1.307834680926115,0.7698472696765128
The Fighting Temptations (2003),-0.2973061899608364,2.784407613420587
Get Over It (2001),-0.9229593058191794,1.937542464994266
Head Over Heels (2001),-1.0259675968181163,2.840753988349363
Head Over Heels (2010),-2.1458174453372236,-0.9750482181551627
The Order (2002),-1.5164105584611667,2.325202713903257
Orphan (2009),-0.020430033475077894,1.0893211456965288
Zoolander (2001),0.5738816408382054,2.423662311780846
"Monsters, Inc. (2001)",5.481650174375837,0.44354289335502667
In the Cut (2003),-1.177872084478747,0.036510171079166424
Riding in Cars with Boys (2001),0.021031598964203896,2.4958952519505533
The Bank Job (2008),0.1500188631498693,0.7154713658686649
Rock Star (2001),-0.44076738407323646,2.9141252514679596
Moulin Rouge! (2001),1.5187286840032876,0.02110085909267242
One Night at McCool's (2001),-1.1376194007306055,1.36172407123361
Exorcist: The Beginning (2004),-0.11657998916070833,1.3791841798188378
Save the Last Dance (2001),0.8814800098627977,1.9961542134885928
Joy Ride (2001),-0.26931208648046534,1.8015098471941378
Joy Ride (2023),-0.6339116268631203,1.8016108974302458
Children of Men (2006),1.0459867465358699,0.8691179601624903
The Son's Room (2001),-1.497454302494152,-0.5728369878135872
The Mummy Returns (2001),3.4580409092830875,0.3979272160220462
The Wedding Planner (2001),0.36416092383731563,1.9792580407873321
The Forest (2016),-0.8116303605052694,1.509718854132574
Jason X (2001),-0.9064917190888669,2.8016143079899605
Knockaround Guys (2002),-0.9396753548487328,3.150828363204764
Amélie (2001),2.2039708719261726,-0.8408975835599952
Awake (2007),-0.8221575864373408,1.0249463478141132
2046 (2004),-1.1805934024721327,-1.0846667908836845
A.I. Artificial Intelligence (2001),2.00855670702742,-0.1481858957604012
Hannibal (2001),2.8626691592688314,0.4760638937766057
Pearl Harbor (2001),3.743171251562662,-0.20876988909256758
Would I Lie to You? 2 (2003),-1.6311303103649855,-0.9542907086030559
Enemy at the Gates (2001),1.06518485798581,1.0157410305895251
Gangs of New York (2002),2.2245889401291388,-0.05705838399545286
Antitrust (2001),-0.7857185703137638,1.8662629565481437
Original Sin (2001),-0.4574010259825718,1.1530887064116941
Bandits (2001),0.24391801601870058,1.6065476177315976
Duplicity (2009),-0.3368692332121253,1.3093949072649775
Halloween: Resurrection (2002),-0.5999947053019766,2.968163078710946
Sleepless (2017),-0.8568062475077186,1.1360554178313076
Blow (2001),1.000760326871605,1.539265733994022
The Glass House (2001),-0.5160249941785131,2.505105722345068
Angel Eyes (2001),-0.3940896964134236,2.7394977142682118
Made (2001),-1.016047507888389,3.3612294783397827
The Score (2001),0.932442567278563,1.5565884593279746
Spy Kids (2001),1.064852889422985,2.566338451709243
Formula 51 (2001),-1.1682570673968162,1.0938133028581962
Ghosts of Mars (2001),-1.091852758929287,2.08590681018356
Kiss Kiss Bang Bang (2005),-1.5730669574472331,0.3145797259107537
Atlantis: The Lost Empire (2001),1.1924309225415128,0.9709296889871007
The Others (2001),2.0349760475902166,0.7874046403349021
Sweet November (2001),0.023669065801377894,0.6670444631833029
Crocodile Dundee in Los Angeles (2001),-0.531986413008576,2.2277603021879044
Down to Earth (2001),0.19372149525819907,3.25174478791626
The Fast and the Furious (2001),2.3031330262271625,1.9024315672780157
3000 Miles to Graceland (2001),-0.4541392732356031,2.605439318327772
Collateral Damage (2002),0.04134689598717717,1.3693651510844849
The Matrix Reloaded (2003),5.9788651399472466,-0.7755011127601179
Monte Carlo (2011),-0.7897812777424563,1.45228202162726
Summer Catch (2001),-0.5464526015097394,3.5450841610425274
Josie and the Pussycats (2001),-0.6715661055455014,3.370359030482992
The Mexican (2001),0.8627219917871062,0.8607048411835739
The Tailor of Panama (2001),-0.6492567325501567,1.3099535259956758
Brotherhood of the Wolf (2001),-0.17283774177952455,-0.7527827081654294
The Pledge (2001),-0.20789930614787372,1.8394147671007377
Captain Corelli's Mandolin (2001),-0.16642383112848877,0.7645606249422593
Tangled (2010),3.1595960008742585,-0.3142401138098227
Queen of the Damned (2002),-0.3397284576973875,2.1353858316218104
Double Take (2001),-0.3525830121914767,3.433215431749832
The Cave (2005),-0.8430910959139648,1.0864266766131891
Cats & Dogs (2001),0.8846678868122883,1.2761125639817377
Saving Silverman (2001),-0.5288339067563916,2.541628750740611
Say It Isn't So (2001),-1.410597446429106,1.401760255044722
The Girl from Paris (2001),-1.6717120234948197,-0.8388204795536478
Dr. Dolittle 2 (2001),0.8423856739838407,2.132741681767337
Kung Pow: Enter the Fist (2002),-0.6922869686938399,3.3592585873435787
The Four Feathers (2002),-0.3783567285062012,1.5121710478952908
Freddy Got Fingered (2001),-0.8169790325679553,3.7210382416611467
Ocean's Eleven (2001),4.121983686074878,0.04028643875482182
Serendipity (2001),0.4095974760102557,2.002438175776818
Vanity Fair (2004),-0.5408245067885442,2.263716017386537
Harry Potter and the Sorcerer's Stone (2001),7.924830881611426,-1.5954397169249261
The New Guy (2002),-0.31289449124393726,3.3878233674162748
Exit Wounds (2001),0.13968649608089745,2.0326133245409177
The Hole (2001),-1.7256312333031263,-0.6072163625187199
The Matrix Revolutions (2003),3.531686038826803,-0.39390157548690946
Valentine (2001),-0.6527394980304136,1.8243309290130467
The Man Who Wasn't There (2001),-0.557553836239558,0.7119731730819274
Bridget Jones's Diary (2001),1.796478876620876,-0.08596631473438533
The Closet (2001),-0.7976532232509972,-0.28659057247870506
The Closet (2020),-1.496150091622673,-1.5273711122898
Stuart Little 2 (2002),0.48638748921194286,0.9765532202184931
40 Days and 40 Nights (2002),0.019398509580406384,0.976357267884629
American Outlaws (2001),-0.7158830236486724,3.445207062038666
Swordfish (2001),0.9807933262826761,1.1237113288423421
Someone Like You (2001),-0.2887954854284591,2.298490003850786
The Forsaken (2001),-1.1720077924926158,2.988455776049697
Invincible (2006),0.24608070063227205,2.8739689710171072
Moonlight (2016),-0.669753055287927,0.5758346507620886
Spirited Away (2001),2.811831522051306,-1.8194676045130334
Windtalkers (2002),0.2425617306169623,1.1323233866981601
Y tu mamá también (2001),-0.30846678752538537,0.6097823551463009
Thir13en Ghosts (2001),0.023534883671156005,1.980170448680836
Joe Dirt (2001),-0.2429912743867462,3.048021315223391
Bulletproof Monk (2003),-0.5399174563663125,1.8537179510261887
The Count of Monte Cristo (2002),0.79130463923204,1.7761046295014533
Kingdom Come (2001),-0.48370499556568525,3.571014235590715
Die Another Day (2002),2.9977484922595274,-0.07562062321050715
The Musketeer (2001),-0.45283107303927517,2.8952239695330055
Focus (2015),0.40962822905605323,-0.12105395286818861
Rollerball (2002),-1.0313462880977298,2.7013666236060705
Tomcats (2001),-0.8712560089061098,1.8941560645899658
In the Bedroom (2001),0.29377086416567433,2.33500465225298
Juwanna Mann (2002),-1.0802656319690938,3.6216054774778446
The Princess Diaries (2001),1.376385014011481,1.7480873680488092
Super Troopers (2002),-0.3227453871013145,2.4973644786894758
Kabhi Khushi Kabhie Gham... (2001),-0.7630809599507077,-0.9209430433513501
Manitou's Shoe (2001),-0.6776710752977161,-0.8689149290267669
Ali (2001),0.8008674709540059,1.4550513965687142
Tom Thumb (2001),-2.214314436781885,-0.6240760790559398
Domestic Disturbance (2001),-0.07031496696649345,2.9379907762552966
Asterix & Obelix: Mission Cleopatra (2002),-0.2841139695478825,-1.181008994141269
Crazy/Beautiful (2001),-0.4891838359507232,2.8382976936047317
The Experiment (2001),-1.2959509559203266,-1.1672690061684918
The Brothers (2001),-0.207101145150015,3.323286393284266
Corky Romano (2001),-0.593740499536349,3.5498564706773794
The Deep End (2001),-0.8549484611846395,2.928013574656774
Legally Blonde (2001),1.304257413235021,2.038879345740367
Rat Race (2001),0.5726099573929906,1.88119672485265
See Spot Run (2001),-0.2990935692652354,2.6815198232586606
Unfaithful (2002),0.6479710764886947,0.7472331964793283
Evolution (2001),0.3056901605493803,0.8690914630264807
Hart's War (2002),-0.359330556516358,1.4939269136858682
How to Lose a Guy in 10 Days (2003),1.600595950381624,1.3651673788221534
John Q (2002),0.878990098823948,1.885032548419084
House of 1000 Corpses (2003),-0.7588282150226502,2.481487338203069
Long Time Dead (2002),-2.025953981959106,-0.4158263635621096
Surviving Christmas (2004),-1.0587037404205086,2.563143340055548
Maid in Manhattan (2002),0.8633841356108,1.720431112067683
Rabbit-Proof Fence (2002),-1.0884709712136749,0.8274654008006014
Hearts in Atlantis (2001),-0.20068086820009304,2.4824938532329854
Heist (2001),-0.2356111515154147,2.6303403951870377
American Pie 2 (2001),2.2596294024199493,0.9883990565872424
The Pianist (2002),2.442473843365759,-0.499023210774654
Reign of Fire (2002),0.302641887690558,1.3989717162550317
Star Trek: Nemesis (2002),0.22545300507081836,1.7516536756142547
Out Cold (2001),-0.6768787047774708,3.3204213069906636
The Sweetest Thing (2002),-0.4265408707822094,1.008297357953391
Be Somebody (2021),-0.35500770949720667,-1.9115023041560253
Sex and Lucía (2001),-1.4281307788205453,-0.30536966992918574
Koi... Mil Gaya (2003),-1.3207439774091736,-1.427557569022553
The Piano Teacher (2001),-1.3835453501502033,-0.6457853967778657
The Point Men (2023),-2.1051230669293766,-1.5122352151230911
China: The Panda Adventure (2001),-1.6442995867796546,2.2820771275873355
Pinocchio (2002),-1.3248311307733067,-0.3963288850388419
Pinocchio (2019),-2.023894258382898,-1.116416859519971
The Animal (2001),0.0810001037688469,2.411783407393719
Baby Boy (2001),-0.016311265788472157,3.0640174054634244
The Devil's Backbone (2001),-1.5530801740504032,-0.5227568604356759
Possession (2002),-1.0230979435486396,2.0987453136634504
Shallow Hal (2001),0.8504400536835989,1.174291040496403
Sweet Home Alabama (2002),1.4135504796808147,1.994532876266734
The Curse of the Jade Scorpion (2001),-0.8819745997396319,0.9264702303449043
Road to Perdition (2002),1.8157300786835584,1.177290092577046
S.W.A.T. (2003),1.508192362337451,1.2326484709280752
Scary Movie 2 (2001),0.6908463205718921,1.5344826071453015
About Schmidt (2002),0.8533019721851023,1.4186590853436398
Cursed (2005),-0.8934990534169859,2.0158093772736563
Kangaroo Jack (2003),0.04208017604747215,2.6157180517734018
Black Widow (2021),2.18362939559588,0.1124801546474645
High Crimes (2002),0.11790407882502336,1.8046692739305015
Panic Room (2002),1.6873952991486534,0.9266114310780816
The Quiet American (2002),-0.6680360789746577,1.1543895471468597
S1m0ne (2002),-0.8458246347447097,1.2172769687904046
The Bourne Identity (2002),2.6586987608302333,1.0412422819110458
Girls on Top (2001),-2.024278715705892,-0.615867896296829
Dragonfly (2002),-0.23652222361229433,1.6566284820840882
Ghost Rider (2007),1.5806015646895992,0.9339097269683057
Lantana (2001),-0.9510009473863777,0.2932200455773137
My Big Fat Greek Wedding (2002),2.8502602560207726,1.6488274135679635
Vanilla Sky (2001),1.85997414163513,0.7458430518945371
Don't Say a Word (2001),0.4463669872315694,1.4151049218393494
Serving Sara (2002),-0.7749289843192168,2.876584983251955
Jay and Silent Bob Strike Back (2001),0.20153124021849983,2.895727487111957
Empire (2002),-0.7175845809524283,3.326694239237211
Gamer (2009),-1.2593393705621452,1.5092985936892178
Jeepers Creepers (2001),0.10448324907435694,2.0463544344473408
Megiddo: The Omega Code 2 (2001),-1.2951248980076846,3.6735892497439906
Uptown Girls (2003),-0.16980069472545317,2.7592745970717854
View from the Top (2003),-0.8646273905215753,2.782567110357895
Basic (2003),-0.31733533847781376,1.8314112810785603
Catch Me If You Can (2002),4.678882821184603,0.1164668448495682
Changing Lanes (2002),0.5080701875901501,2.1383885504740867
Frailty (2002),-0.5379336520150712,2.291132717112836
Life as a House (2001),-0.28244645090452825,1.6928191157497172
Murder by Numbers (2002),-0.06823257246898823,1.468781961194932
America's Sweethearts (2001),0.787053556139504,2.077142478563273
Black Hawk Down (2001),2.222751009843782,1.1888695375387082
Black Knight (2001),-0.2782746784920898,2.9772604170093815
Chaos (2001),-1.8643413374971005,-0.9874232715116482
The Girl Next Door (2004),-0.2169957372924093,1.0554614131929256
Big Fat Liar (2002),-0.03680361142172932,3.2418433793194468
Monsoon Wedding (2001),-0.5561863806610513,0.745999821566103
The Mothman Prophecies (2002),0.08833276536424194,1.7600971935760852
One Hour Photo (2002),0.026303986155120685,1.746278798307232
Recess: School's Out (2001),-0.10518363872388731,2.8775076005174185
The Rookie (2002),0.7686263818460028,2.8180123230691483
The Royal Tenenbaums (2001),0.9998029189679376,2.0676321483312603
The Slurb (2001),-2.031510926710793,-0.7659892863515397
Stealing Harvard (2002),-1.0127556253770442,3.6036509658398783
The Last Kiss (2002),-1.437233169483744,-0.8340866330883898
A Man Apart (2003),-0.3580488054924573,1.6810912266120086
Duplex (2003),-0.9959608018342937,1.4839955587577387
Finding Nemo (2003),7.7774591534438615,-0.7447010881030119
Kill Bill: Vol. 1 (2003),3.35311811503847,0.2269596510998721
Rush Hour 2 (2001),2.858205582069262,1.7199193631717367
Spy Game (2001),1.0591353142952458,0.6551071250840097
Abandon (2002),-1.2049322984783937,3.0579572085888014
K-19: The Widowmaker (2002),0.20019608263171967,1.0763234069078111
The One (2001),0.09894667518064307,1.9500421564046058
The Ringer (2005),-0.3067277688184238,2.881704708911534
Scooby-Doo (2002),1.710126215170991,1.5315701063802591
Adaptation. (2002),0.17534471059360557,1.8147154933333032
Home Sweet Home (2021),-1.1370563931153062,-1.4517618006578104
Ice Age (2002),3.3799649095122657,0.7058291847518466
Jimmy Neutron: Boy Genius (2001),0.5449053721739466,2.7131375203607786
The Time Machine (2002),0.5492716557907146,1.140618922228945
A Beautiful Mind (2001),4.288079058490116,0.6222319383343793
The Majestic (2001),0.15746260688113092,1.8600813784408845
City by the Sea (2002),-0.42729178726939393,2.3893425347904738
Two Can Play That Game (2001),-0.4195254136304226,3.5365642666476127
The Hunted (2003),-0.23130104222916412,2.3809543525411647
Confessions of a Dangerous Mind (2002),-0.34385883359065483,1.0999698391684427
Mad Love (2001),-1.7197064825230615,-0.8522603612082604
My Boss's Daughter (2003),-0.9391048573895996,3.0818630799355615
Kiss of the Dragon (2001),0.039047083110127154,1.6492225269712588
Eight Crazy Nights (2002),-0.6336374197476292,3.6958678197644694
Eight Legged Freaks (2002),-0.6091971339738026,0.9436403578733566
Black Swan (2010),1.119111031168752,0.2565705574853798
National Security (2003),-0.2887048890914952,2.4182880230940045
The Last Castle (2001),-0.17413252711915758,1.7077054164889172
The Forgotten (2004),-0.0315785904901204,2.3640754598000666
K-PAX (2001),0.7299892555733144,2.1839342176079373
Narc (2002),-0.785839526061851,2.566487588510634
Punch-Drunk Love (2002),-0.1758880427165419,2.199001242703898
Contagion (2011),0.032141244022364915,1.3895418624251488
Darkness (2002),-0.6396742818903391,2.1953439684329794
Max Keeble's Big Move (2001),-0.7238697793019607,3.385719836823537
Orange County (2002),-0.059223349077553944,3.3649242124566183
Tanguy (2001),-1.330891355459553,-0.9356515032283265
Johnny English (2003),0.4974737549308197,-0.13477201470540373
The Hours (2002),0.5995029615260219,0.5430535885948299
Crossroads (2002),-0.45456955381514164,2.120289044919953
Bad Education (2004),-0.7883244882910433,-0.644763953172035
Lilo & Stitch (2002),2.1097223097383973,1.2133174239815119
The Country Bears (2002),-0.9818191583051875,3.5071439244518
About a Boy (2002),0.7312726498138772,0.3519770399169278
Dogville (2003),-0.6003207359614853,-1.1708698184234267
I Am Sam (2001),0.7225929757630448,0.5100178059912891
Bad Company (2002),-0.19107302851932323,1.1249872867402415
The Scorpion King (2002),0.9824743578602373,1.3704336421198493
Not Another Teen Movie (2001),0.0142049800679757,1.8265188169926057
We Were Soldiers (2002),1.1338951963958095,1.5725613420024083
All About the Benjamins (2002),-0.41788546671294674,3.447870297710402
Enough (2002),-0.03596538934644454,2.379708131842263
How High (2001),-0.06571136818848779,3.5098433521687733
The Importance of Being Earnest (2002),-1.0032406654834527,1.2858363101073818
Insomnia (2002),1.2428974716491747,1.3640177547702155
Hollywood Ending (2002),-1.2589112289172053,0.56520584010935
Gods and Generals (2003),-0.21133979848310855,2.272440279455707
"Godzilla, Mothra and King Ghidorah: Giant Monsters All-Out Attack (2001)",-1.4275863883426112,-0.9951407762762942
The Good Girl (2002),-0.7364260157308087,2.772330901307578
On the Line (2021),-2.163694197021575,-1.2791559833765918
Dark Blue (2003),-0.8800598586124648,2.194437918042268
Undercover Brother (2002),-0.14997693372227391,3.3308573257930183
Divine Secrets of the Ya-Ya Sisterhood (2002),0.46733926494360234,3.036401609310303
Sorority Boys (2002),-1.1561839184809828,2.8038450566504483
Dream (2023),-2.342823557581138,-0.6451995419268106
Brother (2001),-1.4797087381956913,-0.435816401632592
Joe Somebody (2001),-0.44854538579023245,3.2587058836413956
Return to Never Land (2002),0.035499199151546604,1.3346636747147846
Trapped (2002),-1.2139045393061052,1.4512635369925755
The Banger Sisters (2002),-0.36006462880741913,2.656615259381932
Carnage (2011),-1.3887111033780366,-0.9532245531013114
Mr. Deeds (2002),1.304803024255263,2.297843782781966
Femme Fatale (2002),-1.111298249696379,0.8262507315309489
Gosford Park (2001),0.5489923403410569,0.7757722221374427
The Guru (2002),-1.365828372034274,0.0134559156566274
Heidi (2015),-1.6467657124530863,-1.686160680765125
Iris (2001),-1.0629346755966829,0.800420021037836
Wanderlust (2012),-1.1472399874541492,1.9819547355700393
Undisputed (2002),-0.8800262352239341,2.8854993893583747
A Walk to Remember (2002),0.5004292949674906,2.726860842356188
Wasabi (2001),-1.7192207568817375,-0.7772293488271679
Snow Dogs (2002),0.46143237221314154,2.268847919306875
The Circle (2017),-1.067206383727129,0.8891322088263052
The Wild Thornberrys (2002),-0.21964216245379184,2.2041436063041564
Darkness Falls (2003),-0.5021873779784012,2.338851787659511
The Crossing (2014),-1.5829972395995904,-1.1296964941148453
Inferno (2016),0.014208040642705849,-0.5737732015433152
Life or Something Like It (2002),-0.7864467809017314,2.847050793983431
Swimfan (2002),-0.5083856003224508,2.9836303745252923
Tuck Everlasting (2002),-0.5059180844896228,3.426323353735111
Van Wilder (2002),-0.32979456762505405,1.6456483742298702
White Oleander (2002),-0.4900880667221037,2.236992849150973
Extreme Ops (2002),-1.759124750599768,1.4171895798969256
Twisted (2004),-0.4112991113732324,1.583940091274845
The Jungle Book 2 (2003),0.015101918510157639,0.9358659757104483
Kandahar (2001),-1.6051321946621877,0.16357241643020845
Kandahar (2023),-1.4332112912108599,0.6981007108645282
No Man's Land (2013),-1.187241877675926,-1.570136925863278
The Emperor's Club (2002),-0.6507478733478727,2.7062158341383693
They (2002),-1.1203985912149952,2.783117036463285
8 Women (2002),-0.8693448696709772,-0.8102331995590384
The Spanish Apartment (2002),-1.0306698559619103,-1.0624637592914306
Dead Weight (2002),-1.7257114185008335,-0.9039393744226499
Nebraska (2013),-0.8517167202017696,1.3835590016515698
Showtime (2002),-0.06309994653439673,1.391411428811847
Sisters (2015),0.42853884535986014,2.2110222759308145
Ali G Indahouse (2002),-1.3012227128807705,-0.5396387081727322
Boat Trip (2002),-1.3212559947253475,1.880376797422113
Dreamcatcher (2003),0.01631064310526106,0.8151461022424806
Monster's Ball (2001),0.13662989796749908,2.014933621595327
Once Upon a Time in Mexico (2003),0.5266697642283872,1.528473294129011
Les rois mages (2001),-1.8697394904014273,-0.7734312038966401
Signs (2002),3.5036272699195434,0.9983133207378022
Silence (2016),-1.8404630430612212,0.24990341752874248
Shaolin Soccer (2001),-0.7967536187993697,-0.8275742540291987
The Triplets of Belleville (2003),-1.0859061531128331,1.0224731646220542
Bend It Like Beckham (2002),0.17709695444610377,0.8389386145239187
Hulk (2003),2.0401332019394873,0.9310958578536559
Pulse (2006),-0.60759563352142,1.7275344658756098
What a Girl Wants (2003),-0.1543048942361772,2.1815511144676636
Earth (2007),0.05322833161483482,-0.10956791269054843
Pokemon 4Ever: Celebi - Voice of the Forest (2002),-1.5267173916743608,-0.39306293684537535
Spy Kids 2: Island of Lost Dreams (2002),0.6295926541706848,2.2867869681477337
Animal (2023),-0.5588275231628521,-1.1255472603719159
Daredevil (2003),1.2388304068361995,1.5167748833493777
The Medallion (2003),-0.6822015702959993,2.156346529916843
Zelary (2003),-1.2633610143518514,-1.4053141122697743
Ghost Ship (2002),-0.16398026605727323,1.2317853578976339
28 Days Later (2002),1.1857771064468263,1.2025434726898934
The Powerpuff Girls Movie (2002),-1.037060138310064,2.3914532636519548
Red Dragon (2002),1.8259804387845535,0.5527738371626773
Analyze That (2002),-0.15986362837505966,1.7616702017533674
The Butterfly Effect (2004),1.4471117831311304,1.3115939079873151
The Life of David Gale (2003),-0.061073417272860836,0.9472390970969787
Meet the Fockers (2004),4.00542455120704,0.6338406432828236
The Tuxedo (2002),0.2058373026567255,1.3235917830790507
Max (2015),-0.35630219494956,2.6776604480901147
Space Station 3D (2002),0.6590488839897465,2.5794970730418605
The Wash (2001),-1.030669799734234,3.6242082964693187
X2: X-Men United (2003),4.003980615210168,0.46961464638437794
Mean Machine (2001),-1.7312919192423406,-0.5488710644747329
The Recruit (2003),0.5431348565030389,1.1520735891564227
Son of the Bride (2001),-1.44435857200116,-0.904824662650228
No Good Deed (2014),-0.2925195395628808,2.8999241652721297
The Rules of Attraction (2002),-1.127892493265065,1.4613475737889436
Before the Devil Knows You're Dead (2007),-0.9024852792934953,7.23619740859993e-05
The Gift (2015),-0.9775716813465855,2.8259826851484906
Mortal Kombat (2021),0.36752279978482333,0.465712648981707
The Phantom of the Opera (2004),0.9824913069289213,-0.09614834718646471
Radio (2003),0.18089789746582605,3.245488271526538
Rush Hour 3 (2007),1.7815736094400894,1.140320076382588
The Transporter (2002),0.22843229996052028,1.6544211735174024
Friday After Next (2002),-0.2452278333209642,3.567179111074591
The Little Polar Bear (2001),-1.9520948490643488,-0.5739482254484972
2009: Lost Memories (2002),-1.8076745057558643,-1.1936310041701264
Beyond Borders (2003),-1.2283836212033636,0.583864220001659
Rent (2005),-0.1079211048401656,2.566527416308073
Austin Powers in Goldmember (2002),2.5013284601960337,2.061713064606696
Feardotcom (2002),-1.2346016953686523,2.5041351192904178
A Guy Thing (2003),-0.7563788499145851,2.995385781983098
Harry Potter and the Chamber of Secrets (2002),6.890273360204923,-1.6631565998758004
The Master of Disguise (2002),-0.5403665208225736,3.6234626653069313
Merry Christmas (2001),-2.1866755110638816,-0.5946949156172201
Savages (2012),-0.11531004554173913,1.2005986944910927
Wrong Turn (2003),-0.6140241246611577,1.639478801852991
xXx (2002),2.0144885120493576,0.921842699593441
Taxi 3 (2003),-0.9766437313211244,-0.7864886734596649
The Chronicles of Riddick (2004),0.8673683728016659,0.9458290553714098
Brown Sugar (2002),-0.22910077123570124,3.1650227696441036
Ghosts of the Abyss (2003),-0.7823014041610571,2.73241573053485
Half Past Dead (2002),-0.9631502467703145,2.8372790533914145
I Spy (2002),-0.30348663811883314,2.098368339401392
Mindhunters (2004),-1.1391120336914173,0.06147573609022658
Argo (2012),1.385224106924721,0.9449586733248603
Far from Heaven (2002),-0.43868239637840006,1.3856992725574322
The Ring (2002),2.3330062776792366,0.9059885803869456
Shrek 2 (2004),7.129798278869535,-0.18246037093663878
8 Mile (2002),2.1176103494582033,0.7886135325545597
Whale Rider (2003),-0.32518299982636456,1.1933107234829217
Derailed (2005),-0.6360771813261586,2.1068650603482566
Jonah: A VeggieTales Movie (2002),-0.4156286890931508,3.557910180789371
The Invisible (2007),-0.7950375629724568,2.231343740634574
The Core (2003),-0.0018879750952869164,0.7206794037556203
In America (2003),-0.42461947645437553,1.582706011494346
Hop (2011),1.0114086399916913,1.0688118827695636
The Uninvited (2009),-0.4903743968119242,1.7938492742032144
Home on the Range (2004),0.15039464216971207,0.7936183111622307
Chicago (2002),2.572481257317286,1.023231750539879
The Photograph (2020),-0.1952340198392944,2.9743970107161455
Hero (2002),1.0633328325466886,-0.18613768995135263
Hero (2007),-0.24041820931815847,-1.4909742411986244
Hero (2015),-0.8929806072682791,-1.7536405100393184
Hero (2022),-0.6844344759166255,-1.9571886805675214
Jersey Girl (2004),-0.3285988409856512,2.13494933497524
Shanghai Knights (2003),0.4702004109086683,1.906257868675192
Blue Crush (2002),-0.11694524232382833,2.5218969578744446
Timeline (2003),-0.5265662287123106,1.0034288707608654
Deliver Us from Eva (2003),-0.5883025177776895,3.3536909306123044
Dirty Pretty Things (2002),-0.9891121214155324,1.6361755631987662
Good Bye Lenin! (2003),-0.12795724312334603,-1.1834619156060853
Jeepers Creepers 2 (2003),-0.14654530088107173,1.5833222096022153
The Other Side of the Bed (2002),-1.8151539522450908,-1.0039393488751978
Winged Migration (2001),-1.2005134245972842,-0.7494816878856659
The Hot Chick (2002),-0.08758911426971559,1.960029734222901
Old School (2003),0.9137599768161752,2.805418250477658
Barbershop (2002),0.5470582535593503,3.3065235683525467
Cabin Fever (2003),-0.5457516666668523,2.244774457497094
Drumline (2002),0.3201926358333383,3.183473732185366
Harry Potter and the Prisoner of Azkaban (2004),6.397877158752503,-1.3933793426149634
Mona Lisa Smile (2003),0.7292431473360023,0.787380277919973
The Santa Clause 2 (2002),1.2708849821905894,2.5417611272714895
Anger Management (2003),1.7227013477370634,1.888191492521864
Charlie's Angels: Full Throttle (2003),1.3826036421049595,0.6235383022939912
The Crocodile Hunter: Collision Course (2002),-0.4659008598286427,3.0286440246649278
Bringing Down the House (2003),1.1189935483199347,2.5114909592629426
Just Married (2003),0.20515376985976558,1.5938629698313058
The Prince and the Pirate (2001),-2.0612397463563656,-0.6331594284022602
Scary Movie 3 (2003),1.3057097982438073,1.2863600834598012
Whiplash (2014),-0.826113519591916,-0.28710609029739886
Cradle 2 the Grave (2003),-0.23344992234306017,1.8110693839796534
The Divorce (2003),-1.1590555968226568,2.143893598892255
The Lizzie McGuire Movie (2003),-0.15189035564879352,2.5423276246329856
Public Enemy (2002),-1.493643697357357,-1.3271664062071438
Shark Tale (2004),2.4424820219810788,0.6063218810501472
Solaris (2002),-0.5843234414567133,1.3776648556350077
The Wild (2006),-0.22239343118790042,0.7588430783477363
25th Hour (2002),-0.13646729145822484,1.0831742600538838
Bad Santa (2003),0.552978641810429,2.441651581099786
Bobby (2006),-0.9474631144269091,1.1417771000713481
Ballistic: Ecks vs. Sever (2002),-1.1766762884007427,2.631747387469024
Happily N'Ever After (2007),-1.1280097081569689,1.0993931794053065
The Human Stain (2003),-1.106757171996035,0.20474173702447257
Like Mike (2002),0.017702096235483106,2.790424632094382
Finding Neverland (2004),0.853163683030187,0.7113136823504026
Thelma (2024),-0.8371245121880853,1.3957529766559282
War (2007),-0.35803014057648525,1.0596259822257277
War (2019),-0.7408082007196538,-1.6967831710768992
Blood Work (2002),-0.21996147620269066,2.587820387397903
Down with Love (2003),-0.5104193820856395,1.361596264848063
Final Destination 2 (2003),0.3447175938032587,1.4087410263118778
Identity (2003),0.7300513706870526,1.5388016142964116
Luther (2003),-0.8988632824264692,-0.15339570077244574
The Dreamers (2003),-1.0061987105737609,-0.24961696780728912
Ruby & Quentin (2003),-1.3128526061305357,-0.8512001203907447
A Mighty Wind (2003),-0.4478231401611021,3.1353642455725135
Bowling for Columbine (2002),0.20165189470251915,0.42456796468356034
Confidence (2003),-0.7880455687025225,1.4546804453002429
Master and Commander: The Far Side of the World (2003),1.8349484133281573,0.3473558279314198
The Flying Classroom (2003),-1.959850242148643,-0.983419187659842
Holes (2003),0.679265995523889,2.8825562072266364
The League of Extraordinary Gentlemen (2003),0.9828219929269665,0.5269697817244637
Wallace & Gromit: The Curse of the Were-Rabbit (2005),1.069143370714806,0.11884312008385964
Long Shot (2019),-1.0779058584050032,1.8652522342590427
The Cat in the Hat (2003),0.5126578690027569,2.689973765058141
Veronica Guerin (2003),-1.6138015778809383,-0.05135828179573573
The Foreigner (2017),-0.44065001996603864,-0.14809313827258222
The Way Home (2002),-1.3175627884332521,-0.8014072641085745
Der Wixxer (2004),-1.9363654481245345,-0.8021006309844526
The Crime of Padre Amaro (2002),-1.036655586265673,-0.2292797891961297
Out of Time (2003),0.03960317429133446,2.215403916560935
Paris (2008),-2.1158606981571126,-0.6966903493668508
Punch (2011),-1.6821215815281565,-1.1396456682287874
Runaway Jury (2003),0.4817879557936423,1.4116399624093117
Two Weeks Notice (2002),1.2118832502987613,1.0099861077782017
Anything Else (2003),-1.3600874913156527,0.19311367231732288
Agent Cody Banks (2003),-0.10654738865634358,2.7090990063950864
Godzilla Against Mechagodzilla (2002),-1.8593940431366314,-0.8343883297184185
Mortadelo & Filemon: The Big Adventure (2003),-1.5826812951899036,-0.8707077511603724
Hey Arnold! The Movie (2002),-0.9702551455527688,3.250474758466276
Love Actually (2003),2.3566546225872878,-0.6066990014873698
Tears of the Sun (2003),0.3662709661169238,1.0488083005947135
My Life Without Me (2003),-1.576206988421459,-0.6970705136408838
Hope Springs (2012),0.022632274991804344,1.2665259500611132
The Perfect Score (2004),-1.0836873376568732,3.256222973113743
Sucker Punch (2011),-0.6951590295140975,0.9342424715007789
The In-Laws (2003),-0.6397550113709823,2.477384320701093
Bruce Almighty (2003),3.985315727162774,0.6218706237102641
21 Grams (2003),0.20274254018553622,-0.04443059537860769
House of Sand and Fog (2003),-0.38916735818867204,2.0874882793632517
Open Range (2003),0.6601266168127186,2.2668156735199796
Peter Pan (2003),0.480229932746447,0.5965895207136764
Spider-Man 2 (2004),6.71791772767186,-0.3061485654856802
Because of Winn-Dixie (2005),-0.26171287921384545,3.101583695277789
Bridget Jones: The Edge of Reason (2004),1.1591766155311738,-0.6351527096924598
Black Box (2021),-1.9017953546223951,-1.2015876107502066
Cars (2006),4.104055525621659,0.4655070223387471
City of God (2002),0.9599808330296565,-0.4817713574075776
Daddy Day Care (2003),0.8835973881527202,1.8837888981683404
Hidalgo (2004),0.7321355196680067,1.331289052031714
House of the Dead (2003),-1.5686601461660765,2.8746220944874743
The Incredibles (2004),5.740438334818521,-0.36906273945654094
The Italian Job (2003),1.839947044316535,1.3775955767796104
Mission: Impossible III (2006),3.08109755432096,-0.3995078045410553
Looney Tunes: Back in Action (2003),-0.4639221957503922,0.6133496676008513
To Be and to Have (2002),-1.4778321581961735,-0.8937644167382043
Alex & Emma (2003),-0.8340494516418375,3.186291279152197
The Cooler (2003),-0.9094066671879407,2.4413164238480305
The Magdalene Sisters (2002),-1.2858549841021227,-0.8608919574381537
The Motorcycle Diaries (2004),-0.20249170685672926,-0.22791740560949716
Resident Evil: Apocalypse (2004),0.612562779389157,0.7808877672299824
Sahara (2005),0.7071844338181901,1.2553741455896226
The Young Black Stallion (2003),-1.57073411219208,2.705007799417476
The Alamo (2004),-0.31824998251690956,2.4712632266061823
Big Fish (2003),1.6304347399560457,0.9326785778381892
The Day After Tomorrow (2004),4.187216351576124,-0.5132954161649923
Elf (2003),2.326212759235646,2.2638019553974535
How to Deal (2003),-0.7997284103027633,3.3760134217477535
Man of the Year (2006),-0.48123526253191806,2.9283301443181564
Kingdom of Heaven (2005),1.7122835052601686,-0.7860533410721257
Underworld (2003),0.874690222236126,1.1341983128075748
Warrior (2011),-1.547687253823467,1.6605327184918286
Bibi Blocksberg (2002),-2.1350885804664252,-0.7720482507131913
2 Fast 2 Furious (2003),1.9084140144516788,1.186066515104238
Freaky Friday (2003),1.2025819790719185,1.9766499218342426
Honey (2003),-0.40172221971283495,1.3993688184155773
Inuyasha the Movie: Affections Touching Across Time (2001),-1.68361308762065,-0.9600487666789667
Jackass: The Movie (2002),0.49227797435285414,2.6922328261572126
Laws of Attraction (2003),-0.8463656581399156,1.63199425386828
Chasing Papi (2003),-1.5840134871311011,1.6231928992701208
Phone (2002),-1.558039567284993,-0.9115258827677644
Piglet's Big Movie (2003),-0.5632822716434746,0.9902303083951342
"Remember Me, My Love (2003)",-1.6815614140221784,-1.069899025257668
Suspect Zero (2004),-1.1903247952816516,2.4265723237901256
Swimming Pool (2003),-0.8196669156059101,1.0674376660609697
The Texas Chainsaw Massacre (2003),0.7583110363884895,2.3182275696710892
Wicker Park (2004),-0.6181721504663656,1.5117628873023217
Champion (2002),-1.7695405140896472,-0.8234527062353467
Dickie Roberts: Former Child Star (2003),-0.5246833271604672,3.288064750097723
Head of State (2003),-0.24829861244753562,3.4456783673666953
The Eye (2002),-1.6876217910614144,-0.5046799879360184
The Eye (2008),-0.28031931588408876,1.238147522535608
Lara Croft: Tomb Raider - The Cradle of Life (2003),0.7669649032543127,0.6973410127784984
The Last Samurai (2003),3.6828862727438554,-1.1814709280135955
Matchstick Men (2003),0.3019586575887023,1.2782567489666328
Perfect Strangers (2016),-1.8517553886351867,-1.3101610469331004
Perfect Strangers (2017),-1.8137453160404622,-1.2287029944444734
Pirates of the Caribbean: The Curse of the Black Pearl (2003),6.945956752410963,-0.39222755218598765
The Miracle of Bern (2003),-1.3004725029729898,-1.132418478979858
X (2022),-0.8417000308792904,1.8370454739168343
Yesterday (2019),0.28652121900308875,0.3709382832865738
The Star (2017),-0.20687372368278714,1.300124497276341
Biker Boyz (2003),-0.6378759844804094,3.205092059481712
Envy (2004),-1.0072561119600836,3.2354858417587873
Good Boy (2003),-0.4233247369748652,2.92266073320645
Martin Lawrence Live: Runteldat (2002),-0.6280623907176786,3.387903410310912
Mystic River (2003),2.0719610948369853,0.9265228913549055
Over the Hedge (2006),2.295317777160955,0.6894811623026733
Secondhand Lions (2003),0.23567479431372831,2.616140604476324
The Stepford Wives (2004),0.21475801916180898,1.6738160609461232
The Whole Ten Yards (2004),-0.7480501263864529,1.8974139931061513
Around the World in 80 Days (2004),-0.16868747259106548,0.39687735145301567
Catwoman (2004),-0.26086782312384443,1.4504125152651879
Coraline (2009),1.2076039374554057,1.2008387364871547
Ella Enchanted (2004),-0.374322279948377,2.6922376382549027
The Rundown (2003),0.36923909160543994,1.5584178363610628
Kingdom (2019),-1.0719068575996045,-1.4723483925397844
Malibu's Most Wanted (2003),-0.3791194319130876,3.5954440178660625
Man on Fire (2004),1.7136231275292175,0.956793824130631
Thirteen (2003),-1.1362215858538036,1.0882724184562118
Under the Tuscan Sun (2003),0.15519257795890032,2.122418308530952
American Wedding (2003),1.5873756022877266,0.8588788553063899
Brother Bear (2003),1.4221771485726802,0.39201509137299256
Chouchou (2003),-1.7553499148062575,-0.7997332048647079
Dumb and Dumberer: When Harry Met Lloyd (2003),-0.8538141726938233,2.454960826251641
Freddy vs. Jason (2003),0.6555922586944144,2.186154396721805
Monsieur Ibrahim (2003),-1.5147930543477968,-0.06223268909599105
Our Times (2015),-0.9679954086296876,-1.3513048998034949
Seabiscuit (2003),1.4394188090772053,2.032310985593784
Torque (2003),-1.0142336977710837,1.3003433359213705
Hollywood Homicide (2003),-0.33198884876153245,1.6982481352397711
xXx: State of the Union (2005),-0.47929761511082003,0.8675248177235941
Shadow (2018),-0.7531789795727255,-1.3395388463986657
Harry Potter and the Goblet of Fire (2005),7.0823440216620455,-1.6640593334686578
Hostage (2005),-0.022548474056036966,0.8325410346798955
Don't Move (2004),-1.6875636715263498,-1.1394853287483773
The Punisher (2004),0.13566887053805055,1.4985176978549373
Devotion (2022),-0.39634811817527016,2.453155825689029
Cold Creek Manor (2003),-0.6273297115924764,2.260260678747916
Run (2020),-1.3737731835390943,-2.169559845704102
Scooby-Doo 2: Monsters Unleashed (2004),0.7472950881331324,1.1143794196936196
Man of the House (2005),-0.7893592904233452,3.013871904932395
The Clearing (2004),-1.4539494241209265,1.2334527116420457
Fever Pitch (2005),-0.05946795621293885,2.5555761170493314
The Notebook (2004),2.082195219809472,1.5338582823214708
School of Rock (2003),1.3698607740159123,1.501960570718713
Troy (2004),4.141507856876101,-1.219738088421419
Together (2001),-1.3451990578888309,-0.7970551697116496
Together (2003),-1.4307311800528841,-0.8530873322451632
My Baby's Daddy (2004),-1.0096517856905054,3.472836747511862
Jail Breakers (2002),-1.587273951823394,-1.0717760647961276
Garden State (2004),0.1816468346166554,2.134627558614774
"Legally Blonde 2: Red, White & Blonde (2003)",0.5261012755115329,2.362113444794072
Here (2024),-0.6414593285661956,2.026200879936888
Girl with a Pearl Earring (2003),-0.6243324150454731,0.6490772567600548
Godsend (2004),-0.9587966323781602,1.3390561772026512
The Ladykillers (2004),0.09598133647368447,1.276902514417708
Lost in Translation (2003),1.2985753732288767,0.47404160750675745
Mohou-han (2002),-2.0582429045039423,-0.9831677165468361
The Passion of the Christ (2004),4.934732062957531,0.6783046928431465
Starsky & Hutch (2004),1.0502974803229015,1.189103420569009
Win a Date with Tad Hamilton! (2004),-0.7765831144380803,2.6092669072034496
Crimson Rivers 2: Angels of the Apocalypse (2004),-1.26348873008346,-0.9474106794876213
13 Going on 30 (2004),0.5873904541711941,1.5960063928172052
Barbershop 2: Back in Business (2004),0.21851771612864454,3.2748160799364006
Love Don't Cost a Thing (2003),-0.620281758157108,3.4805650587927546
Detroit (2017),-1.3256997450373056,1.7989895462652534
Christmas on the Nile (2002),-1.6781190913780242,-0.6419113613904279
The Prince and Me (2004),-0.32184190831339593,2.2344111079862055
Rugrats Go Wild (2003),-0.3559011552620261,2.4381329585509657
Something's Gotta Give (2003),1.9235298274973283,0.5776274529545372
Birth (2004),-1.1066947413537318,0.12016914576106695
Calendar Girls (2003),0.03779764501479322,0.40582205724574644
Calendar Girls (2022),-0.9901869716566385,-1.609828142283676
Catch That Kid (2004),-0.8738032545776447,3.4663949479230585
Cellular (2004),-0.12746812135635932,1.5052683002562022
Defiance (2008),-1.038446707848747,1.9320623749291879
Live Free or Die Hard (2007),3.0952307212195023,-0.41515069200111976
Eternal Sunshine of the Spotless Mind (2004),2.2279873353240838,0.7149592412966842
The Haunted Mansion (2003),0.6473592497277975,0.9982804046936743
Dirty Dancing: Havana Nights (2004),-0.8791011261971761,1.507645703042234
The Barbarian Invasions (2003),-1.2214155763662375,0.5379047001621973
The Missing (2003),-0.166303561852147,1.789311939059053
Paparazzi (2004),-0.877896599293988,3.2753761490050364
Paycheck (2003),0.5209457510692593,0.8637951691541474
The Polar Express (2004),2.287349972651867,1.2120542958808824
Spy Kids 3: Game Over (2003),0.8634357936922096,1.762807534978616
Stuck on You (2003),-0.11638216601495549,1.2315789579225367
Two Brothers (2004),-0.36391724699575584,0.29361134861867055
Van Helsing (2004),2.250317622575561,0.19130725944722618
The Aviator (2004),2.3175954977794158,0.1562547650389501
Battle Royale II (2003),-1.709662359470457,-1.2647689378187381
A Series of Unfortunate Events (2004),1.7120934596737447,1.1764207064360976
Mr. 3000 (2004),-0.5487971319084889,3.3619849234078267
Married for 7 Years (2003),-2.050186299952426,-0.8281391713704733
Being Julia (2004),-1.0772449976992116,1.3417079617898169
New World (2013),-2.3350363595053514,-0.2661939358340732
Monster (2003),0.24363141690790893,1.4587482354624999
Monster (2022),-0.8924558635746035,-1.794270596450415
Brothers (2009),-0.966861495178816,2.1487457853918244
Wet Dreams (2002),-2.0159046747345157,-0.7326110811645369
Sex Is Zero (2002),-1.4759571854294653,-0.8862766515449549
9 (2009),-0.26569785091278053,1.6403431242929585
Unleashed (2005),-0.18122769047755208,1.033089371976133
Along Came Polly (2004),0.9995715576683937,1.1869420011415175
The Dope (2003),-2.233521958285038,-0.6306689898733036
50 First Dates (2004),1.9475107046760582,1.469975895261171
The Good Shepherd (2006),0.7743110072753671,0.8664844356589372
"I, Robot (2004)",3.257195101348805,0.163268239562503
The Lost City (2022),1.206576194489415,0.1271514797736483
A Very Long Engagement (2004),-0.32859729989743247,-1.1306557511911297
Après Vous (2003),-1.8585849944466797,-0.6377049663291637
Arthur and the Invisibles (2006),-0.37994442627861036,-0.5556496155477103
Bedtime Stories (2008),0.8968932160840741,1.6463548669090022
Connie and Carla (2004),-1.200262779703645,2.174670411480503
"The Legend of Al, John and Jack (2002)",-1.471745556643226,-0.9457641000790356
The SpongeBob SquarePants Movie (2004),0.9194334431597905,1.6279001809615015
Sky Captain and the World of Tomorrow (2004),-0.05512249265083391,1.8423392294144298
Alexander (2004),0.8924499723191156,-0.7855847119514645
Head-On (2004),-1.5208796636479613,-1.1655051412252895
Howl's Moving Castle (2004),1.6718846646401833,-1.8004580694330445
Kal Ho Naa Ho (2003),-0.879466340100945,-1.2693875347580785
The Cat Returns (2002),-0.8923441782369276,-0.8451458601593712
Pokémon Heroes (2002),-1.7020243468370855,-0.4842758635485411
Superman Returns (2006),3.1884084531930466,0.28753213101991265
Waiting... (2005),-0.6251974786289307,2.7321381300462386
My Tutor Friend (2003),-1.5601267226771924,-1.0444339387563115
Gothika (2003),0.5423720627611474,0.919137847590021
(T)Raumschiff Surprise - Periode 1 (2004),-0.9606856737210925,-0.8619578607391596
Breakin' All the Rules (2004),-1.051240085834231,3.4455985091961345
Cheaper by the Dozen (2003),1.4022592006203025,2.1796907137178767
Le coeur des hommes (2003),-2.0001723166840835,-0.9377101539317242
King Arthur (2004),1.124053478455586,-0.2630027278435433
Ladder 49 (2004),0.6084244354249774,2.05222909574703
Miracle (2004),0.6894825913364163,2.8552528529539565
Unstoppable (2010),0.4029985089893841,1.0005978132832232
Nothing to Lose (2018),-1.7424840297019346,-1.2975175001088892
Ocean's Twelve (2004),2.8467565456022323,-0.16036677769999996
Raising Helen (2004),-0.12185197906136644,2.1658578734968383
Ray (2004),1.239245551003974,0.9863845236239567
An Unfinished Life (2005),-1.0482105284503072,0.9368703891791801
Madagascar (2005),3.9715572250772246,-0.13417665861150987
Walking Tall (2004),0.06391757429495273,2.6615591929155165
Cinderella Man (2005),1.1522407856749983,0.8308484712835316
De-Lovely (2004),-0.7185013387926895,1.935755995733673
Facing Windows (2003),-1.4991774589395515,-0.882437678725138
Marathon (2005),-1.5832893033903594,-0.7822722438818496
Parasite (2019),0.15327637254697513,-0.7201386345321721
NASCAR: The IMAX Experience (2004),-0.6482347515269058,3.6133971577822614
Year One (2009),-0.8297656484602157,2.923608990313724
Podium (2004),-1.4985498949191514,-0.9420089627116143
The Brothers Grimm (2005),0.29662272341878576,0.4358037854518359
EuroTrip (2004),-0.22112760312868202,2.475422276401053
A Cinderella Story (2004),0.12318373533730068,2.293824448937387
Elysium (2013),0.8212758372647341,0.19652254382763837
Garfield: The Movie (2004),0.7409607837003267,0.8088757617485743
The Family Stone (2005),0.36977799740271816,1.754200057935053
I Heart Huckabees (2004),-0.7397974515474297,1.757324015639411
Mr. & Mrs. Smith (2005),3.9723729877494356,-0.1976716767167044
RRRrrrr!!! (2004),-1.9512551834020313,-0.8736769901614594
Salt (2010),1.3471233590566567,0.41888000777448126
Elektra (2005),-0.5353412009894888,1.11467280613083
The King (2017),-1.0345929335382236,-1.7803649811673767
Anchorman: The Legend of Ron Burgundy (2004),1.3130406811481614,2.993163202405182
Boogeyman (2005),-0.3554541986194616,2.3477986450791297
Robots (2005),1.757527521364031,0.9495644447665389
Shall We Dance? (2004),0.6362139921988306,0.3705329586899559
Walk the Line (2005),2.021068401069821,1.1405541930390093
Agent Cody Banks 2: Destination London (2004),-0.7080988299832667,2.7806760178867886
Blade: Trinity (2004),0.6564160935747791,0.6433746065744793
The Box (2009),-1.180355654479443,1.042695141820545
End Game (2021),-1.0692322906860727,-0.5871409865128729
Johnson Family Vacation (2004),-0.5097928925047839,3.5265567612280955
The Secret Life of Walter Mitty (2013),1.3726925190416244,-0.3814603333161591
Sleep (2023),-2.2459035662152886,-1.1803970237850716
Chasing Liberty (2004),-0.8013139624024398,3.1969774415297074
Wimbledon (2004),-0.5659853214374897,0.9090137576099344
Constantine (2005),1.933408682332401,-0.07383509315160752
King Kong (2005),4.674899253587027,-0.9403471120102828
Taken (2008),1.3757032875502873,1.6333503157861242
Valiant (2005),-0.7012254730455209,0.7514231936780218
Bride & Prejudice (2004),-0.9810554419355793,0.15096213480239867
Confessions of a Teenage Drama Queen (2004),-0.5725643552733094,3.1200942680403516
Fahrenheit 9/11 (2004),1.7793998439081333,0.8551114313989135
Raise Your Voice (2004),-1.0412037839791928,2.131982211780435
Inglourious Basterds (2009),5.27703081451828,-0.742833048025767
Little Black Book (2004),-0.615068800320853,3.123984430486772
Welcome to Mooseport (2004),-0.8592366457031769,3.299954360375423
Scary Movie 4 (2006),0.8471347192739271,1.337360489930479
Son of the Mask (2005),-1.0823193967366813,0.8141008589350774
Tell No One (2006),-0.8675438346898136,-0.7451255811968823
The Terminal (2004),2.187993962521585,-0.013898841968388654
Kinsey (2004),-0.7500722095317959,1.4464061260123897
The Life Aquatic with Steve Zissou (2004),0.11819612659084865,1.7652834258206596
Criminal (2015),-1.2651417647252448,0.21931054796249333
Employee of the Month (2006),-0.5594414739446409,2.215580307512716
The Grey (2012),-0.16378426329003867,1.6526073568299626
Downfall (2004),0.6429843679034019,-1.6103745602008221
The Blind Swordsman: Zatoichi (2003),-1.0416272490000886,-1.2497049770828548
New York Minute (2004),-1.0354867583548821,2.172163258821385
Intimate Strangers (2018),-1.4291125786285848,-1.691830350253134
Dawn of the Dead (2004),0.8897700638936068,1.3906745162975926
Elephant (2003),-1.503180891954592,-0.09402768500274446
"The Chronicles of Narnia: The Lion, the Witch and the Wardrobe (2005)",5.630303722112297,-0.8005443018241217
Secret Window (2004),0.453584223729094,1.2784005057654457
Taking Lives (2004),-0.10862384836935307,1.216685516463673
Oldboy (2003),-0.04765706811682852,-1.2022145318245119
Dodgeball: A True Underdog Story (2004),1.5113845870600813,1.8931278801732616
Without a Paddle (2004),0.14306624977257884,2.5689307471916596
Babylon A.D. (2008),-0.43334261369544164,0.46499000641443344
The Challenge (2023),-1.6348889938126572,-1.3104077668695258
Deep Blue (2003),-1.3968059560356516,-0.6331697096482639
The Matador (2005),-0.9668550628474097,2.1531640426913046
Syriana (2005),0.5711777917463913,1.0078736157048458
Shaun of the Dead (2004),0.5554372119366524,0.8618988775045155
The Upside of Anger (2005),-0.5720077416072531,1.6899430937026507
A Walk Among the Tombstones (2014),-0.32253682446836957,0.460185281862648
You Got Served (2004),-0.5031274631224555,2.8006625998544257
Anacondas: The Hunt for the Blood Orchid (2004),-0.44938390627718394,1.2509888464075287
One Missed Call (2004),-1.6975281529727124,-1.094265197599982
One Missed Call (2008),-0.4417853975064047,1.361954831957931
Godzilla: Tokyo S.O.S. (2003),-1.9504432010574464,-0.8741751274471229
Seducing Doctor Lewis (2003),-0.9701802495767246,1.924953007477226
Happy Feet (2006),2.8058946405759384,0.7065534777726419
Harold & Kumar Go to White Castle (2004),-0.20413262213370587,2.3713469669799365
The Jacket (2005),-0.9687251170604311,0.2997054074347382
Soul Plane (2004),-1.0689139125056464,3.462967061059385
After the Sunset (2004),-0.3084034601371171,1.0847605083354765
Charlie and the Chocolate Factory (2005),3.9802692378233764,0.10486472907195138
Deuce Bigalow: European Gigolo (2005),-0.8069368084623858,1.544522001395136
Indiana Jones and the Kingdom of the Crystal Skull (2008),5.84257423023828,-0.662783477531998
Hannibal Rising (2007),0.021833203953606647,0.24359430634707002
The Manchurian Candidate (2004),0.6692550950637988,1.6797830205146982
November (2022),-1.7296906143747022,-1.3213955427436659
The Village (2003),1.8631547492763474,0.3963516820892043
Are We There Yet? (2005),0.3353714534275727,2.8222076683457322
Lucky Luke and the Daltons (2004),-2.2903426935454343,-0.5030864247242077
Elizabethtown (2005),-0.203043262937614,1.0658662459859287
Faster (2010),-0.5332551412512695,1.4685631282332043
The Island (2005),0.3993771157528055,-0.17662702665183963
The Island (2018),0.13094590245276203,-1.726695457975048
National Treasure (2004),2.9960224933406123,0.47762164821141373
Ong-Bak: The Thai Warrior (2003),-1.0675204486845553,-0.13059200513920077
The Princess Diaries 2: Royal Engagement (2004),0.8994186930738722,1.9565182550815938
The Unborn (2009),-0.21726074703524398,1.286159365333815
Collateral (2004),2.216442663869674,0.5071283663462066
Four Christmases (2008),0.9493606089063655,2.127316079951509
Fun with Dick and Jane (2005),1.3627077841766009,1.2865140319493358
Jurassic World (2015),11.99013165367132,-2.5326603050730565
The Sea Inside (2004),-0.6099558132473016,-1.2351912648308316
Monster-in-Law (2005),0.7287559195633833,1.2973167895206228
Ultraviolet (2006),-0.9938997352184468,1.9088935361936965
Alien vs. Predator (2004),1.0757961768669444,0.9315140263460737
Nine Lives (2016),-1.012967008588025,0.44350047709943446
Spanglish (2004),0.18215451603416732,2.0687559040759114
The Walk (2014),-1.0253978833884463,0.09305477288534451
Asterix and the Vikings (2006),-1.9015202909390294,-0.8284820489594745
Chicken Little (2005),1.7508814471864222,0.789711615358538
The Hitchhiker's Guide to the Galaxy (2005),0.6717542256024154,0.9663821803717049
Iron Man (2008),6.35456936937029,0.08151215549128797
The Nun (2018),1.3952680367380612,-0.3309337877895597
The Bourne Supremacy (2004),3.0421007918257774,1.1574376590563629
Guess Who (2005),0.42309375810443756,1.8627551778045353
The Wedding Date (2005),-0.3320283628052431,2.050491089065652
Spy (2015),1.160286872946052,0.3382714890781269
Team America: World Police (2004),0.13379484111421955,1.7619602061423116
One Life (2023),-0.8436708809061572,-1.104179613634614
Batman Begins (2005),5.8960386948164425,0.3042719120787344
The Chorus (2004),-0.40780246771545614,-1.1349008225929718
Dragon Wars: D-War (2007),-1.0579221280930102,-0.35487634251783085
Journey to the Center of the Earth (2008),1.2970536404264954,0.5808378794595883
Kung Fu Hustle (2004),0.11412281865450437,-0.5659521536067639
Halloween (2007),0.3869318445110605,1.9797640446327158
Halloween (2018),1.677944998113676,0.9188108914344547
Harry Potter and the Order of the Phoenix (2007),7.097727091854625,-1.702995674542373
The Interpreter (2005),1.0101643842437693,0.5719891502994875
Open Water (2004),-0.44914608225034613,1.7480344167535584
The Turkish Gambit (2005),-1.227618267239056,-2.0528884097685394
Bewitched (2005),0.3700465465247033,1.1895032757558581
"Spring, Summer, Fall, Winter... and Spring (2003)",-1.3368449654694474,-0.0583857126997903
Look at Me (2004),-1.487611332727095,-0.7391477470232451
Napoleon Dynamite (2004),0.4790503581852705,3.120130875041384
Sideways (2004),1.0923544953421747,1.434195288896455
Tristan + Isolde (2006),-0.6749857358425936,1.014116266016304
Alfie (2004),-0.6958184942068804,0.7778972316031851
White Noise (2005),0.13101358076636005,1.7440921068282615
Innocence (2020),-1.587696930051705,-1.8448536252325356
Astro Boy (2009),-0.7476767306257563,1.08980756876207
Crash (2005),1.2979464235808458,1.0907223957395056
Layer Cake (2004),-1.1408756438490084,-0.0957961065250408
Book of Love (2016),-0.7613118922616006,-1.1686334275735621
Racing Stripes (2005),-0.06103313821531059,1.4783171191091395
Rebound (2005),-1.0586987386357114,3.368581517354283
The Rum Diary (2011),-0.8770412308850452,0.5661784368465104
Closer (2004),0.6204598799835759,0.1529765145670048
Frozen (2013),7.47864099906828,-1.8039159447381183
X-Men: The Last Stand (2006),4.000969749933587,0.5569186456860883
Flight of the Phoenix (2004),-0.44913124643156715,1.5887716930209106
Ladies in Lavender (2004),-1.0581345890673002,0.4947440531124541
Mean Girls (2004),1.5748693096430375,1.7485402728419626
Mean Girls (2024),1.3990631031301461,1.0923331161723795
Proof (2005),-1.241347011612086,1.326527088354158
The Ring Two (2005),0.807527111175354,0.9296839980722325
Be Cool (2005),0.2921096914257116,1.4326794507690088
The Dukes of Hazzard (2005),0.5312244630509001,2.182793882668988
Gnomeo & Juliet (2011),0.8677085680800108,1.0452472247381055
Into the Blue (2005),-0.5324837887565083,0.7946011214447236
Kill Bill: Vol. 2 (2004),2.5002087725277815,0.22906703644808366
Bayside Shakedown 2 (2003),-0.07563928901917641,-1.5453512891987222
A Touch of Spice (2003),-1.6956689556196507,-1.0914153544976637
Melinda and Melinda (2004),-1.276343379401335,0.028677543665727414
Touching the Void (2003),-1.0174602371942296,0.4175775939593196
Capote (2005),0.05388926189475727,1.3130821193363338
Serenity (2005),0.36870936037541807,1.4017500221110712
Leatherheads (2008),-0.41712814712864743,2.0713567634587915
The Merchant of Venice (2004),-0.9893117966825211,-0.3891322555898585
The Cookout (2004),-1.3058083687327957,3.5596846887878493
The Corsican File (2004),-1.7956929093025025,-0.8406839050345487
Goal! The Dream Begins (2005),-1.0290333971869678,-0.37777861270170204
Grindhouse (2007),-0.8924930524707503,3.292855751518107
The Lovely Bones (2009),0.5186423369983694,0.5161512827110314
Oliver Twist (2005),-0.8101699661199332,-0.9528430337030953
The Perfect Man (2005),-0.9042776367704914,2.7002702396430864
The American (2010),-0.8786267733520828,1.533343772845743
Casino Royale (2006),5.098121338782338,-1.3704573350924425
Before Sunset (2004),-0.5889966030809666,0.7214656123306464
White Chicks (2004),0.6908160858646107,1.6778605444757793
3:10 to Yuma (2007),0.9542879431689609,1.8456932192683004
Curious George (2006),0.0974715009159961,2.6445952975819838
Hide and Seek (2005),0.3824633839015061,0.8008284265448459
Hide and Seek (2013),-1.494172057525156,-1.3504184406839495
Master (2016),-1.2354845013326687,-1.8137449828184034
Master (2021),-1.1162904132453124,-1.7889206333595669
Seven Dwarves (2004),-1.2803842740902944,-0.8145803083333276
As It Is in Heaven (2005),-1.464303114569421,-1.429858728136524
The Da Vinci Code (2006),5.45166444087991,-1.459930472691781
Life of the Party (2018),-0.7878575942084596,2.9740712585887508
Ratatouille (2007),5.495024496882766,-0.8840330314580149
Stealth (2005),-0.2017819495733835,0.7292233818592373
The Three Stooges (2012),-0.40165190230263226,2.4080645748733693
The Pink Panther (2006),0.7844939995014757,1.166723792924263
Guru (2007),-1.5871335595992666,-1.1535336147207678
Onmyoji 2 (2003),-1.8236617198573424,-1.023591284523785
Pirates of the Caribbean: Dead Man's Chest (2006),8.511478384232447,-1.4792204825060078
Vera Drake (2004),-1.157570733492173,0.04843448447247946
G.O.R.A. (2004),-1.1043349380089753,-1.3944547327600023
Cry Wolf (2005),-1.0897680004424022,0.6002318546283767
Silent Hill (2006),0.6682850250214563,0.7087405437738884
Sinkhole (2021),-1.6142969190133047,-1.5439404387345952
Kicking & Screaming (2005),0.009148082587201246,3.1610171652631527
The Weather Man (2005),-0.8283031507244178,1.8116581223511323
Mud (2013),-1.039373473812845,1.7096606225446027
Accepted (2006),-0.07506076126568038,3.0344408412415587
The Amityville Horror (2005),0.46824130030191924,1.731719515180251
House of Flying Daggers (2004),-0.06147264454853141,-0.9584796182663208
In Good Company (2004),0.09227432391849076,2.1627551241733
Miss Congeniality 2: Armed & Fabulous (2005),0.18084602358713786,1.0476147714182675
Glory Road (2006),0.14671041053828873,2.942535013116674
The Golden Compass (2007),2.036488981696783,-0.8661498087432382
Monster House (2006),0.830761948115672,1.1750800165851298
Red Riding Hood (2011),-0.6916601817475482,1.0459417502916204
Sicko (2007),-0.09943218175040154,1.4850395470004563
Tae Guk Gi: The Brotherhood of War (2004),-0.3780564829952729,-1.5666956112102914
Where the Wild Things Are (2009),0.6607416520166046,2.076457832565051
Yomigaeri (2003),-1.358690719359053,-1.2329705750146533
The Legend of Zorro (2005),0.6140941578545486,0.12246566571866423
Inside Out (2015),5.071930543947848,-0.5547261783797661
Hitch (2005),2.990464188983163,0.48810999355327406
The 11 Commandments (2004),-1.9543936102141644,-0.6450100125643823
The Vault (2021),-2.4707288331237764,-0.8556469325435421
The Constant Gardener (2005),0.3677992476180752,0.4061770695790663
Prime (2005),-0.3490737703960205,0.4837585486183069
Saw (2004),1.3064266916654645,1.1315291207092992
Seed of Chucky (2004),-0.8622421697764823,2.327183113961442
The Black Dahlia (2006),-0.4764870182346895,0.8832958317905255
Caché (2005),-1.323983515230918,-0.3731705758192132
In Her Shoes (2005),0.09220905427378286,0.43361558467367334
Mariages! (2004),-2.016971008827165,-0.8843355492073648
Going the Distance (2010),-1.0286537395617668,0.8601236067449428
Christmas with the Kranks (2004),0.3664915947237374,2.409479088035492
Transporter 2 (2005),0.3176936615903756,1.2086905805321078
Beauty Shop (2005),-0.29341806937321885,3.2152299017921773
Brokeback Mountain (2005),1.920088972095776,0.4119967797153756
Fracture (2007),-0.032580190650500995,0.7097146780229964
The Greatest Game Ever Played (2005),-0.5814394648503659,2.943705231491935
Black Book (2006),-0.907100329025508,-0.9535147827266054
30 Days of Night (2007),0.30156212779425806,1.0416231372315068
Bee Movie (2007),1.8263171206619442,0.5958132805793601
Click (2006),2.16722387694753,1.1444191387797995
Friday Night Lights (2004),0.5301413675539943,3.002571946986841
Maria Full of Grace (2004),-1.1901831751253635,1.0173068186214775
Super Size Me (2004),-0.6226676977592807,1.4223199918761216
The Grudge (2004),1.211617023073837,1.590877577437434
The Grudge (2019),-0.5907236451056349,0.47114184451451696
A Lot Like Love (2005),-0.3972095288834339,1.1638370473287678
The Hunt (2020),-0.6017957139785046,0.6440303090003159
Suddenly Paradise (2003),-1.5100280949957312,-0.7685532052421074
Acrimony (2018),-0.45513066775491506,2.663848660196023
Coach Carter (2005),0.9175073844025842,2.3055737907912897
The Shaggy Dog (2006),-0.07417411215403849,2.207106488562118
Captain Alatriste: The Spanish Musketeer (2006),-1.5195980237963904,-1.4369374369214414
Hotel Rwanda (2004),0.5572481203647778,1.6485898658237434
The Producers (2005),-0.4583022657123905,0.9572239446370727
The Last Trapper (2004),-1.7340713932874818,-0.9865459353865899
The Devil's Rejects (2005),-0.5443189626686219,2.4102637700413387
The Pacifier (2005),1.1905124089380312,1.4518801258776202
North Country (2005),-0.4453069394850371,1.8166460565770144
Perfume: The Story of a Murderer (2006),0.7361299855655627,-1.576903409110511
Wedding Crashers (2005),2.967470190708435,1.648264880269335
Meet the Robinsons (2007),1.0928826923668995,1.3083720174777576
Fat Albert (2004),-0.29574374398886943,3.560015366061577
Ice Princess (2005),-0.5741271925716389,2.8542869367769614
Nanny McPhee (2005),0.4293008642516876,0.6197577099137372
House of Wax (2005),-0.08135886660673218,1.018252642024841
Just My Luck (2006),-0.8245947775358948,1.0594961789519044
The Skeleton Key (2005),0.35383125271684207,1.1428972743877728
Smile (2022),1.0811143200200566,0.20809916644432802
Eight Below (2006),0.9030410429344023,1.5514098005094625
Memoirs of a Geisha (2005),1.186606966845439,-0.0850441552872096
Bolt (2008),2.048325734789138,0.11313121645007375
Doubt (2008),-0.5607451501441554,1.7952904763100157
The Longest Yard (2005),1.881447263070055,2.321275025323896
Rumor Has It... (2005),-0.05612604698459746,1.220430745548213
Sky High (2005),0.3020839422405184,2.004770864300205
Assault on Precinct 13 (2005),-0.4966663593220558,1.4264661631612732
Bridge to Terabithia (2007),1.0155307547605064,1.3717566421686314
A History of Violence (2005),0.32067503089395066,1.1550678780646937
Lord of War (2005),0.558785301124396,0.12539670809082212
Vizontele Tuuba (2004),-1.7385536111345075,-1.067734227187756
What the #$*! Do We (K)now!? (2004),-1.1050867652909826,2.0803658232170115
Ambulance (2022),-0.6119029290557993,0.5570152727915427
Herbie Fully Loaded (2005),0.40195618380789594,1.069315868611613
Open Season (2006),1.027010692418862,0.7978853605761234
Quill: The Life of a Guide Dog (2004),-1.4378438350839102,-1.0902385626693387
The Diving Bell and the Butterfly (2007),-1.1159872062198493,-0.17884242018328023
A Good Year (2006),-0.6609173683706248,-0.37217825908763347
"Paris, Je T'aime (2006)",-1.350289536696722,-0.21023120192478695
John Carter (2012),1.8477171425705827,-0.8254308659001979
Sin City (2005),2.512809737305947,0.4640266011474137
Underworld: Evolution (2006),0.769130613308485,1.2385123338889306
Breach (2007),-0.10066693258101965,2.2509130146536767
Æon Flux (2005),-0.3716123108082922,1.3101994155619485
Iznogoud- Caliph Instead of the Caliph (2005),-2.175517011214081,-0.6731169329594779
The New World (2003),-1.1346991536153732,-1.0648865498902427
Abominable (2019),0.2567460356196501,-0.1157435735247073
Casanova (2005),-0.7291976434603022,0.27964252851068855
Champions (2018),-1.9434266670818117,-1.3995434057749603
Champions (2023),-0.7263722254700644,2.1176144602000204
Night Watch (2004),-1.0511949045718363,-0.9026184185313509
Roll Bounce (2005),-0.7641396804820397,3.1500643954450713
The Sisterhood of the Traveling Pants (2005),0.04373709684992965,2.793493900100691
Youth in Revolt (2010),-0.9734180808831936,2.243288290015775
Yu-Gi-Oh!: The Movie (2004),-0.8392753758082654,2.2489888504894577
The Exorcism of Emily Rose (2005),1.013951897250015,0.9477726839448889
The Lives of Others (2006),0.5848498414711566,-1.155655309687705
Million Dollar Baby (2004),2.885860079338277,0.33051683146304695
The 40-Year-Old Virgin (2005),2.1047630668176556,1.292786744432856
Casshern (2004),-1.7788724245574563,-1.3421491976094375
Sky of Love (2007),-1.41946324377514,-1.092742558254282
Zathura: A Space Adventure (2005),-0.11602262750467052,0.9789554553789
The Guardian (2006),0.5767015112852084,1.0272455602370671
The House (2017),-0.7295829951721403,1.6477893992930746
Lorelei (2005),-1.8055790604395205,-1.1764934510546625
Pooh's Heffalump Movie (2005),-0.7351248379488526,0.8499533101011134
Transamerica (2005),-1.0461168552245965,1.4919699399853037
War of the Worlds (2005),4.605585943285211,-0.31909345359475805
The Departed (2006),4.925931197050764,-0.1874978940918697
Sweeney Todd: The Demon Barber of Fleet Street (2007),1.3484407587437333,0.05188184146189388
Munich (2005),1.212122099434257,-0.20457445191763274
Firewall (2006),0.04135571451869178,1.5190056920090467
Bad News Bears (2005),-0.2990216432759474,3.0542082139753393
Flightplan (2005),1.3811320112807832,0.5693920558844674
The Heartbreak Kid (2007),0.2564700019525037,0.03357774622446751
Last Holiday (2006),-0.08970625881141202,2.6176076750221995
Windstruck (2004),-1.4437941607007534,-1.275853303932155
Poseidon (2006),0.7641166711505182,0.36926637171478655
Russian Dolls (2005),-1.3909154943405702,-1.2720738947246948
Watchmen (2009),2.5273738147642844,0.47064472144784986
Cowboys & Aliens (2011),1.2764919672091817,0.9743891438128928
Day Watch (2006),-1.1698081262701716,-1.3798291119437354
Hustle & Flow (2005),-0.33118388094432744,2.783592054321024
The Lake House (2006),0.5638621152887778,0.856176637108234
Nim's Island (2008),0.02475721957813308,1.0217770030667486
Only the Brave (2017),-1.2074007816573944,1.6690766913395145
88 Minutes (2007),-0.7255504963306592,1.2361085730523331
Hellboy II: The Golden Army (2008),1.338532520197699,0.45082670790965823
Broken Flowers (2005),-0.4041072905480725,0.2092638212649981
The World's Fastest Indian (2005),-1.000523211228086,-0.06382096923763779
The Brice Man (2005),-1.615121350342178,-0.8846894448170713
Gravity (2013),4.226525896692289,-0.5273766932744793
Mrs. Henderson Presents (2005),-0.8970207838448041,0.7130299540651979
Evan Almighty (2007),1.023153112202176,1.4368993463988888
Shrek the Third (2007),5.518975767722088,-0.38762680980653685
Spider-Man 3 (2007),6.829542284522035,-1.1079289506280612
Charlotte's Web (2006),0.7281537683849798,1.3275803658789094
Elizabeth: The Golden Age (2007),-0.2201419387724157,-0.2614928274032531
Pride & Prejudice (2005),1.1324263438335054,-0.10805420414871925
District B13 (2004),-1.731065387683211,-0.4691888428191295
Barnyard (2006),0.33402037012852276,1.7842384143830754
Final Destination 3 (2006),0.42655133637431397,1.012726479029083
Talladega Nights: The Ballad of Ricky Bobby (2006),1.7269804514105622,2.674359446967992
Fool's Gold (2008),0.2543272533736263,1.6817531361955755
Yesterday Once More (2016),-1.8440974614072485,-1.4824718085329442
Countdown (2019),-0.8670951958732468,0.9138547643476596
Mongol: The Rise of Genghis Khan (2007),-1.1331913402294587,-0.560437734578222
The Secret Life of Bees (2008),-0.09041093971267775,2.701178660338901
The Spiderwick Chronicles (2008),0.7457700315857381,0.6751090743329524
Venom (2018),3.8504546963354254,-0.5962658581185065
Wolf Creek (2005),-0.739489235990135,1.359895736265705
Wolfhound (2006),-1.713905903315311,-1.3520140776479688
Match Point (2005),0.4181574367449911,-0.16606783205635203
300 (2007),4.669930597339684,0.033573722384367226
Bandidas (2006),-1.8420483403526777,-0.6965120282532198
Becoming Jane (2007),-0.43495050479277514,0.8873232214510385
Must Love Dogs (2005),-0.09814684175034157,2.323970337655542
Room (2015),-1.5818975702513234,0.9139532714556583
Snakes on a Plane (2006),-0.16788553129789083,1.3996189027587687
Two for the Money (2005),-0.4738752016151474,2.078909187919376
Villain (2010),-1.4202065624128068,-1.9099733902674016
9th Company (2005),-1.2536428859309492,-1.4564101390892819
Annapolis (2006),-0.9176650874743807,3.129503353624189
Harry Potter and the Half-Blood Prince (2009),7.098873731194457,-1.8405076391383874
Manual of Love (2005),-1.6122243424351415,-1.148691296169534
The Promise (2005),-1.3521728146756788,-0.8256105986240465
Do You Know Claudia? (2004),-1.520615427454343,-1.0043047565341243
Transformers (2007),6.0536634663351085,-0.5724039049852958
Christmas in Love (2004),-1.7283110692185013,-0.8988218960433062
Dreamer (2005),-0.34584603091972155,2.2754581648904546
Flags of Our Fathers (2006),0.18991483116878233,0.7827266124726457
Jarhead (2005),0.8878831468347722,1.451045057861273
Land of the Dead (2005),-0.46751413199845526,1.0455311580008517
Memory (2022),-1.2367177723123561,0.932851318605477
The Tiger and the Snow (2005),-1.4342401198840558,-1.1780505718457779
Premonition (2007),-0.014210910266418965,1.4468636697998234
Doom (2005),-0.2989287509897517,1.2226774086011167
The Kite Runner (2007),-0.060371992250339165,-0.49957049724130315
The Marine (2006),-1.0421251063388275,2.86432583770918
Mr. Woodcock (2007),-0.7333523677809374,2.482136672238434
Pokémon: Jirachi - Wish Maker (2003),-1.5124967763433008,-0.740433839119017
A Prairie Home Companion (2006),-0.6550599868067104,2.262882986697036
Stranger Than Fiction (2006),0.44911996106991525,1.9662593316044397
The Tale of Despereaux (2008),0.03054332273588695,1.4947379543055341
The Texas Chainsaw Massacre: The Beginning (2006),-0.22079182214104287,2.393451486475456
Domino (2005),-0.9399825301384319,0.8064354714482533
Street Kings (2008),-0.09712964812646431,0.5048981306305292
Gridiron Gang (2006),0.11283389087577021,2.6155490497071203
Red Eye (2005),0.45051805922174915,1.693979763224639
The Curious Case of Benjamin Button (2008),3.612963498915318,-0.668207862516927
Big Momma's House 2 (2006),0.3644311944488933,1.2239018922947593
Diary of a Mad Black Woman (2005),0.044815733624202304,3.200464695434791
The Intruder (2019),-0.26339347160772647,2.259598326634288
Marie Antoinette (2006),-0.3038165787516763,-0.06061124586039473
Are We Done Yet? (2007),-0.3508808567004936,2.875051877812357
Surf's Up (2007),0.5935870445049809,0.6122448862438098
Flushed Away (2006),0.9006394679200591,0.5164801263787636
Joyeux Noel (2005),-1.482027229418901,-1.0631937121577095
Palais royal! (2005),-1.934366371128481,-1.026620327723873
Clerks II (2006),-0.2378179598113473,2.714996662325395
Crying Out Love in the Center of the World (2004),-0.5385789983867217,-1.55181067348211
The Adventures of Sharkboy and Lavagirl 3-D (2005),-0.48190221307148007,1.7189653076442322
Balls of Fury (2007),-0.47325048638006506,2.5187163486575788
The Judge (2014),-0.3693234191901046,1.255054383834062
Get Smart (2008),1.7886564146459287,1.020750261487269
Hot Fuzz (2007),1.0071255173464995,-0.16587382048072966
Just Like Heaven (2005),0.387794297854762,1.0245371674568766
Lucky Number Slevin (2006),0.2893198003632126,0.48325263410830327
Run Fatboy Run (2007),-1.0127536075339552,-0.18355472309444085
The Messengers (2007),-0.4756898288215125,1.9229447581144459
Wanted (2008),1.1320370162720352,1.2989398331569473
Red Cliff (2008),0.04643701040780953,-1.9171437659947341
The Great Yokai War (2005),-1.830403328780712,-1.2585815081085976
Umizaru (2004),-1.8250569199995474,-1.1626654423278093
Superhero Movie (2008),-0.6147132173231868,0.9015515555257176
Alpha Dog (2007),-0.5254064406094696,0.7691878925201722
August Rush (2007),0.0788592455984998,0.7741577918489423
Dinner for Schmucks (2010),0.4923529587196304,2.307235727210747
Failure to Launch (2006),0.6940659760640469,1.9411952877792058
The Great Debaters (2007),-0.06760286321217585,2.8211521029745836
Hairspray (2007),1.5297618207519807,1.1014987206631017
The Invasion (2007),-0.7349092711731559,0.6849563909005907
Soul (2020),-0.2682890507332739,-1.5184895981718955
Stillwater (2021),-1.000213755506018,1.8682935813568755
Thank You for Smoking (2006),-0.02401641383724644,1.6475495186178157
The Protector (2005),-0.9017896955787854,0.6187815775473988
March of the Penguins (2005),0.6280308879011218,1.400495493569089
A Moment to Remember (2005),-1.3561325393418096,-1.3808248056648675
The A-Team (2010),1.2803008592937215,0.35389164024678194
An American Haunting (2006),-1.1389662478728948,1.7015175326043248
The Ant Bully (2006),-0.5315059468388329,1.3775656822543236
Aquamarine (2006),-0.8452938634520851,2.465933386922504
Four Brothers (2005),0.8026894542097257,2.303278598978405
Little Man (2006),0.32555653325054934,1.232624791194317
Get Rich or Die Tryin' (2005),-0.3328392428126208,1.8340232188930878
Miami Vice (2006),0.92025987964726,0.27021933965866646
Stick It (2006),-0.46654274850598787,2.5539393136604867
The Women (2008),-0.5855091277232469,1.271464666678154
Basic Instinct 2 (2006),-1.2487040842607855,-0.1413807143736778
Role Models (2008),0.7615543207043824,1.928211480112797
The Possession (2012),-0.061598458159657934,1.3193524421813347
The Kingdom (2007),0.43072921615995674,1.109760280277939
P.S. I Love You (2007),1.0484978050752074,-0.008726623969377954
The Master (2012),-0.9934034998894381,1.123464231604556
Resident Evil: Extinction (2007),0.6766190406440276,0.392601825802708
Fantastic Mr. Fox (2009),0.027893822662744358,0.7806714532719683
The Fog (2005),-0.7348059134023563,2.0882954244989724
Saw II (2005),1.2635178393447963,1.4896796359902431
Krrish (2006),-1.516269421458067,-1.244462233359964
Ouija (2014),-0.4984390885844039,1.0933174408960136
Real Steel (2011),2.2333409798749635,-0.6955918768270465
Another Public Enemy (2005),-1.4993529598124726,-1.431693510386254
Daybreakers (2010),-0.25974041594289843,1.3597432896681407
"Good Night, and Good Luck. (2005)",-0.022156274085271897,1.472398097214561
The Grudge 2 (2006),-0.260355964717242,1.4928093363993582
Just Friends (2005),-0.11863022463590067,1.8391611643487524
Material Girls (2006),-1.5344403244044975,2.1958955844014314
The Namesake (2007),-0.8227890965356299,1.5043965414513758
Flicka (2006),-0.8127925161244817,3.1487790873664094
V for Vendetta (2006),3.145033793085102,0.6151517106462858
Youth (2017),0.0017259494106680177,-1.8112816492106611
Pokémon the Movie: Destiny Deoxys (2004),-1.3668884587592476,-0.9829788034097973
Swing Girls (2004),-1.5045116424800369,-1.1681083359902182
The Descent (2005),0.17384601497327742,0.9196675202288903
The Giver (2014),-0.03951651418441712,1.5549173892893482
Next (2007),-0.16563684037817766,0.03777203778859544
Retribution (2023),-1.2130918799899446,0.11788517145318628
Toy Story 3 (2010),8.629546518642897,-1.363738897346458
Friends with Money (2006),-1.1673446977314479,2.3142870943262093
G-Force (2009),1.3204863210512485,0.5602258520068732
The Queen (2006),0.6729510986231594,0.7610832255031976
The White Massai (2005),-1.5206121828648977,-1.3011197210448244
Alita: Battle Angel (2019),2.604756682200003,-1.5309120448013085
See No Evil (2006),-1.1990968533620388,2.742062290226726
Akeelah and the Bee (2006),-0.5565624815329911,2.981754158293764
The Benchwarmers (2006),0.0068576107410201655,3.1289465751707146
Ice Age: The Meltdown (2006),4.310749945760628,-0.7100914818507305
Us (2019),1.404338269502064,1.3412532874956713
Push (2009),-0.6729499871888395,1.84787236384205
Side Effects (2013),-0.7328614598304887,1.1544548267222197
Terminator Salvation (2009),2.705717821854597,-0.3260143127266908
Year One in the North (2005),-1.3704141787981319,-1.719100566978357
Two Sons of Francisco (2005),-1.6945914910537874,-1.3501144228208568
The Flash (2023),1.9068701167882907,-0.7158221111290419
Fanaa (2006),-1.1859252974039411,-1.3799840915565278
Shutter (2008),-0.35735873375091937,1.1863965079632484
The Bourne Ultimatum (2007),4.329710298659602,0.29681221884507214
Dhoom 2 (2006),-1.0680909763232433,-1.2443313612934672
Kung Fu Panda (2008),4.812845278382215,-0.6267386983263918
Piece by Piece (2024),-0.7847226264244876,2.2811321377403777
Stay Alive (2006),-0.8744560217571136,2.8908298145991074
Volver (2006),-0.09011277979637154,-0.8824221300355315
Half a Confession (2004),-1.7317903067561398,-1.1951544588826286
Be with You (2004),-0.8654987349350305,-1.389492587953796
Beowulf (2007),1.2316467877038526,0.44693158839934977
Lincoln (2012),2.614095690334661,0.7806593016445652
Vantage Point (2008),0.7621150702473102,0.9077329516533655
Truth or Dare (2018),-0.16402352074312487,0.42837916249076063
"Yours, Mine & Ours (2005)",-0.04895380882541164,2.3703128715487853
Borat (2006),2.4071714134471165,0.839718075899937
Dreamgirls (2006),1.178436172953339,1.4465966402993773
Hoodwinked! (2005),0.2763148242442313,1.16708902578725
The Illusionist (2006),0.8782890266288202,0.684095734445924
The Sentinel (2006),-0.09597640022175005,0.9252994217492586
"10,000 BC (2008)",1.3642054207794645,0.18066366304178458
Vacancy (2007),-0.8884017990534415,1.7160711463592238
The X Files: I Want to Believe (2008),-0.3775854860559491,0.258910941928219
Zodiac (2007),1.4712367163207662,-0.0923642953396329
A Christmas Carol (2009),1.4378609018860835,0.7082138036637661
Orchestra Seats (2006),-1.7644436603821778,-0.6853958861512875
Days of Glory (2006),-1.5189979504897595,-1.2676023287009655
Torrente 3: El protector (2005),-1.8364886484172136,-0.8415628297161364
Keeping Mum (2005),-1.487038607667025,-0.4775981239961443
The Reaping (2007),-0.5237394504446049,0.7944766049629886
French Fried Vacation 3: Friends Forever (2006),-1.1366123720394583,-0.897143306659339
Across the Universe (2007),-0.1776468357719198,2.076430960570887
Blades of Glory (2007),1.222497133696277,2.4164197847135536
Home (2015),1.9088515258854561,0.4285712545204395
Pathfinder (2007),-1.1681776681567357,0.5687904652283912
Scott Pilgrim vs. the World (2010),0.6004874093117174,1.3934660719869874
Take the Lead (2006),-0.1348044008823761,1.0525780115526793
Fearless (2006),-0.22235234985054306,0.1443086158046206
The Painted Veil (2006),-0.7672706845568122,0.026895640775057454
Knowing (2007),1.1941103829474844,0.25263085594720364
Shazam! (2019),2.841323688227554,-0.7176864614095319
Sunshine (2007),-0.5330719489093122,-0.6442701057857609
Hancock (2008),4.631593395884539,-0.3791535342616174
April Snow (2005),-1.5650324997418137,-1.10789089059001
Puss in Boots (2011),3.2818688710616724,-0.8229449804762036
Eragon (2006),1.1600774274462702,0.11231426342320526
Little Miss Sunshine (2006),1.4367969511133682,1.2878271614363996
Pirates of the Caribbean: At World's End (2007),7.451443115494843,-1.9105956557785972
RV (2006),0.33589784013572666,2.5539468124759312
Babel (2006),1.124117636654204,-0.5332090907327419
Passengers (2016),1.2790367367852604,-0.2211659427898392
The Valet (2006),-1.530168111497975,-0.7004871168077077
Ghajini (2008),-0.8151278392613747,-1.7356357003685232
Jodhaa Akbar (2008),-0.8413601735248808,-1.7918762328456643
Kabhi Alvida Naa Kehna (2006),-1.1128022982120258,-1.3573474876030287
La Vie En Rose (2007),-0.057547134294401385,-1.2339685474759483
16 Blocks (2006),0.020569633622992353,1.3554263361389178
Blood Diamond (2006),2.142617518695346,-0.3268541326167702
Hostel (2006),0.23550964058484708,1.546776627605068
Unknown (2011),0.26350727828835696,0.8599354942891527
The Wicker Man (2006),-0.8685141374847805,1.892194941972031
1408 (2007),1.104560325187165,1.0940925401449861
Cirque du Freak: The Vampire's Assistant (2009),-0.8921639230305503,0.43499134833711445
You Are So Beautiful (2006),-1.6276303105266816,-1.0828182423731572
The Gospel (2005),-1.0299785078508508,3.3644756276135652
Horton Hears a Who! (2008),2.0251389797944896,0.9150058782349502
Lady Vengeance (2005),-1.233819423331822,-1.2688196974796833
Wonder Woman (2017),6.957568039197285,-0.8621193094346622
Yamato (2005),-1.0925791861493215,-1.4982399716880022
The Break-Up (2006),1.4062968494089885,1.3114054116806952
Cheaper by the Dozen 2 (2005),0.584188194671274,1.8350981439674094
Death Race (2008),0.23010512998225424,0.9014173820119117
Gone Baby Gone (2007),0.07300551268005462,1.2075717953653498
Good Luck Chuck (2007),-0.2687398738531092,1.5907102424667376
Lady in the Water (2006),-0.012615485246074904,1.4801061582090262
The Santa Clause 3: The Escape Clause (2006),0.34256669601920636,2.4561660775817273
The Time Traveler's Wife (2009),0.6942718734091242,1.361318153816881
"Nin x Nin: Ninja Hattori-kun, the Movie (2004)",-1.920611077787814,-0.9010142730005388
Samurai Commando: Mission 1549 (2005),-2.0938649453108567,-1.0782887176470737
Mr. Bean's Holiday (2007),0.8922538778213331,-0.6127638449884053
Deja Vu (2006),1.5344332532151859,0.030068586769786847
TMNT (2007),0.20802466336610345,1.4846970439698308
42 (2013),1.014058785814939,2.4351258277947054
Black Christmas (2006),-1.1794017581642406,2.469683005631565
Amazing Grace (2007),-0.4467552550077956,1.5297247032429795
Flyboys (2006),-0.8210062207887051,1.7633556950743052
The Hills Have Eyes (2006),0.24056075813491634,1.4690305698357753
Inside Man (2006),1.980410422147957,0.4596135833523059
Life of Pi (2012),4.712532009190464,-1.8155361079502754
The Pursuit of Happyness (2006),3.279147751822392,0.598272238688312
She's the Man (2006),0.00949326671108745,1.4707045312324036
The Crazies (2010),-0.04692620027542487,1.850671913402009
Garfield: A Tail of Two Kitties (2006),-0.04411364145622703,0.07814829039751324
How to Lose Friends & Alienate People (2008),-1.540317901841529,-0.4297870765959087
The Last King of Scotland (2006),-0.053050905594837355,0.24130818000759274
Madea's Family Reunion (2006),0.06213173786241001,3.2797378561115877
Dead Silence (2007),-0.8336584364486636,2.29747639427305
Australia (2008),1.2054705834490917,-0.9208788767940527
When a Stranger Calls (2006),-0.2381091648563216,2.2967568806011602
The Equalizer (2014),1.944260790524353,0.35108728952688184
The Hitcher (2007),-1.0641810483839051,1.9877299608083978
John Tucker Must Die (2006),-0.1543039447803064,1.717361514899894
Waist Deep (2006),-0.8204950260186674,3.3186036814649165
Train Man (2005),-1.4259885488947242,-1.1265512000157485
Lage Raho Munna Bhai (2006),-1.2557319936431717,-1.1396346066929863
The Machine (2023),-0.771578445499441,2.4306883763826663
Land of the Lost (2009),-0.048101625144212665,2.0332115677817595
Mr. Magorium's Wonder Emporium (2007),-0.2936290701275077,1.0268847213105519
Pan's Labyrinth (2006),1.4374371303681235,0.2707733960865655
Perfect Stranger (2007),-0.3752083892008733,0.36949353236611965
Stormbreaker (2006),-1.7252299790200736,-0.5214579895249355
Nacho Libre (2006),0.5173746789536134,2.526959184163023
Scoop (2006),-0.7816394086066982,0.23670714098543327
Aegis (2005),-1.9251484852261298,-1.18961891335167
The Holiday (2006),1.7000151955003138,-0.29732077298866466
Captain America: The First Avenger (2011),4.061558350435939,0.07467045767360515
The Devil Wears Prada (2006),2.7772250875660656,0.0795208519460701
Pope Joan (2009),-1.2533467971772672,-1.4563679829413532
Sin City: A Dame to Kill For (2014),-0.7464178340938034,0.18540464232476597
X-Men Origins: Wolverine (2009),3.279166008759764,0.4105846193476279
The Wind that Shakes the Barley (2006),-1.157160106727934,-0.8901099564990732
7 Dwarves: The Forest Is Not Enough (2006),-1.8101757191918324,-0.7857085428241084
Enchanted (2007),2.3426549138369377,0.004614660516693402
Don (2006),-1.209957942286602,-1.3314164562529391
Don (2022),-1.437401539717975,-2.462747068458715
Daddy Day Camp (2007),-1.6311998106922811,2.492102001759881
Fair Game (2010),-1.7570005091764862,0.9759114285089648
The Last Legion (2007),-1.4436938836087736,0.16524519794996426
Rambo (2008),0.5623793039624799,0.4791384607357612
School for Scoundrels (2006),-0.8625933351176815,2.2391451386721286
The Simpsons Movie (2007),3.7578047349602848,-0.3310070273525846
Step Up (2006),0.6157418991019984,1.3383784217560948
Blood Rain (2005),-1.8829090973565215,-1.2111761157250374
Good Boys (2019),0.14263343624146485,1.896838270237089
"You, Me and Dupree (2006)",0.609192070472484,1.3989179195811228
Sacrifice (2010),-1.3406821106021567,-1.0858490306843727
28 Weeks Later (2007),0.23483906044754532,0.7795647517544585
Asterix at the Olympic Games (2008),-0.4331363954798672,-1.3930909426077696
The Fast and the Furious: Tokyo Drift (2006),1.0946196471444276,0.5424115693935816
Freedom Writers (2007),0.18259455737914565,2.218315594907726
The Orphanage (2007),-0.2047884638387009,-0.9958458304512301
Piranha 3D (2010),-0.37395362265782045,0.3375814365128046
"OSS 117: Cairo, Nest of Spies (2006)",-1.5872507123289794,-1.080116448349471
National Treasure: Book of Secrets (2007),3.4329292651452805,0.2268828576685827
Hitman (2007),0.29618313014381276,0.6757755716862843
Igor (2008),-0.9425269234070764,1.8157214292497648
Michael Clayton (2007),0.6279199564838113,0.9147177545786959
Notes on a Scandal (2006),-0.42148411702190003,0.5148851788301543
Shoot 'Em Up (2007),-0.8218072858676743,1.1262284207138518
My Super Ex-Girlfriend (2006),-0.6077559104852335,0.7788241446750408
The Banquet (2006),-1.5976260872496004,-1.379378403956799
Date Movie (2006),-0.4716334883912986,1.955242268971775
ATL (2006),-0.7288456939216839,3.2006111234135046
The Omen (2006),0.2954867386010586,0.8979481766385523
Underdog (2007),-0.4171590658641071,2.1387038149078794
Max Payne (2008),-0.012387416590777472,1.0179753500311641
The Other Boleyn Girl (2008),0.008481394029819489,0.2204066150935725
Juno (2007),2.6009620783450265,1.2939955875285718
Memories of Tomorrow (2006),-2.1121181169132783,-0.8573850097678165
Negotiator: Mashita Masayoshi (2005),-1.2990884394171212,-1.284615452356612
The Host (2006),-0.21703795583823726,-1.376657817474164
The Host (2013),-0.11492653736795029,0.2624213497930767
The Dark Knight (2008),12.947345429002908,-1.065828493727887
Alice in Wonderland (2010),5.172349588201085,-0.08601415334365488
There Will Be Blood (2007),1.6548382893663913,0.42584102105487737
World Trade Center (2006),0.8639643152482572,0.502463554915979
Glass (2019),1.165583384671636,0.1852611198469107
The Road (2009),-1.110007039509746,0.02037003190268585
Under the Same Moon (2008),-1.3719057055138006,1.1008216100622839
Ex Machina (2015),0.5257692917203405,1.3138311621266132
Tower Heist (2011),0.7923772419396677,0.8514319906336423
Nana (2005),-1.2328743358627288,-1.2639655818399749
Apocalypto (2006),1.2663627291201405,0.21082052042147065
Charlie Wilson's War (2007),0.6980315991935101,1.194799280277244
Penelope (2007),-1.0874541023586466,0.9656969686843191
The Smurfs (2011),3.0050169294338787,-0.895243375960817
Notorious (2009),-0.0884372596049846,2.16561999305562
Black and Blue (2019),-1.112002166956404,3.331860536894795
The Mechanic (2011),-0.09808137687488841,0.483656314550191
Doomsday: The Sinking of Japan (2006),-1.1329595466703812,-1.3830633478687948
Prince of Persia: The Sands of Time (2009),2.101926199899003,-0.7976678067392129
Waitress (2007),-0.6261220438572064,2.463270346786225
Jaane Tu... Ya Jaane Na (2008),-1.4556663336839681,-1.6396204349734054
Curse of the Golden Flower (2006),-0.49942097572739685,-1.0508702897381563
Doraemon: Nobita and the Wind Wizard (2003),-1.5609186487513604,-0.888713170835243
Hanbando (2006),-1.9087054608521916,-1.3254711778506014
State of Play (2009),0.3745718120313794,0.33719046253411455
Undercover (2024),-2.1195269941392687,-1.5651722356051325
Camping (2006),-1.620171024443802,-0.9089104413239094
Darkest Hour (2017),-0.10384229773354098,0.3337484826337424
Escape (2024),-1.460135628909512,-0.8333815911011309
United 93 (2006),0.1587858721732171,0.5198031771683838
"Hail, Caesar! (2016)",-0.2528365727345364,0.5998992264847904
Smokin' Aces (2007),0.047656739772697035,1.5279178931397837
"Murder, Take One (2005)",-1.9241184610719952,-1.1419118549738247
Typhoon (2005),-1.5670451515479404,-1.1628849412994733
Welcome to Dongmakgol (2005),-1.1150280414395015,-1.4873109602958756
The Covenant (2006),-0.7626221661542951,1.8368832177687229
The Suspect (2013),-1.8689399860050004,-0.8516207814206213
Naruto the Movie: Ninja Clash in the Land of Snow (2004),-2.0369319110095425,-0.8586928316839468
My Father and My Son (2005),-1.2924763808427833,-1.3238899486650986
The Brave One (2007),0.032412415703921504,0.9785376784246583
Norbit (2007),0.6330625971966123,1.6390440133231492
Extremely Loud & Incredibly Close (2011),-0.0606959653814607,0.9418017804041716
Night at the Museum (2006),4.303152684342623,0.025683078771054413
No Country for Old Men (2007),3.1149833984922624,0.1845444769532545
21 (2008),1.265833705318983,0.704421275763404
In the Valley of Elah (2007),-0.9064272700099552,-0.24690443920829533
The Tree of Life (2011),-0.19394691205241915,-0.5866128087285069
Knocked Up (2007),2.3429460210283275,1.3339941192545883
I Do: How to Get Married and Stay Single (2006),-1.53595456726169,-1.0267373490410217
See How They Run (2022),-1.1176740625499566,0.7738236821124247
Ant-Man (2015),4.444933920697082,-0.8975682017114852
Rocky Balboa (2006),1.1424870386357318,0.7104909433221661
Nancy Drew (2007),-0.6495792978399816,2.5770671291658527
Marrying the Mafia 2: Enemy-in-Law (2005),-1.4714232643444312,-1.1215240123714632
Mapado (2005),-1.7662181156966792,-1.0797209506538552
You Are My Sunshine (2005),-1.6703570146735645,-1.288956267478177
You Are My Sunshine (2015),-1.0943269177991042,-1.7862965347621664
Crank (2006),0.015548048106921121,1.8143319338001567
Madagascar: Escape 2 Africa (2008),3.804699781693317,-0.635855251845448
Season of the Witch (2011),-0.33365595752244176,0.10378476444272815
Dan in Real Life (2007),0.17512530099855625,1.885313665270753
I Am Legend (2007),5.280138652623059,-0.08124894869283254
The Losers (2010),-0.550855922016274,2.2970734988411574
Hall Pass (2011),0.07005339268962453,1.0162404687866908
Joy (2015),0.04479655776575277,1.042817369361298
Natale a Miami (2005),-1.925990082105733,-0.762816730867156
No Reservations (2007),0.16396647284933857,0.905216558820715
The Number 23 (2007),0.2117909752543612,0.9015104964809935
The Croods (2013),3.784969215418217,-0.8407160914733086
Harold & Kumar Escape from Guantanamo Bay (2008),0.07129086800224113,2.4865309830901983
Priceless (2006),-1.3420893223206265,-0.8915138819723883
Kamen Rider Ryuki: Episode Final (2002),-2.0231939154833483,-0.7827764406903378
Miss Potter (2006),-1.1381375599771288,-0.46876916315482914
Twilight (2008),2.44954615665314,0.4746314208990693
The Prestige (2006),3.439738854233104,0.3872029806467737
Pride and Glory (2008),-0.6824172807254795,0.8221885313264663
Space Chimps (2008),-0.7188868723278631,1.2983432269949244
The Strangers (2008),0.21291265093731226,1.7750339971358564
Exit (2019),-1.1284710260578428,-1.6014239850932876
Love and Honor (2006),-1.1660785676191976,-1.4570844820325803
Doomsday (2008),-1.1676955099191257,1.0705705621663903
Monkey Man (2024),-0.5736517537894908,2.103281977636397
The Seeker: The Dark Is Rising (2007),-1.336663547939302,0.4172704078693316
Love in the Time of Cholera (2007),-1.0427292093143292,-0.6583145245556281
Battle of the Warriors (2006),-1.7409406860453214,-1.413973468334645
Rob-B-Hood (2006),-1.5631897276635804,-1.412196215883171
Red Tails (2012),0.012455557047221599,2.7651135421230704
Il mio miglior nemico (2006),-1.704276381059637,-1.1051768738533572
Fly Me to the Moon 3D (2008),-1.233280610079241,0.7605377351549432
Beerfest (2006),-0.6698002295614458,2.9096417526997955
Fantastic Four: Rise of the Silver Surfer (2007),2.012645637419608,0.6481440002911765
First Sunday (2008),-0.5862505514379304,3.287836313800058
Fred Claus (2007),0.45029097811728724,1.9933193003234255
The Last Stand (2013),-1.2307927135791756,0.002584874197065878
Stardust (2007),1.011031911325397,-0.32151604355257335
The Three Musketeers (2011),-0.3461335983508144,-0.3056610865553205
Disturbia (2007),1.0710742799576156,1.6918163424036947
Wild Hogs (2007),1.8133897141623858,1.64119582864937
The Front Line (2011),-1.9714961744615485,-1.2287729197595434
Unaccompanied Minors (2006),-1.1033107252222951,2.447878212204291
Welcome (2007),-1.1485424324241575,-1.6557494609007104
Always: Sunset on Third Street (2005),-0.9725895126126413,-1.5320209375750624
Jumper (2008),1.4396801322756296,0.3379566506666995
The Nanny Diaries (2007),-0.41778758541563993,1.2750173070574824
Saw III (2006),1.1537886657909933,0.901118877613435
Because I Said So (2007),-0.18045620213709257,1.6474474196657767
Reign Over Me (2007),-0.3655665912353749,2.3737496622668273
The Suspect: Muroi Shinji (2005),-1.6434255877212929,-1.028976595572232
Something Borrowed (2011),-0.19045522297255985,1.3136316470850715
Spiral (2021),-0.5487842030186686,0.7663023819671722
The Haunting in Connecticut (2009),0.07176754838888379,2.0423370661387437
Furry Vengeance (2010),-1.263375988393996,1.3110404064997099
The King and the Clown (2005),-0.6022307537574423,-1.4097518360631243
The Game Plan (2007),0.940743492164518,1.3929020687804117
I Love You in Every Language in the World (2005),-1.6994647872767783,-0.9510709868785806
Valley of the Wolves: Iraq (2006),-1.666516118321999,-1.1792492437981015
CHIPS (2017),-0.9885195614117211,1.5691951092347127
Jackass Number Two (2006),0.5395878405722878,2.63332151696289
Ramona and Beezus (2010),-0.5391353650589764,2.857294572226521
Inkheart (2008),-0.4694973538929266,0.11768208233858292
"Welcome Home, Roscoe Jenkins (2008)",-0.2096210959356503,3.0036318289825275
Tales from Earthsea (2006),-0.8258143828820461,-1.3180306847744485
Ocean's Thirteen (2007),2.4762274703912666,-0.07277801061495986
An Inconvenient Truth (2006),-0.2726711908180928,1.0257308670801593
Trap (2024),-0.2287901333049321,0.7791439204513801
Vicky Cristina Barcelona (2008),0.3186984935908057,-0.12088385115838735
Hostel: Part II (2007),-0.7610495563267369,1.2618163101812097
Letters from Iwo Jima (2006),0.11162970211049181,-0.6430884447612201
Rings (2017),-0.6006512991499323,0.18197115777516407
We Own the Night (2007),-0.15388229397065842,0.9927993261453121
Stormy Night (2005),-1.7741728043201352,-1.1999215813345498
Lissi und der wilde Kaiser (2007),-1.8417461830786055,-0.8313159093306377
Detective Conan: The Private Eyes' Requiem (2006),-1.496848173481983,-1.2854854223766223
Suite Dreams (2006),-0.9707041102040729,-1.5422289128560582
The Chronicles of Narnia: Prince Caspian (2008),2.9304890439106366,-0.6715725499825683
Avatar (2009),19.66833343684119,-5.566041626945226
Reno 911!: Miami (2007),-0.8914315274355276,3.0752840666333863
The Fox and the Child (2007),-1.5747849838332089,-1.097361213925545
Lucy (2014),2.2891168107083852,-0.7481781506068219
Saawariya (2007),-1.87887195391328,-1.1577830969753424
Aliens vs. Predator: Requiem (2007),0.12400951223388834,0.5108161712330873
Death Note (2006),-1.2276253783042193,-1.4754083471103774
Friday the 13th (2009),0.3039447024572364,1.9961041125303878
Love & Other Drugs (2010),0.3844240859305654,-0.0002548973899067774
Into the Wild (2007),1.0996469406083802,-0.29445313339555335
Music and Lyrics (2007),0.5657613505113261,0.2967608345603842
Body of Lies (2008),0.7086546508335683,-0.014096058459903164
We Are Marshall (2006),0.2479231546228189,2.8621504756885807
Never Say Die (2017),0.9576771096971836,-2.051752450375679
The Water Horse (2007),0.17576593254213435,0.5058095029973759
I Now Pronounce You Chuck & Larry (2007),1.3841330436706105,1.4803110206293257
License to Wed (2007),-0.23958972963182099,1.8228191849378785
The Nativity Story (2006),-0.201670530964202,2.392686665907774
Planet 51 (2009),0.05263557580749439,0.6780698750165711
Vice (2018),-0.43717066821308437,1.3730698139938309
Doogal (2005),-1.8046262691506985,0.9303775817191039
A Thousand Words (2010),-1.0252751968907239,2.3175157711836656
My Blueberry Nights (2007),-1.6540908560429572,-0.9237464741249513
Oceans (2010),-0.316688159966605,-0.14252861171792947
American Gangster (2007),2.834408695965393,0.047230146369467256
The Baader Meinhof Complex (2008),-1.2535888200004568,-1.6385610028037514
Eastern Promises (2007),0.015972629435167477,0.17168706403060915
Escape from Planet Earth (2013),-0.12791727951495444,2.1173501846882603
Evening (2007),-1.0739822315243928,1.4987627528842535
Meet Dave (2008),-0.9425676299471722,0.20793627187446134
The Last Mimzy (2007),-0.7919757432098935,2.426349060237801
What's Your Number? (2011),-0.9423143588663799,0.8003019189402742
Man of Steel (2013),5.9511014338885655,-0.8448611415101799
Upside Down (2012),-1.7267423263117574,-1.2515867603462556
Stomp the Yard (2007),0.13396460938577498,2.3748611700177737
Aliens in the Attic (2009),-0.6598692845872833,1.0083116104501275
The Expendables (2010),1.4574410289255957,0.16818227613110912
Daddy's Little Girls (2007),-0.4806986819172684,3.2104457629342247
Grave Decisions (2006),-1.7616741913731992,-1.2030995209398643
Dororo (2007),-1.4805768084967672,-1.5072201659032503
Drive (2011),1.2549201025247563,0.5414018997607798
The Princess and the Frog (2009),1.6957674078010228,0.19590599055213997
In Bruges (2008),-0.04855173911550275,-0.2587975961201429
Imagine That (2009),-1.0613418618500419,1.9106799472333311
Mr. Brooks (2007),0.05121415248673757,1.1995736010652536
The Wolfman (2010),0.48310726623320677,0.6805767973557563
Atonement (2007),1.1313478909780028,0.18637835877718853
Hotel for Dogs (2009),0.3330380143362134,1.5864163962998392
Over Her Dead Body (2008),-1.592110585572242,0.6726681341298366
The Boxtrolls (2014),0.18514837987614488,0.63207690664158
Deck the Halls (2006),-0.5025258393053539,2.3769899141005846
The Incredible Burt Wonderstone (2013),-0.806578013002314,2.2577514401007424
Dallas Buyers Club (2013),0.6895962961035631,0.4846654602728831
Mirrors (2008),-0.06618904947648735,0.541823285934646
Jack Reacher (2012),1.7602455305897287,-0.25518743484808104
R.I.P.D. (2013),-0.22151744192711048,0.6659927345797321
Sparkle (2012),-0.8331971986039944,2.9827561292980875
Georgia Rule (2007),-0.830782884614198,2.1587889358705583
Hunting and Gathering (2007),-1.4596601932165238,-1.1352634723892512
Case 39 (2009),-0.898709351521563,0.874846760155491
Death at a Funeral (2007),-0.5999061640265347,-0.19024019472929518
Death at a Funeral (2010),0.059114364063295975,2.512639088122638
Mamma Mia! (2008),3.8210798131095336,-1.1250595001854764
Rampage (2018),2.2087708952355376,-1.3661164602812506
Scary Movie V (2013),-0.7073170793046172,0.89888792295538
Cassandra's Dream (2007),-1.4421618316471214,-0.8073048315007991
Star Trek (2009),4.186544517585267,0.9257581743573841
Talk to Me (2023),0.24964574210387558,0.2665003640346216
Be Kind Rewind (2008),-0.9397707125770112,0.5267829682239631
Epic Movie (2007),-0.5005539237148392,1.4667577333852113
Forgetting Sarah Marshall (2008),0.9574798117949238,1.2233406657048629
The Hills Have Eyes 2 (2007),-0.7862544801182997,1.594933994585311
The Incredible Hulk (2008),2.5721473727498334,0.669505553680656
Lockout (2012),-1.4337800453892593,1.0445325417870035
Sunny (2011),-1.4005035555115712,-1.17918639306818
Appaloosa (2008),-0.6035279117053022,1.8638481080399
Clash of the Titans (2010),3.185823082247005,-0.4322794733644504
May 18 (2007),-1.026005384250967,-1.4050086833388773
Thor (2011),4.42888398438493,-0.3240377432631546
Doraemon the Movie: Nobita's Dinosaur (2006),-1.3923085282186918,-1.2562181815825053
Red Dog (2011),-1.6863722788996836,-1.074635229490218
Warcraft (2016),2.4958518182204563,-1.9150152397226876
Bratz (2007),-1.5941418159671985,0.9545079959617649
The Mule (2018),0.6509985969612148,1.0195105863218734
Rendition (2007),-0.9258760295390744,0.3269286554606146
Taxi 4 (2007),-1.1066331177786595,-1.0242714120557646
The Witches (2020),-0.8992235703159668,-1.3167981807013887
Kisarazu Cat's Eye: Nihon Series (2003),-1.812591506649357,-1.187985967381264
Partner (2007),-1.50917568443587,-1.3658770306778347
Angels & Demons (2009),3.344558779267119,-1.0523846281761666
"Lust, Caution (2007)",-0.38328697605067286,-1.580618190946691
Machete (2010),-0.5996891652590115,1.3941524153070863
Persepolis (2007),-1.1683098533753806,-0.4718857919816609
Tooth Fairy (2010),0.1063264398707583,1.2170996914867778
Limit of Love: Umizaru (2006),-1.0782990994902204,-1.2712650413557385
The Accidental Husband (2008),-1.844393048388007,-0.7468161888255619
The Danish Girl (2015),-0.27868633508656293,-0.8404883225265609
Death Note: The Last Name (2006),-0.8943373994985204,-1.611563855273795
Jack and Jill (2011),0.12682081026080547,1.2380651034560348
Little White Lies (2010),-1.1479150838885546,-1.2364052971620356
Speed Racer (2008),0.2316531704976658,0.6080510949244128
The Love Guru (2008),-0.8060971924129593,2.6843766208642963
The Wild Guys 4 (2007),-2.2949632907240733,-0.8747679375427514
The Counterfeiters (2007),-1.4157798774403998,-0.030052369468091582
Bangkok Dangerous (2008),-0.8900440971261666,0.6477613421623141
Deliver Us from Evil (2014),-0.11406152650766437,-0.01654071497853063
Deliver Us from Evil (2020),-0.6994429307157821,-1.8223321511897743
Percy Jackson & the Olympians: The Lightning Thief (2010),1.3638352078241396,0.1725195247958944
Seven Pounds (2008),1.4557408978537631,0.1831089028422395
The Stepfather (2009),-0.5831029951037924,2.9039457831158546
She's Out of My League (2010),-0.18836732308362586,1.5436713806656497
Underdogs (2013),-1.338961092472437,-1.2365553031726495
The Book Thief (2013),0.020013921018936936,-0.4799232441479481
Conan the Barbarian (2011),-0.5276605922434573,0.27149802472216483
Interstellar (2014),8.658524552899646,-2.2804653274997895
World War Z (2013),4.6341680747798515,-0.6794128208381572
Valentine's Day (2010),1.3146663399157692,0.6748387782634503
Drillbit Taylor (2008),-0.30826216164374937,1.7204108813338257
The Last Song (2010),-0.3485464523012965,2.7711901620369863
The Sacrifice (2020),-0.2519981298741053,-1.7009898044048601
Confessions (2010),-1.907037289689113,-0.879505542284354
Ghosts of Girlfriends Past (2009),0.259906178973481,1.2127982340511536
The Soloist (2009),-0.2484773814318049,2.203525960212268
Marley & Me (2008),1.970402692609081,0.8716684809213093
Priest (2011),-0.31839549180974763,0.5836478100460887
Shooter (2007),0.9697415138669074,0.7085924358894504
Changeling (2008),0.8610291759094516,-0.31522900321558817
The Bucket List (2007),1.4771380844118134,1.0077867039269246
Pandemic (2009),-2.2597240713510844,-0.5459632418921481
Dracula Untold (2014),0.9788787166894622,-0.360314948516423
A Mighty Heart (2007),-1.227859150705544,0.9851926373891098
Superbad (2007),2.509567971964853,1.5806371383334017
Quantum of Solace (2008),4.161083457809486,-0.8372430404098083
Godzilla (2014),3.9287466320463382,-0.6314310604178837
Shin Chan: The Adult Empire Strikes Back (2003),-1.779761223703346,-0.9756464008694592
The Spirit (2008),-0.903863737831414,1.2784335401653244
"Definitely, Maybe (2008)",0.13815183911969703,1.1928317609215962
Underworld: Rise of the Lycans (2009),0.29330282093792825,1.032673803346439
Arn: The Knight Templar (2007),-1.5781080635282578,-1.473912356767144
Hotel Transylvania (2012),2.524880892251316,0.10453637295725672
Pet Sematary (2019),0.12402781102341368,0.5630367626738578
The Darjeeling Limited (2007),-0.4638871014226258,0.45947872034758924
The Pink Panther 2 (2009),-0.2890183620822057,1.0633800927323163
Step Brothers (2008),1.3564832709203647,2.13399909318012
Semi-Pro (2008),-0.3451879627249069,2.307810579374246
The Town (2010),1.750877151328099,0.9126887763529676
Two Days in Paris (2007),-1.4916606631891511,0.030725313650382887
Walk Hard: The Dewey Cox Story (2007),-0.7111612147129404,2.7214498204722357
The Kids Are All Right (2010),-0.4365989929714643,1.2949990979429995
Midnight Sun (2018),-1.1699330088335032,-0.16987099363161298
Vacation (2015),0.04034623809933999,1.0446367069347249
Cloudy with a Chance of Meatballs (2009),1.825810323551002,0.8718409625186717
The Last House on the Left (2009),-0.13631353470305246,1.8295673957590886
The Little Things (2021),-0.3995348470721052,0.44685294776240525
Hoodwinked Too! Hood vs. Evil (2011),-1.5955359987464695,1.0503411375961147
Cinderella (2015),2.897406003074556,-0.3374358553604819
The Boss (2016),-0.3420841396207638,2.2326551523963443
Manual of Love 2 (2007),-1.6670525180988722,-1.1894480071878324
The Avengers (2012),12.875234475677841,-2.4037709416792907
Epic (2013),1.5014583079785189,0.10236594498447463
Kung Fu Dunk (2008),-2.0490347910757856,-1.001451104537409
Risen (2016),-0.5912890929330781,1.9858192898990454
The House Bunny (2008),-0.04063717536155039,1.9527772121828613
Deutschland. Ein Sommermärchen (2006),-1.3656268537734708,-1.213239514192958
Dragon (2011),-2.3573155924728475,-0.7609489323003125
The Mummy: Tomb of the Dragon Emperor (2008),2.165529864846101,-0.5424592645046775
Super Troopers 2 (2018),-0.6478849405747312,2.656734117223884
Evangelion: 2.0 You Can (Not) Advance (2009),-1.0327839359473006,-1.5217302205704497
Evangelion: 3.0 You Can (Not) Redo (2012),-1.0423273696640858,-1.4248784448775853
Blindness (2008),-1.419077630408351,-0.44518794943561024
The Duchess (2008),-0.5690864339963726,0.20116276880503445
Mr. Peabody & Sherman (2014),1.475572691424274,0.13641931508715635
The Forbidden Kingdom (2008),0.3316800604385789,0.270061793134811
My Life in Ruins (2009),-1.4400784161029403,0.8603670196732571
Made of Honor (2008),0.09838762205330696,0.7840483683621579
Two Tigers (2019),-2.03774704668365,-1.30520289062804
Frost/Nixon (2008),-0.41221349446707367,1.491282647605587
Jungle Cruise (2021),1.741044811605867,0.18676729005746776
Tears for You (2006),-1.5505144328215839,-1.3033956688099073
Baby Mama (2008),0.15159245369913538,2.9400537087323726
Chak De! India (2007),-1.120241252788956,-1.5747405491170576
My Soul to Take (2010),-1.2371411428867631,1.8977411013666692
Natale a New York (2006),-1.7842109111161943,-0.9358863020917061
Tazza: The High Rollers (2006),-1.0679659098943495,-1.5414261872027
Nine (2009),-0.5404552263639033,0.38132008242447885
Pokémon: Lucario and the Mystery of Mew (2005),-1.2727442856891935,-1.1555245963274217
Ponyo (2008),0.7081067551956945,-1.400900315410394
Ho voglia di te (2007),-2.2152753778324916,-0.9270764406935242
The Blind Side (2009),3.338634278612935,1.7781774813352509
Kitaro (2007),-2.1036794758738115,-1.0443339802881664
Eat Pray Love (2010),1.0614000629734484,0.09767914848531849
Pan (2015),-0.19493729999873202,-0.07386017255397177
Untraceable (2008),-0.3542711127313375,1.2678235043546244
Assembly (2007),-1.171502931505563,-1.4749356246517378
Sanctum (2010),-0.24521758804868854,-0.5108035820322621
All About Steve (2009),-0.5564719476202122,2.6505134173871747
Snitch (2013),-0.07536306299920326,1.7544621412325305
Three Kingdoms (2008),-1.9416786049891976,-1.1284412411473874
The Mist (2007),0.3971982693977529,0.5459843391250266
The Wedding Ringer (2015),0.23639669454470508,2.01128391356313
The Flight Before Christmas (2008),-2.0218608443589194,-0.9198022664791644
The Shape of Water (2017),0.48853441185081764,-0.026553394600659665
Burn After Reading (2008),1.1967849120750724,0.31546980072559655
The Hurt Locker (2008),0.4978464450198153,0.00628492183155202
The Switch (2010),-0.3871153473183335,1.2540378744513194
Brüno (2009),0.5164544188231949,0.8681128941279738
Saw IV (2007),0.6238552306199932,0.9269649378235404
Movie: Marrying the Mafia 3 - Family Hustle (2006),-1.9473761616882463,-1.1428497698611408
Lions for Lambs (2007),-0.6142158747796834,0.08772206007951748
Ready or Not (2019),-0.8500579781266481,0.92200786662005
Che: Part One (2008),-1.0825926211063923,-1.3342767390917876
Letters to Juliet (2010),0.22825964179283778,1.6099623557308989
U2 3D (2008),-1.0482520918637646,0.8443162148873398
How to Train Your Dragon (2010),4.756906927517394,-0.13029351480212495
Monsters vs. Aliens (2009),2.6483442602180527,0.7413350708825678
Shrek Forever After (2010),4.715556918216575,-0.8759079195914705
Soulmate (2016),-1.7524942880858974,-1.5190919141165435
The International (2009),-0.3285268572511408,0.5785607939243911
Missing (2023),-0.4396350785101513,1.1831447307162957
No Time to Die (2021),4.235601388421741,-2.0817042445632854
Love Happens (2009),-0.7160644196015037,1.6091054555585538
Bride Wars (2009),0.296921443996336,1.1978288292136232
Bride Wars (2015),-1.7289028736626486,-1.0318538909820412
The Good the Bad the Weird (2008),-0.9391682069531323,-1.5516414591699912
Eye in the Sky (2016),-0.953292699846941,0.9542743296042416
The Hobbit: An Unexpected Journey (2012),8.124815389791888,-2.4453069708341104
Love & Mercy (2015),-0.9773284950164275,0.25570767701641883
The Thing (2011),-0.6842847772996777,1.1144672924104368
Why Did I Get Married? (2007),0.05938365525809317,3.0719388995292833
Unfair: The Movie (2007),-1.9851315954943254,-1.0965930740912069
Once (2007),-0.933793353860879,0.9135485895691148
Pineapple Express (2008),1.3051485828009857,2.3486003217078744
WALL·E (2008),5.635207127832294,-0.42524918099587555
Death Note: L Change the World (2008),-1.4236089867838553,-1.4268274354085275
Armored (2009),-1.1149757893946057,2.0553953100782456
Broken Embraces (2009),-0.9812642269723271,-0.9959055278208677
Zhara (2006),-2.3054563776708132,-0.7716457338576743
The Warlords (2007),-0.9961331237434861,-1.4636013785769972
The Boy in the Striped Pajamas (2008),-0.40024807157149933,-0.14822645093525183
The Legend of Tarzan (2016),2.150508903722444,-0.4081468364056013
Harry Potter and the Deathly Hallows: Part 1 (2010),7.189167541271619,-1.960173143594942
Prom Night (2008),-0.473348521162803,2.557509887253304
Lion (2016),0.47448987038772505,-0.5062074976735653
Gomorrah (2008),-1.1017473078790694,-1.3858826694733861
Precious (2009),0.3346580265551328,1.8541065287615288
The Class (2008),-2.181432049058839,-0.14007169095134928
This Christmas (2007),0.062112043284815704,2.9777964605502616
Monkey Magic (2007),-1.4998484255754896,-1.1909584368444894
The Last Airbender (2010),1.6760166981277442,0.47133842889964617
Silent Hill: Revelation (2011),-0.9633534306801637,0.19335609097481155
200 Pounds Beauty (2006),-1.1622972844095893,-1.3291580371091207
Arthur 3: The War of the Two Worlds (2010),-1.6707119556762333,-1.165156660446524
Arthur and the Revenge of Maltazard (2009),-1.2501418511188263,-1.1894695489631013
CJ7 (2008),-1.1926599342053807,-1.0627198420170856
Tropic Thunder (2008),1.9876959719350142,1.0025570632651193
Source Code (2011),1.4364678591256763,0.17961343623515927
Lakeview Terrace (2008),-0.10841750248859447,2.576982737747156
Green Zone (2009),0.16590575106726801,0.03394461300470078
The Amazing Spider-Man (2012),6.027444956103614,-1.3158218032529365
The Happening (2008),0.6411631387883562,0.7092526923251725
Mad Money (2008),-0.8621978211739575,2.276795681916934
Borderlands (2024),-0.41639310911196703,0.3592009353140938
Alvin and the Chipmunks (2007),2.361490230020746,1.3439799445805225
Disco (2008),-2.0653755843855977,-0.9622470538207787
Always: Sunset on Third Street 2 (2007),-0.9121964463764036,-1.7175975643053594
Robin Hood (2010),2.308462100548386,-0.5609364447528199
Robin Hood (2018),0.3940817329927641,-0.3797309904950033
Nights in Rodanthe (2008),-0.12410958586714063,1.1013400644292448
Revolutionary Road (2008),0.2368697863895987,-0.060404284801656896
You Don't Mess with the Zohan (2008),1.3050706769643377,0.7968261510872849
Rabbit Without Ears (2007),-0.6309524753092816,-1.3719457336826555
A Monster in Paris (2011),-1.738617178844765,-1.2304201205900156
High School Musical 3: Senior Year (2008),1.1202624169606545,0.22900469809070687
The Young Victoria (2009),-0.8727813810335966,0.4229150198357059
The Ruins (2008),-0.9318697089064818,2.322226305640594
The Fighter (2009),1.6966022407345018,1.5722553500035577
St. Trinian's (2007),-1.5640196803331468,-0.8005043803976305
Voice of a Murderer (2007),-1.8305589564162006,-1.3513029859304593
Hugo (2011),1.5831152300088174,-0.04255321462167432
The Day the Earth Stood Still (2008),1.1936678959606413,0.18837722902497125
Solomon Kane (2009),-1.6867839500837862,-0.9709343798545769
Little Fockers (2010),1.8210698849914309,0.671448949824756
A Perfect Getaway (2009),-0.8916316047687272,1.785104262607826
Dark Planet (2009),-1.889402664956811,-1.1756857904645954
Justice League (2017),4.6977282561981974,-1.0907083639478699
17 Again (2009),0.838868256609948,0.7802018998535954
Hitchcock (2012),-1.2223701807942666,-0.2233608267526617
The Reader (2008),0.7069206106220987,-0.1457967484626751
Old Dogs (2009),-0.07350912421171919,1.2721561481302204
Lottery Ticket (2010),-0.8213805256443012,3.216854169586991
The Chronicles of Narnia: The Voyage of the Dawn Treader (2010),2.3939734855516765,-0.7913804788131651
Nick and Norah's Infinite Playlist (2008),-0.3139022717983335,2.9533117075059994
Girls (2014),-2.072638853168623,-1.0807573209685783
The Adventures of Tintin (2011),2.282787999338138,-1.026553065194955
Fantasy Island (2020),-0.1074505573000236,0.9127835999287605
Valkyrie (2008),1.5046111478998674,0.2137786860091769
Surrogates (2009),0.36794139211148796,0.27026112639588795
Like Stars on Earth (2007),-0.7954697824367702,-1.6753458551885347
The Irony of Fate 2 (2007),-1.2633149070493652,-1.1283586513607693
Sherlock Holmes (2009),4.660648688813193,-0.5419562520615542
Traitor (2008),-0.478094834449825,2.344350952675819
27 Dresses (2008),0.9110001024938209,0.7413771290875417
Dear John (2010),0.764473955018746,1.681498633298826
Detective Conan: The Phantom of Baker Street (2002),-1.3036266707685173,-1.071617819572943
The Green Hornet (2011),1.3708928779948166,0.32273910070168665
The Debt (2011),-0.4232034656290011,1.6773279129930267
Hanna (2011),0.21893552044055822,1.339132621657681
The Wolf of Wall Street (2013),5.683853052005481,-1.60762753230431
Bhool Bhulaiyaa (2007),-1.35702981419037,-1.5310264631286115
Ghost Town (2008),-0.9080333171651397,1.0192376532486385
The Courier (2021),-1.273063745594789,-0.15039391633306265
Pawn (2020),-1.1076838446462287,-1.8119586436292323
The Apprentice (2024),-1.1799432741465101,-0.48535436180811536
College Road Trip (2008),-0.4514515463484826,3.0616769016683585
Pokémon Ranger and the Temple of the Sea (2006),-1.6603103899427323,-1.0991329370835141
Sex and the City (2008),2.643175877128168,-0.3931383020962956
He's Just Not That Into You (2009),1.2974650206885436,0.7115558429077432
The Last Voyage of the Demeter (2023),-0.6371520818606434,0.8902892080774283
Megamind (2010),2.484448218867721,0.38826627599485813
P Storm (2019),-0.7025575964907737,-1.677889936544248
Love Aaj Kal (2009),-1.7980450408209299,-0.9053986318288775
Love Aaj Kal (2020),-1.990332093199724,-1.790005705612393
Laal Singh Chaddha (2022),-0.9782714209489382,-1.0138753629401553
Unhinged (2020),-0.15226615908357435,0.6306956708263194
Antebellum (2020),-1.5266096845656012,-1.3481270437371122
Song of Youth (2019),-1.2951188550872825,-1.760728676861834
Made in Abyss: Dawn of the Deep Soul (2020),-1.717671069164117,-1.9310719081150098
One Piece: Dead End Adventure (2003),-1.6448782548206164,-1.0037199641642576
Zack and Miri Make a Porno (2008),-0.07611244321005378,2.023210088092304
The Iron Lady (2011),0.08211969312747945,-0.19280589595647699
The Little Prince (2015),-0.5935531146095405,-1.3008534745602722
Realm of Terracotta (2021),-1.8019967756784852,-1.7527127342738442
The Eleventh Chapter (2021),-1.7945827315384426,-1.8558215847607724
Jesus Revolution (2023),0.3204875362982723,2.1151455449070955
Slumdog Millionaire (2008),4.033815796976564,-0.38599890192583763
Yatterman (2009),-1.6308770949733429,-1.2819642452130189
The Campaign (2012),0.4073023482534652,2.305165709765311
One Piece: The Cursed Holy Sword (2004),-1.8851853902067486,-0.9675075941459258
Stolen Identity 2 (2020),-1.7057373737300834,-1.5803240769008005
Megalopolis (2024),-0.9954654273305509,0.524382530354558
Fast & Furious (2009),2.64979708321011,0.20595128370436952
Milk (2008),0.26493937329659506,1.0317345089719814
The Perfect Secret (2019),-1.0683312374407357,-1.8575842560646372
"My People, My Country (2019)",1.7651371940242608,-3.0255137035247692
Beverly Hills Chihuahua (2008),0.30162958217409824,1.8929935922982024
Shazam! Fury of the Gods (2023),0.5826778190362183,-0.15338415367882374
Fame (2009),-0.551819431272556,0.23653079411245545
The Nun II (2023),1.1539411363013061,-0.628672102341113
Crows Zero (2007),-1.568673204584663,-1.4842812381086319
Adrift (2018),-0.5060442037199627,0.7641642305996026
Bones and All (2022),-0.653763121401056,0.2858508930263209
The Players (2012),-2.1562626340823905,-1.0370125957967005
Race (2008),-1.401519164196184,-1.4048120465671776
Race (2016),-0.690122861520167,1.3809689366917437
Noah (2014),1.6605298814225555,-0.7588275147230507
The Sisterhood of the Traveling Pants 2 (2008),-0.006523003761611187,2.9692572785695046
A Serious Man (2009),-0.7654384024764193,0.08707661243212575
Looking Up (2019),-0.3886160461112113,-2.223065600745609
My Best Summer (2019),-1.1904963571681926,-1.7316293850575073
Bye Bye Morons (2020),-1.24459503067605,-1.5229177507050886
Les Misérables (2012),2.5953737461750865,-0.561401678640982
Les Misérables (2019),-0.8664505529701122,-1.576264549787038
Selma (2014),0.31762210780425293,1.5953599240746035
Adoring (2019),-0.8797730741554837,-1.7632082716999466
The Voice of Sin (2020),-1.203684815303908,-2.0341192257883725
"The Gangster, the Cop, the Devil (2019)",-1.6105331225936255,-1.7337226778326038
Crayon Shin-chan: Honeymoon Hurricane - The Lost Hiroshi (2019),-2.04105046872529,-1.616053526043091
Switch (2013),-1.5856395657250875,-1.212437199786561
Luca (2021),-0.726316828835802,-1.4875914778205468
The Captain (2019),1.4690352647290152,-2.308491474982753
The Bravest (2019),0.2586955846466107,-2.1845833627846667
The Last Wish (2019),-1.6020723787276312,-1.6072228445936958
Marry Me (2022),-0.2872309242983413,0.21779493905591546
500 Days of Summer (2009),0.9131459830784111,1.021093697415968
"Love Me, Love Me Not (2020)",-1.6826282585760233,-1.8487908044257357
Never Back Down (2008),-0.3446921994452766,1.3542207751684598
The Way Back (2010),-1.0083130080438798,-0.9637787203693987
The Way Back (2020),0.20167765595376536,1.7699584224936784
Les blagues de Toto (2020),-2.0108420713470974,-1.185998515764435
Always Miss You (2019),-2.4036388493280825,-1.2817772473740805
Step Up 2: The Streets (2008),0.48787643973799244,0.49927950672167093
The Witness (2015),-1.4985280748333683,-1.4402136503182648
Wild Child (2008),-1.7017980061775007,-0.8789596370812046
The Merry Widow (2008),-2.0079369687412703,-0.9819091825928887
Om Shanti Om (2007),-0.7811609584538196,-1.3796698048521883
Scream (2022),0.6525701905136251,0.8959299973689685
Boonie Bears: Blast Into the Past (2019),-0.8442864247367029,-1.625893866186175
Gemini Man (2019),0.5136425400074567,-0.5607644624384385
10 Days with Dad (2020),-1.6399114309040654,-1.524003390353314
The Father (2020),-0.21535977006456655,-1.218360076889261
Love Again (2023),-1.2758276383431124,0.4991365806508547
Wall Street: Money Never Sleeps (2010),0.5464106737137281,0.13854037083743595
Chasing the Dragon II: Wild Wild Bunch (2019),-1.457336097726979,-1.5678348058452956
Death Proof (2007),-0.6274401442098296,-1.2373366976910891
Hachi: A Dog's Tale (2009),-0.2954434842930378,-1.1585713984237866
Secretariat (2010),0.3376505934612205,2.7176955499362805
Another Round (2020),-0.6723258389831778,-1.8986924804691439
Poltergeist (2015),-0.24676755448767432,0.9596019647491997
Line Walker 2: Invisible Spy (2019),-0.7948153588713687,-1.6888600843732984
Lightyear (2022),1.4187602105113004,0.3687193809476798
Strange World (2022),-0.08342792589689012,0.6211688089435655
Kidnap (2017),-0.6674027375207652,2.1983190540699358
Amsterdam (2022),-0.2845234487362249,0.17565232621201507
Shubh Mangal Zyada Saavdhan (2020),-1.7516374487519268,-1.6807164371964487
Life (2017),-0.1286626181789965,-0.2585818474708173
The Forever Purge (2021),-0.017887610805670594,0.940443339103431
RocknRolla (2008),-0.722077841074272,-0.26831122768520305
The Other Woman (2014),0.7599549195466199,0.3266211810679155
The Descendants (2011),1.359942380524077,0.3965492742267263
What Happens in Vegas (2008),1.1957257819270688,0.3030850034060696
Midnight in Paris (2011),0.4422967147035097,0.3510222800990633
Righteous Kill (2008),-0.016901492304051514,1.1290021437683844
The Eagle (2011),-0.6727453979159409,0.9164198483490795
Coco Before Chanel (2009),-0.9177174969888834,-0.8218296705154556
Nightlife (2020),-1.3334037783754038,-1.6132164903109703
After We Collided (2020),-0.6849151564985816,-1.134720462711759
"Miraculous: Ladybug & Cat Noir, the Movie (2023)",-1.2274650995713017,-1.7990068722261314
John Wick: Chapter 4 (2023),3.652462729913611,-1.2013950097669777
Eiffel (2021),-1.6440999031453172,-1.5736618563848086
Halloween II (2009),-0.7620329272255368,2.758729879721118
The Worst Person in the World (2021),-0.9899227613912078,-1.0767818493802834
Detective Chinatown 3 (2021),2.9106436095902444,-3.4269037098044346
The Book of Eli (2010),1.5027770784209502,1.0798332381619702
Legion (2010),-0.2012051294568267,1.4750047066283851
The Bounty Hunter (2010),0.5453388561702232,0.8621099352119567
REC (2007),-1.0491869548538342,-1.0413767275110255
Terrifier 2 (2022),-0.5411962900342504,1.077604980215764
The Stronghold (2021),-1.418046581805031,-1.7641165067971412
Serial (Bad) Weddings 3 (2022),-1.2760727479354832,-1.6639459243910146
The Shift (2023),-0.9874971337957051,2.735234560329417
Tolo Tolo (2020),-0.8414847394888643,-1.4916249429944355
Kaiji: Final Game (2020),-1.3053025567586294,-1.7374911982127188
Simply Black (2020),-1.8603827929473984,-1.510217177985975
Miracle in Cell No. 7 (2013),-0.391018241935098,-1.9790705764877528
The Legend of Hercules (2013),-1.041395596627496,0.09575021861568252
How to Be a Good Wife (2020),-1.8895633814783275,-1.617441143043113
Peninsula (2020),-0.8434623852166483,-1.4458701944633308
Silver Linings Playbook (2012),2.973409633288124,0.531874342601297
I Love You Phillip Morris (2009),-1.464243700113058,-0.5769277872961922
My Best Friend's Girl (2008),-0.7630245959326915,0.9934862973999421
G.I. Joe: The Rise of Cobra (2009),2.0833731097155215,0.5959641686435178
Threads - Our Tapestry of Love (2020),-0.9649070037722406,-1.9376438905772453
Last Chance Harvey (2008),-0.9504445004914812,0.9671370774500164
The Amazing Maurice (2022),-1.1306423168505484,-0.5570433942563958
Meet the Browns (2008),-0.4565959431106038,3.3584157970503936
Parental Guidance (2012),0.37501413686175133,1.4503451736829853
I Hate Summer (2020),-1.4598696813628047,-1.7084565101430256
Up (2009),6.906451934190058,-0.7023099042155909
Lost Illusions (2021),-1.5661126607120566,-2.1523351160921553
The Battle: Roar to Victory (2019),-1.413979168117359,-1.9479587738375443
Goosebumps (2015),0.7276714792964046,0.6678840130834657
The Invisible Man (2020),1.3422996582175413,0.11343565157464437
Mt. Tsurugidake (2009),-1.5115037747089333,-1.6299965889804442
The Call (2013),0.11531459713241016,1.7313766085145423
The Hunger Games: The Ballad of Songbirds & Snakes (2023),2.523020210663013,-0.5921374412486605
The Imaginarium of Doctor Parnassus (2009),-0.3125880581190198,-0.7894955898749834
Baba Parasi (2020),-2.154969155811475,-1.5309695043869833
Life as We Know It (2010),0.450390219363003,0.8087730306598014
Painted Skin (2008),-1.4485394407665422,-1.2197119728888228
Something About Love (2021),-1.7487047462470489,-1.5879242276222927
Transformers: Revenge of the Fallen (2009),6.378983654194345,-0.5693219886093572
Paco and the Magical Book (2008),-1.768183172819719,-1.2875921300559297
Only Cloud Knows (2019),-1.7794803679504605,-1.887143514900287
Invictus (2009),0.6845266614679996,-0.2855326841825579
Uncharted (2022),1.423500319397883,0.07356852145188704
The Choice (2016),-1.2069132267491747,2.3470184497909905
AI Amok (2020),-1.64559916957911,-1.8066728767215903
The Invention of Lying (2009),-0.5774677294362349,1.3314461935743143
Doraemon the Movie: Nobita's New Dinosaur (2020),-0.8104705218242437,-1.8269133796544137
Ossan's Love: Love or Dead (2019),-1.8837395859468347,-1.7175552292759944
Eagle Eye (2008),1.3447845407569419,1.011932162317888
Cloverfield (2008),1.4953523194260339,0.8091646712226483
My Mom is a Character 3 (2020),-0.7609987313500908,-1.8031950226427467
#Alive (2020),-1.1280231274984025,-1.3444416925373999
Ne Zha (2019),3.268093650686286,-3.3745469270418345
Contra (2021),-1.925620881445865,-1.7582946203233814
Minari (2021),-0.9194170010111244,-0.8603165119854158
The Wave (2008),-1.1341997940413362,-1.3672320210342448
Babylon (2022),0.4031943174139864,-1.492613260359693
Thor: Love and Thunder (2022),5.5691236389260705,-0.8898913246322531
Welcome to the Sticks (2008),0.6154669373456446,-1.767511543617102
50/50 (2011),-0.9897150266495093,3.0887913100424553
Boyhood (2014),0.4993661871501126,0.15738854607952021
The Peasants (2023),-1.715099301239661,-1.9198100339515365
Natale in crociera (2007),-1.6641269795654328,-0.9101146410411944
It Ends with Us (2024),2.166283262520061,-0.598257106892583
Ducobu 3 (2020),-1.7330115228246503,-1.3009033803498788
Halloween Kills (2021),0.7477300592744964,1.3569239379306142
Halloween Ends (2022),0.32216197133315394,0.988345690970975
Leap (2020),-0.7311862351477362,-1.7208654730748179
Water for Elephants (2011),0.5501432192396836,0.637335312144251
The Marvels (2023),0.9449350360241207,-0.07558049478757863
A Fish Tale (2001),-1.9285426427328638,-0.12526915200277833
I've Loved You So Long (2008),-1.4393715172529442,-0.8706337274242264
Yes Man (2008),1.8403179152814684,0.47388900988247734
Nobody (2021),-0.6065240052330209,0.7952694268067022
Departures (2008),-0.4406581719972134,-1.6428033268311775
K.G.F: Chapter 2 (2022),0.28943487354301295,-2.5092437068253193
Bachchhan Paandey (2022),-1.948009560956479,-1.9606218127060446
Ponniyin Selvan: Part I (2022),-0.5924491966069313,-1.6365321484640403
Public Enemy Returns (2008),-1.5946238441757081,-1.4057254842390086
Mao's Last Dancer (2009),-1.2370391950957222,-0.40447396191895707
Ghost Rider: Spirit of Vengeance (2012),0.08221936154178477,0.6159747655904757
Arthur the King (2024),-0.11380449090087054,0.7943780804798395
The Bad Guys: The Movie (2019),-1.5398913365409221,-1.7132720165681934
Winchester (2018),-0.8098968281539202,1.0777123035424396
Don't Worry Darling (2022),0.46528536217358213,0.339040012124637
The Legend of Hei (2019),-1.2114817444929797,-1.781132988502759
Meet the Spartans (2008),-0.5238034492632718,1.3260854049631228
Shin Ultraman (2022),-1.0950456930479033,-1.784802469331642
Delicious (2021),-1.8391088393044148,-1.8302660033134717
"Sorry, If I Love You (2008)",-1.8172459125135536,-1.1359356709137463
Skyfall (2012),8.213545550567911,-2.493207774799216
Land of Legends (2022),-1.6228967917481776,-2.158851814264751
Race to Witch Mountain (2009),0.33857685435232776,1.62477715033626
Gintama: The Final (2021),-1.2339859753698366,-1.959174145576321
Next Goal Wins (2023),-1.0534793150130326,-0.10209794589341828
Boy (2010),-1.0295506702333768,-1.360450426206342
"Grande, grosso e... Verdone (2008)",-1.858232445045702,-1.3612711907303352
The Magic Hour (2008),-1.2315513827684548,-1.6140366343003585
Sarileru Neekevvaru (2020),-0.6040463797677981,-2.1017685222691442
Dark Shadows (2012),1.5361477053792594,-0.23336838482628267
My Sister's Keeper (2009),0.4216455684824974,0.861644166446387
Night at the Museum: Battle of the Smithsonian (2009),2.754562806841697,0.20543958102718612
Couples Retreat (2009),1.0569200502753144,1.450670514450252
Ice Age: Dawn of the Dinosaurs (2009),5.425437341034327,-1.6800721961785394
How I Became a Gangster (2020),-1.5901938712951633,-2.004198904649851
Valimai (2022),-1.3339609107536554,-2.3448112519963793
The Kashmir Files (2022),0.49641066639061165,-2.3822714531284745
The (UN)perfect Guy (2020),-2.193232453010928,-1.1658041786448925
Fighting (2009),-0.746090337868936,1.9656818238824225
Quarantine (2008),-0.431921146760618,2.3288734633011017
Eddie the Eagle (2016),-0.5946820202718118,-0.05093217511892247
Mayday (2020),-2.085910229866929,-1.5899844598637498
The Matrix Resurrections (2021),0.9391930881085025,-1.071832616234166
Lights Out (2016),-0.14989060687019704,1.347343416737339
Bill & Ted Face the Music (2020),-1.2187390899401418,0.9765342930038428
Fan (2016),-1.4183986622297227,-1.6089684974105791
Blended (2014),0.45094686525308886,-0.020975625587006715
Safe (2012),-0.7144112388055436,0.2253957571834878
Spider-Man: No Way Home (2021),14.473475485300966,-3.312866285057163
De Gaulle (2020),-1.6780113565919814,-1.6393283971716033
365 Days (2020),-1.712981102644512,-1.3710459703203985
Lone Survivor (2013),1.7725200451224665,1.7362163764991343
The Crimes That Bind (2018),-1.9180598601626553,-1.6201686555571053
Howling Village (2020),-1.504401290294971,-1.5478758738724465
Freaky (2020),-0.46587938170350185,0.6387678307966718
Paul (2011),0.4554432999429161,0.29510705294952944
Ice 2 (2020),-0.9937227428657286,-1.8887367470083707
The Darkest Hour (2011),-0.7332769899834168,0.514316076625991
Money (2017),-1.6931309339611536,-1.3064214259834002
Confessions of a Shopaholic (2009),0.187082299508111,0.60217426583622
The Wolf and the Lion (2021),-1.2783604509114286,-0.9685965601194187
The Heist of the Century (2020),-1.4669709468939498,-1.790280537271694
New in Town (2009),-1.021590358701068,1.482720006067425
Malasaña 32 (2020),-1.63235690502481,-1.5307978103399718
Ant-Man and the Wasp: Quantumania (2023),3.284490673650756,-0.5282805699968302
Old (2021),0.3739393848054714,0.6470095606111624
Nope (2022),1.7894129602027609,0.9779510973777333
Dragonball Evolution (2009),-1.3057489578781616,0.23581806170194694
If I Were You 2 (2009),-1.8820427187974411,-1.0535845566194657
Shorts (2009),-1.1098404023374768,2.2598316654695374
Breakthrough (2019),-0.6040513107647626,2.161510561364103
Admiral (2008),-1.257602794113996,-1.4102604320170218
"My Donkey, My Lover & I (2020)",-1.5980003667340748,-1.4967451793714115
The Promised Neverland (2020),-1.2653448415304809,-1.7107834754360338
Killers (2010),0.041123945634116976,0.9522216413666131
Demon Slayer: Kimetsu no Yaiba - The Movie: Mugen Train (2020),2.4577177298431594,-2.514464809389745
Kaiserschmarrndrama (2021),-1.7655600217482732,-1.6588084456641528
Crazy Romance (2019),-1.9007413010944965,-1.7238046758092
Sister (2021),-0.37151986745403087,-1.8838604950998028
Your Eyes Tell (2020),-1.3786855997705694,-1.9377609844289556
Kim Ji-young: Born 1982 (2019),-1.5124665428437056,-1.8825341987593174
Madame Web (2024),0.016384237884299813,0.22739620446537145
The Heat (2013),1.2170949062160785,1.848745144495853
White Bird (2024),-1.0484711560147673,0.49438735036363823
Pandora (2016),-1.7705938311836307,-1.4188107695082985
Dog (2022),-0.018229100902894094,1.7316017559795849
A Witness Out of the Blue (2019),-1.550312937995385,-1.6171731695122153
Stand by Me (2021),-1.870289440976767,-1.643761987102431
Wrath of Man (2021),0.5025080023224624,-0.7660628174726781
Spirit Untamed (2021),-0.7006813580887401,0.4389865306712713
My Dear Liar (2019),-1.6213849541912777,-1.763110881601328
Paddington (2014),1.4164752022120335,-0.4782958689694232
My Hero Academia: Heroes Rising (2019),-1.0320367996586859,-0.02579830843770618
The Taking of Pelham 123 (2009),0.8966442029070688,0.5747417404280024
The Addams Family 2 (2021),0.1204799632600465,0.5297397492373372
The Northman (2022),0.6280613467256557,0.04113277657896749
Creed III (2023),1.8650157377288978,0.29360265678163744
Hannah Montana: The Movie (2009),0.4608693102298379,1.1349087214824234
Paul Blart: Mall Cop (2009),1.2557520876219113,2.371330467495456
IF (2024),1.114210828438892,0.5880406196607212
Jackass 3D (2010),1.1357283483875253,1.6284298455222357
Somewhere Winter (2019),-1.610414804489232,-1.814598580496525
Jiang Ziya (2020),0.5036406013722422,-2.2263107406905154
Sisu (2023),-1.665709065715947,0.8999196809107025
The Hustle (2019),-0.5212437899106706,0.238877884537093
The Hangover (2009),4.954445717949574,0.7120049411255058
She Said (2022),-0.7917868996244836,-0.1392004403439404
Bheeshma (2020),-1.7251491524256095,-2.065385984019361
The Duke (2022),-1.3438566229202717,-1.0391295293385803
30 jours max (2020),-1.602010577760723,-1.3800381648733608
Sheep Without a Shepherd (2019),0.037781954013213555,-2.1363635615602825
Asterix & Obelix: The Middle Kingdom (2023),-1.2416015130868296,-1.7644642527202814
Seventh Son (2014),-0.27383480312039676,-0.6377791025221838
House of Gucci (2021),1.0115798122049255,-0.7743671219303331
We Made a Beautiful Bouquet (2021),-0.9156126839760219,-2.062025597066781
Crank: High Voltage (2009),-0.7472948769702199,0.6915244252820535
Detective Dee: The Mystery of the Phantom Flame (2010),-1.073892078123904,-1.4712781779374973
The Exorcism (2024),-1.6249628724489682,0.6459412157357991
The Ides of March (2011),0.32145445074973683,0.9799315197967935
Free State of Jones (2016),-0.5645647724041344,1.7099580625874526
Rise (2022),-1.5064361357830713,-1.6477042287879797
Masked Ward (2020),-2.0176659944811735,-1.6823694543021162
The Wrestler (2008),0.3456265926262008,1.1734919083105855
Big Eyes (2014),-0.9132483558240403,0.7050518369431179
Burlesque (2010),0.1301803495525381,0.5305432603640654
Morning Glory (2010),-0.25477201939426164,0.9811711476482877
Licorice Pizza (2021),-0.04033681004456159,0.27699487523397504
Drag Me to Hell (2009),0.3704978239811956,0.8115368424694773
Almost a Comedy (2019),-1.6562890447466827,-1.7661877688932175
Hannah Montana and Miley Cyrus: Best of Both Worlds Concert (2008),-0.4342367836235808,3.475200872098936
Love You Forever (2020),-0.5636867914696962,-1.866010092727011
Ashfall (2019),-1.026860183542758,-1.9083424276243284
Unbroken (2014),0.9475136207020193,1.5787237561692968
The Unbearable Weight of Massive Talent (2022),0.0319662155371779,1.2119926197184905
Fireproof (2008),-0.2604032264514901,2.929365780770551
Transporter 3 (2008),0.20967744188013407,0.11491687111344863
Amelia (2009),-1.1305549072540317,1.9490572067760306
The Informant! (2009),-0.21413962559605934,2.1881781863299863
Beast (2022),-0.045184719101138596,0.3064298851130561
Wish (2023),0.8246776646499224,-0.7742693519667515
Back to the Wharf (2020),-1.6737075142239146,-1.7531709197843106
Shutter Island (2010),4.847275265220531,-0.30057296279222306
Joker: Folie à Deux (2024),0.9576243143006951,-0.9459138107311029
The Boat That Rocked (2009),-0.6945684087086776,-0.3481188671412107
Jennifer's Body (2009),-0.7622670789061151,1.1886934784645384
On Your Mark (2021),-1.705589634649889,-1.7466948072839201
Ayyappanum Koshiyum (2020),-1.3469808983530454,-2.4659684112834155
The Girl with the Dragon Tattoo (2009),0.43140617108763907,-1.5785305710786013
The Girl with the Dragon Tattoo (2011),1.9807219890998498,-0.18299507122691308
Saw V (2008),0.34726041127494717,1.1299080281694909
Detective Conan: Magician of the Silver Sky (2004),-1.3993773179215907,-1.1526240364858322
Detective Conan: Crossroad in the Ancient Capital (2003),-1.3252818125695767,-1.1255192719446685
Detective Conan: Strategy Above the Depths (2005),-1.667805398678892,-1.1927198994197907
Green Lantern (2011),1.7232602379495021,0.6342213601829145
Takers (2010),0.16354436781637327,2.3312270215990036
I Don't Have Any Money Left in My Retirement Account (2021),-1.9132412579491989,-1.8409709811144876
Julie & Julia (2009),1.1250969123454009,1.6297075799711616
Renfield (2023),-0.5140111811361593,1.1874265144897544
The Man Standing Next (2020),-0.7567449437717739,-1.829665788497538
Le Grand Chef (2007),-1.7919475142921486,-1.2491856299115935
Redeeming Love (2022),-0.6387894065224085,2.1320633371531885
District 9 (2009),2.7550112726577733,0.7105004039066336
Death Wish (2018),-0.36585241145227454,1.384101588381866
Kingdom of the Planet of the Apes (2024),2.774542271571198,-0.8302325799943214
Upon the Magic Roads (2021),-1.64484149782972,-1.6655084909320317
The Ghost Writer (2010),-0.15086188266997846,-0.3678352367846169
Son of a Rich (2019),-1.1919124414313145,-1.7419894979637436
"From Today, It's My Turn: The Movie (2020)",-0.7314232286151481,-1.8136139241176388
The Family That Preys (2008),-0.33359362299410866,3.08923962943704
Madea Goes to Jail (2009),0.3105820459528767,3.2667309326372234
Detroit Metal City (2008),-1.7351209787246067,-1.245174921125756
Frankenweenie (2012),-0.051108881615534646,0.6597985510337496
The Ugly Truth (2009),1.3135802139523551,0.5701229378679104
Cliff Walkers (2021),0.12156680568665457,-2.226380733444192
Masquerade (2012),-1.2219937248779238,-0.9623974899203542
The Final Destination (2009),0.5939573683347154,0.5501628591177319
Start-Up (2019),-1.8155434541664826,-1.641595045699985
The Yin-Yang Master: Dream of Eternity (2020),-0.430409573202121,-2.0269580313601705
School of Magical Animals (2021),-1.5865500067035183,-1.414973229785127
Detective Conan: Jolly Roger in the Deep Azure (2007),-1.8778300998502586,-1.185031644624415
Singh Is King (2008),-1.4692574590516325,-1.1104351033994735
Jackass Forever (2022),0.3679791952731698,1.3833913595836964
Doraemon: Nobita in the Wan-Nyan Spacetime Odyssey (2004),-1.4096706794481881,-0.985881277360293
Doraemon: Nobita and the Robot Kingdom (2002),-1.8283882762544408,-0.7744691454068644
After (2019),-0.9872517273688847,-0.5448609119401157
"Caution, Hazardous Wife: The Movie (2021)",-1.8649502309169532,-1.7770625692820705
Schemes in Antiques (2021),-0.9215575361510879,-1.910738739715827
Baragaki: Unbroken Samurai (2021),-1.699207513721537,-2.1089349027575586
The White Ribbon (2009),-1.2842897809901426,-1.2791781986577726
Brave (2012),2.8269914837438974,0.3090881773528587
Father There is Only One 2 (2020),-1.3996496493092334,-1.4634604000390004
Beastly (2011),-0.5940882628301568,1.7892313011771812
Public Enemies (2009),1.8649365667769913,0.18333889997160704
Tidal Wave (2009),-0.9499336761281658,-1.3753967795379978
Emergency Declaration (2022),-1.1011635575176426,-2.0542546131074992
Dance Flick (2009),-1.1142899219718656,2.8204215339493026
War of the Eltis (2020),-1.5811731566551497,-1.6820317163776826
"I Love You, Man (2009)",0.8372625905860944,2.0274662015306806
The Karate Kid (2010),2.6764036792329717,0.1983207338730502
Detective Conan: Full Score of Fear (2008),-1.702769943212129,-1.3654444619269237
20th Century Boys 1: Beginning of the End (2008),-1.2309342627437763,-1.6172727680677739
Me contro Te - Il film: La vendetta del Signor S (2020),-2.2975340977485503,-0.731160511355709
Acharya (2022),-2.0121063344367554,-1.4434943692258788
A Complete Unknown (2024),0.22873641268100373,2.0008389588687296
K-20: The Fiend with Twenty Faces (2008),-1.7419760056368259,-1.5351366680693563
Zombieland (2009),1.7174358124499016,1.9181683724409664
The Royal Bride (2020),-2.0028183274897007,-1.5910957868897924
Glass Onion (2022),0.545636164327646,2.1108720460707593
Ready (2011),-1.354264437167121,-1.798426008701945
Secret Zoo (2020),-1.4753785126576988,-1.7364034069369312
Green Snake (2021),-2.2331379247541903,-1.3851942423448311
A Beautiful Wife (2007),-1.7424472952141197,-0.9516256635711692
Dune: Part One (2021),4.203166722426402,-1.7702993470683739
Pokémon: Giratina and the Sky Warrior (2008),-1.2796487665649459,-1.1811905691854452
Boys Over Flowers: Final (2008),-0.7028170809278464,-1.6039077886273148
Suspect X (2008),-0.8222448732902901,-1.6073076566224531
The Rite (2011),-0.01610687979250722,0.15294236898719993
Silent Night (2023),-1.1872166338981889,1.5625912771301547
Hitman: Agent Jun (2020),-1.1739107037995256,-1.7065924477794332
Biutiful (2010),-0.960416263400462,-0.9562575331686831
Boonie Bears: The Wild Life (2021),-0.9857297485481138,-1.5942202515016313
Vicky the Viking (2009),-1.2649017257742337,-1.0163493647106678
22 Bullets (2010),-1.6588217041811941,-1.4165630225069201
OSS 117: Lost in Rio (2009),-1.7516495891444144,-1.2350055158561795
The Blackening (2023),-0.6011414802485701,2.5150394039278674
The Hobbit: The Desolation of Smaug (2013),7.29921196910905,-2.4562622272613592
Downton Abbey: A New Era (2022),0.39330797270241175,0.04072961346916134
The Invitation (2022),-0.18974921843895118,1.2452913382732282
American Underdog (2021),-0.024741731148991527,2.441840234738455
An Education (2009),-0.7448120685086778,0.8925846689231378
W. (2008),-0.4534945260794438,2.331581662588565
Homestead (2024),-0.9902143839856627,2.9459164461729928
Whatever Works (2009),-0.999825525684295,-0.4052603649619541
A Walk in the Woods (2015),-0.6658016775827739,1.9486329266641975
The Extraordinary Adventures of Adèle Blanc-Sec (2010),-1.4820189900861984,-1.3122574619694884
From Paris with Love (2010),-0.42007574294665634,0.8830550598897882
A Nightmare on Elm Street (2010),0.2749805821930352,1.2874203502099848
The Best Movie (2008),-2.0573001365479398,-0.8662118886292813
My Bloody Valentine (2009),0.08365635552698082,1.1351358438375259
Paranormal Activity (2009),1.399659756148307,1.2348849157836546
10 Cloverfield Lane (2016),1.0313055311148398,1.1877865023816596
Doraemon the Movie: Nobita and the Green Giant Legend (2008),-1.487051818576533,-1.2869150025523732
Rurouni Kenshin: Final Chapter Part I - The Final (2021),-0.8584031846424559,-2.161272450164508
The Beekeeper (2024),0.27269681930806705,0.7011519819391667
Honest Candidate (2020),-1.4690693628841645,-1.6201183651940694
The Banshees of Inisherin (2022),0.13446348760453009,-0.9584091449097918
20th Century Boys 3: Redemption (2009),-0.9486741047051089,-1.7915441531247769
20th Century Boys 2: The Last Hope (2009),-1.466529735046798,-1.581307492787339
Pokémon the Movie: Secrets of the Jungle (2020),-1.1176729420975715,-1.6329830687293134
Devara Part 1 (2024),-1.0293357133778134,0.6665187229235106
You Will Meet a Tall Dark Stranger (2010),-1.2314725240839568,-0.6293807971853207
Rab Ne Bana Di Jodi (2008),-1.0228899202898094,-1.5837630413480974
PAW Patrol: The Movie (2021),0.13633061718872277,-0.34464616405392173
The Girl on the Train (2016),0.43490447885657724,0.39442574220374954
Orphan: First Kill (2022),-0.8174730715400976,-0.843297932216255
When in Rome (2010),-0.5587458677373298,2.250787964959097
The Divine Weapon (2008),-1.827318383119808,-1.437802957368462
Star Wars: The Clone Wars (2008),-0.2228976793717893,1.1969960275890232
The Creator (2023),0.4959380790075916,-0.39556836176194293
Ninja Assassin (2009),-0.12017771628511441,1.541086736773918
Agora (2009),-0.8962879473868824,-1.2574628116188393
3 Idiots (2009),0.5420330330151344,-1.7112095721766087
Girls to Buy (2021),-1.9380783788892615,-1.9315083834787932
Pandorum (2009),-0.9143963373004861,0.9483561912273937
My Name Is Khan (2010),-0.5634063647572217,-1.645131106959005
The Skin I Live In (2011),-0.859427867152896,-1.2236938437331828
The Lincoln Lawyer (2011),0.7542254382559833,1.3400277734404502
2012 (2009),5.07541317767974,-1.9668147443080926
Hotel Belgrade (2020),-1.8262557109420385,-1.6188267749675933
The Chaser (2008),-1.020225513242446,-1.5764461803890606
Tokyo Revengers (2021),-1.0083621452488096,-1.9227951650684902
Rango (2011),2.039638488759341,0.5352398685990887
Up in the Air (2009),1.538933691011951,0.6842464515298544
Recep Ivedik (2008),-1.8659673199312832,-0.8904210656473652
Step Up 3D (2010),0.391154619023713,-0.18699140737311562
The Bourne Legacy (2012),2.1155354336591112,-0.14901051084593106
LOL (Laughing Out Loud) (2009),-1.5228682791995631,-1.2019103667128446
Easter Sunday (2022),-0.8287576674946454,2.7258569639915433
The Five-Year Engagement (2012),-0.26335441091695433,0.8445156190197314
Diary of a Wimpy Kid (2010),0.19751279469402439,2.4633221917710943
Law Abiding Citizen (2009),1.2746783428572124,1.0408322903787723
Observe and Report (2009),-0.7416927646375611,2.8448109785305786
Obsessed (2009),0.14866867783651966,2.868292239285064
Rurouni Kenshin: Final Chapter Part II - The Beginning (2021),-1.1082726894964854,-2.14519339692944
The Color Purple (2023),0.47608990810624013,1.622411254764207
Violent Night (2022),0.41424144725393147,1.0049030383563724
Funny People (2009),0.43983880361860367,1.5338174610601796
Harry Potter and the Deathly Hallows: Part 2 (2011),10.137048182818978,-2.7475550473881545
Furiosa: A Mad Max Saga (2024),1.4781808592017014,-0.7872116252396318
The Muppets (2011),0.9702814728331373,0.8662758970610546
Last Vegas (2012),0.5028929585979376,0.42045593966549605
Gran Torino (2008),3.4796658553863993,0.6128195018940158
The Rebound (2009),-1.6793104105735845,-0.911248404624296
Jack Ryan: Shadow Recruit (2014),0.4007183310580769,0.1581608385298013
Streltsov (2020),-2.2156498534498055,-1.4565000446449057
Rambo: Last Blood (2019),-0.04805127846600773,0.6714976738776941
Playing with Fire (2019),-0.7516201906194697,1.6605079655372124
Detective Conan: The Scarlet Bullet (2021),-0.5814677574355017,-1.917832523789733
Brooklyn's Finest (2009),-0.2743912242744428,1.7305389780519496
Moneyball (2011),1.55202397148837,1.1986159276503396
The Lone Ranger (2013),1.7972649514249284,-0.5752349488177121
Doctor Strange (2016),5.6633766301458515,-1.2450538101395319
Escape Plan (2013),0.5632696053521693,-0.7732918562515139
Hereafter (2010),0.21241928018184675,-0.1654538621417176
The Back-up Plan (2010),-0.28558607151179644,0.9887418889101306
Lawless (2012),0.32227652526306794,1.381758306233797
Bayside Shakedown 3: Set the Guys Loose (2010),-0.7763297027688082,-1.6497096770789106
Alpha and Omega (2010),-0.8225519090184197,1.227179052019195
First Man (2018),0.687999943921237,-0.1956434627617287
Disaster Movie (2008),-1.5381371983273875,1.3360239604476802
The World's End (2013),-0.029846385324689396,0.9819934980854026
SP: The Motion Picture I (2010),-1.5377809140170353,-1.1657863461410236
The Yinyang Master (2021),-1.0843126011295263,-1.837853199978786
Cars 2 (2011),3.5726389393952727,-0.5685910042727917
The Girl Who Played with Fire (2009),-0.40540266138886055,-1.1362899054462454
Leap Year (2010),-0.45739578474288645,2.2083386674615024
Battle Los Angeles (2011),1.1834030268893319,0.20640798594421828
Limitless (2011),1.9193995766600642,0.5680554810041104
Legend of the Guardians: The Owls of Ga'Hoole (2010),0.5194264312723263,0.41830341896635465
Whitney Houston: I Wanna Dance with Somebody (2022),-0.054302664724128244,-0.33952707423534323
Wonderfully Beautiful (2022),-1.2609687857813319,-2.041610788904028
Ghost in the Shell (2017),0.5190768971371038,-0.8977077567263287
No Escapes (2021),-1.5778767645759084,-1.9565264085435137
The Fourth Kind (2009),-0.47695188341906125,1.2568247884696064
Resident Evil: Afterlife (2010),1.4112233472356253,-0.6041108711020868
Ip Man (2008),-1.16516282826374,-1.3982283121524308
Abduction (2011),-0.8385091261833939,0.561514152428376
The Road Home (2001),-1.8312769106169455,-0.0059307329913789305
Chimpanzee (2012),-0.5352035031081621,2.4202585584022795
Zookeeper (2011),0.5764054979949463,0.8067081645530522
African Cats (2011),-0.8982578922548097,0.9593932603020298
Insidious (2011),0.0019071140574019863,1.1530406615460669
65 (2023),-0.25912221285439424,0.7552656184519537
Get Him to the Greek (2010),0.5218895406739418,1.560804340654291
Pokémon: The Rise of Darkrai (2007),-1.320811303925372,-1.0834131898966275
Edge of Darkness (2010),0.157352068487669,0.9249480914373012
Beautiful Boy (2018),-0.8977511666916077,-0.6671302709518101
The Post (2017),-0.07473280107019264,1.4228453842305167
Iron Man 2 (2010),5.848894551170958,-0.11825396547622448
Let Me In (2010),-0.7008457416615221,0.5787878691018447
Mission: Impossible - Ghost Protocol (2011),5.222384936752229,-1.4082835838359544
Anchorman 2: The Legend Continues (2013),1.404926343707718,1.5473187622971334
Jane Eyre (2011),-0.6968272468421458,-0.03243247909444302
Jonas Brothers: The 3D Concert Experience (2009),-1.6648733466024113,3.1479505117255027
A Turtle's Tale: Sammy's Adventures (2010),-0.9581401140760671,-0.9409372055576712
Wicked (2024),4.42491971021662,0.5109494441605609
It's Complicated (2009),1.4209359993336477,0.693890998911351
Alvin and the Chipmunks: The Squeakquel (2009),2.510989624724082,0.809120225640316
Due Date (2010),1.6400212245312233,0.6902063630529639
Hot Tub Time Machine (2010),0.2515204569465211,2.128424424799095
Forever the Moment (2008),-1.587143312559656,-1.3892551634650185
That's My Boy (2012),-0.19095229822614743,1.426251905978151
Pearl (2022),-1.13219734915642,2.6612122242524077
Sorority Row (2009),-1.256066582889769,0.9434068638548483
21 Jump Street (2012),2.4920936080749234,1.3244482295220152
Crows Zero II (2009),-1.3457341353057626,-1.6276042738635013
Saw VI (2009),-0.25363770568373073,0.7617287859972093
My Love (2021),-0.3655149092178412,-1.9760433991629291
The Men Who Stare at Goats (2009),-0.09961746426657783,0.9627050850152259
Red Dawn (2012),-0.24631214448615424,2.6633914902774842
RoboCop (2014),1.281748334158735,-0.7065949725427856
Dorian Gray (2009),-1.5488869782366355,-1.0588417339041645
Broken City (2013),-0.7679352848147827,1.1131161230388977
"My People, My Homeland (2020)",1.6939767756126567,-3.026035037276499
Into the Storm (2014),0.33955878023047864,-0.14757135161797647
Belle (2021),-0.8283381060349787,-1.0876841778760908
Drop (2009),-1.8497994495695962,-1.4232700156962326
Hypnotic (2023),-1.4602151842761177,-0.15988777706522428
Soul Snatcher (2020),-1.1913015580053807,-1.750949358041202
Your Highness (2011),-0.7935377678054424,2.1598095400937445
Sonic the Hedgehog 2 (2022),2.6617522385586248,-0.3121415688208127
Kingdom 2: Far and Away (2022),-0.923557628999491,-2.102156351828712
Sarkaru Vaari Paata (2022),-1.447985304376982,-2.155725483488899
Cell 211 (2009),-1.593610610784233,-1.436801278506416
Taras Bulba (2009),-1.9282874896121713,-1.3833293147141734
The Tourist (2010),1.5385666936755151,-0.46268539777188755
Aloha (2015),-1.0126529088907859,2.11009240813575
This Is the End (2013),1.5464142117855264,1.9623817454563974
RED (2010),1.5901055335856658,0.41689102124874045
Snatched (2017),-0.6062245013385305,2.167289655440885
Escape Captivity: The Movie (2008),-1.6929517192149375,-0.8079196242958198
Decision to Leave (2022),-0.8159562906391157,-1.7706713828519822
The Artist (2011),0.06352935168183199,-0.15370104263541295
Intruder (2020),-2.0060279350800148,-1.3598266174116522
The Real Exorcist (2020),-2.102388223084689,-1.6059408723956727
A Little Red Flower (2020),0.44528658852289593,-2.3044059310206957
Kick-Ass (2010),1.388546062077362,0.6075487428502545
Chickenhare and the Hamster of Darkness (2022),-1.7381256592924017,-1.3676272956914937
Spencer (2021),-0.7214421918346551,-0.46989433539190834
300: Rise of an Empire (2014),2.153654784681693,-0.41415411847133937
Immortals (2011),1.2699382944754982,0.0901762881520415
Chef (2014),-0.8796313633756853,1.6843508783355126
Holmes & Watson (2018),-0.9718533393832463,2.103060456968546
Men in the City (2009),-1.7982687851391788,-1.2372749235910367
Go Brother! (2018),-1.425506568160308,-1.5556208978980657
Okay Madam (2020),-1.4834774438682232,-1.6389080287912177
Bergen (2022),-1.4777225489602934,-2.1420854030174845
Twisters (2024),3.0061169524419813,0.8300990097454217
Mesrine: Killer Instinct (2008),-1.3337910344250348,-1.4135397880280334
Bullet Train (2022),2.311154361005131,-0.4164827778073619
The Cabin in the Woods (2012),0.7076446041572334,1.2614281754916314
Den of Thieves (2018),0.31750120447576907,0.4407214977373886
The Twilight Saga: New Moon (2009),4.816775532477148,-0.4050648360617191
Doraemon the Movie: Nobita's New Great Adventure into the Underworld (2007),-1.3179087122421942,-1.3450904047180938
Two by Two: Overboard! (2020),-1.4615017646732893,-1.1627133028921095
Parallel Mothers (2021),-0.9890960009079379,-1.5409709983887658
Sex and the City 2 (2010),1.4110872252766131,-0.3080455696883387
Scream 4 (2011),0.2097774622984773,0.3648640784238468
1921 (2021),-0.8767973887246923,-1.9228086369609596
Coco (2009),-2.17557551563368,-0.8323974789514819
Coco (2017),4.016525337825026,-1.277781306983029
Rabbit Academy: Mission Eggpossible (2022),-2.2296740856187838,-1.3488141466576435
Crazy Heart (2009),0.10398836302732861,2.208518423644957
Doraemon the Movie: The New Records of Nobita's Spaceblazer (2009),-1.6987467409109642,-1.278918043267154
Little Nicholas (2009),-0.9172873835379498,-1.2648612575632916
The Roommate (2011),-0.5510974725693965,2.9571872181469883
The Three Musketeers - Part I: D'Artagnan (2023),-1.161225449051594,-1.9987470266079759
The Three Musketeers - Part II: Milady (2023),-1.6205190865115715,-1.8797145656863075
Hercules (2014),1.1443531799138624,-0.2685673803962767
A Very Harold & Kumar Christmas (2011),-0.3476589034504153,3.0042086239296077
Don't Be Afraid of the Dark (2011),-0.7535667223441797,1.6050760355429465
X-Men: First Class (2011),3.6289626299753652,-0.3252765892123317
Norwegian Wood (2010),-1.8161335801252774,-1.5519865298177826
The Untold Tale of the Three Kingdoms (2020),-1.0699574761861885,-1.6253402744405656
2 Guns (2013),0.9306989590292013,0.9580586627692979
Kalki 2898 AD (2024),-0.004624741779932621,0.36271315692987804
The Spy Next Door (2009),-0.7858451306977315,1.138633638872859
Jeon Woochi (2009),-1.221423319219465,-1.5807837444261807
Looper (2012),1.9006984645687974,-0.11114180621296484
The Confidence Man JP: Princess (2020),-0.7605963116994268,-1.925197793404683
Mama (2013),0.5694680540033618,0.41468757577803234
Umizaru 3: The Last Message (2010),-1.2306588280963229,-0.4443134074063697
Midnight Swan (2020),-1.643442999235229,-1.8937909025420008
Madagascar 3: Europe's Most Wanted (2012),4.595484510123863,-1.1470303034985936
Belfast (2021),-0.3915042208317368,-0.7929756700819036
Date Night (2010),0.9755220491070266,1.6204293625115505
Easy A (2010),0.9056507236323421,2.1016840468021214
Pathaan (2023),0.05702337348705707,-1.6460198407950268
Bad Teacher (2011),1.2738908391775206,0.7257425694755197
Les Tuche 4 (2021),-1.7585599344891902,-1.4600242663452947
Maison de retraite (2022),-1.6515490791925977,-1.6135435608424997
Shinchan: Crash! Scribble Kingdom and Almost Four Heroes (2020),-1.3533243729018876,-1.6677058042023067
The Strangers: Prey at Night (2018),-0.9857654061232902,2.1434852259393975
The Social Network (2010),2.775124720532671,0.06581661276372108
Break the Silence: The Movie (2020),-1.325182922208579,-1.716279909593766
Natale a Rio (2008),-1.6969976081977542,-1.068827138263105
A.R.O.G (2008),-1.5046602444835349,-1.5003367692068534
Sight (2024),-1.011606585518523,2.446801503166479
Cats & Dogs: The Revenge of Kitty Galore (2010),-0.3067099703280298,0.8394317727961631
Project X (2012),-0.37460389930167565,1.8922337427968372
Evil Dead (2013),0.39652737416692574,1.1152405354219885
Il cosmo sul comò (2008),-2.1873334390275896,-0.9597049502618119
Ghostbusters (2016),1.7757086490849412,0.5738372188649965
The Guernsey Literary and Potato Peel Pie Society (2018),-1.4813452103598972,-1.6589784565699488
Teenage Mutant Ninja Turtles (2014),3.0670400457438274,-0.2204849292008588
Raajneeti (2010),-1.1254356178886347,-1.6855110441444567
The Exorcist: Believer (2023),0.25297896975865847,0.36572892148042085
How to Be Single (2016),0.1257478213518513,0.26187607802345125
xXx: Return of Xander Cage (2017),1.2944133273951277,-1.3303500022787256
Take Off (2009),-0.915381989147097,-1.6357160046552566
The Watch (2012),-0.20073097916935534,1.0251037189203236
Pirates of the Caribbean: On Stranger Tides (2011),7.136580493597764,-2.387626206229023
The Blind (2023),-0.4698471634564852,2.5264237289024813
Iron Man 3 (2013),9.297892859526097,-2.157989480037923
The Door Lock (2021),-1.4006524333224275,-1.5719631047997586
The Fable: The Killer Who Doesn't Kill (2021),-1.5883685463438564,-2.0286286484312823
Kung Fu Panda 2 (2011),4.296298863016993,-1.2212315174238568
Yogi Bear (2010),0.6096691783434293,1.1601509312260725
Stigmatized Properties (2020),-1.3402568484544959,-1.5312051240149218
Our Family Wedding (2010),-0.9948677107687184,2.9590858373152082
Mars Needs Moms (2011),-0.933489392875772,1.3784980283607222
Broker (2022),-1.1351533757730536,-1.824691239606356
The Secret in Their Eyes (2009),-0.47196160321508807,-0.9423615242993323
One Second (2020),-1.7577660864200193,-1.3113914044914867
After We Fell (2021),-1.4167342295039331,-0.8332063493263261
After Ever Happy (2022),-1.5162279331708366,-1.0075657298600047
Concrete Utopia (2023),-1.195131994405579,-2.0699685053361376
The Happytime Murders (2018),-1.0779932307675344,1.9084755242892781
Kaiji: The Ultimate Gambler (2009),-1.624182847343832,-1.5028042975458458
Paw Patrol: Jet to the Rescue (2020),-2.3626166929425674,-0.8388068070396404
Godfather (2022),-1.247766549764226,-1.8570452587915482
Vikram Vedha (2022),-1.34977750323462,-1.5318826045392895
Did You Hear About the Morgans? (2009),-0.3954301913872377,0.5026353310701706
Devil (2010),-0.19441497605071242,1.3197081518141296
¡A todo tren! Destino Asturias (2021),-2.0862196833257087,-1.4224633454746465
Krack (2021),-1.3550262667912336,-2.215229827003792
Peter Rabbit (2018),1.455501361469531,-0.17228835949918556
The End of Endless Love (2020),-0.8164368518513513,-1.689046347500507
A Single Man (2009),-0.8867732269837598,0.4066272918112945
Rise of the Planet of the Apes (2011),3.9796495513990235,-0.49572259534139385
Mufasa: The Lion King (2024),1.8541005617507686,-0.7823346059345083
The Concert (2009),-1.0574360760573052,-1.4589405137121927
The Last Exorcism (2010),-0.2881540994463168,1.5537850667423976
Gulliver's Travels (2010),0.561083719477683,-0.3635568786698406
Samjin Company English Class (2020),-1.2653474784261443,-1.720828407135163
In the Heights (2021),0.1827126390342094,0.7618040346614228
Gangster Squad (2013),0.5240973157771354,0.37988998966169907
August: Osage County (2013),0.06546370888424662,0.6016457652790215
The Fortress (2017),-1.6557019908810409,-1.6518904348119872
Despicable Me (2010),4.623671056444788,0.017014054127986285
Twiceborn (2020),-2.0287015044161425,-1.720663992705496
Life Is Beautiful (2022),-1.806021703974853,-1.9215331676686134
Past Lives (2023),-0.29942726866048197,-0.694027164679423
The Family (2013),-0.4735024347338192,0.8371135775169426
Lee (2024),-1.2579882598923144,-1.2966203816639592
The Twilight Saga: Breaking Dawn - Part 1 (2011),4.6454004236665645,-0.49925849542001566
The Twilight Saga: Eclipse (2010),4.722135341436906,-0.3390297218018197
New Gods: Nezha Reborn (2021),-0.7630999421250598,-1.9655200368615557
Red Cliff II (2009),-0.036150578287494434,-1.9223392394948382
The Lucky One (2012),0.33273199134610937,1.2997606143220677
Sun and Concrete (2023),-1.7314082487143687,-2.010856462432853
Poupelle of Chimney Town (2020),-1.0882267837204007,-1.644972756949733
The Butler (2013),1.4136997234940896,1.0167746784609906
Napoleon (2023),1.2740660355483078,-1.2588384045751273
Mobile Suit Gundam: Hathaway (2021),-1.5313794605561244,-1.6679388547348586
If You Are the One (2008),-1.032094699104189,-1.5342234470970177
Anna (2019),-1.5948154826928465,-0.174313521058727
Blood Moon Party (2020),-1.495889563140466,-1.8668798792594279
Movie 43 (2012),-1.315652294987831,0.2798727254364327
Arthur (2011),-0.40694174131538524,1.7136984915981133
Evil Dead Rise (2023),0.6837140026335826,0.18603508486587536
Bath Buddy (2020),-1.0792822928394308,-1.6115264776958738
"Good Luck to You, Leo Grande (2022)",-1.5772258419872358,-1.5259380067104609
47 Ronin (2013),0.5804384179876066,-0.5551873725067656
The Revenant (2015),3.0262844262177753,-0.7638647803927033
The New Toy (2022),-2.0928140895140332,-1.7480198831511318
Firestarter (2022),-0.618730904138146,0.9990602972304787
"Hi, Mom (2021)",3.8209731909075897,-3.8086511180537093
Rock of Ages (2012),-0.14525785027749072,1.3630667568425798
"As Above, So Below (2014)",-0.9491149785376043,1.1026574132991243
Godai - The Wunderkind (2020),-1.9912859348092204,-1.7159879751479947
The Unbroken (2009),-1.1414431460540182,-2.201463695984879
The Pope's Exorcist (2023),-0.271583040433171,-0.5507293166459549
Nodame Cantabile: The Movie II (2009),-1.06481916485183,-1.506004227427402
The Tower (2012),-1.7134993652663744,-1.098899056954888
Simone: Woman of the Century (2022),-1.200597000670305,-2.1119572571289207
The Crow (2024),-0.9718668638012453,0.09518100189476253
Terminator Genisys (2015),2.6942046289868276,-1.3986863523127402
Insidious: The Red Door (2023),0.6869387198320557,0.04459507378175614
Black Lightning (2009),-2.1643340646493536,-0.840018776621641
Tinker Tailor Soldier Spy (2011),0.17276333079767722,-0.2527761094781785
How Do You Know (2010),-0.47540068339862096,1.4181471165842483
Sword Art Online: Progressive - Aria of a Starless Night (2021),-1.5124547482634345,-1.4427244995271504
Stand by Me Doraemon 2 (2020),-0.46906692541866174,-1.8203214694391194
Collectors (2020),-1.310801215692804,-1.724465457943885
Detective Conan: The Raven Chaser (2009),-1.2299956168919193,-1.4425199993685147
What's Love Got to Do with It? (2023),-1.744556016703596,-1.5683394738327434
The Great Gatsby (2013),3.35678112924132,-0.4746891193871542
The Girl Who Kicked the Hornet's Nest (2009),-0.6756424429795749,-1.2682663152159133
A Quiet Place: Day One (2024),1.6857878724247568,0.3112559176093481
Dredd (2012),-0.2959324811823145,0.16473083925861784
Paradox (2017),-1.2796284478369035,-1.261059933856114
Rabbit Without Ears 2 (2009),-1.2402487158770377,-1.3546372933647153
The Medium (2021),-1.7369375278018417,-1.9175463041429084
Jug Jugg Jeeyo (2022),-1.4200677274137938,-1.728848795652835
About Her Brother (2010),-1.710472008708654,-1.5669741259338503
The Dark Knight Rises (2012),10.937270501892531,-1.9872500687208128
The Battle at Lake Changjin (2021),4.281394134880177,-4.275537527324989
Her (2013),-0.9616099407133492,1.5322739798038276
The Legacy of Dr. Death: Black File (2020),-1.928418169086677,-1.7000624744580706
Smack Dab Kakha (2022),-2.51016018421591,-1.2344394772232372
Neuilly Yo Mama! (2009),-2.0176372392828426,-1.0051361892827304
Jack the Giant Slayer (2013),0.9421483743558541,-0.18045459993620527
Beau Is Afraid (2023),-0.5651248406826559,0.41572917255117076
Signal: The Movie (2021),-2.1482114931848444,-1.7725161306387511
Warm Hug (2020),-0.3315635540807864,-1.860179779115345
The Wandering Earth II (2023),2.876242030869255,-3.766396417638672
My Hero Academia: World Heroes' Mission (2021),-0.6378056797140293,-0.7578236249476498
If I Stay (2014),0.17081811950098694,1.3032727311300099
Black Mass (2015),0.6471650025942624,0.9992732943900157
I'm Still Here (2024),-1.6945624115717726,-1.8059920034463668
Upcoming (2021),-0.7993681741173778,-1.933915645372213
Masquerade Night (2021),-1.138826082924053,-1.9575767958405033
Sultan (2016),-1.662818554801762,-0.09787162930149507
The Soul (2021),-1.718303071516149,-1.9777940194162875
The Last Warrior: Root of Evil (2021),-1.2718337020658577,-1.7995868759793403
Scandal Makers (2008),-1.1744332767252594,-1.355684540518342
Tom & Jerry (2021),0.17399088622489667,-0.1128795385549965
Takizawa Enbujo Zero (2020),-0.9372334992544332,-2.061033779263359
Moana 2 (2024),5.825951657715736,-1.0692407550324634
Crayon Shin-chan: Shrouded in Mystery! The Flowers of Tenkazu Academy (2021),-1.3416512416417512,-1.8081423106244356
F3: Fun and Frustration (2022),-1.763812444745699,-1.4339583977388697
All About My Mother (2021),-1.839434146033037,-1.8457526350560316
Break Through the Darkness (2021),-1.0498897874802646,-1.747597545469196
Tomb Raider (2018),1.4141100127090869,-1.1005962329836956
The Sitter (2011),-0.6134221084949992,2.7523724005225296
Women Talking (2022),-1.0625975232707916,0.8207997479225965
Chinese Doctors (2021),-0.015454216782375014,-2.146438156685107
Cloud Atlas (2012),1.110461794148948,-1.2237591045546676
This Is Where I Leave You (2014),-0.35270778035538375,2.1430113920363802
The Witch: Part 2 - The Other One (2022),-1.137096710456761,-2.0161044545977442
Coming Home (2014),-1.7260976817251057,-1.263120654132153
Recep Ivedik 2 (2009),-1.8730800775772072,-1.039708985400141
Doraemon the Movie: Nobita's Little Star Wars 2021 (2022),-1.2904517901601584,-1.81738792927584
Inception (2010),10.47448632129779,-1.8075533027908688
Grown Ups (2010),2.1170640947172594,1.1557395799940757
The Last Warrior: A Messenger of Darkness (2021),-1.4072280724242707,-1.6334040216319732
Superwho? (2022),-1.7285080767253864,-1.5099680625784064
School of Magical Animals 2 (2022),-1.4796544014756325,-1.6529288195990124
The Round Up (2010),-1.5275033327842786,-1.4454204144755904
The Whale (2022),0.2473670762453516,-0.583421677086272
Men (2022),-0.9657366024635873,1.3285444484899658
The Adjustment Bureau (2010),0.818197230834197,0.5006981307770114
Cop Out (2010),-0.1274640602075551,2.29433435696006
I Can Do Bad All by Myself (2009),-0.1513093958167944,3.1645539931333833
Railway Heroes (2021),-1.5701789963481791,-1.8127799725307594
The Other Guys (2010),1.5841177007007496,1.5929314517484305
Suicide Squad (2016),6.011425217856508,-0.7616120266968195
Total Recall (2012),1.1391555287982538,-0.32204772809834453
Detective Conan: The Scarlet Alibi (2021),-1.903118357673376,-1.606164069643303
Downsizing (2017),-0.33352111587123656,0.22266777636584975
We Bought a Zoo (2011),0.8384736195340198,1.1301552178115422
When the Bough Breaks (2016),-0.7465772352411385,2.7650671115476024
Playing for Keeps (2012),-1.5042132161904909,1.485335196692602
In the Heart of the Sea (2015),0.06327067064245752,-0.5090211294100163
Bodyguard (2011),-2.2141927402353505,0.03600204422839475
Why Did I Get Married Too? (2010),-0.06461515996612359,3.0165149602487773
Gokusen: The Movie (2009),-1.5447233021798474,-1.329910312883561
The Hunger Games (2012),6.9384993504460555,-0.049165926382838974
Mad Max: Fury Road (2015),4.536787661550308,-0.557979578233917
Marmaduke (2010),-0.5832261641648049,0.9088411524559239
Prisoners (2013),2.351921063739197,0.033346513639116115
"Dad, I'm Sorry (2021)",-1.3570670226435118,-1.8370631913956441
Salaar (2023),-0.6340659683815522,0.5900330883376037
Aftershock (2010),-0.32201485309703815,-1.8531102811920246
Dumb Money (2023),-0.5858908637067051,1.1118379717695541
Mr. Popper's Penguins (2011),0.7509257385141341,0.28800519358613713
It (2017),5.846461692163671,-0.8199483654388179
Taken 2 (2012),2.5187450408669245,-0.04358196454655088
Journey 2: The Mysterious Island (2012),1.6505966473412153,-0.20870683327233522
Straight Outta Compton (2015),2.1748046764290994,1.3156963405552584
Transformers: Dark of the Moon (2011),7.709777244945673,-2.1387251185080025
Family Affairs (2022),-2.1420631750143104,-1.5279799383374904
I Give My First Love to You (2009),-1.5729159611143928,-1.5065703156660668
Happy Feet Two (2011),0.4288555996877082,0.4679548356375598
True Grit (2010),2.512104426100128,1.288021672507223
Drive My Car (2021),-0.8383586199022014,-1.9176540309868415
Remember Me (2010),-0.22167026010491034,0.1275332989522224
For Colored Girls (2010),-0.1944668442761718,2.7443355447069178
Blacklight (2022),-1.0259150659290417,1.1201338217943995
Just Wright (2010),-0.8096888097770847,3.1084566480424933
Flight (2012),0.6015075012160795,1.0941193092988375
Star Trek Into Darkness (2013),4.125338628474814,-0.20500433098935558
Ride Along (2014),1.1593380780348395,2.3528661307457703
Tarot (2024),-0.6307052733493479,0.21015198306933014
Men in Black³ (2012),4.383623829895129,-1.2033219034966278
Beauty and the Beast (2014),-1.9412735914493013,-0.9876228014805508
Beauty and the Beast (2017),7.358514292017462,-1.1162810120202888
Ticket to Paradise (2022),0.700677066683062,-0.0487275181318755
Dad (2021),-1.9688735042766587,-1.4662343759453658
No Strings Attached (2011),0.8833671917751738,0.6552920287786927
Riddick (2013),0.3354095145266296,0.32951165395356535
The Hangover Part II (2011),4.6132308276235365,-0.1714513106616458
Character (2021),-1.6386093652744524,-1.9240246678436546
The Best Exotic Marigold Hotel (2012),0.5762197537026734,-0.1883558301439052
The Great Escaper (2023),-1.7585256118805148,-1.536643072477833
12 Strong (2018),0.0632331547788059,1.1110895941570365
You Again (2010),-0.6546249366960494,2.2825753884240925
Lyubov 2 Morkov (2008),-2.1981706422588148,-0.9591952390637337
Nanny McPhee Returns (2010),-0.1813528182824276,0.11025935333468011
Amalfi: Rewards of the Goddess (2009),-1.380970186874797,-1.4451396091136999
Torrente 4: Lethal Crisis (2011),-1.8638015212200507,-1.1002910211023698
"I, Frankenstein (2014)",-0.6866838504076047,-0.029614263095404738
The Fabelmans (2022),0.13255789169069587,-0.5583443741029004
Bheemla Nayak (2022),-1.4231600689157202,-1.9409631313515843
Cocaine Bear (2023),0.3367600261257077,1.4984467255029805
"Me, Them and Lara (2010)",-1.8277625143492646,-1.2903596073985661
Guglhupfgeschwader (2022),-1.7301798451189394,-1.6539070541101928
Asteroid City (2023),-0.09705569516690661,0.5068797100920607
Poor Things (2023),0.9785883994601549,-1.0355477763575331
Liar Game: The Final Stage (2010),-1.4989879964790336,-1.6481266807975576
Ballad (2009),-1.972944759255744,-1.3802113116161487
Chinese Zodiac (2012),-0.13087277490273586,-1.6538787956765368
Predators (2010),0.6866352990334768,0.437574752531639
Speak No Evil (2024),0.06220602253616494,0.33642729460464654
Hansel & Gretel: Witch Hunters (2013),1.0110969087618993,-0.3466368938797722
The Wolverine (2013),3.2506654855534025,-0.7772842443057015
Arthur Christmas (2011),0.4037380063123532,-0.008048410997026328
Brick Mansions (2014),-0.7141436869900886,0.10344862389603025
Big Miracle (2012),-0.8527131420983549,2.1490073163688557
The Pirates! Band of Misfits (2012),-0.01095815101347173,-0.14748265856939577
Deadpool (2016),7.42471101109029,-0.7864094036568509
Honey Lemon Soda (2021),-2.0651937543900027,-1.6931575726158499
Another Year (2010),-1.3134533889045208,-0.7187152982698172
My Girlfriend Is an Agent (2009),-1.8222094184237412,-1.299510157279123
Fury (2014),0.5371868263067439,0.5165178210316241
Peppermint (2018),-0.2646352674848009,1.263742444912946
Jujutsu Kaisen 0 (2021),0.5351260163115242,-1.3769905991491966
18 Years Later (2003),-1.9491627381150511,-0.9586805363192913
Hubble (2010),-0.11003395378099608,2.208309277708033
Mother's Day (2016),-0.5085554834295019,1.3539440497105069
Cabrini (2024),-0.03839133198443997,1.8151576745187936
April Bride (2009),-1.4642990014657882,-1.4826961476477434
Firestorm (2013),-1.3197923743846096,-1.1221692966441783
13 Assassins (2010),-1.4690685339346827,-1.590849870308787
Trolls Band Together (2023),0.8658034948969662,0.3646529144108864
Laid-Back Camp Movie (2022),-1.802499779833168,-2.038451011588405
Rio (2011),3.0765787809519582,-0.65159377257239
Shin Kamen Rider (2023),-1.6372198565810363,-1.9293407132903508
Bait (2012),-1.6307108784646658,-0.9067655223452051
Fright Night (2011),-0.5596567132470495,0.6880193947946436
Charlie St. Cloud (2010),-0.39439974712981357,1.6144696083458887
High Security Vacation (2009),-1.9013600412105238,-1.2746113706981594
The Monkey King: Reborn (2021),-1.7972558811072266,-1.5985883900121587
Hello Ghost (2010),-1.8587974419653852,-1.368003765243876
Battleship (2012),1.726179166065736,-0.946227463770979
Empire of Light (2022),-1.3924004845142586,-1.216935955225191
White Snake (2019),-1.2048459799525308,-1.5583958917448222
Never Let Go (2024),-0.9219172339013256,1.0784533501000075
Quartet (2012),-0.5975164058485959,0.09575860084595696
Salmon Fishing in the Yemen (2012),-0.9155051357031087,-0.14814802537456284
Man in Love (2021),-0.7697740803470494,-1.9649408065865779
The Farewell (2019),-1.2622042456473317,2.2282578975099803
Father Stu (2022),-0.13279842335438288,2.225374239323167
Oblivion (2013),1.3589723497378172,-0.3295615563403802
Tár (2022),-0.2588295951301101,-1.1859589923371248
Rookies the Movie: Graduation (2009),-0.6402590868758297,-1.6554944976552413
Rise of the Guardians (2012),1.900597321410655,-0.23842406009396555
Once Upon a Time in Hong Kong (2021),-1.348941484479713,-1.6537423067927064
Prometheus (2012),3.4997512094816523,-0.7759586205463471
Thanksgiving (2023),-0.16210447771351166,1.2111126045722076
Killer Elite (2011),-0.24842328450655607,0.5502807541541084
Winnie the Pooh (2011),-0.600768331739271,1.3667631292417552
The Call of the Wild (2020),0.8509480204705987,0.19073310669576268
Monsters University (2013),5.271365348983495,-0.9630512682907241
Moonbound (2021),-2.2344988757510484,-1.3356821558029581
The Master and Margarita (2024),-0.8682983688535437,-2.392995831026037
Godzilla x Kong: The New Empire (2024),3.435455167593018,-1.1709272267815967
The Help (2011),2.9151140751439906,1.3470835906240415
More Than Blue (2018),-0.18837182023314752,-1.9785079645706496
Love Will Tear Us Apart (2021),-1.021235854392483,-1.7790096006145613
Harmony (2010),-1.2751427690466008,-0.7421301872931869
Moon Man (2022),1.703350143366616,-2.9120161708760226
Legend of the Fist: The Return of Chen Zhen (2010),-1.6287379620304032,-1.2554442761815074
Radical (2023),-0.7786750706131315,-0.49719229639201523
The Conjuring (2013),2.9806682255759465,-0.07651537036899846
The Next Three Days (2010),0.10781154242071925,-0.20718761283111287
Anita (2021),-1.4581224354507647,-1.6311819751597076
Brooklyn (2015),-0.421162709215633,1.3863137733266255
Overlord: The Sacred Kingdom (2024),-1.6066784507932217,-1.313318350900696
And So the Baton Is Passed (2021),-1.460494158833501,-2.0570521713731424
I'm a Cat Stalker (2008),-1.881302415101133,-1.0609014680125388
Dragon Ball Super: Super Hero (2022),-0.0281014572083021,-0.10833133786162712
Dream House (2011),-0.7279423748161356,1.2214663470223546
Vanguard (2020),-0.9264176456530248,-1.3723668120602808
Buried (2010),-1.3923004882247243,-0.8187703240917168
Indiana Jones and the Dial of Destiny (2023),2.803129523425894,-0.7059793505089305
The Odd Life of Timothy Green (2012),0.06917843801963626,2.603610575840287
The Grandmaster (2013),-0.7725530705668553,-1.3327202224380172
The Eight Mountains (2022),-1.30109971370813,-2.1444982682729585
"Big Mommas: Like Father, Like Son (2011)",-0.43690503844817175,0.8997915009537254
I Am Number Four (2011),0.7674508030897177,0.18326648252025568
Heartbreaker (2010),-1.1828015127168463,-1.3229823953289037
"Lyle, Lyle, Crocodile (2022)",0.16932243259876123,0.0979076407122437
Astral City: A Spiritual Journey (2010),-1.83661009579365,-1.2429651072523547
Pokémon: Arceus and the Jewel of Life (2009),-1.2125746718337869,-1.2075011575572414
Baywatch (2017),0.7133802770465338,-0.2639800887954115
Abigail (2024),-0.1906599570567706,0.8969233797125039
Arashi Anniversary Tour 5 x 20 Film: Record of Memories (2021),-0.6657005500646495,-2.300568262357969
Bridget Jones's Baby (2016),0.6294957461692398,-1.3663525800508356
Aladdin (2019),5.328570824961536,-0.44618184559678936
Mobile Suit Gundam SEED Freedom (2024),-0.9606054573322417,-2.0937828376072107
New Happy Dad and Son 4 (2021),-2.408907628413864,-1.269889196930388
Kamen Rider Decade: All Riders vs. Dai-Shocker (2009),-2.0336674375558306,-1.0522207452411734
Saw 3D (2010),0.20202553758812583,0.3806696701061634
Space Battleship Yamato (2010),-1.1513129807283224,-1.61764040524092
This Is It (2009),1.3235227579541273,-0.4715326163940296
Never Stop (2021),-2.02300193305953,-1.534181699665744
Aquaman (2018),7.959818340644356,-2.58655358796037
Bridesmaids (2011),2.5182797594963766,0.744328404636117
The Art of Racing in the Rain (2019),-0.40233515566845335,1.5878586816262834
Escape from Mogadishu (2021),-1.0739294330845726,-1.8986625980480267
Niko: Beyond the Northern Lights (2024),-1.8051516381019874,-1.6124346914446024
The Lorax (2012),2.4144421450257925,1.1765516516446113
The Lord of the Rings: The War of the Rohirrim (2024),-0.723382343068793,0.08973779664923485
Logan (2017),3.4213188656451345,-0.6252532189319987
Forever Young (2015),-1.1182323685925264,-1.6405749237284362
Forever Young (2017),-0.38109523656893,-1.6000435686987167
The Holdovers (2023),0.1816184126132918,-0.21798223455472443
Sunny Sisters (2021),-2.0629243565069255,-1.750850352804951
One Piece: Strong World (2009),-0.963314006765036,-1.5114416334856628
The Greatest Showman (2017),3.1752984167870735,-0.4662770964981242
Blink Twice (2024),-0.1384776845510334,0.408277536117878
Father & Soldier (2023),-2.141208489589653,-1.6630882438845045
The Raven (2012),-0.8153881271689456,1.0012937890644975
What Did You Eat Yesterday? (2021),-1.614596813201941,-1.943145928404359
The Day We Lit Up the Sky (2021),-1.7957263490410298,-1.4401491697317657
Khumba (2013),-1.8718494681765463,-0.9116734011583456
Adventures in Zambezia (2012),-1.5782176493455164,-0.8721557051398537
The Change-Up (2011),0.11280800577635977,0.7806043759388229
Booksmart (2019),-0.44555738207995166,2.2179165651364783
Central Intelligence (2016),1.5445126295424423,0.8581328749057805
The Lego Movie (2014),3.898057390231662,0.3521048443214822
The Pioneer (2021),-1.5524723813207588,-1.7650679494655903
Hostage: Missing Celebrity (2021),-1.752144167825058,-1.595454730869015
Tad the Lost Explorer and the Emerald Tablet (2022),-1.2391776968543142,-1.564805087163119
Red One (2024),1.6107643350032501,-0.7814501413471944
Underworld: Awakening (2012),0.634522137884421,0.4131023821606316
Late Night with the Devil (2024),-0.5444334225191579,1.0656090917203467
Memento (2001),-0.1783722181023295,2.0404682377079943
Hard Hit (2021),-2.0815871959104544,-1.5934438379012097
Horrible Bosses (2011),2.048701564745991,0.9451694097366402
The Beasts (2022),-1.350027255856596,-1.9030239747618987
Argylle (2024),0.3442666048381657,-0.011678497030784647
Bad Boys for Life (2020),3.0802573214093267,-0.2226226253996909
Drive Angry (2011),-0.9329842073178922,0.06408623406517532
Camping 2 (2010),-1.851741693336204,-1.024119304710622
Your Turn to Kill (2021),-1.5843363068718046,-1.9267454746996318
The King's Speech (2010),3.825350544750048,-0.6977185673831215
The Bodin's in the Land of Smile (2021),-1.9639376727104185,-1.48155354098666
Deranged (2012),-2.043887544844595,-0.7673432372035659
Haywire (2012),-0.8047637639720183,1.2625065247899225
Pil's Adventures (2021),-2.0740752945230394,-1.519233748806166
Agent Backkom: King's Bear (2021),-1.935344275590338,-1.6739173712271482
The Visit (2015),0.18893403841693823,1.2057908284456416
Immaculate (2024),-0.5592917701890683,0.1496135205322317
Sherlock Holmes: A Game of Shadows (2011),4.230230559807326,-0.9000064538612113
Strays (2023),-0.4809925399839814,1.2473512662319197
Barbie (2023),10.505502708115436,-2.061205796771544
A Star Is Born (2018),3.7320362229777393,-0.3700655211793097
Spy Kids 4: All the Time in the World (2011),-0.6328381299444142,1.12345288215522
Hot Summer Days (2010),-2.018594038633043,-1.1587796195148063
Tonde Saitama: Biwako Yori Ai o Komete (2023),-1.7097243942779246,-1.883018998743546
Second Act (2018),-0.2995237706205513,0.7031586481773743
Potiche (2010),-1.5035845061950375,-1.077359671160802
Dune: Part Two (2024),5.998754578215441,-1.9104557117550394
Candyman (2021),0.19113375886038872,1.9500450685652913
Contraband (2012),0.46026361641701824,1.5775405585549171
The First Slam Dunk (2022),0.20743247301268838,-2.405614463783953
Gantz (2011),-1.2581024098083657,-1.6113081284991155
Gantz: Perfect Answer (2011),-1.4058077914456923,-1.6778699854363448
Cado dalle nubi (2009),-1.9062239982066362,-1.1439935618223047
The Man from Nowhere (2010),-0.9383297195097771,-1.558883399761263
Exodus: Gods and Kings (2014),1.4882844291272035,-1.0336619520531005
Nothing to Declare (2011),-0.7008487090674159,-1.4920287890171966
Daddy's Home (2015),1.60520508613134,1.1316614011452095
Welcome to the South (2010),-1.27504326723118,-1.3038752217854068
Fall (2022),-0.7190630619534998,0.21278041621673413
Let the Bullets Fly (2010),-0.3213615793650483,-1.813433552839442
After Everything (2023),-2.088732211842172,-1.2530674781559468
Orange (2015),-1.5991086637309642,-2.081728210206831
Shaolin (2011),-1.0995016588066882,-1.6548671369619754
Captain Phillips (2013),2.3227210465832147,0.10990359153982382
Secret Reunion (2010),-1.3323179329845931,-1.4774441394173496
Jawan (2023),-0.29262735172192045,-0.2769474780984694
Paranormal Activity 2 (2010),0.7779278368678827,0.895798026865655
What Happened to Monday (2017),-1.2546019805283066,-1.5681192849361734
My Spy (2020),-1.4036826412028434,-1.300874865814704
The Mortal Instruments: City of Bones (2013),0.057860962641841214,-0.1170133433985255
Oppenheimer (2023),8.022223104900762,-2.7397995667293946
Blair Witch (2016),-1.0029912272980874,0.8514812478226448
Eiga Sumikkogurashi: Aoi tsukiyo no mahô no ko (2021),-2.006631719006933,-1.327444060638737
Cloudy Mountain (2021),-0.9772546302419465,-1.7661761387635486
127 Hours (2010),0.2458400572498306,0.0699021064866715
Dunki (2023),-0.7909119841150793,-0.3450487561116807
The Snowman (2017),-1.5588945415696298,0.17339832327796925
Ride On (2023),-1.1556707506231507,-2.0113894773440784
99.9 Criminal Lawyer: The Movie (2021),-1.3665209712002337,-1.8354344039728603
On the Wandering Paths (2023),-2.080251558116584,-1.7135304816061676
"My Country, My Parents (2021)",0.4873335796410663,-2.6113889838054445
That Time I Got Reincarnated as a Slime the Movie: Scarlet Bond (2022),-1.4897471351722447,-1.3511276132218184
Premium Rush (2012),-0.6828708531922736,1.6216035792449424
Trick the Movie: Psychic Battle Royale (2010),-1.8846810545291983,-1.4025350067906295
Die drei ??? - Erbe des Drachen (2023),-1.7871914287262112,-1.639846156544214
Rheingold (2022),-1.6507646345863694,-2.061564614979278
Under the Hawthorn Tree (2010),-1.611317081347722,-1.4655163641086066
Finnick (2022),-2.1772723877618123,-1.4615279046126932
Little Canned Men (2021),-2.1360718233043374,-1.5758946096979745
Country Strong (2010),-0.7199319049335816,2.8546969365943147
Mary Queen of Scots (2018),-0.9741743926318478,0.014899838354536619
Elite Squad 2: The Enemy Within (2010),-0.5884041707817884,-1.6077764551146767
"Like Father, Like Son (2013)",-1.4066241096431265,-1.2837397247273523
Beautiful Creatures (2013),-0.49263277366415903,-0.05205315268141021
Zombieland: Double Tap (2019),0.7268467202120941,0.9102572483841527
The Devil Inside (2012),-0.2992786924408388,1.3558478924279889
Ra.One (2011),-1.3057731114677662,-1.3537642186912684
One Day (2011),-0.3200247203797399,-0.2959011456121578
Overboard (2018),-0.004882098695384833,0.7759001026399871
Dolphin Tale (2011),0.42273645681458016,1.811027636531122
Just Go with It (2011),1.6109770523883868,0.4818016984966303
Skyline (2010),-0.7207731281442463,0.5115934340133476
No Hard Feelings (2023),0.3746228022513273,0.7307971175239713
Knock at the Cabin (2023),-0.016388134926731385,1.10375376129789
Man on a Ledge (2012),-0.4436610940862038,0.4230558017763155
War Horse (2011),1.3125661400739201,0.06213700980674343
The Secret World of Arrietty (2010),0.2278808954238717,-1.0600961411630234
Nasha Russia. Yaytsa sudby (2010),-2.07094197285226,-0.8967833466141457
"Crazy, Stupid, Love. (2011)",1.8332144882354635,0.8680987226843427
A Dangerous Method (2011),-1.13994096200598,-0.29629305860175426
Mortal Engines (2018),-0.22788423533007438,-0.8868480206346805
The Lady Shogun and Her Men (2010),-1.6169472138610805,-1.396745395093202
Texas Chainsaw (2013),-0.6602380364833049,2.05565826147912
Weekend Rebels (2023),-1.9380666863076936,-1.8846455133959232
Freelance (2023),-1.4224861141998166,0.6266924951529231
Fireworks (2017),-1.4126015926313722,-1.6614229751593084
Recep Ivedik 3 (2010),-2.077941770076468,-0.9394030284301375
Christmas with the Chosen: The Messengers (2021),-0.2955488615088337,2.250609465075876
The Dilemma (2011),-0.14182539752725795,1.7684021043076943
Nice View (2022),0.2521115068184095,-2.2308480832741666
Elemental (2023),2.9703175005075737,-1.1384453007166442
Barbarian (2022),0.527435204966316,2.0780495398392733
Kick (2014),-0.919117406063945,-1.8712787413822607
Saturday Night (2024),-0.7634910909519305,2.3960035801917696
House at the End of the Street (2012),-0.47872572583156314,1.8922107269300532
Sword Art Online the Movie: Progressive - Scherzo of Deep Night (2022),-1.8749402077717219,-1.763758955916909
Larry Crowne (2011),-0.25029334010455323,0.8721173158713178
G.I. Joe: Retaliation (2013),2.177321090215594,-0.3958322621454376
PAW Patrol: The Mighty Movie (2023),0.509798489621417,-0.3550675397419963
The Roundup (2022),-0.3924062718803161,-1.9684501979780793
The Attorney (2013),-0.9679160255071403,-1.4285105238254612
Diary of a Wimpy Kid: Rodrick Rules (2011),-0.3847898718569974,2.264420356386383
Vicky and the Treasure of the Gods (2011),-2.089464107066303,-1.1281623450902487
Veda - Atatürk (2010),-0.9720625173183193,-1.493705020702002
What to Expect When You're Expecting (2012),-0.09765950658046571,0.8133492091971976
Beck (2010),-1.622440866025256,-1.7297671493638276
Maleficent (2014),5.187232512538274,-1.1620041412745905
71: Into the Fire (2010),-1.6486495884526997,-1.4812732541108662
Warm Bodies (2013),0.7768925310111923,1.0380029523592735
Of Gods and Men (2010),-1.0452374933574373,-1.196906813788345
Bang Bang (2014),-1.2311039466886797,-1.339625901147204
Isle of Dogs (2018),-1.0032242560505948,1.067566517532497
The Commuter (2017),0.014873475807413338,-0.4555508161004538
The Mermaid (2016),1.7446773760225507,-2.2157764522467738
Act of Valor (2012),0.37466798520686057,2.2450869187712965
Norm of the North (2016),-1.4915311047428175,1.4268832372591136
Fast Five (2011),4.617439793541416,-1.073532919466612
Soul Surfer (2011),0.03556718011849515,2.558778247959598
This Means War (2012),0.6833399482062721,0.1103118402108185
The Big Short (2015),1.6347827223049272,0.3387668291743543
The Woman in Black (2012),0.5145120109420569,0.5185509689193181
Bounty Hunters (2016),-2.133131755528384,-1.0356805319443125
Astérix and Obélix: God Save Britannia (2012),-1.2015797352923188,-1.3601527544446435
New Year's Eve (2011),0.35452217493094845,0.2689639613444836
One for the Money (2011),-0.8916933940527095,1.754343081301371
Safe House (2012),1.6791047490349467,1.0006525375904727
A Hard Day (2014),-1.8805599942495281,-1.4940140555057744
Amour (2012),-0.9162133865222141,-0.8284946994437243
Hustlers (2019),0.551912736934983,1.3661073826316639
American Reunion (2012),1.2863081663387825,-0.6313948899718697
A Good Day to Die Hard (2013),1.4313394832055153,-0.5939233020157314
The Vow (2012),1.5047792399846007,1.237829642271924
Zoolander 2 (2016),-0.6803892422167286,0.9626258094336271
Harold and the Purple Crayon (2024),-0.6518634973827738,0.8302125416080258
Abraham Lincoln: Vampire Hunter (2012),0.19102620168930784,0.08410607883343106
Go Away Mr. Tumor (2015),-0.8752518496553787,-1.71668471994804
Doraemon The Movie: Nobita's Great Battle of the Mermaid King (2010),-1.534342912194288,-1.2878078016528993
Kon-Tiki (2012),-1.5643062881536445,-1.2798164728996266
Alvin and the Chipmunks: Chipwrecked (2011),1.5016539034285676,0.3978312877851305
J. Edgar (2011),0.19390819229408846,0.3067032965723439
Jupiter Ascending (2015),0.7417100439441033,-0.5691301906105378
One Piece Film: Red (2022),0.2007262759255698,-1.917736513665082
The Last Witch Hunter (2015),0.17960096368633616,-0.6750790304278039
Jackie (2016),-0.9628974619442704,0.6213787264213549
Water Gate Bridge (2022),2.641008025225877,-3.486689374311228
Conference of Animals (2010),-1.463988978551232,-1.0432016677890215
Nightmare Alley (2021),-1.2193964830086004,0.15932731951271759
A Wrinkle in Time (2018),0.4412293318735519,1.8223312279001274
The Addams Family (2019),0.788373697217757,0.603786246890384
Free Birds (2013),0.040025175832149054,0.9790337133179283
Think Like a Man (2012),0.6911295634710244,2.5546928430143283
The Purge (2013),-0.3013766640896144,2.3383255209492377
30 Minutes or Less (2011),-0.283341873736126,2.850199108174129
Final Destination 5 (2011),0.3667966150649563,-0.04473166863829244
Oz the Great and Powerful (2013),3.5261580585690626,-0.10956199847300939
ParaNorman (2012),0.36026071534492826,0.9485748437115233
Young Adult (2011),-0.9253141692933441,1.9029745906083981
Too Cool to Kill (2022),0.21740151822649956,-2.2031477581970353
Magic Mike's Last Dance (2023),-0.46606955737905903,0.3139550403026827
Independence Day: Resurgence (2016),2.0931709491884902,-0.8669832423393313
Dogwood Tree (2010),-1.3701038362881222,-1.539338935699669
Avatar: The Way of Water (2022),15.572030426993535,-5.303206457224371
Courageous (2011),-0.16995419192785383,2.6234526831215934
The Immature (2011),-1.9016161328036056,-1.3030840440726659
Edge of Tomorrow (2014),3.439073298508338,-1.015222751444112
Creed (2015),0.8693360832570867,1.3319637437075167
Friends with Benefits (2011),1.1036528840777236,0.16450071742603953
Shark Night (2011),-1.1146038657265656,1.1393669519997955
Bloodshot (2020),-0.32547409285223744,-0.140351771925949
Johnny English Reborn (2011),0.22794872329652968,-1.1170714098072567
The Intern (2015),0.3814623440943191,0.5527593555046739
Venom: The Last Dance (2024),2.6279103093994243,-1.1986330814974069
Detective Conan: The Lost Ship in the Sky (2010),-1.4053990884766623,-1.3715828452966858
In Time (2011),1.2504787154264776,-0.5813457726157653
Our Idiot Brother (2011),-0.6188562319617785,2.9490349785975405
Ted (2012),4.56302365189314,-0.429051821851547
"Love, Rosie (2014)",-1.3984247101264362,-1.2866616707493883
The Man from U.N.C.L.E. (2015),0.8241563513932886,0.09584036539843073
Jumping the Broom (2011),-0.39245935974213303,2.8966859404398964
Downhill (2020),-0.33629726514894653,2.29830716661901
Crayon Shin-chan: Mononoke Ninja Chinpuden (2022),-1.3571718636830918,-1.776589795062485
Air (2023),0.5988689761410877,0.5536352729455277
Challengers (2024),0.6860131757849048,0.10797596879645668
Suzume (2022),0.12599095291865256,-1.9642404947893226
The Last 10 Years (2022),-1.0707236462450875,-2.01703661091551
The Dictator (2012),1.0642964508299708,0.1466493610845362
Father There Is Only One 3 (2022),-1.6830315490841552,-1.54966335352314
How to Train Your Dragon 2 (2014),4.2818814270610135,-1.2423817902069827
Wrath of the Titans (2012),1.5376218574083387,-0.35593612315900347
Million Dollar Arm (2014),-0.24594749931522,2.3894675125750298
Here Comes the Boom (2012),0.024306429034083185,1.34188893128093
The Dark Tower (2017),0.14177313267965186,0.5442173265382635
SP: The Motion Picture II (2011),-1.3080242192247498,-1.5900103526002651
The Impossible (2012),0.9808208317132404,-1.3092172161316087
Super 8 (2011),2.230451508641072,0.4298197309585135
Turkish for Beginners (2012),-1.9286073886989208,-1.290857289609009
Kick-Ass 2 (2013),0.026826663286714736,0.6967945921536017
Pushpa: The Rule - Part 2 (2024),-0.2393723200540339,-0.21665180632226327
Chebi: My Fluffy Friend (2022),-0.7462393311618454,-1.8578075733026405
My Week with Marilyn (2011),-0.7541302462759022,0.5807539529791788
The Age of Adaline (2015),0.27594977949836086,1.1819296734560854
Bestseller (2010),-0.9721412499528358,-1.4518253226298252
Colombiana (2011),-0.1047633532981563,1.189127503820867
The Perks of Being a Wallflower (2012),0.3841377766020372,0.8210419060165862
The Animal Kingdom (2023),-1.837247020983413,-2.0237986197208606
Grudge Match (2013),-0.44878169974983,1.4348830730437878
Polisse (2011),-1.667081842010169,-1.5855582986567633
Pacific Rim (2013),3.190115352495654,-1.1852090226809906
Pixels (2015),0.6733796686441985,-0.03316546616153749
All Eyez on Me (2017),-0.10211373257509959,1.6776911150848002
Vampires Suck (2010),-0.6682236523241847,1.2766769378505478
The DUFF (2015),-0.4055216119777328,1.9304641477349314
Mirror Mirror (2012),0.6202424070747574,0.1495722032954591
Ice Age: Continental Drift (2012),5.0552939792794875,-1.8941871979729825
Sarah's Key (2010),-1.1848415266586152,-0.2021538879860122
Now You See Me (2013),3.282117316288039,-0.5756707673031124
In His Chart (2011),-1.7914138079474535,-1.5091220681470456
The Twilight Saga: Breaking Dawn - Part 2 (2012),5.366693826949449,-1.0231320450379868
Autumn and the Black Jaguar (2024),-1.4941445255983592,-1.696560710303085
Heretic (2024),-0.46682062172560274,1.2517472108901957
101 Proposals (2013),-1.7479969887517308,-1.4319576113781844
Entourage (2015),-0.41399514231897666,1.3897015216340154
The Floating Castle (2012),-1.415866244797993,-1.7650357304880295
Vikram (2022),-1.2624922461859565,-0.787501311680512
The Intouchables (2011),3.649928891751075,-2.482109481302155
Divergent (2014),0.9711527987517584,1.6725190438474131
A Ghost of a Chance (2011),-0.9578134583109656,-1.8029140413873497
Dark Waters (2019),-1.402859693646001,0.796575333526253
Ready Player One (2018),4.274559628034716,-1.9009533322671381
Trolls (2016),2.001721125034288,0.16937150418028749
The Santa Claus Gang (2010),-1.6891962407330274,-1.1758141789425902
Qualunquemente (2011),-1.9263419157086228,-1.194663304692934
Table for Six (2022),-1.5461358265549012,-1.867279463988862
The Fall Guy (2024),1.3966689436983515,0.03026974654098185
Act of Vengeance (2010),-1.6459024436381025,-1.102607135607533
Pokémon: Zoroark: Master of Illusions (2010),-1.039214038063588,-1.2866609463001424
Despicable Me 2 (2013),6.870780784777655,-1.189840613444258
Neighbors (2014),1.7274536823567872,0.6136251117342776
Planes (2013),0.9418770349598667,0.24669878195730682
Moss (2010),-1.486422904260198,-1.8517551997353647
The Guilt Trip (2012),-0.3881847836226903,2.629363075991011
Haunted Mansion (2023),0.43841646958692715,0.5504235732401679
"Alexander and the Terrible, Horrible, No Good, Very Bad Day (2014)",0.13172401016969826,1.6675370194762356
Skyscraper (2018),1.0411357563501724,-0.7929338641924054
Beginning of the Great Revival (2011),-1.5152173681362702,-1.2055113366973373
Kokowääh (2011),-1.1376680134732604,-1.5307205037464031
Gooische vrouwen (2011),-1.8890657849751575,-1.2821121284000052
Sausage Party (2016),0.8781156735709207,1.592337382650666
The Confidence Man JP: Episode of the Hero (2022),-1.2240600115058238,-1.9179953229408784
Anatomy of a Fall (2023),-0.4233157600200972,-1.816763831062308
Safe Haven (2013),0.5883583288760619,1.616867268252763
Justin Bieber: Never Say Never (2011),-0.24494968524505084,2.374026577941146
The Equalizer 3 (2023),1.1362900323101122,0.08537548911715816
Hankyu Railways - A 15-minute Miracle (2011),-0.45780540900355304,-1.6969696237942795
Tarzan (2013),-1.568972902104313,-0.9346686483838016
Chronicle (2012),0.7785717412282147,0.9276995524523418
Snowpiercer (2013),0.17446163519208505,-1.6209744563596729
Joyful Noise (2012),-0.5393819026999422,2.866105628530335
21 & Over (2013),-0.6558170090353714,1.147219607965883
Office Christmas Party (2016),0.15835885731923688,0.5900303800477452
Alex Cross (2012),-0.7465534250384598,2.0751413713059663
Triple 9 (2016),-1.115980861891171,0.8299880587731092
The Inbetweeners (2011),-0.5022462081411035,-1.188355523372947
The Empty Man (2020),-1.9149013001970756,1.793448373686313
The Monkey King: Havoc in Heaven's Palace (2014),-0.40477783234783477,-1.4472413904732755
StreetDance 2 (2010),-1.4915126670237344,-1.0394192199975703
We're the Millers (2012),2.477630365032831,0.4744956533670622
HOUBA! On the Trail of the Marsupilami (2012),-1.3715958811362834,-1.3131295427750327
Reagan (2024),0.05499356871368535,2.149677997616612
The Way Way Back (2013),-0.47103549785652793,2.0185653118878135
Jeanne du Barry (2023),-1.6408926055656625,-1.9300334630931273
Bohemian Rhapsody (2018),6.512959591585576,-2.4850828315025946
Civil War (2024),0.9956734360179417,0.3671598524296883
Bol Bachchan (2012),-1.526670840226194,-1.5645971744887646
Hollywoo (2011),-2.1273247166143876,-1.1973390017590784
The Zookeeper's Wife (2017),-0.7760383792200448,1.1214248582644368
Ender's Game (2013),0.8328979870749649,0.5839017641290454
Saltburn (2023),-0.21477618305384502,0.3179069429289894
Snow White and the Huntsman (2012),2.803936572588113,-0.2888198386671813
Christmas in South Africa (2010),-2.135327064969163,-0.9252017042082092
Secret in Their Eyes (2015),-0.8874985324453665,1.0394589007781763
Jersey Boys (2014),0.05714594561899645,1.270952528715136
I Don't Know How She Does It (2011),-1.4013099364926087,0.4525037557539959
Top Gun: Maverick (2022),11.619657695781555,-2.1357036189728404
Moonrise Kingdom (2012),0.6753819674633482,1.4610213573887265
Scabbard Samurai (2011),-1.913739711538275,-1.3778926674231762
The Pirates: The Last Royal Treasure (2022),-1.7444931904589174,-1.9035820819642844
Decibel (2022),-2.0698473301208073,-1.7258721795758882
Horizon: An American Saga - Chapter 1 (2024),0.30224440930414875,0.7467263670702773
Lost in the Stars (2023),1.8484102705669931,-2.9988992973828457
The Substance (2024),0.4461275100762229,-1.2878477337719214
Bottoms (2023),-0.7266871745721001,2.295788014850689
A Dog's Purpose (2017),0.8682143443126444,-0.3997901567076352
Eternal Moment (2011),-1.775033291343001,-1.242530053629341
Welcome to the North (2012),-1.5789296473993992,-1.3021147041092906
Pegasus (2019),0.3775346492732537,-2.162438815604376
This Is 40 (2012),0.5974556965772976,1.6900512043693727
Walking with Dinosaurs 3D (2012),-0.35560646753012304,-0.050288508649619985
Arbitrage (2012),-0.9746467845485333,-0.2850707558058702
Killing Them Softly (2012),-0.6701204719740927,0.5468145962242545
Tad: The Lost Explorer (2012),-1.3623481874692485,-1.2217971380495365
The Expendables 2 (2012),2.0181808679418034,-0.5592101350059386
Scream VI (2023),1.1597878320408233,0.7681876669702453
Bad Genius (2017),-1.4467459312739366,-1.4806523422164528
Apollo 18 (2011),-1.147387219344427,1.948867356076626
Nerve (2016),-0.3183370831001048,0.632586723451487
Wreck-It Ralph (2012),3.7670457222239233,-0.31251296794859407
Paranormal Activity 3 (2011),1.000607328770381,0.9871428923706607
Anna Karenina (2012),-0.3431960030268737,-0.6984864424985702
No Escape (2015),-0.41557533633872124,0.7291528201071317
Six Degrees of Celebration (2010),-1.7839153864267083,-1.110707061515995
Conquest 1453 (2012),-1.0595658684584222,-1.8896410378328141
Widows (2018),-0.29745266812509374,0.901261107562003
Madea's Big Happy Family (2011),-0.24360080724697372,3.082693278661447
The Watchers (2024),-0.588201999249975,1.1279568329796252
Unbeatable (2013),-1.813191145678359,-1.3601985720157554
Pirates of the Caribbean: Dead Men Tell No Tales (2017),5.037116803269054,-2.1436893240783372
The Maze Runner (2014),2.7170493654353027,-0.7208637423208272
Zero Dark Thirty (2012),1.6236608544980373,1.1025945108455726
Unfair: The Answer (2011),-1.7331065536703578,-1.3678660642032556
Cirque du Soleil: Worlds Away (2012),-1.0345065137784464,0.44001711752980927
Friends: Naki on the Monster Island (2011),-1.972232617631816,-1.1783004094878458
La vérité si je mens! 3 (2012),-1.5086106926972416,-1.3365327924986774
How Not to Rescue a Princess (2010),-2.0190638694072214,-0.9785776275516428
I Want You (2012),-1.7045176172784533,-1.5253979896960301
From Up on Poppy Hill (2011),-0.8954181588793586,-1.3455722120161615
Bad Santa 2 (2016),-1.1854146089141204,1.9084806116003337
Andalucia: Revenge of the Goddess (2011),-1.81930919934448,-1.4926794002046144
Southpaw (2015),0.6685371944939869,0.7004128219939555
American Hustle (2013),2.688687526372967,0.5795125488268054
That Awkward Moment (2014),-0.5975496138432024,1.2142674016277726
Step Up Revolution (2012),0.1765392864073607,-0.25367065346452844
Eyyvah Eyvah 2 (2011),-1.716237385407639,-1.3420523937324715
The Women on the 6th Floor (2011),-1.6041416498808705,-1.2790192087728898
Son of God (2014),-0.09353540983163387,2.402472148171794
80 for Brady (2023),-0.15957624310855556,2.511982426890504
What a Beautiful Day (2011),-1.1299649131765581,-1.293746163672963
Never Say Never (2023),0.5297710652869433,-2.316787412648455
If You Are the One 2 (2010),-0.8934755591101572,-1.463151400375118
Cat and Dog (2024),-2.0372897132516132,-1.5119611903100123
"All's Well, Ends Well 2011 (2011)",-1.7438499123087456,-1.2763799949338364
The Crown Jewels (2011),-1.418567772097965,-1.4125658147657436
After Earth (2013),0.9862278358162757,-0.3330036480195348
Kaibutsu-kun: The Movie (2011),-1.628411378762498,-1.2181700857034057
The Place Beyond the Pines (2013),0.07917398963534561,0.206086669941961
The Nut Job (2014),0.10588434818945938,1.1040928880543537
RED 2 (2013),0.7137226247326637,-0.02485941072914857
After Death (2023),-1.2068755259473356,2.6734552474582807
Always: Sunset on Third Street '64 (2012),-1.1217470308038886,-1.839936174739474
Annie (2014),0.5002298076860758,1.224854797573575
Chappie (2015),0.43572675695244384,-0.32688939907102593
Black Panther (2018),10.898377117439766,-1.4552918202605956
Just Call Me Nobody (2010),-2.0218741419395805,-1.1781216215906998
Sonic the Hedgehog 3 (2024),1.469240984665072,0.7291805327561938
About Last Night (2014),-0.23743420374998092,2.79226384028019
The Gambler (2014),-0.5211254396920145,2.2329562746929508
Detective K: Secret of Virtuous Widow (2011),-1.5420073734107476,-1.4147915650431828
A Separation (2011),-0.6693920823271854,-0.4435439563553253
Dhoom 3 (2013),-0.4372257095940427,-1.6478758405779936
Winter's Tale (2014),-1.1280469725308124,0.3469065276732088
Honest Thief (2020),-0.3545002507655459,0.500533778410053
Detective Conan: Quarter of Silence (2011),-1.272958394963361,-1.444214443926447
Tiger 3 (2023),-1.1867489909384117,-0.30518574081860617
Alien: Romulus (2024),2.2660379963634165,-1.162438802484757
Captain America: The Winter Soldier (2014),6.286854620441325,-1.3361136047257132
Hunter Killer (2018),-0.8267164063154986,0.46518540778252204
Crawl (2019),-0.5899223302899519,0.6629391447068349
Agneepath (2012),-1.2484792883538975,-1.7418525395614752
Man on the Edge (2013),-2.013505036540027,-1.3605675007344191
The Dream Team (2012),-1.6578670167653964,-0.9632427927746483
Doraemon: Nobita and the New Steel Troops: ~Winged Angels~ (2011),-1.4088818305825523,-1.5599185207609325
Django Unchained (2012),6.252272817496186,-1.1239914179720993
You're Next (2013),-0.8097671788132825,1.6798773282880728
Percy Jackson: Sea of Monsters (2013),0.8174834204492105,0.015058206551190776
End of Watch (2012),0.4514656140794022,1.6842594428310023
Resident Evil: Retribution (2012),0.7962018959431535,-0.6117668412275814
"Little Brother, Big Trouble: A Christmas Adventure (2012)",-2.103042993199657,-1.0214264104341242
The Boys in the Boat (2023),0.3579006226750336,2.0483695690084596
Blade Runner 2049 (2017),2.9173776517304972,-1.029896561559248
The Sorcerer and the White Snake (2011),-1.7713495383338935,-1.2657270942616592
To Rome with Love (2012),-0.3936361210329746,-0.34068221581545227
Dirty Grandpa (2016),-0.06954412789304934,0.22126600244553843
Turbo (2013),1.3784172487017645,-0.3278651631601772
Deepwater Horizon (2016),0.6567979476648574,0.5308674279597971
Thermae Romae (2012),-0.9291588730081063,-1.5182390304420637
BTS Permission to Dance on Stage - Seoul: Live Viewing (2022),-0.25366385688966675,-1.9102885249528136
Default (2018),-2.1502110565659187,-1.21826640621174
The Amazing Spider-Man 2 (2014),5.192645383812218,-1.639935323690712
The Batman (2022),7.048392713412334,-1.5075872673060997
X-Men: Days of Future Past (2014),6.058861791485374,-1.6273985726463165
Operation Mincemeat (2022),-1.2039844299321392,-1.745903389982295
SPEC: Heaven (2012),-1.7139464063795558,-1.4771359927852645
Lesson in Murder (2022),-1.937808380370067,-1.9663070323220135
Good Deeds (2012),-0.41238736895161854,2.905137513336152
Spotlight (2015),1.2485378362877289,0.06149852567701104
Fly Me to the Moon (2024),-0.14645212830143625,0.08242811952883326
Kaiji 2: The Ultimate Gambler (2011),-1.857157774238311,-1.596215932145675
Parker (2013),-0.5848151584830018,0.2158244661291344
Fast & Furious 6 (2013),5.517734619619973,-1.5709112135150567
The Servant (2010),-1.861157724911145,-1.4483878128613068
K-On! The Movie (2011),-1.700042089604347,-1.5435563919453268
Penguins of Madagascar (2014),1.8523099914490642,-0.840128135452014
Magic Mike (2012),1.1367838126113639,1.4840309089484611
Love Strikes! (2011),-1.620090707538427,-1.5257762361223277
Joker (2019),5.76509246390891,-1.495231049982619
Big Fish & Begonia (2016),-0.8245540309682514,-1.6941675054415106
A Tale of Mari and Three Puppies (2007),-1.3537564115261516,-1.4747172171826746
Pompeii (2014),-0.10500751765817307,-0.48072341541755514
Sinister (2012),0.5577642786579659,1.0699042440650697
Cry Macho (2021),-0.8882585028548169,1.1428740592266982
Let's Be Cops (2014),0.7460976085992894,1.094425525418291
Letters to Santa (2011),-1.5840931605203,-1.4473441813622816
Heaven Is for Real (2014),0.4271905296887992,2.513679692199789
Triumph in the Skies (2015),-2.1718008516464566,-1.207657193164845
The Big Wedding (2013),-0.8689216283030524,0.9418467813714658
Better Days (2019),0.18780811729732214,-2.028150823147293
Seven Psychopaths (2012),-0.4034673192769926,0.7957412977452318
Drive-Away Dolls (2024),-1.4927375350034338,1.2756850198580587
Miss Peregrine's Home for Peculiar Children (2016),1.7502404853974725,-0.7999182432113022
On the Other Side of the Tracks (2012),-1.9212739425062646,-1.2216239612154187
Cocorico (2024),-1.6003825090896557,-1.6414486453834918
Carrie (2013),-0.09165802329710586,0.5441694414376649
My Own Swordsman (2011),-1.893965430467122,-1.1067644167244106
Begin Again (2014),-0.8394179633590978,0.024780106134496074
UglyDolls (2019),-1.1324440499129012,1.4129325583799819
Ford v Ferrari (2019),2.5168903626431085,-0.20065517384720197
The Hangover Part III (2013),2.3148997677335834,-0.38145453919025635
The Hunger Games: Catching Fire (2013),7.359508471397415,-0.8837044253839711
The Hunger Games: Mockingjay - Part 1 (2014),5.824405333664113,-0.6815420974951952
The Hunger Games: Mockingjay - Part 2 (2015),4.897511939698168,-0.7662307665489241
Aftersun (2022),-1.8228856145989791,-0.3601909970622134
Sex Tape (2014),-0.008254188559056547,0.11269201156858932
The Hitman's Bodyguard (2017),1.188222613972236,-0.08055534318725821
American Assassin (2017),-0.12851178499923935,0.7773642120388005
Ice (2018),-1.7211015266645435,-1.6759251026218382
Love Lies Bleeding (2024),-0.7765173840820486,1.0352843279308552
Tomorrowland (2015),1.3789335831159988,0.07378650794930337
Father Figures (2017),-1.1309149914450187,1.454979813441994
Stalingrad (2013),-0.9884671857785347,-1.5756614361230847
Tag (2018),-0.47096728850760033,1.8180672199931085
Ducobu 4 President (2022),-2.4577704511535314,-1.275316230623351
A Most Wanted Man (2014),-0.7478451976509473,0.5113813512804077
King Arthur: Legend of the Sword (2017),0.6889564734967035,-0.7151279968901394
The Best of Me (2014),-0.5102547954896903,1.4346771153234446
Golden Kamuy (2024),-1.357568558532978,-2.047123498661694
The Taste of Things (2023),-1.3797515908090123,-1.1434205741698769
Victor Frankenstein (2015),-1.3611904594324618,-0.5951338583112006
Detective Conan: The Bride of Halloween (2022),-0.6800205612914146,-1.9847396639230739
The Break Up Man (2013),-1.8966688002881982,-1.358809183449219
Rurouni Kenshin Part I: Origins (2012),-1.0970893419591927,-1.7959990067468625
Rush (2013),1.0359177764059295,-0.5288617605461069
Toy Story 4 (2019),7.354290401513316,-1.4883789868933417
The Good Dinosaur (2015),1.912879871487875,-0.14670438237662128
Pain & Gain (2013),0.5080680305960599,0.8501911008088091
Housefull 2 (2012),-1.6749295146697043,-1.323966063663742
Thor: The Dark World (2013),5.110962388777615,-1.063068334805724
Wild (2014),-0.6546676774340247,1.8660251190860122
Geostorm (2017),0.5744000637824048,-1.0316551537525516
Pitch Perfect (2012),1.009891328704802,0.897043743839166
The Innocent (2020),-1.8179697317678156,-1.5951456544744211
Masterminds (2016),-1.3468344462015662,1.4144305305463842
The Angry Birds Movie (2016),1.8180132793372556,-0.5176484878665363
Cloudy with a Chance of Meatballs 2 (2013),1.5434339674659023,0.352930258222886
My Happy Marriage (2023),-1.4380115055992484,-1.968569287747237
The Upside (2019),1.0000002645172565,1.7675642172263906
Kamen Rider OOO Wonderful: The Shogun and the 21 Core Medals (2011),-2.048291727820796,-0.6143690156953227
Chernobyl Diaries (2012),-0.9748493001899069,1.0996486592398693
Pleasant Goat and Big Big Wolf 3 (2011),-2.1925661417249676,-1.0245121288388368
We Were There: True Love (2012),-1.5637380904899478,-1.6066553491901283
War Dogs (2016),0.4542849863563883,0.47785593322207603
The 33 (2015),-1.0545131044115414,0.25300717183540467
Quick (2011),-1.9565630522354613,-1.3442363931488452
Hotaru the Movie: It's Only a Little Light in My Life (2012),-1.993425589448313,-1.3554820570710475
The Wind Rises (2012),0.17428759378204015,-1.7762205965249216
Guardians of the Galaxy (2014),7.581430115820182,-0.9974074285830631
Alienoid (2022),-1.5292835309906896,-2.0169372967461223
The Smurfs 2 (2013),1.3981351885350073,-0.8131995076903845
Journey to the West: Conquering the Demons (2013),0.1943520442196223,-1.8945140685593038
My Fairy Troublemaker (2022),-2.3573190384847083,-1.3648745216992333
Alienoid: The Return to the Future (2024),-1.6549284889020868,-1.9676858983491239
Conclave (2024),0.2928226729047023,0.30304996427547093
Emilia Pérez (2024),-1.7124481356159684,-1.972085719935642
Diary of a Wimpy Kid: Dog Days (2012),-0.0915529394981364,1.5181214868079265
Wicked Little Letters (2024),-0.8229056732462406,-0.8840234238342551
Identity Thief (2013),1.2649663383294112,1.8765503676929318
Non-Stop (2014),1.5486623906925996,0.10371993914922646
12 Years a Slave (2013),2.3273380110700024,-0.7247201668764958
War of the Arrows (2011),-1.013975737696948,-1.5930163342279628
The Finest Hours (2016),-0.37825178912344265,0.6814105432814057
Twilight of the Warriors: Walled In (2024),-1.2512283132054947,-1.9898993436250187
The Crime Is Mine (2023),-1.90543393595229,-1.7192136082950837
The Last Exorcism Part II (2013),-1.581259150779212,1.7074590147672062
Dearest (2012),-1.6591737858270492,-1.5022492715063736
The Great Wall (2016),1.4292634320489563,-1.2849587762927615
You Are the Apple of My Eye (2011),-1.4678544406025078,-1.5192402134985257
Flatliners (2017),-0.938558698217639,0.25345704410446246
"Manta, Manta: Legacy (2023)",-2.0934303866492225,-1.6508558195483125
Dancing Queen (2012),-1.835657974401323,-1.248140403880214
Alibi.com 2 (2023),-1.3530027094622363,-1.676005996628401
Inside Llewyn Davis (2013),-0.6275517589981172,0.334507790935993
Beetlejuice Beetlejuice (2024),3.3946099621356813,0.54788640078836
Brave Hearts: Umizaru (2012),-0.7144902555766743,-1.6401114130688275
Rust and Bone (2012),-1.355807282547355,-1.3004942610036834
The Railway Man (2013),-1.3997155560911845,-0.6140728706899105
Point Break (2015),-0.0169042659294228,-0.5286418860297245
Rocketman (2019),1.4054014290281458,0.11340941312789778
Silenced (2011),-1.233165683808223,-1.706958520636037
Temptation: Confessions of a Marriage Counselor (2013),-0.27420333848133877,2.914135845499159
Son of a Rich 2 (2023),-1.188218887997843,-1.8296203751735671
Attack on Titan Part 1 (2015),-2.0004266388145604,-1.2543752995183313
The Liquidator (2017),-1.8800939326942363,-1.3334487320112212
Ip Man 4: The Finale (2019),0.04918345734677215,-1.9505915726187883
Chaos Walking (2021),-0.6786923755169686,0.5887828105863452
Book Club: The Next Chapter (2023),-0.750390271371533,0.9641156576958958
Rowdy Rathore (2012),-1.5322873598424627,-1.5168008938535669
Liar Game: Reborn (2012),-1.7689572002542262,-1.614642782322863
Steve Jobs (2015),-0.5466042799278243,0.5691732508117396
Nameless Gangster: Rules of the Time (2012),-1.3333966640535846,-1.719302873522229
The Best Man Holiday (2013),0.32845207326629966,2.5675777758568645
Trouble with the Curve (2012),-0.17328004917051446,1.7197542636881604
The Imitation Game (2014),2.8495073795649715,-0.26607606529620853
Unbowed (2012),-1.8972980494116025,-1.3392688297430435
Kleks Academy (2024),-1.6712474920108207,-1.8306785061380062
Il grande giorno (2022),-2.071343275808728,-1.5520422298932484
Babygirl (2024),-1.0780442592692316,2.6822861834539187
Kokkuri-san: Gekijô-ban (2010),-2.0961551210485423,-0.19894293197502733
Captain Underpants: The First Epic Movie (2017),0.27604488467229166,1.1256397680311843
Assassin's Creed (2016),1.086068977811204,-0.770471052978877
Grace of Monaco (2014),-1.806681853895011,-1.132213782885785
Dumb and Dumber To (2014),0.818518280900764,0.7190837081709613
"McFarland, USA (2015)",0.0010783173642659454,2.364816213156354
Spring Breakers (2013),-1.0320293103457372,0.8368754718487307
The Physician (2013),-0.6532282755219625,-1.7874387611774676
Tammy (2014),0.22973734077733482,2.409945892358646
Dawn of the Planet of the Apes (2014),5.208999510480881,-1.601126680546136
The Iron Claw (2023),0.2825135473685437,1.1888692598293005
Paranormal Activity 4 (2012),0.08408117847663275,0.57521145129693
Transformers: Age of Extinction (2014),6.989612249582802,-2.802890268113781
My Big Fat Greek Wedding 3 (2023),-0.5627078063650272,1.6620658904011343
Hansan: Rising Dragon (2022),-0.7222689728708301,-2.018724139680434
A Moroccan Affair (2023),-1.9978990472802154,-1.5300920252853432
Even If This Love Disappears from the World Tonight (2022),-1.313772153996029,-2.0069676687258866
Absolutely Fabulous: The Movie (2016),-1.446868735632348,-0.5861927448225074
The 100 Year-Old Man Who Climbed Out the Window and Disappeared (2013),-1.0321011070175314,-1.515246483921092
Full River Red (2023),3.0377049887459417,-3.7717358727202255
Vysotsky. Thank You for Being Alive (2011),-1.4801528206083292,-1.5323507826096723
Special ID (2013),-1.852994713675039,-1.2493299360951984
Lisa Frankenstein (2024),-0.7889790394296194,2.4651028405048026
All of Us Strangers (2023),-0.921203934422339,-0.8888867023804629
The Legend & Butterfly (2023),-1.3509386676151087,-2.4036524331409046
Hacksaw Ridge (2016),2.093482830522981,-0.5648642379569334
The House with a Clock in Its Walls (2018),0.39021036948282906,0.6524831939419666
Surprise (2015),-1.9803677773042407,-0.16648277870951803
Alpha (2018),-0.29043744529344906,0.06180167881919284
Home Again (2017),-0.6816059193777072,1.6047487652182078
Doraemon the Movie: Nobita's Sky Utopia (2023),-1.1846838718411334,-1.9064906900391525
Ghostbusters: Frozen Empire (2024),1.2420748561983161,0.40254781373614984
Bayside Shakedown the Final (2012),-1.0176893674710945,-1.580134569807663
Yolki 2 (2011),-1.7682121486768216,-1.2154491520123634
Re/Member (2022),-2.132843542607567,-1.5835771533720917
Beasts of the Southern Wild (2012),-1.0329515743012951,1.3428114660025732
Cobweb (2023),-1.676749551127044,-1.8483656619764894
Back to Black (2024),-0.5327052430282548,-1.3042359850768366
San Andreas (2015),3.0280291867251865,-0.7279549735153237
Matilda: The Musical (2022),-1.3607623027601632,-0.6424432899928116
Detective Conan: The Eleventh Striker (2012),-1.3131059569606598,-1.4759464602543118
The Kids Are Alright 2 (2022),-2.3656516213137757,-1.3650304263565431
Happy Death Day (2017),-0.4187902523912298,1.3595556212177393
The Bremen Town Musicians (2023),-1.5479133056564165,-1.6889154755110256
The Roundup: No Way Out (2023),-0.7090799637636583,-1.906924676689048
Kamen Rider 555: Paradise Lost (2003),-1.8648499155908784,-0.8829801582484101
Wolf Children (2012),-0.7868663382766465,-1.7548157484061362
Saving Mr. Banks (2013),1.0470399220901956,1.312468023253211
Self/less (2015),-1.004381593986934,0.17112541466971973
The Accountant (2016),1.410825352685362,0.47773414474013376
The Broken Hearts Gallery (2020),-1.1335140863068498,1.9875122310022375
Inazuma Eleven GO the Movie: The Ultimate Bonds Gryphon (2010),-1.8347569421385608,-1.1617816913206251
Ivan Tsarevich & the Grey Wolf (2011),-1.919441086685653,-1.0193654378171157
Viking (2016),-1.6686893690759472,-1.5594836077016818
The Bikeriders (2024),-0.1532875274286969,0.7092044307781143
Helter Skelter (2012),-1.7098655677001586,-1.600413896346675
Silent Parade (2022),-1.2679801220331428,-1.9856120695601625
Phases of the Moon (2022),-1.9769237132762791,-1.921550913641516
Drug War (2013),-1.7719260414539222,-1.4654399108462453
Gone with the Bullets (2014),-0.8540878458223242,-1.8360421760002819
Kung Fu Panda 4 (2024),3.1346862347856623,-0.9062187667216259
Finding Mr. Right (2013),-0.772201060064395,-1.704289893650652
Horrible Bosses 2 (2014),0.4350006057678944,0.719219551758238
St. Vincent (2014),0.02860533934743093,1.9761144035126255
3 Days to Kill (2014),-0.34974830582864885,1.0075938390245485
All About My Wife (2012),-1.5656985094043188,-1.5512327827826986
The Monuments Men (2014),0.8018206310307782,0.570331410717371
What's in a Name? (2012),-1.4237178548554335,-1.5173918998928684
American Sniper (2014),5.058209528171332,0.42106944420651937
There's Still Tomorrow (2023),-0.7699363209004861,-2.0994491429150224
6/45 (2022),-1.1725529356710567,-1.8967640131992518
Into the Woods (2014),1.4379776084418148,0.8926994944971718
Saw X (2023),0.40510540615224727,0.11706298411940096
Jungle Bunch: Operation Meltdown (2023),-1.9882104517211607,-1.2572010171243944
Malignant (2021),-1.0535632463390416,0.47161765825001384
Legend No. 17 (2021),-1.2713240456926609,-2.065674708051765
A Real Pain (2024),-0.8562026314858346,1.8514163821842393
Earth to Echo (2014),-0.5401397026479486,2.449081006092004
Confidential Assignment 2: International (2022),-0.7656036676572547,-2.0648900372098677
The Tatta's (2022),-2.093845379028552,-1.5412937641876907
Championext (2023),-1.7429655825448729,-1.9186952996503834
The After-Dinner Mysteries (2013),-1.6291472695238867,-1.564327539815422
Living (2022),-1.1598763315103109,-0.7325241793344406
Grown Ups 2 (2013),1.5051860253262865,0.8984519695872595
The Counselor (2013),-0.5320030844587097,-0.2801397539734627
Dream Scenario (2023),-1.0526032662906661,0.27067760959337234
About Time (2013),0.5500864217841913,-0.9189669888225844
Kokowääh 2 (2013),-1.7867620866659328,-1.4375917294715197
Hunt (2022),-1.1180826239461428,-1.8850217289726234
The Neighbors (2012),-1.528494679118053,-1.4888261055492358
Run All Night (2015),-0.22927556990858947,0.07000214503259207
Inside Out 2 (2024),11.151503447304288,-2.7518490513538705
Transcendence (2014),-0.3736531293374703,-0.34765285513658944
Fragments of the Last Will (2022),-1.28676728574878,-2.0839820926798898
Priscilla (2023),-0.4186364844851175,0.9127463771392171
The Four (2012),-1.5590683281313982,-1.1867117434057364
MaXXXine (2024),-0.45255882473465314,1.205604844000954
The Strangers: Chapter 1 (2024),-0.34423461487432955,1.6830873696347546
Yolki 9 (2022),-2.39170321279065,-1.2984598950578994
Madea's Witness Protection (2012),-0.004044472831806069,2.9258324834623877
Katy Perry: Part of Me (2012),-0.7606426346826842,2.166996820084636
We Are the Nobles (2013),-1.6533636092949822,-1.5274493601443127
Draft Day (2014),-0.5087304692702779,2.6190561242009003
The Jungle Book (2016),5.813286863669596,-0.955818473376932
Insidious: Chapter 2 (2013),1.0124434731675969,0.7177327127953347
The Mountain Between Us (2017),-0.23019377461850973,0.5199006376617145
Don Jon (2013),-0.3388901149206521,1.4446772743404328
The Internship (2013),0.3713304452875683,0.5569152926594303
Epic Tails (2023),-1.8117252275972748,-1.5356365353476926
Skiptrace (2016),-0.4099422148419067,-1.4606609673765962
Valerian and the City of a Thousand Planets (2017),1.0750540863791471,-1.2644155883539276
Think Like a Man Too (2014),0.020560902101539377,2.620141478354868
Kinds of Kindness (2024),-0.7000128777772747,-0.9021199297912835
Money Monster (2016),0.0010773529520554034,0.45441422715793
A Haunted House (2013),-0.5332923303668847,1.8358409811408927
I Give It a Year (2013),-1.6924389624290364,-1.0327440446127858
Big Hero 6 (2014),4.931224135257366,-1.0429498252812361
The Kiyosu Conference (2013),-1.5982632111295578,-1.7470133694026624
When the Game Stands Tall (2014),-0.5711402943474837,2.735009419220309
2016: Obama's America (2012),-0.7142231851386843,3.2796447686786854
12.12: The Day (2023),-0.29728580711364844,-2.424019637302411
Spider-Man: Homecoming (2017),7.00853561834585,-1.5617094350238065
Fading Gigolo (2014),-1.7292126813366293,-0.38584987690840716
Leap! (2016),-0.8519411029052034,-1.4285880068996846
The Book of Life (2014),0.18261537867653174,0.7436336820339526
The Founder (2016),-1.303444682491002,0.8738944967588863
Dragon Ball Z: Battle of Gods (2013),-1.1758978906893287,-1.171926578169434
Kung Fu Panda 3 (2016),3.1377026858421573,-1.037384366002375
Gone Girl (2014),4.620315037459074,-0.5327001578112988
Magic Mike XXL (2015),0.3178299372122609,0.8212122728166271
A Haunting in Venice (2023),0.34227277557053715,-0.3076081360999335
Doraemon: Nobita and the Island of Miracles ~Animal Adventure~ (2012),-1.2944656844208382,-1.4214481062279172
Serial Teachers (2013),-1.8614747521860455,-1.1345769095577691
Finding Dory (2016),7.331402530490841,-0.8208091382940648
The Grand Budapest Hotel (2014),2.383032281913522,-0.2571644501861718
American Dreams in China (2013),-0.7186257761597863,-1.6726683884083586
Love the Coopers (2015),-0.8008076702368582,1.297339860352168
The SpongeBob Movie: Sponge Out of Water (2015),1.8523592052153528,0.5576318374115399
Noryang: Deadly Sea (2023),-1.0731988021849181,-2.2082424888675765
Muppets Most Wanted (2014),-0.026190248357542616,1.3096668992287575
Platinum Data (2013),-1.8360835633141759,-1.621535532559632
Men in Black: International (2019),1.1985387189208792,-0.5071590684443571
Jumanji: Welcome to the Jungle (2017),7.045980435067933,-1.2635664907836264
A Turtle's Tale 2: Sammy's Escape from Paradise (2012),-1.3166183669424096,-0.9711372876160383
Minions (2015),7.217725043893732,-1.939929501544325
22 Jump Street (2014),2.9334102113576117,0.6230845462866256
Lesson of the Evil (2012),-1.6262280509359948,-1.6426396279649167
Concussion (2015),-0.6933181404111893,1.7884918572347959
Head Over Heels 2 (2012),-1.8197268498908115,-1.3751308828377014
Sherlock Gnomes (2018),-0.37705982519231795,0.788941849478196
Olympus Has Fallen (2013),1.4060128660070206,0.8710101076728946
Mandela: Long Walk to Freedom (2013),-1.0187519532795912,-0.38272303116139705
The 5th Wave (2015),-0.1440044550871564,-0.24282982156790192
The Gallows (2015),-1.2511833109412684,1.344044076757345
The Hobbit: The Battle of the Five Armies (2014),6.893489578841645,-2.2967195756329817
Homefront (2013),-0.5142700489497884,0.5148586854180052
A Werewolf Boy (2012),-1.0539384093663096,-1.6736656209836809
"Me, Myself and Mum (2013)",-1.946465284488638,-1.2537819895299454
Alien: Covenant (2017),1.5558292883264295,-0.614099347051603
Mummies (2023),-1.0488333607695621,-1.3123443028581714
Endless Love (2014),-0.8123195085066683,1.5495548821308518
Tokyo Revengers 2: Bloody Halloween - Destiny (2023),-1.7373275409280386,-1.6589198844408442
Fifty Shades of Grey (2015),3.491735741763503,-0.9619062949076206
The Turning (2020),-0.0007308107780445803,1.1891049341123712
Godzilla Minus One (2023),0.6633179864609287,-0.22416749982403705
The Thieves (2012),-0.5790623986952523,-1.7820758593445536
Blind Detective (2013),-1.4479224674992457,-1.6429167860312524
The Expendables 3 (2014),0.9591821936098062,-0.9900605603483112
Blue Jasmine (2013),0.34691488103633744,0.039102617484242784
White House Down (2013),1.2932458065494081,-0.2424436262609486
Architecture 101 (2012),-1.5665485448169638,-1.5868212543508788
PK (2014),0.26105902580873236,-1.7925323585408077
The Woman in Black 2: Angel of Death (2015),-0.9237282492440196,1.1657973100364287
The Mummy (2017),2.0754294865113656,-1.2044812205813655
Longlegs (2024),0.8535350259701019,0.6681678883110118
The Best Christmas Pageant Ever (2024),0.1369644742336383,2.4543936938923276
American Fiction (2023),-0.02060823067218212,2.0082126012546175
Jobs (2013),-0.7072069656183788,0.1872963208716706
Rio 2 (2014),2.716644116433175,-0.9277123609573912
The Berlin File (2013),-1.1730083789641699,-1.5611600134097292
The Great Beauty (2013),-1.2417108703164514,-1.4082317125387078
Unsung Hero (2024),-0.18830157365714464,2.1591636967605443
Runner Runner (2013),-0.7491852575685312,0.26568232061139524
Need for Speed (2014),0.955078740533433,-0.9187842271405035
Carol (2015),-0.8036625956941028,-0.29639353792594986
The Wish of the Fairy Fish (2023),-1.3700156227147644,-1.8625602072546739
Onegin (2024),-1.486520310420079,-1.9939704077650573
One Piece Film Z (2012),-0.7293701099303429,-1.663731777540172
Un mondo a parte (2024),-1.9138814855003081,-1.8882865796831656
Instructions Not Included (2013),0.18244212196205545,0.041529513443903675
The Glass Castle (2017),-0.7987739391563686,1.5593302688285469
Guest from the Future (2024),-1.4015976882332406,-2.0923613115600856
Spectre (2015),5.98378025629174,-2.3854778863724118
Mission: Impossible - Rogue Nation (2015),4.844670985781447,-1.610373535087713
The Huntsman: Winter's War (2016),0.5016912077322724,-0.3851154799716455
Parthenope (2024),-1.7629965619692183,-2.1417378541555676
How to Train Your Dragon: The Hidden World (2019),3.2309665494184503,-1.1082082833134
The Night Owl (2022),-1.1248136655809144,-1.9176562084090047
Dark Skies (2013),-0.9281661363979589,1.4412622554785077
Keeping Up with the Joneses (2016),-1.034957439303878,0.7732905111517523
Delivery Man (2013),-0.3894650662726969,1.1534251510548155
Oculus (2014),-0.39358564153081765,1.2896511095971583
Mai (2024),-1.2806071150993457,-1.8442212718222923
Enough Said (2013),-0.925698418355204,1.681512770634776
Avengers: Age of Ultron (2015),10.553779292693795,-2.745555444024941
Gully Boy (2019),-0.9695971949715309,-1.464608364018947
Clifford the Big Red Dog (2021),0.09601153210967933,0.4006091898582969
An Officer and a Spy (2019),-1.7023082113174406,-1.98251741084142
Smurfs: The Lost Village (2017),0.3415387480279769,-0.5261651333082658
The November Man (2014),-0.6388322758826108,1.3177259003616602
The Fighter Pilot (2013),-0.5731452633464572,-2.0075487946606523
Gods of Egypt (2015),0.1810141270364778,-0.9468396223510507
Woman in Gold (2015),-0.2195996703459629,0.7673256775906663
The Magnificent Seven (2016),1.273164624985386,0.5734992963204475
Atomic Blonde (2017),0.4693468426534197,0.5416420408830275
Dr. Coto's Clinic (2022),-1.4651793513560678,-1.9225190490614632
Cats in the Museum (2023),-2.3632565931856964,-1.3769420471769698
All Your Faces (2023),-1.7847203287467102,-2.024755924871034
Midsummer's Equation (2013),-1.4946898644967541,-1.6933748910830164
Midway (2019),0.24404383454703474,0.34103407415701015
Philomena (2013),0.24463997237150176,0.18241187340889672
Project Almanac (2015),-0.7921609498708257,1.455920886257766
The Boy (2015),-0.5113983161021453,1.0232044885777758
Taken 3 (2015),1.8026952870171669,-0.655639434788842
The Grand Heist (2012),-1.6024916412327026,-1.5077266830341178
The Peanuts Movie (2015),1.4267479370585248,0.717031744051075
Respect (2021),-0.08986257995913369,1.1254661244170368
Isn't It Romantic (2019),-0.17179881369544417,2.8466821717908233
Afraid (2024),-1.2655301802724592,0.8353513311294122
The Ice Road (2021),-2.082464011730693,-1.0162874942623323
The Last Tycoon (2012),-1.784946692330007,-1.4221549233213098
Evangelion: 3.0+1.01 Thrice Upon a Time (2021),-0.06529553721716087,-2.4459517716277257
Lost in Thailand (2012),0.012589135826324606,-1.7343745270786042
And So It Goes (2014),-1.316864735473489,1.3706617747925345
Left Behind (2014),-1.6232153938836782,1.1781483699076076
Confession of Murder (2012),-1.760999353885775,-1.568587238969852
Paranormal Activity: The Ghost Dimension (2015),-0.8743778618209115,-0.043346197750738454
Get on Up (2014),-0.38067168963009,2.147028258275015
Paranormal Activity: The Marked Ones (2014),-0.49823154585528423,0.48076196895335715
BTS: Yet to Come in Cinemas (2023),-0.7841879628492207,-0.915598125571514
Star Wars: Episode VII - The Force Awakens (2015),15.74360020821838,-2.9320351046473188
Burnt (2015),-0.8877734707535664,0.24603540629651108
Hotel Transylvania 2 (2015),2.846932569288745,-0.3978799576447134
Billy Lynn's Long Halftime Walk (2016),-1.423958003781364,-1.1333808695264016
One Direction: This Is Us (2013),-0.7783344689634452,0.8266575002208773
Star Wars: Episode VIII - The Last Jedi (2017),10.257288844239628,-1.851317137593111
Star Wars: Episode IX - The Rise of Skywalker (2019),8.07844387539239,-1.298695742330503
God's Not Dead (2014),-0.14590087714803096,2.723874542394056
Blockers (2018),0.21571799607692912,1.2158846967657069
A Guilty Conscience (2023),-1.4420003626345914,-2.1371907946780113
Kingdom 3: The Flame of Destiny (2023),-1.10185380018337,-2.1054276324428893
Arrival (2016),2.658926083667962,0.1519871732321468
Wonder (2017),2.1507754633856737,-0.22495362902328456
Deep Sea (2006),0.1419374349915217,0.8517733591351978
The Light Between Oceans (2016),-0.8494786161105111,0.31488973079837335
Crimson Peak (2014),-0.15254289189101758,0.046510534508678085
The Second Best Exotic Marigold Hotel (2015),-0.1497521244908911,0.06227278546984352
Iceman (2014),-2.1343245739486902,-1.245146490562773
Pacific Rim: Uprising (2018),1.1821157752864473,-0.9976820272380216
A Million Ways to Die in the West (2014),0.20797028917286,0.6451896286354073
Get Hard (2015),0.7064333075487674,2.065201534011581
Birdman or (The Unexpected Virtue of Ignorance) (2014),1.448707899110871,0.019395748043067536
Alice Through the Looking Glass (2016),1.438959097154266,-0.7837119317420306
Going in Style (2017),0.017320500611297557,0.8020423465524185
The Outlaws (2017),-1.683944417273371,-1.147742908364511
The Tale of The Princess Kaguya (2013),-1.4101965207466263,-1.7997104633325696
Hell or High Water (2016),-0.04064714839252989,1.4677108835939905
The Fault in Our Stars (2014),2.596251471035975,-0.3291105860896622
Jojo Rabbit (2019),0.802679941003822,-0.23954205599438652
Three Heroes on Distant Shores (2012),-1.8899683094131072,-0.8555540349256467
Resident Evil: The Final Chapter (2016),1.0591147492175734,-1.4564548429081914
Police Story: Lockdown (2013),-0.7828199063686847,-1.5587864688217332
Anyone But You (2023),1.104722140435522,-0.1848532250270323
A Madea Christmas (2013),-0.29016739421931054,3.017782571768382
Kevin Hart: Let Me Explain (2013),-0.5985164858734588,3.1266167438072388
Bonhoeffer: Pastor. Spy. Assassin. (2024),-0.4933921878824096,2.2164980008037465
Step Up All In (2014),-0.5354244428390528,-0.6261596256649364
Ted 2 (2015),1.333730934330991,-0.10115329091043991
Ben-Hur (2016),-0.2888299720541147,-0.34781880180274666
Greta (2019),-1.340326118925754,0.9758884320607126
Gekijouban SPEC: Kurôzu - Zen no hen (2013),-2.5339865312360574,-0.34909746910667777
The House of No Man (2023),-1.600969770751027,-1.7116404863172159
The Count of Monte-Cristo (2024),-0.1381982691292638,-2.7433438957396965
Badges of Fury (2013),-1.6928355915471047,-1.196134527401891
"The Chef, The Actor, The Scoundrel (2013)",-1.5467491924309864,-1.4031324698549312
Let's Get Married (2015),-1.4704036138706569,-1.7528326006186168
"Crouching Tiger, Hidden Dragon: Sword of Destiny (2016)",-1.4518643614276472,-1.2098113876060446
Buffalo Kids (2024),-2.055099743955648,-1.716760741923843
Demon Slayer: Kimetsu No Yaiba - To the Swordsmith Village (2023),-0.570472594890845,-1.3301069731100552
Letuchiy korabl (2024),-2.026759556064312,-1.4686586313051098
Tokyo Revengers 2: Bloody Halloween - Decisive Battle (2023),-1.8030420695185385,-1.7104928841320797
Star Trek Beyond (2016),2.549024484711065,-0.09363175641385733
Thermae Romae II (2014),-1.4928923252378117,-1.541933682183047
Imaginary (2024),-0.4306963833747798,1.1832153977181668
Spy x Family Code: White (2023),-0.6364570313550905,-1.4837285273786882
Fences (2016),0.448692586089881,1.9226873230934662
The Forge (2024),-0.033669607155460066,1.1137932004003976
The Best Years (2020),-1.95720509633201,-1.3468443799439018
Monsieur Aznavour (2024),-1.264984383237703,-2.189947066497245
Me Before You (2016),1.3327925017152806,-0.6850118117325782
The Wailing (2016),-1.322993306657879,-1.5130799918794635
Vacaciones de verano (2023),-2.277468956498425,-1.564787041807267
Hitman: Agent 47 (2015),-0.4558909753343425,-0.07938874188119054
Shin Jigen! Crayon Shin-chan the Movie (2023),-1.4898564596840624,-1.7414550426954287
The Bad Guys (2022),0.92527139681397,0.0013404333306415435
Night at the Museum: Secret of the Tomb (2014),1.9710106370863532,-0.4183091173336837
A Smile Doesn't Lie (2024),-2.018712402135868,-1.6587107837351203
The Secret Garden (2020),-1.5710448554443712,-1.2696711768406248
Game Night (2018),0.8403701484252046,0.8922553590222818
Chantal in Fairyland (2024),-1.423193704051401,-1.7532019715243787
The Grinch (2018),3.3184837319690033,0.33675257997705166
The Secret Life of Pets (2016),5.788267223100607,-0.7062146688513958
We Live in Time (2024),-0.10219254878110379,1.4281839532097687
Ruby Gillman: Teenage Kraken (2023),-0.7888665657418594,0.012301994676482627
Pretty Cure All Stars F (2023),-1.935674366226636,-1.7189654477819263
Cells at Work! (2024),-1.6714152597587635,-1.9172957079093897
Small Things Like These (2024),-1.5559648198838738,-0.861327737536978
Everest (2015),1.1365851903463948,-0.94140317952693
The Longest Ride (2015),-0.05578480500329752,0.8930427353380336
Juror #2 (2024),-0.9511436169133896,-1.7554117350409049
Tokyo MER (2023),-1.1632549241420547,-2.1180332287758055
Lyod 3 (2024),-1.2983521504693472,-2.035177602974067
Beating Hearts (2024),-0.6867419413464592,-2.504784024708879
Shotgun Wedding (2022),-2.0824355152343306,-1.2306642540192005
Perfect Days (2023),-0.8446056605959215,-1.5814259416703116
Detective Conan: Black Iron Submarine (2023),-0.4552202407893959,-2.1298619103961265
Three heroes and the Navel of the Earth (2023),-2.0941615403801395,-1.419415817603596
Devil's Due (2014),-1.4267182604067237,0.9041700446200027
Sinister 2 (2015),-0.7051904032670517,1.0223986279824242
Don't Call it Mystery: The Movie (2023),-1.2344416169500747,-2.0446574652436222
Face Off 6: The Ticket of Destiny (2023),-1.7304943356752538,-2.0105657225904934
T2 Trainspotting (2017),-0.8731133935326096,-1.3316922456168372
Running Man (2015),-0.9811494931319189,-1.7662428862443458
Bring Happiness Home (2013),-2.5474129859965076,-0.8645487754376403
So Young (2013),-0.4305022895757428,-1.8501105572019914
Doraemon: Nobita's Secret Gadget Museum (2013),-1.3957364004600448,-1.4920326602639078
Only 3 Days Left (2023),-1.9381456895620741,-1.5162499646576035
Rehragout-Rendezvous (2023),-1.7704021071046134,-1.7002537166395217
The Little Mermaid (2023),2.9443621415342083,0.9558663055127383
The Invisible Guest (2017),-1.7557861508926162,-1.5097141285792048
Exhuma (2024),-0.2822613900368691,-2.207364299841687
The Roundup: Punishment (2024),-0.5863998833654235,-1.960221100144408
Top Five (2014),-0.7824569998675589,2.7481692078723605
Pete's Dragon (2016),0.5532085196803566,0.7190088592646448
IDOLiSH7 Movie: LIVE 4bit - BEYOND THE PERiOD (2023),-1.4273161190389727,-1.825388086780941
Terrifier 3 (2024),0.38753226726616413,0.6347649239572606
Annihilation (2018),0.2700568106379759,1.536878600800187
A Beautiful Planet (2016),-1.2358453170276924,1.6142231998918835
Serial Bad Weddings (2014),0.014808836772907553,-1.7655518925228508
Kingsman: The Secret Service (2015),3.806553033266312,-1.066334143001453
No More Bets (2023),2.182865541582327,-3.2363470533280605
Maison de retraite 2 (2024),-1.9372869790312006,-1.6468611712075356
Smugglers (2023),-1.1548017785046636,-2.0285214791835324
Yolo (2024),-1.6249148293966618,-1.003696580182998
Furious 7 (2015),9.754985134974316,-3.465408863111713
Rock Dog (2016),-1.5537309860227198,0.5370594703269114
Mike and Dave Need Wedding Dates (2016),-0.12411486186728503,1.1859789443993585
A Haunted House 2 (2014),-1.4264573944106476,1.918906140883231
Pitch Perfect 2 (2015),2.185465154396414,0.9853319044782137
Ducobu passe au vert! (2024),-2.4585668092956925,-1.4159301350121256
The Croods: A New Age (2020),0.9718297422055386,-0.6333110552584499
Anora (2024),-0.08649249869284156,-0.17796697562454336
A Million Minutes (2024),-1.611982417107879,-2.0115479277439463
Honey Sweet (2023),-1.845484066666858,-1.908559716667726
Blue Lock: Episode Nagi (2024),-1.50130981225877,-1.217563423480667
Ride Along 2 (2015),0.45801462885515487,1.5120100622306
Magic in the Moonlight (2014),-0.8707819783531934,-0.35812777823234787
The Shack (2017),0.2200385533035311,0.7651156225285817
Nightcrawler (2014),0.8799610355493086,1.226120671842558
Shaun the Sheep Movie (2015),-0.20104067365356987,-0.5740952216190421
Red Sparrow (2018),0.8022170359920853,-0.674786699362003
Taylor Swift: The Eras Tour (2023),2.2446419976734964,0.25092220961057715
Ip Man 3 (2015),-0.007315105157536807,-1.749842821383782
Dr. Cheon and Lost Talisman (2023),-1.82678710889467,-1.6489605240387664
Keys to the Heart (2018),-1.8699344764240968,-1.593861513924028
Love Reset (2023),-1.4606737990228393,-1.9703661133837334
Dungeons & Dragons: Honor Among Thieves (2023),1.5880408462998503,-0.3409744376303212
The Divergent Series: Insurgent (2015),2.0659383352718175,0.021654160005067893
Wolf Totem (2015),-0.36600127368720314,-1.878354731783813
A Wedding Invitation (2013),-1.7643056762200535,-1.3615679764360191
John Wick (2014),1.3783402941816538,0.6085102024297596
The Lazarus Effect (2015),-1.006064150239826,1.8014745469021252
Ruki vverkh! (2024),-1.9668399085750543,-1.6867935055144576
Smile 2 (2024),0.8379194534085396,0.030041181245893826
47 Meters Down (2017),-0.2748356036402825,1.769440254840949
Renaissance: A Film by Beyoncé (2023),0.3907543726959812,0.7239788891582574
Far from the Madding Crowd (2015),-1.0182298719521572,0.16971874696904463
Ad Astra (2019),0.7311386561836831,-0.15198902562092131
The Transporter Refueled (2015),-0.8046739257637484,-0.2197736492974113
Doraemon the Movie: Nobita's Earth Symphony (2024),-1.0632959642639292,-1.9954703915738872
The Room Next Door (2024),-1.8075982560504462,-1.769881096009328
Zootopia (2016),7.4224523242981615,-1.8481996690275058
Kung Fu Jungle (2014),-1.932376413633604,-1.4104775455152976
Encanto (2021),1.8385939339593282,-0.40398044308223213
Spanish Affair (2014),-0.9323189097662932,-1.4875585983361257
Out of Inferno (2013),-2.024127812830983,-1.340014624997558
The White Storm (2013),-1.2093802798851943,-1.774933247756435
The Wild Robot (2024),2.25547369710666,-0.4206864183337993
Hot Pursuit (2015),-0.6975053078529418,1.7513471091852229
Secretly Greatly (2013),-1.278849562773986,-1.6683663680404153
Mr. Go (2013),-1.726055459629766,-1.6349897430396074
Cold Eyes (2013),-1.340983775215288,-1.6454446876199773
Kundo: Age of the Rampant (2014),-1.4087374039522602,-1.783087545240418
Alvin and the Chipmunks: The Road Chip (2015),0.7252737321483433,0.20576764362675684
The Purge: Anarchy (2014),0.6013853803371387,1.3298880109980369
Batman v Superman: Dawn of Justice (2016),6.947592836405982,-1.589197473013437
Dolphin Tale 2 (2014),-0.30863437814950956,1.704034427518717
Joy of Fatherhood (2014),-1.9516096727631111,-1.4025394776918196
Believer (2018),-1.6603679627585282,-1.1961135763984507
The Theory of Everything (2014),1.168084703038965,-0.5398133092007036
The Hundred-Foot Journey (2014),0.35499858516391297,0.9423245632429846
Planes: Fire & Rescue (2014),0.1760226361894963,0.5147992837419405
Father There is Only One 4 (2024),-1.796963298636922,-1.534748961318593
Suck Me Shakespeer (2013),-0.7469388182587156,-1.6853891277174398
The Terror Live (2013),-1.4813884592892044,-1.4401997539040916
Young Detective Dee: Rise of the Sea Dragon (2013),-0.5371490233701196,-1.8400541643857908
Personal Tailor (2013),-0.653188801757279,-1.58731832951339
The Enchanted Tinderbox (2024),-1.8244245994706705,-1.7031373356052293
The Water Diviner (2014),-1.1431274981916066,-0.8809277944870517
The Face Reader (2013),-0.9055548931430267,-1.8159847576049049
Wild Tales (2014),-0.8867017109489266,-1.4098774841058417
One Night Surprise (2013),-1.985574055058896,-1.3349152814616867
The Lego Ninjago Movie (2017),0.15600398975490742,0.5616877942917263
Lohusa (2024),-1.9780041780527464,-1.8075561701579186
Nicholas on Holiday (2014),-1.9089513249648207,-1.3637378928380899
"I, the Executioner (2024)",-0.8025941693230583,-1.9784609529696955
Rurouni Kenshin: The Legend Ends (2014),-1.1796536857918103,-1.899688916428534
Rurouni Kenshin Part II: Kyoto Inferno (2014),-0.9576970846669901,-1.9565487277771643
The Marching Band (2024),-1.5539356026856586,-1.9232578871515198
Citizen of a Kind (2024),-1.5926429567988307,-1.9410185991132531
Demon Slayer: Kimetsu No Yaiba - To the Hashira Training (2024),-0.45417779856944757,-0.3381243646553603
Crayon Shin-chan: Ora's Dinosaur Diary (2024),-1.3334515742285995,-1.845767426377545
Tiny Times (2013),-1.350174213219815,-1.2892253670881522
Mortdecai (2015),-1.1244316170038944,-0.5563412803397837
Haikyu!! The Dumpster Battle (2024),-0.3085861889787643,-1.700342996588902
Jackass Presents: Bad Grandpa (2013),0.8783074418616833,1.5495763664867883
Uma Musume: Pretty Derby - Beginning of a New Era (2024),-1.6509071254109937,-2.086946395291299
The Conjuring 2 (2016),2.3213888142608976,-0.8689928228184796
Sole a catinelle (2013),-1.0974819801457298,-1.31516733995582
Suffragette (2015),-1.3384188597519806,-0.7435248689581397
A Little Something Extra (2024),-0.5589516690568985,-1.9733913992600318
Tiny Times 2.0 (2013),-1.737333061438898,-1.2204289731175748
Monster Trucks (2016),-0.5277937579185281,0.8531439490907814
Article 370 (2024),-1.0306281812544216,-2.1211890403490465
The Inbetweeners 2 (2014),-0.9910012147872763,-1.2143250679705402
Crazy Rich Asians (2018),2.0257418685642388,1.203798251147582
Now You See Me 2 (2016),2.064543075633416,-1.3263117771565398
The Birth of Korea (2024),-2.150177384741514,-1.6780986348730877
Yolki 3 (2013),-1.6663873779102216,-1.2537851513377414
Overheard 3 (2014),-1.195676583305764,-1.6922018517832509
Don't Go Breaking My Heart 2 (2014),-1.7821643616997056,-1.4639607602132718
Kingdom 4: Return of the Great General (2024),-0.5615125250368198,-2.366784609861892
Detective Conan: The Million-Dollar Pentagram (2024),-0.36547825332598727,-2.1424686719207324
Thunder and the House of Magic (2013),-1.0818604221635062,-1.0459475047204374
Scoob! (2020),-0.9103703509336185,-0.931962158194873
Trainwreck (2015),1.1018096282797372,1.6819021984793756
The Boy Next Door (2015),-0.48410591038313744,2.0689803934211355
Hijack 1971 (2024),-1.5094285301314554,-1.758009699156969
The Last Dance (2024),-0.988486821413927,-1.954974568601009
Gifted (2017),-0.8004042058374892,1.1804314861717449
Mr. Holmes (2015),-0.9220043472665888,1.1520524835117947
Look Back (2024),-1.4920903938759957,-0.9353214052124822
The Boy with Pink Trousers (2024),-1.7328139617190725,-1.9413237725917285
Dear Family (2024),-1.8130723245390714,-2.015577363048158
The Stolen Years (2013),-1.8355988975911306,-1.4696261989054573
Fantastic Beasts and Where to Find Them (2016),5.832446432772232,-1.877836673966815
A Strange House (2024),-1.3109725474294143,-1.8229781839295003
Gorko! (2013),-1.9115080041518375,-1.2654498241053778
Insidious: Chapter 3 (2015),0.2496346398370355,0.6154234576204022
Kill Zone 2 (2015),-0.6796542524643356,-1.7849755991530492
Silent Witness (2013),-1.552558200963343,-1.587981682957456
My Mom Is a Character 2 (2016),-1.524431104375832,-1.4147684153479696
Those Who Wish Me Dead (2021),-0.9217502813095799,0.18343851510657824
Pilot (2024),-1.1886633560845312,-1.8784488278017264
Abudeka Is Back (2024),-1.945804297791638,-1.895945366570135
My Hero Academia: You're Next (2024),-0.9046519024723296,-1.3552446562929636
Alter weißer Mann (2024),-1.948993362613879,-1.866993768217885
Following (2024),-1.8040843738408434,-1.5711204166414052
Face Off 7: One Wish (2024),-1.1236626792925404,-2.2099841559378177
School of Magical Animals 3 (2024),-1.3530795016512773,-1.7692757595674529
A Beautiful Day in the Neighborhood (2019),0.363374859964275,2.1322948621544677
Last Mile (2024),-0.8649147353254721,-2.1769580538860054
Cruella (2021),1.8372896971741892,-0.692889138907023
"Hello, Love, Again (2024)",-1.0399526346033154,-1.5553779845598903
Handsome Guys (2024),-1.5772785402279708,-1.8022841416808866
Loving Vincent (2017),-0.8818238055297994,-0.7747748456568777
The Firefighters (2024),-1.404093854034131,-1.906187994574607
Sully (2016),1.9215788042156987,0.46578828511256987
Hot Road (2014),-2.0157396992784182,-1.5184772364539774
Reminiscence (2021),-1.1146214155432752,-0.5579993287424083
Doctor X: The Movie (2024),-1.428997888132534,-2.180441500709157
Little Women (2019),1.8362710439356118,-0.1190198923082127
Jung Kook: I Am Still (2024),-1.330949960130132,-0.9220400762463369
The Expendables 4 (2023),-0.8106189633204557,0.4034222247519326
London Has Fallen (2016),0.8410534501047762,-0.25137936176612263
Am I Racist? (2024),-0.5474200978481817,2.4729895261549726
Detective Conan: Private Eye in the Distant Sea (2013),-1.5168624784084348,-1.5151631355718163
Heartsping : Teenieping of Love (2024),-2.4155635050022792,-0.9328243690660866
Women Who Flirt (2014),-1.6805625205737469,-1.3191409693716196
American Ultra (2015),-1.1553013140647408,0.999371822009326
Still Alice (2015),-0.5124166441385366,0.32505301206287
Attack on Titan the Movie: The Last Attack (2024),-1.3793210812100412,-2.5383207237316774
Annabelle (2014),1.2352464974884136,-0.10544328885261885
Stand by Me Doraemon (2014),0.01633065586032467,-1.8217372007810684
Lupin III vs. Detective Conan: The Movie (2013),-1.4795292850611688,-1.4867984079348384
Maya the Bee Movie (2014),-1.845677561636002,-1.026334053690852
Les boules de Noël (2024),-2.2808779196663016,-1.4595336159529395
The Four 2 (2013),-1.772626617757879,-1.4801771410704465
Dügün Dernek (2013),-1.4174969960369121,-1.4771307940320004
Jigsaw (2017),-0.143350593262639,0.2510345736295157
Transformers: The Last Knight (2017),3.4428584169936993,-1.8624550283920056
The Brothers Grimsby (2016),-1.328890619927149,-0.08970456710167542
X-Men: Apocalypse (2016),4.007486477460937,-1.4631895716228522
Stan & Ollie (2018),-1.3858810673606698,-0.49866716587855364
Scary Stories to Tell in the Dark (2019),0.3431999822799177,1.184583346847859
Jack Reacher: Never Go Back (2016),0.7109551464589363,-0.1358488236989853
Sicario (2015),1.0634503480559814,0.5952121619154818
When Marnie Was There (2014),-1.387740830489975,-1.5534871851579986
Samba (2014),-1.4214215095727132,-1.615193666872037
The Devotion of Suspect X (2017),-1.130883726863688,-1.6484022108733687
Fist Fight (2017),-0.6558973729673553,2.0470786182037406
Tazza: The Hidden Card (2014),-1.488540611166499,-1.8672461151752284
Murder on the Orient Express (2017),2.2594287989397763,-0.8203564167807693
Allegiant (2016),0.7161611487228045,-0.09083303606262351
Ferdinand (2017),1.4003141486147204,-0.6949799757053763
A Monster Calls (2016),-0.8367882718792077,-1.1625891666885482
Ice Age: Collision Course (2016),1.7367089007066647,-1.222895205074772
The Divine Move (2014),-1.73940597744893,-1.5866085511961725
Listy do M. Pozegnania i powroty (2024),-1.8418314734218117,-1.9079602168395016
Black & White: The Dawn of Justice (2014),-1.692374551490836,-1.594326809798052
Supercondriaque (2014),-1.3144546669460766,-1.4778489961202192
The Boogeyman (2023),-0.0787733795676388,1.1227300558262678
Mrs. Brown's Boys D'Movie (2014),-2.008604580017779,-0.887199392901662
The Man from Macau (2014),-1.0699772767786244,-1.2968447890106427
Paul Blart: Mall Cop 2 (2015),0.009249714506717566,1.6820307493508981
War for the Planet of the Apes (2017),3.436590796132917,-1.3616382612059368
Detective Conan: The Sniper from Another Dimension (2014),-1.427105432312707,-1.5899550386825185
The Hateful Eight (2015),2.1081192762761276,-0.8285670600452115
The White Haired Witch of Lunar Kingdom (2014),-1.3414091794380356,-1.4128968747711514
Despicable Me 3 (2017),6.095938132509608,-1.9624142510677758
Rise of the Legend (2014),-1.6399148843413816,-1.724838747686958
Sing (2016),4.313700286502651,-0.5774757005220997
Recep Ivedik 4 (2014),-1.8065856060695633,-1.291439993769467
The Fatal Encounter (2014),-1.6274608137825461,-1.775407730103224
The Pirates (2014),-0.9875696765448763,-1.7478908374354594
The Nut Job 2: Nutty by Nature (2017),-0.6105701208383317,0.5214008658602455
Head Full of Honey (2014),-0.767449719111376,-1.8749418296549847
Captain America: Civil War (2016),9.072432807546312,-2.301323129388962
Assassination (2015),-0.4694087543154187,-1.9864987727322703
Thor: Ragnarok (2017),7.026792226221253,-1.6182590567933615
Beijing Love Story (2014),-1.1198827377161544,-1.6009875495366417
The Lego Movie 2: The Second Part (2019),1.0350727498189074,0.5943276502805833
Richard Jewell (2019),-0.296620781700044,0.23244639975725986
Miss Granny (2014),-0.9968047320838528,-1.7838647862416879
Miss Granny (2015),-1.0119288535441993,-1.825645331756986
The Disaster Artist (2017),-0.4596249181720942,1.4337211319708392
Moana (2016),4.732092745515849,-0.8595724003589462
Mechanic: Resurrection (2016),-0.151239459876256,-0.6528306290528844
The Night Before (2015),-0.19679336604884712,2.1061563304323903
American Made (2017),0.693634291243106,-0.12816136584859267
Wolf Warrior (2015),-1.1551861979671159,-1.3640765357124935
The Admiral: Roaring Currents (2014),-0.1346207000344892,-1.897322292482856
The Bélier Family (2014),-0.8383303771183331,-1.6545498166189627
Whiskey Tango Foxtrot (2016),-0.66498082349305,2.369517683000503
Space Jam: A New Legacy (2021),0.5395066541588825,0.18951427979239058
Legend (2015),-1.0794043018526396,-1.6670357066365706
Girls Trip (2017),0.8728788411942615,1.789895336959017
Boonie Bears: To the Rescue (2014),-1.8041667010142288,-1.2313554649393534
West Side Story (2021),0.4870812489622128,-0.03316562220786159
Zhongkui: Snow Girl and the Dark Crystal (2015),-1.2221645740258746,-1.571685771314493
Us and Them (2018),-0.21023056880436802,-1.6917162674270982
Monk Comes Down the Mountain (2015),-1.163741153355219,-1.65220737729865
Prem Ratan Dhan Payo (2015),-1.1899151500237188,-1.5106352373844831
Cars 3 (2017),2.321489636935648,-0.2666965369766973
Incredibles 2 (2018),9.028271352629861,-1.3321326508358997
Helios (2015),-1.6849746197051942,-1.5225999951183515
Paper Towns (2015),-0.1397493949477939,0.16257860517021652
Ricki and the Flash (2015),-0.802227215676212,1.4497585837967353
Spanish Affair 2 (2015),-1.7299980430606803,-1.3290123625483217
Barbershop: The Next Cut (2016),-0.09744587307226198,2.6511674131049188
Allied (2016),0.47647260014233067,-0.33725817727141194
The Martian (2015),5.863913052862694,-1.3586232803990754
The Breakup Guru (2014),-0.9495297727490614,-1.454252750552312
Dragon Blade (2015),-0.45185447905677445,-1.8562565382555376
Bridge of Spies (2015),1.5177623444057213,-0.16261709510217973
The BFG (2016),0.7288408186696269,-0.5230507132867224
Suck Me Shakespeer 2 (2015),-0.9051199131318516,-1.6286616025044176
Elvis (2022),2.5134273685202673,-0.338177232933882
Unfriended (2015),-0.5524060245136521,1.0922833231513944
Serial Teachers 2 (2015),-2.2963217020036972,-1.1557589161852682
Irrational Man (2015),-1.4957873218480902,-0.6050716653540709
Underworld: Blood Wars (2016),-0.4100192006544926,0.3391007394853565
Power Rangers (2017),0.7131872814227933,0.858813117962012
The Great Hypnotist (2014),-1.3661186248463215,-1.5546119586885843
The Lady in the Van (2015),-1.0777194021191288,-0.325371227746088
Kong: Skull Island (2017),3.8164988604263512,-1.2384294199147992
Detective Conan: Sunflowers of Inferno (2015),-1.3049263629575396,-1.6135830085649896
Godzilla: King of the Monsters (2019),2.3200730177450977,-1.090762003893299
Rogue One: A Star Wars Story (2016),8.630486272385719,-1.1075116035187897
Ferrari (2023),-0.3699784971584384,-0.08307288872255066
Asterix and Obelix: Mansion of the Gods (2014),-1.4531036543327556,-1.3574657148873874
My Big Fat Greek Wedding 2 (2016),-0.004211537678455716,1.4743081790041195
The Equalizer 2 (2018),1.3467507682768196,0.4139608680390599
Snowden (2016),-0.2751103909735482,0.6641767134662975
Solo: A Star Wars Story (2018),3.3322266253453163,0.02226520826767264
Inside Men (2015),-1.2017536303927414,-1.8359346168672448
Monster Hunt (2015),1.220696225531807,-2.383224605260225
La La Land (2016),4.048634635476834,-1.049449491825661
Sonic the Hedgehog (2020),2.1701310404850225,0.07514132836143624
The Nice Guys (2016),0.5434464969002792,0.47924830284038455
Wild City (2015),-1.9731724710401881,-1.537880939446033
Ode to My Father (2014),-0.42078315412688017,-1.8563089131274066
The House That Never Dies (2014),-1.4733010214160671,-1.2004781506168798
Dragon Ball Z: Resurrection 'F' (2015),-0.9592036234416779,-1.0312581352280354
See You Tomorrow (2016),-1.175009108767107,-1.6597848811779887
The Predator (2018),0.43077586863094997,-0.19938772376083921
War Room (2015),0.233994956104413,2.3454799679986924
Twenty Two (2017),-1.6411955758438026,-1.7657283116263134
Krampus (2015),-0.22832625137118565,1.6210875439119057
Tiny Times 3.0 (2014),-1.3281059413240732,-1.388966356934522
Dumbo (2019),1.8608232505305053,-0.6834636573271223
The Perfect Guy (2015),-0.20079010384831017,2.719880809402634
Bajrangi Bhaijaan (2015),-0.16526674225145696,-1.859082199440421
Old Boys: The Way of the Dragon (2014),-1.854705607483597,-1.4382788725883018
The Boss Baby (2017),3.0856292479836562,-0.7361503780560898
Baby Driver (2017),2.4160780662621337,0.0814471225520731
Breakup Buddies (2014),0.020247595739255317,-1.9015240714819865
The Continent (2014),-0.7553430195746997,-1.6115020473207118
"Tad, the Lost Explorer, and the Secret of King Midas (2017)",-1.5591693265362694,-1.1532982736531334
Guardians of the Galaxy Vol. 2 (2017),7.238325509488803,-1.1915440249316718
But Always (2014),-1.7366727823116552,-1.3043709726210488
Puss in Boots: The Last Wish (2022),3.2890311735492563,-0.8073092529969447
Pokémon the Movie: Diancie and the Cocoon of Destruction (2014),-2.1038411054363255,-1.1239861620504976
The Four 3 (2014),-1.8510928743610862,-1.4072322564735182
Teenage Mutant Ninja Turtles: Out of the Shadows (2016),1.1223119274182158,-0.2970116515269058
The Taking of Tiger Mountain (2014),-0.19286198688065745,-2.033437988042023
My Old Classmate (2014),-1.1865142515281608,-1.400865567533412
Don't Breathe (2016),0.4871964638821012,1.0374769976628915
The Throne (2015),-1.3335105416328266,-1.7919505701675498
The Handmaiden (2016),-0.714059625072558,-1.9155166053395207
Meet Miss Anxiety (2014),-2.179736299576396,-1.2347468930397774
The Bye Bye Man (2017),-1.156242558431,2.0251336789366023
Manchester by the Sea (2016),0.796688610478854,0.6354743536620723
Maze Runner: The Scorch Trials (2015),1.9830575648247435,-0.9325722404880717
The Shallows (2016),0.2752343429382503,0.6447434779687945
"My Love, Don't Cross That River (2014)",-1.5457979643717912,-1.46843285263554
The Darkest Minds (2018),-1.0820023326053663,-0.05839641322605379
Somewhere Only We Know (2015),-1.6169649073236008,-1.3996805735798155
My Beloved Bodyguard (2016),-1.3776525899537693,-1.49286957340785
The Dead End (2015),-1.1396824985605578,-1.9564942467994288
A Man Called Ove (2015),-1.2991236137835833,-1.2753674195235865
The Purge: Election Year (2016),0.5115605128674505,1.349828999997315
Hollywood Adventures (2015),-1.5224057723362012,-1.4689256043984347
The Lego Batman Movie (2017),2.2992729244988217,0.5127570619751727
Nobunaga Concerto: The Movie (2016),-1.5145250206296865,-1.749949159475422
Fantastic Beasts: The Crimes of Grindelwald (2018),4.225528017386576,-1.8259564220463742
Fantastic Beasts: The Secrets of Dumbledore (2022),2.4051629960053598,-1.593970060070191
My Little Pony: The Movie (2017),-0.6772034579767863,0.1846300801107338
Florence Foster Jenkins (2016),-0.44860515503599135,0.8564186468837188
The Legend of Maula Jatt (2022),-0.7202083997287563,-0.9463874413476557
Captain Marvel (2019),8.247845960231732,-1.8829314915459747
Avengers: Infinity War (2018),15.458254658000504,-4.156794070719684
Avengers: Endgame (2019),20.263095425544527,-5.988825991346254
Judy (2019),-1.1814800165105575,1.2475983020593744
"Yo-kai Watch Movie: It's the Secret of Birth, Meow! (2015)",-1.484918740735,-1.3986379624228449
M.S. Dhoni: The Untold Story (2016),-0.9375685411872375,-2.184311158454996
Look Who's Back (2015),-1.6899973422826073,-1.656504244555613
Tunnel (2016),-1.6739745343904986,-1.0900208814961683
Flying Colors (2015),-1.6540248256403824,-1.7402583656372594
Jason Bourne (2016),2.847944125562428,-0.49963965199589844
Molly's Game (2017),0.17271668452507635,0.15380494004623566
Kung Fu Yoga (2017),0.23544772442360667,-1.9764608066331708
Lost in Hong Kong (2015),0.3307926787819051,-1.9579253880696332
Love on the Cloud (2014),-1.6309601826198352,-1.4929636467055418
Hostiles (2017),-0.7413911457437617,2.3341770288819355
The Last Duel (2021),-0.07057393257784038,-0.594886614549369
The Himalayas (2015),-1.25413249646575,-1.6616952714704067
Miracles from Heaven (2016),0.1772140915743871,1.9578253214010173
Shin Godzilla (2016),-0.7703480361732328,-1.7446414402208932
The Witch (2016),-0.07603136730578788,1.2463332490558707
The Boy and the Beast (2015),-1.0758293744459988,-1.7891583376588236
Mojin: The Lost Legend (2015),0.49287488283924286,-2.139667161234895
Fleet of Time (2014),-0.8557853002300099,-1.612421056373943
Kubo and the Two Strings (2016),0.24906226392471026,1.1034281089003088
From Vegas to Macau II (2015),-0.4234396072623489,-1.6022152874752276
Ouija: Origin of Evil (2016),-0.24900346309862129,0.4547878335637192
The Peanut Butter Falcon (2019),-0.5323902662058742,2.022358825014543
Ma (2019),-0.4026353789410347,1.8995545973599988
Boonie Bears: A Mystical Winter (2015),-1.6154437377301385,-1.3628137052200697
John Wick: Chapter 2 (2017),1.8738551495760962,0.361302351730812
Paws of Fury: The Legend of Hank (2022),-0.5869697225824967,0.2949671543622025
Neighbors 2: Sorority Rising (2016),0.1262666896892454,0.8837477793535669
Lost and Love (2015),-1.6712888665377363,-1.541349331642367
Shaft (2019),-0.700931522460518,2.5887387149313543
Fifty Shades Darker (2017),1.8384178050278923,-0.6361756156247192
The New Adventures of Aladdin (2015),-1.8928499905565819,-1.353876673974465
Paddington 2 (2017),0.9669749329444125,-1.1205160413096786
Fifty Shades Freed (2018),1.5641864226732212,-0.6679917155387899
Gran Turismo (2023),0.5662273758847066,-0.5846756924401735
Maze Runner: The Death Cure (2018),1.4835556941890644,-1.3895845206266684
Why Him? (2016),0.3805312234001314,0.6333715708973277
Detective K: Secret of the Lost Island (2015),-1.81203104297446,-1.6291505122733196
Café Society (2016),-0.9085632253803112,-0.23767211702536303
Ghostbusters: Afterlife (2021),1.82643022441464,0.6428939243123148
Frozen II (2019),9.20489349539915,-2.5038515775823607
Overlord (2018),-0.5536034377627003,0.64918937861177
The War with Grandpa (2020),-0.28235210613833756,0.7156349053345498
Dilwale (2015),-1.4743510026845505,-1.2207712310129517
White Boy Rick (2018),-0.7064003891902666,2.313168822387446
"Dad, Where Are We Going? (2014)",-1.0244462389364875,-1.277085361205885
"Dad, Where Are We Going 2 (2015)",-2.183405451217053,-1.080472193231271
The Left Ear (2015),-1.0565924350602904,-1.6422476722922197
Nocturnal Animals (2016),-0.411303401841184,-0.1134477568580122
Ae Dil Hai Mushkil (2016),-1.2645083680659224,-1.4132767819928587
Mile 22 (2018),-0.342051570733282,0.9263117010131132
Mulan (2020),-0.16757338473483782,-1.5685825981888508
Patriots Day (2016),-0.031695694693921035,0.8024369669579013
Christopher Robin (2018),1.1161869712473345,0.36641425409165707
Five Nights at Freddy's (2023),1.6110662360874812,0.04975065944391332
The Monkey King 2 (2016),-0.03212978050452159,-1.9659143584219736
Boruto: Naruto the Movie (2015),-1.42593415239185,-1.5023890627688246
Storks (2016),0.6810259747048912,0.20586989337791695
Born in China (2016),-1.2826918596685877,0.845026569592672
The Fate of the Furious (2017),7.460115956154797,-3.2584692269905062
Spider-Man: Into the Spider-Verse (2018),3.8837004706204263,-0.16154501751331019
Assassination Classroom: The Graduation (2016),-1.690204546059719,-1.6114575923772574
Huevos: Little Rooster's Egg-cellent Adventure (2015),-1.7008958039999038,0.09002403761274731
Monkey King: Hero Is Back (2015),-0.29701249438481986,-1.665831005156129
Harriet (2019),-0.08227272186800405,2.407898176775495
Almost Christmas (2016),-0.30485357637478505,2.698211366308675
Kingsman: The Golden Circle (2017),2.8422191889515984,-1.422299981397108
Bad Moms (2016),1.099123655762491,1.1062416121170078
Kevin Hart: What Now? (2016),-0.9140025475226379,2.8950457694650775
On the Basis of Sex (2018),-0.5391830938211813,0.9850425486935951
The New Mutants (2020),-0.13886882157972189,0.7265464675995906
Collateral Beauty (2016),-0.11623122009614834,0.059896014031254705
The Snow Queen 3: Fire and Ice (2016),-1.9897600982500074,-1.3268999384783413
The Death of Stalin (2017),-1.0910315529708805,-0.1401700828904525
Railroad Tigers (2016),-0.7292255314613297,-1.8074346106244146
Northern Limit Line (2015),-1.4388947971583423,-1.7341618401576784
Bumblebee (2018),2.7956079587277287,-1.167884907070811
Mr. Six (2015),-0.14945211205530776,-2.025534817759151
Early Man (2018),-1.0492625729957792,-0.6342859783518161
Book Club (2018),0.10586041164862597,1.534029934252218
The Wild Life (2016),-1.4673965097416986,-0.4866079501568067
A Cure for Wellness (2017),-0.989208294735275,-0.4867808899334039
The Mauritanian (2021),-1.4196134651069763,-1.366266301185737
Pitch Perfect 3 (2017),0.811348266197002,0.9597313221464084
Veteran (2015),-0.5970672445690312,-1.8123268224892868
Maleficent: Mistress of Evil (2019),2.7460249805401804,-1.474941511461836
The Meg (2018),3.082746419855744,-1.143738273654711
Doraemon: Nobita no Uchû Eiyûki (2015),-1.7311950906422746,-1.5066137024905168
To the Fore (2015),-1.8190513861900226,-1.682793950922679
How to Be a Latin Lover (2017),-0.3827445162402197,0.6713260975717291
Rough Night (2017),-0.8034015286242873,0.7068933191210165
Tiny Times 4.0 (2015),-1.4234694484140535,-1.3492491350459208
Jian Bing Man (2015),-0.10862892842030551,-1.8368432613255907
Chronicles of the Ghostly Tribe (2015),-0.7830693223000706,-1.6497179811551361
Saving Mr. Wu (2015),-1.7418434154696103,-1.5477341298938487
L.O.R.D: Legend of Ravaging Dynasties (2016),-1.3189331137839397,-1.5644640355928918
The SpongeBob Movie: Sponge on the Run (2020),-1.0953584782839405,2.7974555531345646
God's Not Dead 2 (2016),-1.1485117379008727,2.2466088815082013
Mia and the White Lion (2018),-1.6049344758431343,-1.534776174833986
Hidden Figures (2016),2.3050342076609867,1.0686664647089321
Baahubali 2: The Conclusion (2017),1.2678887927506903,-2.47005083326106
A Chinese Odyssey: Part Three (2016),-1.7233774376727917,-1.1837156854368704
Guy Ritchie's the Covenant (2023),-0.02030105487632349,1.2714586207851186
The Emoji Movie (2017),0.41927958433862844,0.49519841088675065
Jurassic World: Fallen Kingdom (2018),8.566152196266252,-2.4514383942163414
Fall in Love Like a Star (2012),-2.0985916901952697,-1.1657995209085767
Mission: Impossible - Fallout (2018),5.5430239658539575,-2.1442922279254515
The Curse of La Llorona (2019),0.03390117838883778,0.4931159056158658
The Age of Shadows (2016),-0.9454039773353021,-1.9494844743911262
Just Mercy (2019),0.07975720207589922,1.0123736406126405
Bad Boys: Ride or Die (2024),2.6308678263620964,-0.2931607430626584
Lady Bird (2017),0.6352468390932757,1.0992968576668363
The Tuche Family: The American Dream (2016),-1.860966055262418,-1.2823801746530525
Till (2022),-0.6152926659711451,1.3434659418286106
The Hundred Regiments Offensive (2015),-1.4634565964391446,-1.3845081681565758
Camping 3 (2016),-2.1815227208942463,-1.3103195981132811
Middle School: The Worst Years of My Life (2016),-1.0703509002177154,2.342410430089412
Ordinary Angels (2024),-0.14427904454361953,1.9577270482184495
"Everything, Everything (2017)",-0.35616175449025217,0.9714785028967985
Never Gone (2016),-1.533469563704326,-1.4098317879371138
Dunkirk (2017),4.550895930545327,-0.909088543821517
"Three Billboards Outside Ebbing, Missouri (2017)",1.668070554402992,-0.48337710540992584
Mary Poppins Returns (2018),2.2863385277950807,-0.07016642914230169
Charlie's Angels (2019),-0.5920633057547132,-0.47206854763717954
Godzilla vs. Kong (2021),2.7882062045316203,-1.5204827992530607
Nosferatu (2024),0.7108875158051761,1.834939968352416
The Priests (2015),-1.6722795855959087,-1.4715284114548515
Get Out (2017),3.193504282919503,1.0416185049517266
Sicario: Day of the Soldado (2018),0.3586825817587035,1.0196903685888645
Goodbye Mr. Loser (2015),0.28943232978764777,-1.9442096516690721
Dangal (2016),1.700312507940386,-2.6838449283763732
Two Is a Family (2016),-1.0816836081516075,-1.7981452300861824
2.0 (2018),-1.2681713089298887,-1.5067235440804756
The Favourite (2018),0.48931242354173765,-0.28827636782741123
Transformers: Rise of the Beasts (2023),2.6212574851195636,-0.9510809156994667
Ant-Man and the Wasp (2018),4.570226451765582,-1.1474327400283004
Morbius (2022),0.7460082045684671,0.21271628878688265
Raya and the Last Dragon (2021),0.7969475746251167,-0.05668233892227064
Mother! (2017),-0.28114927585284805,0.0765894775910605
Cold War 2 (2016),-0.6699745591560767,-1.710859000305701
The Secret Life of Pets 2 (2019),2.3617293804630655,-0.37553006277577505
Minions: The Rise of Gru (2022),5.864988814297715,-1.2005317756843688
Dügün Dernek 2: Sünnet (2015),-1.8744001000425132,-1.5323007571102074
Tini: The New Life of Violetta (2001),-2.041254723032258,-0.6935072988139788
Annabelle: Creation (2017),1.7070902721959957,-0.48853411846746975
The Dry (2021),-1.2721969503942687,-1.5355470982008386
Mrs. Harris Goes to Paris (2022),-0.4963890373453003,-0.339957299391319
Escape Room (2019),-0.10685387165135957,0.34697472947350777
Ocean's Eight (2018),2.0075800914931565,0.11942700193805371
"Love, Simon (2018)",0.09877908168835738,0.9150656311490806
The Girl in the Spider's Web (2018),-0.9722162308575875,0.2639785373367053
The Ministry of Ungentlemanly Warfare (2024),-0.03480439026086761,0.9932819810858609
Hotel Transylvania 3: Summer Vacation (2018),2.9522496612586613,-0.8426851929086928
From Vegas to Macau III (2016),-0.6302887102053464,-1.4987583332658838
One Piece Film: Gold (2016),-0.9120690820733847,-1.8660629159992184
Penny Pincher! (2016),-2.1030610327395185,-1.3310180631188546
No Manches Frida (2016),-1.5307771015602663,0.49492412575803885
Journey to the West: The Demons Strike Back (2017),0.18878445936976107,-1.9807046995136934
Quo vado? (2016),-1.0469423919459326,-1.4645244837760916
Detective Chinatown (2015),-0.2924240148719182,-2.0065731572476135
All the Money in the World (2017),-0.23255124280116277,0.12353653793616885
Ex-Files 2: The Backup Strikes Back (2015),-1.8571301034748922,-1.357096619633514
Devil and Angel (2015),-0.9934649370795339,-1.572637022048174
Your Name. (2016),1.9848032675896279,-2.485413564421216
Wish Upon (2017),-1.4329548728028956,1.4173767873576593
A Silent Voice: The Movie (2016),-1.114832974670571,-1.956701435967107
Boo! A Madea Halloween (2016),-0.07005427796807967,2.880551140223822
Time Raiders (2016),-0.5332584481095732,-1.799946690946562
The Hurricane Heist (2018),-1.5097385294708616,-0.4649762129904346
Wind River (2017),0.2519929934321846,1.5946603955921697
Mission Milano (2016),-1.927312619115804,-1.2332622232473118
Os Dez Mandamentos - O Filme (2016),-2.0180882753213965,-1.29231117202821
F9: The Fast Saga (2021),4.229844936697374,-2.027924440780215
Fast X (2023),3.998011938132354,-2.2674292987463875
Logan Lucky (2017),-0.10381646380728674,0.7762784488771244
A Violent Prosecutor (2015),-0.9370619303570741,-1.7802904668833655
Judwaa 2 (2017),-1.8947090137743725,-1.4332237786241968
Hotel Mumbai (2019),-0.9747519062088988,0.12027028757953395
The Big Sick (2017),0.24273001322519422,1.468208329634684
Deadpool 2 (2018),6.082486528697689,-0.9705225160153165
Boonie Bears: The Big Top Secret (2016),-1.6660969609358536,-1.3687177831026285
"Yôkai Watch: the Movie: The Flying Whale and the Grand Adventure of the Double Worlds, Meow! (2016)",-1.7936798067270914,-1.4563787755677025
League of Gods (2016),-1.6916881542423357,-1.3961541430753657
Welcome to Germany (2016),-1.726924714353798,-1.604186597419632
Spirits' Homecoming (2016),-1.7557472712882796,-1.7531431742259385
The Nutcracker and the Four Realms (2018),0.3189609416212254,-0.18476322693334943
Killers of the Flower Moon (2023),1.6306221113123789,-1.0956126404995996
Sword Art Online the Movie: Ordinal Scale (2017),-1.4883516977183293,-1.626492785838804
Doraemon the Movie: Nobita and the Birth of Japan (2016),-1.2774307882205835,-1.6318261409754808
When Larry Meets Mary (2016),-2.4948688342110112,-0.38398354818424996
Wish Dragon (2021),-1.1496216650290283,-1.5071618819641965
The Good Liar (2019),-0.7844490946178724,0.5631941650490044
"I, Tonya (2017)",0.17468267457976902,0.6279964827393435
The Hate U Give (2018),-0.2822758982361516,1.6991101358737148
All About Me (2018),-1.5400664829245805,-1.6673731491064854
The Beguiled (2017),-1.243917620933777,0.3340315210096264
Chongqing Hot Pot (2016),-1.193750164830571,-1.4827718542145079
Night School (2018),0.364509424290735,1.7303012325705858
Confidential Assignment (2017),-1.0493064350894377,-1.808804203171898
Doctor Sleep (2019),0.383356605999962,-0.2486399219436819
Battle of Memories (2017),-1.332710890994898,-1.698542362715946
Flight Crew (2016),-1.5242888227805689,-1.8484911209936075
Alibi.com (2017),-1.7781545548319233,-1.4466423512644597
Daddy's Home 2 (2017),0.8656546477270534,0.9214532613332351
Goosebumps 2: Haunted Halloween (2018),-0.2307461114288422,0.8070833654067323
The First Omen (2024),-0.1396422024471663,-0.26817368509967593
Slender Man (2018),-0.9913114851485649,1.4572508897229743
Show Dogs (2018),-1.35399963309664,0.8480030977352182
Detective Conan: Crimson Love Letter (2017),-1.0160066245942327,-1.7447245484704332
Cats (2019),-0.8442015567625409,0.33150205373269054
Train to Busan (2016),-0.03854115773033694,-1.8532227380741548
Son of Bigfoot (2017),-1.2888425522938756,-1.2017112690623735
Cold Pursuit (2019),-0.17420895817139856,0.12136874794376995
Insidious: The Last Key (2018),0.4969015096113393,0.15952153899696855
Call Me by Your Name (2017),0.06710976785686659,-0.04323999843576687
Uncut Gems (2019),0.7868349457551914,2.2362523998118604
The Possession of Hannah Grace (2018),-1.1843926949195533,0.30831402687837645
R.A.I.D. Special Unit (2017),-1.721627530882535,-1.5008153939789124
Hindi Medium (2017),-1.2499383212337036,-1.982994613301725
Underwater (2020),-0.2102065605058251,0.4054002103421617
Phantom Thread (2017),-0.1832224854546347,0.09332285052083886
The Garfield Movie (2024),0.974709791989868,-0.21180897522407535
Gintama Live Action the Movie (2017),-1.2761810032719143,-1.7975507523052783
Bleeding Steel (2017),-1.413457170943843,-1.5392757507349086
Spies in Disguise (2019),0.6129570078670514,-0.06415530218170622
Victoria & Abdul (2017),-0.379813527689657,-0.1337108440578164
Paddington in Peru (2024),-0.7113610603987189,-1.7063146882034836
Europe Raiders (2018),-2.2216916946236163,-1.372715449407677
Moonfall (2022),-0.23714190491002524,-0.5429977393679208
Call of Heroes (2016),-1.7581880735500224,-1.6572801782359132
Shock Wave (2017),-1.0898591481426934,-1.737531250468408
Ralph Breaks the Internet (2018),3.4818983926868037,-0.7539988362810613
The Adventurers (2017),-1.6347752040755088,-1.4935198574850876
Last Christmas (2019),-0.7446907215626499,0.7068547385823986
Pokémon: Detective Pikachu (2019),2.622554439783215,-0.7383015745879595
Plane (2023),-0.03648949726580914,0.08448628834217377
Line Walker (2016),-0.8977017098015305,-1.634833144405382
Doraemon: Great Adventure in the Antarctic Kachi Kochi (2017),-1.0881788794698606,-1.6631495729703758
I Am Not Madame Bovary (2016),-0.8823951582288662,-1.8835949415686026
Padmaavat (2018),-0.9948427398089346,-0.12028252142565166
Love Off the Cuff (2017),-1.7534475688974762,-1.7205846810123442
Tiger Zinda Hai (2017),-0.5134136347036093,-1.876117189060724
Knives Out (2019),1.6256861299674106,0.5704167876161458
The Battleship Island (2017),-1.0807078589252874,-1.8423228536099059
Thugs of Hindostan (2018),-1.4945451276449768,-1.7635851490889907
Jolly LLB 2 (2017),-1.516200739756723,-1.672214654970439
Three Seconds (2017),-1.14109989719097,-1.8838357786622846
S Storm (2016),-1.9094220622340448,-1.2913962110764585
Diary of a Wimpy Kid: The Long Haul (2017),-1.203636670408193,1.1132484753459
Chasing the Dragon (2017),-0.6603712193912915,-1.9044954889628758
Épouse-moi mon pote (2017),-2.0612931410926536,-1.4175201264734147
Operation Mekong (2016),-0.06686591704170815,-2.021215497143336
I Belonged to You (2016),-0.6752454106555041,-1.683242714313239
The Protégé (2021),-0.9744946738083016,1.971201080273948
The Menu (2022),-0.12354957518340375,0.5388798088197545
Love O2O (2016),-1.491119326542543,-1.5618813452846794
The Angry Birds Movie 2 (2019),0.16258614279598915,-0.3946214578458232
The Lion King (2019),10.721883047500796,-3.0059393250749737
Late Night (2019),-1.031902459881123,1.4091550356430917
Secret Superstar (2017),-0.09135990244697557,-2.330851901322518
Antlers (2021),-1.4834775746485656,1.8932057022489164
The First Purge (2018),0.2929157673339031,0.7574329507498239
Once Upon A Time (2017),-1.051063091632154,-1.535300316548233
John Wick: Chapter 3 - Parabellum (2019),2.974543072094112,-0.05051501392924542
Buddies in India (2017),-1.0698502992562866,-1.408976104595965
Legend of the Demon Cat (2017),-0.6844824447893728,-1.9347682237676431
Wonka (2023),4.073918872147634,-1.344536069561541
Mr. Donkey (2016),-1.6154939458740865,-1.6836002361963136
Monster Hunt 2 (2018),0.8673351270356854,-2.2976563792163125
Luck-Key (2016),-1.2224694851064433,-1.660247276235121
The Last Warrior (2017),-1.6393967400674496,-1.649470924053862
Smallfoot (2018),0.8921153901358307,-0.04703169178421853
Angel Has Fallen (2019),0.6536614930440142,0.19152138628743218
A Shaun the Sheep Movie: Farmageddon (2019),-1.3054238313984103,-1.3248264505532183
Boo 2! A Madea Halloween (2017),-0.5198508688034602,2.9506820663819044
Don't Breathe 2 (2021),-0.10445149348725355,1.066484096802062
Deadpool & Wolverine (2024),9.888565595666657,-1.9126358411148747
Free Guy (2021),2.69787057378678,-0.680656804046231
The Bride of Badrinath (2017),-1.617776722926847,-1.5299927613892752
Brahmastra Part One: Shiva (2022),-0.4076127848880225,-1.6444340801032455
The 8-Year Engagement (2017),-1.7573581041718938,-1.7978322244202942
Spider-Man: Far from Home (2019),8.17939066658974,-2.207131463391958
The Suicide Squad (2021),1.5737292680410564,-0.7381588839024791
Mary and the Witch's Flower (2017),-1.3275155064443143,-1.4209209491384491
Creed II (2018),1.5485859387290923,0.2787822228516383
A Quiet Place (2018),1.9759128416760068,0.6374833756120692
Missing Link (2019),-0.9687331825923415,1.2056653951278755
A Bad Moms Christmas (2017),0.30829459846292956,0.8893039582137309
Bombshell (2019),-0.12616225220488658,0.5586253460145794
Downton Abbey (2019),1.1650925021736804,0.1236287494043252
Some Like It Hot (2016),-0.7274454803881677,-1.4466706059374588
Wonder Park (2019),-0.14216474122442588,0.22816315573104837
The Personal History of David Copperfield (2020),-0.9133303068817724,-1.0196168862907744
Recep Ivedik 5 (2017),-2.1080112773115993,-1.311012028595888
Black Adam (2022),2.80471368122434,-0.5139277082099862
I Can Only Imagine (2018),0.544900920431991,2.4092037985293264
Terminator: Dark Fate (2019),1.391036818213016,-1.0641520682753645
Sanju (2018),-0.33398427113906115,-1.8708117416331878
Bhool Bhulaiyaa 2 (2022),-1.3146396292035354,-2.0096805873771526
Duckweed (2017),-0.3385399913265582,-1.8200826632271123
The Monkey King 3 (2018),-0.6585851822285986,-1.7893797460238958
Sing 2 (2021),2.612238697461165,-0.5965304886033528
Suck Me Shakespeer 3 (2017),-1.098611645510063,-1.6569229803929901
Five Feet Apart (2019),0.2186680206922089,0.32007564537265126
Monster Hunter (2020),-0.38570628388213024,0.15284085219633137
1987: When the Day Comes (2017),-0.9199009531267892,-1.9951702738518629
Destiny: The Tale of Kamakura (2017),-1.4554406915058864,-1.8604947351993726
Migration (2023),1.518794452667929,-0.06175920325374125
Fighting with My Family (2019),-0.4867775620783841,0.7165365683984027
Immortal Demon Slayer (2017),-0.6958211381280505,-1.8609746381787382
Serial (Bad) Weddings 2 (2019),-0.9185227774248071,-1.6888260062991547
The Queen's Corgi (2019),-1.7134313701359745,-1.0883410024163283
X-Men: Dark Phoenix (2019),1.2249035983940737,-0.7547459930537267
Ainbo (2021),-2.0309912716719274,-1.1073187381797724
Monster Family (2017),-1.9416272600361042,-1.038663052125255
The Boy and the Heron (2023),0.6313947334680069,-1.2695266048351923
Trolls World Tour (2020),-0.6435337980425825,-1.2881155257320274
Hichki (2018),-1.5826644223407822,-1.7789033565860977
The Prison (2017),-1.7306854504770859,-1.489964980456133
Pokémon the Movie: I Choose You! (2017),-1.5145837097472215,-1.2861781708046316
Bad Times at the El Royale (2018),-0.40733121582335985,0.47141092607270213
Crazy Alien (2019),0.7681795858214236,-2.3686764785589784
The Spy Who Dumped Me (2018),-0.2547864736084196,0.3054644198937747
Dolittle (2020),1.1339354431278905,-0.45140666881562996
Mavka: The Forest Song (2023),-1.5833830282073993,-1.7374833103205038
Extraordinary Mission (2017),-1.9126912248217043,-1.6732306019793737
Everything Everywhere All at Once (2022),2.001909127536062,0.07903083751146574
The Super Mario Bros. Movie (2023),9.150733255614602,-1.8381437033102503
Tenet (2020),3.087148825249178,-2.020229771474393
Steel Rain (2017),-1.3859041600382254,-1.9823276148851923
This Is Not What I Expected (2017),-1.6240466514155933,-1.6031771449054129
I Feel Pretty (2018),-0.013425281944618573,0.6760473288095413
Guardians of the Galaxy Vol. 3 (2023),6.4532553333676885,-1.680854153087597
The 15:17 to Paris (2018),-0.574465620535215,1.3981700810317197
Fast & Furious Presents: Hobbs & Shaw (2019),4.68643186869062,-2.158361395431421
The Kid Who Would Be King (2019),-0.9373560628726727,0.593845307914843
The Thousand Faces of Dunjia (2017),-1.4474079651724336,-1.5808771453085597
Baaghi 2 (2018),-1.666194313849478,-1.5704615811793043
The King's Man (2021),0.571369669364468,-0.6904550775971293
Fantastica: A Boonie Bears Adventure (2017),-1.1371542482931727,-1.4585550292036864
Killing for the Prosecution (2018),-1.8490183896903116,-1.7959512965734867
Family is Family (2018),-1.4062405971666234,-1.6102953364472314
Detective Dee: The Four Heavenly Kings (2018),-0.7137183590776562,-1.9860166503583339
A Taxi Driver (2017),-0.40301514246433934,-2.084986692720103
News of the World (2020),0.030331193545370567,2.4627639388976066
Operation Red Sea (2018),2.4902160071992756,-3.213681783139965
Sound of Hope: The Story of Possum Trot (2024),-0.404710606424507,2.1190742054835288
Mirai (2018),-1.6624100569581168,-1.5397780896243163
The Marksman (2021),-0.5891681741458339,1.310814937145986
Sky Hunter (2017),-1.368449758075658,-1.6367519491129767
Mamma Mia! Here We Go Again (2018),2.2169586944080373,-0.8621052942746488
Resident Evil: Welcome to Raccoon City (2021),-0.5608439922496429,0.2570007325781488
Johnny English Strikes Again (2018),-0.04859349961714566,-1.3773771390486307
The Great Battle (2018),-1.2162774369425322,-1.9541247699958268
The Boss Baby: Family Business (2021),0.40072451011556265,-0.039201741496498105
Green Book (2018),2.8824467034756087,-1.2962246358367104
Creation of the Gods I: Kingdom of Storms (2023),1.3424609514544494,-3.003499481438541
The Accidental Detective 2: In Action (2018),-1.8258641241659628,-1.7037737616557747
A Simple Favor (2018),0.49622275722024095,0.6108024665414176
A Madea Family Funeral (2019),0.012177023813037273,2.7151024996358846
Brotherhood of Blades 2 (2017),-1.397661735675898,-1.7807613381547345
Midnight Runners (2017),-1.3388839680324516,-1.7425527524692739
The Magic Tuche (2018),-1.6573582109928353,-1.3724640483772894
The Conjuring: The Devil Made Me Do It (2021),1.0757589974515271,-0.5495627587265167
Dragon Rider (2020),-1.7561239876582695,-1.2076791772219255
Venom: Let There Be Carnage (2021),3.4092792650664863,-0.3833632223034192
Wonder Woman 1984 (2020),1.1664969251740462,-0.8963135117947466
Once Upon a Time... in Hollywood (2019),4.062416587640797,-1.1409575052609668
Wolf Warrior 2 (2017),3.9211290610589837,-3.5842977765370376
The Rhythm Section (2020),-0.9763373688731908,2.323341322492623
Breaking In (2018),-0.4052963792389606,2.578525136035313
A Rainy Day in New York (2019),-1.6709515945797442,-1.304996791731045
The Black Phone (2022),1.225342432775892,0.5298089800108977
Onward (2020),1.021409856317367,0.06576008870340129
Along With the Gods: The Two Worlds (2017),-0.33896683406149763,-2.0783526843907407
The Zone of Interest (2023),-0.3687315687629321,-1.0607163794405599
Project Gutenberg (2018),0.1204828552503467,-2.217105053761877
The Founding of an Army (2017),-1.2696405143996472,-1.7037108785451966
Klassikokkutulek 2: Pulmad ja matused (2020),-2.1195431924541657,-1.3734979403758374
Simmba (2018),-1.052974889988302,-1.630722627412983
Pad Man (2018),-1.2564191605377213,-1.8653392597738694
Guilty of Mind (2017),-1.599628698933032,-1.4873233433941517
I Want to Eat Your Pancreas (2017),-1.3077569715401347,-1.8121692349826695
Taxi 5 (2018),-1.8202402939092257,-1.4112774285753449
The Swindlers (2017),-1.6310230507792207,-1.687211602144982
The Eight Hundred (2020),1.9579861371542981,-3.109672796122712
Triangle of Sadness (2022),-0.24966970449509407,-1.311014982819499
47 Meters Down: Uncaged (2019),-0.9751813688469321,0.753244495012009
Uncle Drew (2018),-0.391165353850587,2.404929974594344
I Can Speak (2017),-1.6822989137760418,-1.8185661943989477
BlacKkKlansman (2018),0.8137283837213495,0.27648557229841314
It Chapter Two (2019),3.6856649120896186,-0.8546016863154333
Dying to Survive (2018),1.806197218876418,-2.841617635474783
Warriors of Future (2022),-1.862229581981841,-1.7361696556110313
"Paul, Apostle of Christ (2018)",-1.0194387721141802,1.32631395152435
Instant Family (2018),0.7231539674219954,0.5693348287127564
A Man Called Otto (2022),0.9875212941767696,0.3538466824624577
Teen Titans GO! To the Movies (2018),-0.5747922016236324,1.0714308964053458
The Bob's Burgers Movie (2022),0.06608120570179066,2.2403942430679322
777 Charlie (2022),-1.2982658101408209,-2.516724930892852
Sink or Swim (2018),-1.3539089087368998,-1.8414171133333497
Super 30 (2019),-1.1833801120539027,-1.887299905152044
One Hundred Thousand Bad Jokes 2 (2017),-2.4372076456355667,-0.6513050755349746
Masquerade Hotel (2019),-1.3471243122017735,-1.9530627002341199
Ron's Gone Wrong (2021),-0.12130139810876854,-0.0892348950736276
Despicable Me 4 (2024),5.9006772810941355,-1.4760234953407083
Golden Job (2018),-1.490888182805588,-1.4801006052314947
Like a Boss (2020),-0.4439620829523215,1.9190204138870923
Dora and the Lost City of Gold (2019),0.18257235126967605,0.5691346467374842
The Knight of Shadows: Between Yin and Yang (2019),-2.0679610696840256,-1.5540516967013607
Sound of Freedom (2023),2.181516047576756,0.8418376666273776
The Wandering Earth (2019),3.0289632050018516,-3.2673663597055747
A Dog's Way Home (2019),-0.16667070215599117,0.6886172042792809
The House That Never Dies II (2017),-1.9698228831180669,-1.3346600929949413
What Men Want (2019),-0.0828677125035689,1.6310240125906958
Total Dhamaal (2019),-1.8302242060400506,-1.3119747458655524
Gintama 2: Rules are Made to be Broken (2018),-1.5876077213708515,-1.9181927518548902
Namiya (2017),-1.7019542077110996,-1.5712847318661167
Death on the Nile (2022),0.7144554739615299,-0.5569904629410662
Searching (2018),-0.003419484021813638,-0.16495356457188687
Won't You Be My Neighbor? (2018),-0.5787661827981615,2.5650408614077813
Birds of Prey and the Fantabulous Emancipation of One Harley Quinn (2020),1.4557278499942705,-0.0621080498782453
Bharat (2019),-1.4761398945698532,-1.514477099077231
Badhaai Ho (2018),-1.4460245662514981,-1.951710438199521
Code Blue: The Movie (2018),-0.9123143999855436,-1.9133163630507326
Stuber (2019),-0.7957321434437225,1.517338272723186
Greenland (2020),-0.22420040414551945,-1.6309342813640197
Goldbuster (2017),-1.520523180556212,-1.28309467869344
Die Känguru-Chroniken (2020),-2.1883187293525883,-1.385032410154223
Brightburn (2019),-0.8502080121553512,0.8558666284575661
Detective Chinatown 2 (2018),2.1153264473471527,-2.8804282532663845
Free Solo (2018),-0.658501882649986,0.8954053144780902
Hereditary (2018),0.7986806760406102,0.47252088192294106
Hanson and the Beast (2017),-1.4942992661222492,-1.5547468001883955
The Ex-File 3: Return of the Exes (2017),0.6313350935546508,-2.2316218374128414
Detective Conan: Zero the Enforcer (2018),-0.6627333385060455,-1.8618945696765894
One Cut of the Dead (2018),-1.602703905164268,-1.693343885076283
Bodies at Rest (2019),-1.9439954347353097,-1.4503602559517579
Animal World (2018),-0.8983911010284029,-1.9793851641546407
10 Lives (2024),-1.5420973631859807,-1.3802669247901738
Dragon Ball Super: Broly (2018),-0.018274878653781104,-0.802769790322292
Till The End Of The World (2018),-1.490891372774904,-1.7767743972708543
OSS 117: From Africa with Love (2021),-1.7036449572183878,-1.7449202104060952
Jumanji: The Next Level (2019),5.523073957401679,-1.1874019186527736
Operation Fortune: Ruse de Guerre (2023),-0.599209283767935,-1.1494600454599706
Asterix: The Secret of the Magic Potion (2018),-1.3895402947467712,-1.4061695383276709
Come Play (2020),-0.5364815929240093,1.952554131733052
House Party (2023),-1.2878774078052653,2.6354020367622573
Boonie Bears: The Big Shrink (2018),-0.9114443715852375,-1.54929292857464
Spycies (2020),-1.8318483476390248,-1.4900488622667873
L Storm (2018),-1.29457948928179,-1.5123751781264214
Jurassic World Dominion (2022),6.589509599846314,-1.8619242484774925
Shoplifters (2018),-0.5903402295508281,-1.8416556859687598
Amazing China (2018),-1.7957723588412609,-1.0777221168094717
Little (2019),-0.41488370419413745,2.030741773416449
Fate/stay night [Heaven's Feel] III. spring song (2020),-0.8375617247603854,-1.9050424886651138
The Woman King (2022),0.7438514945961229,0.8842581318889295
Turning Red (2022),-0.8198298378108528,-1.278550379489946
Nobody's Fool (2018),-0.7478417517834363,2.559400097467158
Doraemon the Movie: Nobita's Treasure Island (2018),-0.8953013062611241,-1.7993900340709006
Andhadhun (2018),-0.5269123095799307,-2.1171160600724264
Stree (2018),-1.6166060091771293,-1.939099572354907
Pokémon the Movie: The Power of Us (2018),-1.9271233999693194,-1.4512555683192752
Tanhaji: The Unsung Warrior (2020),-0.39023634706829824,-2.0987610387588855
The Many Saints of Newark (2021),-0.8094928635314357,0.9590234626126658
Bodies Bodies Bodies (2022),-0.679130746790287,1.9365050098298284
Along With the Gods: The Last 49 Days (2018),-0.39255349753688046,-2.1281774419209167
Dark Figure of Crime (2018),-1.682805568570137,-1.7070041588274694
Happy Death Day 2U (2019),-0.38590125508510265,0.3718954236323491
Raging Fire (2021),0.31786371817816433,-2.2949204750091527
RRR (2022),0.9520798320419646,-2.5906371609279026
Long Day's Journey Into Night (2018),-1.1666552059174555,-1.996716180626874
Overcomer (2019),-0.32394765858054414,2.1388661029785396
Cindy La Regia (2020),-1.9531444205088604,-1.6250794527509365
Little White Lies 2 (2019),-1.6921572154956972,-1.928245010870227
The White Storm 2: Drug Lords (2019),-0.14738200546227942,-1.874737467405538
Capernaum (2018),-0.5088270061887831,-1.9838411828045215
Vakeel Saab (2021),-1.3631209260932338,-2.1772940652743125
His Only Son (2023),-0.8562491839136918,2.127065816281612
The Spy Gone North (2018),-1.238272061748573,-1.984544258103154
Uri: The Surgical Strike (2019),-0.7982576246706088,-1.7426666738016119
Pain and Glory (2019),-1.0501942714725383,-1.3594482629180316
"Hello, Mrs. Money (2018)",-1.0855837526115908,-1.6282646972045256
A Quiet Place Part II (2021),2.406752900530552,0.32282241637771836
The Lost Prince (2020),-1.7737184775598325,-1.4967331550447651
Annabelle Comes Home (2019),0.9325452387363607,-0.39733554580375496
The 355 (2022),-0.5422418222654771,0.5374345721037957
Baaghi 3 (2020),-1.59519651645395,-1.3507080616931388
A or B (2018),-1.2348296043089706,-1.3978872558766453
The Gentlemen (2019),0.9233944138357577,-0.5290619683681319
About My Father (2023),-0.9775860166741915,1.343289126049542
Peter Rabbit 2: The Runaway (2021),0.26138176008830205,-0.501137377680903
Hitman's Wife's Bodyguard (2021),0.0910100395988981,0.7463644311560876
A Dog's Journey (2019),-0.26340773424625474,-0.4699217840845928
Snake Eyes (2021),-0.2279202220267576,1.33666996166002
How Long Will I Love U (2018),-0.4189586299053472,-1.8056349614400269
Hidden Man (2018),-0.732662595482077,-2.0451578396473002
The Faces of My Gene (2018),-2.2859276942163964,-1.237082582300152
Bob Marley: One Love (2024),0.9104908862263683,0.38710667099823676
Hello Mr. Billionaire (2018),1.047309182343982,-2.4697812602696843
The Witch: Part 1 - The Subversion (2018),-1.6601815375952043,-1.883078652529373
1917 (2019),3.7513758256578345,-0.6486978936772095
Teenage Mutant Ninja Turtles: Mutant Mayhem (2023),1.1814728010373214,0.8870671878023747
Hammamet (2020),-1.7465239414245726,-1.7560316370190858
Violet Evergarden: The Movie (2020),-0.6603011122557876,-2.219422608345665
The Specials (2019),-1.7594175651182622,-1.8398246841510921
Child's Play (2019),-0.6727380594019245,1.4237634949029088
21 Bridges (2019),-0.42901029346962083,0.911410886893122
Queen & Slim (2019),0.009789446257970963,1.977408660070778
Clergy (2018),-1.442082638252391,-1.9596015590372609
M3GAN (2022),1.1432100149433295,0.4582880211855583
Midsommar (2019),0.4932922190326156,0.38387876281488564
100% Wolf (2020),-1.4393233105596437,-0.9698618493179239
Meng Chong guo Jiang (2018),-2.0521853969323667,-1.318938405047773
Last Letter (2020),-1.748385504586689,-1.870140828968274
T-34 (2019),-1.2427501961454497,-2.01453594015416
Hit Me Anyone One More Time! (2019),-1.561282481103029,-1.8727700069413487
Fatale (2020),-0.8743283435173274,2.3361651676960946
Fat Buddies (2018),-1.847790154403395,-1.4718491862284548
The French Dispatch (2021),-0.11646661407283447,-0.20695017442531263
Pokémon: Mewtwo Strikes Back - Evolution (2019),-1.8576433755481918,-1.5434799572734443
Fly Me to the Saitama (2019),-1.620988262603203,-1.692228568425441
Transformers One (2024),0.6439610229149526,-0.015765437452047597
iPartment the Movie (2018),-1.4202157672011666,-1.392284930689697
DC League of Super-Pets (2022),1.1956200128572474,-0.014882999359449516
Military Wives (2020),-1.8268417191328088,-1.4942109335150044
Radhe Shyam (2022),-1.3595681503152237,-1.4197163281870264
My Boyfriend's Meds (2020),-1.644697554907508,0.5207791493511942
Panga (2020),-1.699982769884173,-1.4446543218660157
Wotakoi: Love Is Hard for Otaku (2020),-1.5169806741944825,-1.6231186231630235
No Manches Frida 2 (2019),-1.7242041787863407,0.047984112511336795
Unplanned (2019),-1.029233848403775,2.22382959627999
Eternals (2021),3.2238805037877722,-0.871825243030432
"Lost, Found (2018)",-1.484277998620763,-1.6474426501134238
Cry Me a Sad River (2018),-1.3085570028316333,-1.6740055946306358
A Piece of Cake (2020),-1.8984736523195105,-1.123904547064915
The Vets (2020),-2.201555794421594,-1.4666965424772405
This Is Tomas (2019),-2.136252947067121,-1.3878583824963269
Gretel & Hansel (2020),-0.42721544718206317,1.6305999823850112
The Rescue (2020),-0.2678045284791055,-2.003076249441328
Black Panther: Wakanda Forever (2022),6.556981929935391,-1.0337390868590859
Brahms: The Boy II (2020),-0.6899249197423523,1.458852952975045
Lindenberg! Mach dein Ding (2020),-1.5917329404798468,-1.9560768816450373
"Are You There God? It's Me, Margaret. (2023)",-0.2656845185150381,2.182298227643854
Three Thousand Years of Longing (2022),-0.7000279049361199,0.07844127561727263
Skyfire (2019),-2.000678737126442,-1.4790760444397326
Bigfoot Family (2020),-1.4164820208248259,-1.199438043644449
Impractical Jokers: The Movie (2020),-0.5239363882915049,2.8292248887569924
Emma. (2020),-0.2625798031170148,-0.06905234228135228
Gladiator II (2024),2.9901267589622353,-1.1552831182303251
Meg 2: The Trench (2023),1.7748745634911747,-1.3676965671868084
The Green Knight (2021),-0.11784086417329848,1.9533248091519035
Prey for the Devil (2022),-0.615595083563163,0.48656646689376504
A Cool Fish (2018),-0.43420126768752604,-1.8931105817202691
Mama Weed (2020),-1.9133965847754844,-1.6087351705807391
Divorce Club (2020),-2.044348179036808,-1.565009765735735
Fukushima 50 (2020),-1.6267618710806955,-1.796238212034116
Let Him Go (2020),-0.32978761957665925,1.9734794762921424
Dear Evan Hansen (2021),-0.4539585874791642,1.447327784669706
Spider-Man: Across the Spider-Verse (2023),5.8576697091843215,-0.751853991494214
Blue Beetle (2023),0.6457666632941653,0.4100669826080684
The New King of Comedy (2019),-0.875877426910056,-1.6556204037332434
Shang-Chi and the Legend of the Ten Rings (2021),3.807978268376443,-0.2904254742252258
Pushpa: The Rise - Part 1 (2021),-1.1605716460059772,-1.7957612549410629
Kill Mobile (2018),-0.9711923700799756,-1.5232030072091514
Where the Crawdads Sing (2022),1.1804375672178657,0.6109107182622634
The Unholy (2021),-0.7911384016867312,0.7575539543187325
Doctor Strange in the Multiverse of Madness (2022),7.1105749199821116,-1.4554007706024914
Weathering with You (2019),0.3182817559612843,-2.044014755037963
One Piece: Stampede (2019),-0.7366090127083219,-1.810605016160226
Mojin: The Worm Valley (2018),-2.1604850172128285,-1.4927271872379668
Detective Conan: The Fist of Blue Sapphire (2019),-0.625585325228174,-1.8905452318849163
Digimon Adventure: Last Evolution Kizuna (2020),-1.104425803639888,-1.7047407349349832
Ala Vaikunthapurramuloo (2020),-0.5361546105464753,-2.2879144636678235
Extreme Job (2019),-0.4044195760685672,-1.9310057587546448
The Confidence Man JP: The Movie (2019),-1.6826638424029037,-1.8171764046682874
Integrity (2019),-2.0200702628205045,-1.6175220512042012
The Big Shot (2019),-1.2772103257410983,-1.6828881078270783
Shock Wave 2 (2020),0.3212164151145092,-2.2011187898149096
The Secret Mission (2019),-1.7193860255839424,-1.9571593216533103
Mission: Impossible - Dead Reckoning Part One (2023),4.05443670254361,-1.957740219899065
Chhapaak (2020),-1.6858263204488806,-1.2897430257972289
Adu (2020),-1.5543819803673016,-1.8026895822645648
King Richard (2021),0.024393495339621464,-0.43615408170669306
Promising Young Woman (2020),-0.09720491789123306,-0.24672245760889508
The Climbers (2019),-0.3249396128751524,-2.019679944533645
Samrat Prithviraj (2022),-1.7783483317377446,-1.9184526908432977
Last Night in Soho (2021),-0.3322573365628013,0.12774765245313088
The Wild Goose Lake (2019),-1.5715697670909587,-1.793093650256939
Street Dancer 3D (2020),-1.6362278091576254,-1.7110350091128599
Fall In Love At First Kiss (2019),-1.6851708655000763,-1.7819247005642196
Aquaman and the Lost Kingdom (2023),2.3400368817717916,-1.2263202676460914
Jade Dynasty (2019),-1.295215478654893,-1.6192206469546744
Night Swim (2024),-0.31863050835965384,1.0340804674139996
A Writer's Odyssey (2021),-0.08834541309227131,-2.2126981553260543
The Night House (2021),-0.9042677151475307,0.36910596748804747
Bros (2022),-0.6103020497890926,1.5854834568041938
Aline (2021),-1.6413655137476642,-1.6377635178252585
Doraemon: Nobita's Chronicle of the Moon Exploration (2019),-1.0049687787517354,-1.8564594467366269
Persian Lessons (2020),-1.7488969481015229,-1.9527319040814233
Beasts Clawing at Straws (2020),-1.7622799512922853,-1.749610250947047
Nomadland (2021),-0.39067845430651305,-1.2639760428284232
The Tomorrow War (2021),-0.9010738495938728,-1.8157937779734696
I Still Believe (2020),-0.44049092129076417,0.9576735349091449
Judas and the Black Messiah (2021),-0.8339896369127736,1.1823911459356764
Kaguya-sama: Love Is War (2021),-1.9993361561238094,-1.7220464826324133
Jim Button and the Wild 13 (2020),-1.7153132198554586,-1.656788994167749
Kaamelott: First Installment (2021),-1.357916738555245,-1.7802919586084962
Escape Room: Tournament of Champions (2021),-0.32438088806732124,0.255621078148204
The Asadas (2020),-1.1367467554530577,-1.9760775281229828
Caught in Time (2020),-0.5883988072057428,-1.6718502588725122
Malang (2020),-1.3938444948858046,-1.9221475186245358
Moonage Daydream (2022),-0.9108541412161665,-0.613656467676229
The Marriage Escape (2020),-1.4638279576672681,-1.7169972442901098
