title,PC1,PC2,PC3,PC4,PC5,PC6,PC7
Kate & Leopold (2001),0.36581108229449144,1.6746794870934707,0.6975357755585799,-0.8674740889370676,0.6149855230491377,-0.7608264673561406,-0.5100623106445015
The Sorcerer's Apprentice (2010),0.33494910770195346,0.2534063752358525,-2.3691577480328494,-0.6660943447984629,0.6550855278216442,-0.8721045609937846,0.03781573033727768
Fantastic Four (2005),2.526708673345682,0.662645937063758,-0.6054627029508791,-1.0214183996422443,0.42768096303335845,-0.6468467599335869,0.4228859252519543
Fantastic Four (2015),0.9873379665630242,-0.07277381223555038,-0.46029983227825794,0.12716250929789988,-0.0028438420777130726,-0.7301685621431966,1.1135541431573095
Frida (2002),0.07530794664830473,0.8451893961451942,1.396534900220105,-0.8969458900205202,0.16230493477055516,-0.574120687733464,-0.6714686812546495
From Hell (2001),0.33045816542134393,0.7834728920110255,1.0147840385103866,-1.1586673714990108,0.457786813726741,-0.868078459762479,-0.24544669529677857
The Lord of the Rings: The Fellowship of the Ring (2001),9.893655263586083,-1.69806782635851,4.17050595569136,-2.2011919143605296,0.04191982173954166,0.9729237019164587,4.904081833152897
Resident Evil (2002),0.6520797611030442,0.7586796253701076,0.5028988536432297,-1.4185897782399177,-0.2724984862103655,-0.8839439676087016,0.3546332543241709
The Shipping News (2001),-0.6283256399137577,1.1182527631826915,0.8467550278628543,-1.162047470147338,0.21136654877969274,-0.1371908516551439,-0.5719237206029751
Trance (2013),-2.0090842880283417,-0.46008755983093025,-1.1887020061781342,-0.5855902985578358,-0.015269861005699152,0.9933032367436404,0.6064391336028607
Men in Black II (2002),3.339159829277694,0.5727334955529488,-0.8177633701061787,-1.7282942502528147,-0.3105571009024567,-0.4021183126529894,0.240633091012401
Corpse Bride (2005),0.8975186128687791,1.011585524574611,0.3985672584524367,-1.1486711003307735,-1.5225680068618548,-0.8208350578783173,0.20346720914823777
Star Wars: Episode II - Attack of the Clones (2002),5.783440424540047,-0.11399200341298117,0.6461654229073335,-1.4107129752737726,0.986931365229527,0.32079454894063203,1.0263392723632245
Star Wars: Episode III - Revenge of the Sith (2005),7.3953671032922825,-0.749051126216201,0.7293352862707855,-1.1990257472579011,0.2955228048622189,1.0118869339721455,0.6879032676698597
Heartbreakers (2001),0.14935853536340796,1.982514994507512,0.8200351851784687,-0.6887427700133543,0.8666252045417704,-0.5027977807904328,-0.5805803012709584
Shrek (2001),4.818459535919915,0.9073866389637748,0.7608335332879937,-1.7955511581417294,-1.3823390274942917,-0.028402077972237844,0.926399242712257
Split (2017),4.016444033439897,-4.934831823877495,11.705097408554995,7.246356294047258,18.815399010714696,-0.998321424185115,-2.12394260103081
Driven (2001),-0.30473200235126124,1.8272368786872248,-0.47344169780091366,-0.9954234122069551,1.6164228114413584,-0.595588733294199,0.05071389282367852
Planet of the Apes (2001),2.6567427547773446,0.8208206750709522,-0.3981130265104758,-1.27068685165814,1.0824548393539069,-0.5985712078293722,-0.26519823034675044
Treasure Planet (2002),0.44671816851995644,0.5653568428527543,0.5071995630689601,-1.4009656042541807,-0.6797464990245926,-0.9666855734761951,-0.5104731872898443
Intolerable Cruelty (2003),0.24177284267603813,0.3252102511345574,-0.07882538263806829,-1.3376095644958221,-0.022243434237332726,-0.9391727264209097,-0.3126029122304269
Training Day (2001),1.7840926659851413,1.8837595912195264,2.1770384072675255,-0.8411992354054947,-0.2941031501408038,-0.7433225288519604,0.4844273225758745
Town & Country (2001),-1.3312064160061923,2.186229308164334,-0.521208346688748,-1.1064337259064982,1.3558112044851889,0.7467656864572746,0.19895570436280968
Spider-Man (2002),7.31270710335177,-0.1510340770950803,0.41415326754777093,-1.7382434943739913,-0.11143722815152363,1.0125082621678785,0.9872741268388707
Lara Croft: Tomb Raider (2001),1.8818409960379763,1.0240168052937608,-0.5665258121491732,-1.4660872329721093,0.3727084321903334,-0.7927616160025456,-0.10850781397626363
Clockstoppers (2002),-0.27826847319233156,3.3961186000845847,-0.4176370432940741,-0.5330398449518609,0.6860168180971842,-0.008693254227971346,-0.25967378168250904
Behind Enemy Lines (2001),0.551016571776331,1.8540027291658785,0.40929072526936844,-0.9799320526123835,0.2420634179423312,-0.8124985864616733,-0.4274812085251974
Cold Mountain (2003),1.5270967496897294,0.770005096241699,1.7194311514687002,-0.34819500154652006,1.168111910429364,-0.8297123835274964,-0.7863711267232912
What's the Worst That Could Happen? (2001),-0.2863179288413472,2.9343820547333284,-0.2584701674857479,-0.8124082169727366,0.5061226767358287,-0.22815975747501416,-0.3611670869945267
Nowhere in Africa (2001),-0.7389710518663531,-0.3137136159959887,1.9347544741812015,-1.1636386890389474,0.6409099221127263,-0.18991520252688063,-0.9911252221841675
Ghost World (2001),-0.6666059898494263,2.0456550508906335,1.6469594423849452,-0.8830877330771791,-0.11068536411726763,1.002561663264524,-0.3553237922417166
Jurassic Park III (2001),2.807924320480084,1.0075749782887873,-0.7629980167657268,-1.650884046864545,0.03646591963718774,-0.5535647925210676,0.19359510915847597
Dark Water (2002),-1.7111897234923,-0.715403521546755,-0.8055011061058238,-2.090337407060095,0.421014725360457,-0.14668203575119435,0.0963268377281671
The Sum of All Fears (2002),1.5183023345120834,1.4036035478994484,0.532257110271475,-0.7261111054085593,0.7301491356843062,-0.8393133253201633,-0.6673253738096535
Along Came a Spider (2001),0.7344839565720261,2.1260225347381034,0.3134467447499868,-0.8921030457000584,0.21322890620644627,-0.8371667442682865,-0.5494972387844231
Vidocq (2001),-1.6697144640513948,-0.8294944255886589,0.2867702772237656,-2.128749037537969,-0.12626674046268044,0.28150840832368956,-0.21229835880488046
Sinbad: Legend of the Seven Seas (2003),-0.1625644099552239,0.6293350199812213,-0.04259979957887545,-1.3796020131890565,-0.6619187509532495,-0.7505770201628846,-0.4856669256378288
Bones (2001),-1.253240493153369,3.1677883251805015,-0.569799178919865,-0.8704294126282194,1.1796865140839414,1.0913654638690362,0.1707235206611782
Monkeybone (2001),-1.385063926909434,2.501870276444783,-0.48721009665654563,-1.143116505033887,0.8586444048671499,1.0615264818429384,0.18993124085784108
Spirit: Stallion of the Cimarron (2002),0.7433428075051873,1.7216905213541478,0.2159741201698712,-1.1124654894095152,-0.9412807841462608,-0.8372793350699849,-0.7969541312794307
Mulholland Drive (2001),0.20229567254707184,0.20367130695409422,2.931045514016436,-1.1155501810526356,0.35019284983371063,-0.016512705963710742,0.45657765367819597
Hellboy (2004),1.0789844637758066,1.3245463163043278,1.3261090448983295,-0.6301816589836133,0.1832715051819059,-0.5984938338341771,0.4405013973398173
Hellboy (2019),0.15550065535600854,-0.07637590137002803,1.0117696795238065,0.9727433857382052,-0.36079553232883455,0.03575394242644151,1.0896355086363552
The Lord of the Rings: The Return of the King (2003),11.46848658475016,-2.5533755976988264,3.9926211071203865,-1.8598988117611719,0.7781054233613889,1.7028665284082949,4.188089259374272
The Lord of the Rings: The Two Towers (2002),9.825679729415029,-1.7646737064325106,3.6306442909434904,-1.9315828381215352,0.28013638175217626,1.132738001168188,3.8977493286507765
Thunderbirds (2004),-1.3566642750065674,0.5073840432572592,-1.2458542853137522,-1.4026591145836773,0.9663319710839294,-0.1569112029606834,0.45827085482470226
Antwone Fisher (2002),-0.2128973164964951,2.7113842472329113,1.6391922289057288,-0.26718690208727663,0.24155852501318298,0.488240257507266,-0.9058466575182282
Bad Boys II (2003),2.3940213031997177,0.5575414076791145,1.0192636680021527,-0.6364985406138326,1.2546091219559905,-0.8625081862805314,-0.2776423766235718
Final Fantasy: The Spirits Within (2001),0.11899042278838298,0.7598020637343609,0.28580771364064833,-1.3642157714517034,0.1849661209788892,-0.9772324635825987,-0.44466001991483745
The Proposal (2009),1.6429291126411054,0.9787422873346089,-1.7324663668417457,-0.37191871627022777,0.30884875875666107,-0.4806659963471269,-0.6809821191208413
15 Minutes (2001),-0.20501722924271953,0.9400287855699139,0.5127772291168702,-1.129793251581298,0.8175217656869763,-0.6831143641869103,-0.42517833250787845
Hardball (2001),0.11221647461838873,3.0203049674183364,0.6056835889119588,-0.5289578154523347,0.3627014157687753,-0.2810471842577077,-0.7125747618027762
Minority Report (2002),3.4521428766287254,-0.2859848269977891,1.820010434310868,-1.215629277514754,0.4502450991389067,-0.6824595138495284,0.48683453561853113
Osmosis Jones (2001),-0.6006541509726613,3.365504728907457,0.5615780635512975,-0.6350931231629231,0.10788552979458527,0.7619263495159493,-0.4650392331093111
Terminator 3: Rise of the Machines (2003),3.222251776499534,-0.06361061391228405,-0.300578666092994,-1.5087660593979708,0.21481952236538265,-0.5219593364531749,0.2321645018474081
Phone Booth (2003),0.6484974768019037,1.2046877579574955,0.42168182709906993,-1.339410580420105,-1.149889085930248,-0.6831372708857608,0.23195920725356303
A Knight's Tale (2001),0.9889048078940381,0.835905623815882,1.354835088161242,-0.9760104286898946,0.5953844861154202,-1.0035024012235754,-0.36046583820163475
O (2001),-0.6145542838691548,2.8349112803565126,0.2928932276542439,-0.8199479920363557,0.18952021412299622,0.36111314435608516,-0.45519678087749055
Sugar & Spice (2001),-0.8642526412441481,2.8255399532556384,-0.28154682616194376,-1.0636295569748082,-0.015692139875888942,0.45015452401092276,-0.25545660043046026
Blade II (2002),1.287623037382692,1.12583852228225,0.7544194121077499,-0.9852121234001597,0.28612472476119,-0.8897624283202287,-0.1346156178581077
Birthday Girl (2002),-1.3759294422703539,0.7331108562175036,0.030120974628182046,-1.5282317378749843,0.007277292556485352,0.5747463135774842,-0.0917630652528327
Just Visiting (2001),-1.307834680926113,0.7698472696765144,-0.31476240041785186,-1.7305889646750137,0.04888377591955557,0.1582423063691879,-0.05391344789874208
The Fighting Temptations (2003),-0.29730618996083513,2.7844076134205884,0.4651245230481732,-0.1721067325248374,1.2999479520305939,0.13575756059343208,-0.4417085526589166
Get Over It (2001),-0.9229593058191766,1.9375424649942679,-0.2587526506317037,-1.2987442342260067,0.10126277172772279,0.13686670226835346,-0.19908780344689495
Head Over Heels (2001),-1.0259675968181132,2.840753988349365,-0.3091203043869793,-1.031471575173594,0.3176052960158459,0.7069287101289277,-0.12364399478692423
Head Over Heels (2010),-2.1458174453372214,-0.9750482181551622,-0.8320459909591288,-1.165976014931256,-0.17003497087968436,0.9772529312385894,0.45676247532329584
The Order (2002),-1.516410558461162,2.3252027139032583,-0.7642316263430547,-1.1407613351572206,0.8162291743987761,1.1622376216846415,0.28680222379162595
Orphan (2009),-0.02043003347507999,1.0893211456965315,0.3429225883753064,-0.09296166902976764,-0.5870891225722822,-0.43886537328279196,-0.8156633501558194
Zoolander (2001),0.5738816408382097,2.4236623117808462,0.552535549671655,-1.12729257405828,-0.4066180921621954,-0.4432716366743139,0.41984819247085287
"Monsters, Inc. (2001)",5.481650174375844,0.44354289335502045,1.147742123882589,-2.0680555494254973,-1.5933052432291643,0.0371388539925815,1.7928730306491147
In the Cut (2003),-1.1778720844787458,0.03651017107916703,0.05536595756277742,-1.292445827991428,1.0764000876329332,-0.07494797431089271,0.04535863934281932
Riding in Cars with Boys (2001),0.02103159896420271,2.495895251950555,1.2715592000731595,-0.351987208916662,1.0846536179648794,-0.1830017180409576,-0.778868918318659
The Bank Job (2008),0.15001886314986884,0.7154713658686656,1.0155759095970998,-0.3285885399787794,-0.39279884614332106,-0.301240305461672,-0.047110474393643985
Rock Star (2001),-0.4407673840732356,2.9141252514679614,0.6964717964346712,-0.6433639757155384,0.37872010047004656,0.37433536159868663,-0.4822339165782712
Moulin Rouge! (2001),1.5187286840032859,0.021100859092672203,1.5079499444534226,-1.3333789781356347,0.016184868374766844,-1.1255470544972048,-0.2773924556263285
One Night at McCool's (2001),-1.1376194007306053,1.3617240712336114,0.24059683276999408,-1.4135844152133625,-0.040061435381014136,0.48661000439427027,-0.24650611734969152
Exorcist: The Beginning (2004),-0.11657998916070557,1.3791841798188385,-0.3974909757039565,-0.7013051433085381,1.1627486426059825,-0.6252562169374307,-0.09625879846611174
Save the Last Dance (2001),0.8814800098627976,1.9961542134885937,0.23985786038601067,-0.8242510841805989,0.602541705441679,-0.8100510604032205,-0.6767787627336508
Joy Ride (2001),-0.26931208648046484,1.8015098471941389,0.5102843634707593,-1.1261908186478975,-0.149005584789191,-0.31607825621183294,-0.42580322586472186
Joy Ride (2023),-0.6339116268631183,1.8016108974302467,0.09232609108272397,2.003681248112574,-0.7819947766897271,0.7436310723465586,0.20406693446399532
Children of Men (2006),1.0459867465358728,0.869117960162488,1.9572572202657803,-0.736171637742131,-1.0127478567407562,-0.3386367026644692,1.0502846263746988
The Son's Room (2001),-1.4974543024941565,-0.5728369878135846,0.9367582011388034,-1.933896997707944,-0.572616137527633,0.4510082877866272,-0.5754360289839404
The Mummy Returns (2001),3.458040909283086,0.39792721602204445,0.2402070668512265,-1.2891091604166878,0.9359361391805942,-0.403876443651764,-0.21149773963437846
The Wedding Planner (2001),0.3641609238373185,1.9792580407873326,-0.34480946627253595,-1.052329394694492,0.7463954990884696,-0.8469684204379956,-0.1628096347517512
The Forest (2016),-0.8116303605052673,1.5097188541325746,-0.392062074998935,0.9547428064723541,0.2837854331631606,0.5903757021610024,0.05363722013316796
Jason X (2001),-0.9064917190888603,2.8016143079899614,-0.7409819104459796,-1.0565697988381748,0.9805930392721314,0.38602143433440694,0.35552718027542013
Knockaround Guys (2002),-0.9396753548487317,3.150828363204767,0.3627948038868875,-0.6520168111730617,0.10273247308654802,1.2108134052577033,-0.33577355909567197
Amélie (2001),2.2039708719261744,-0.8408975835599994,2.531561245323734,-1.9680141237005995,-0.899369987239179,-1.0789731633766357,1.5756847315335853
Awake (2007),-0.82215758643734,1.0249463478141143,0.01069530041495731,-0.7837442239519171,-0.7204554816406927,0.27940353502333615,-0.02681615618493871
2046 (2004),-1.180593402472138,-1.084666790883683,1.566035419342931,-1.2417152149387232,0.1770687722582201,0.25558925437862534,-0.5082371645777084
A.I. Artificial Intelligence (2001),2.008556707027418,-0.14818589576040225,1.5584952067059594,-1.170694060478091,0.8471797867645089,-1.0544400619240333,-0.22364849717683027
Hannibal (2001),2.8626691592688283,0.47606389377660485,0.6626042788894352,-1.1775820639038708,0.7288271360600264,-0.62736109313383,-0.41237449111012386
Pearl Harbor (2001),3.7431712515626585,-0.20876988909257024,1.2562652416820512,-0.7754695271890073,2.6766033460173486,-0.45765353902672773,-0.31490587854476115
Would I Lie to You? 2 (2003),-1.6311303103649883,-0.9542907086030541,0.26620745184293115,-1.765319038278237,0.10997776494751221,0.20123816057881178,-0.2402646450514042
Enemy at the Gates (2001),1.0651848579858085,1.0157410305895251,1.847211646637258,-0.9321852903666623,0.23227022811492143,-0.8892593521599196,-0.1957099937021138
Gangs of New York (2002),2.2245889401291365,-0.057058383995455556,2.560867144361831,-0.7738378866249411,1.1806619437752492,-1.0050331821784428,0.3546036094197432
Antitrust (2001),-0.7857185703137631,1.8662629565481452,0.5262414741794597,-1.0044277355450009,0.5213883219745686,0.3037468150788898,-0.36279862559370674
Original Sin (2001),-0.45740102598257115,1.1530887064116955,0.4830342609989504,-1.1420290771244004,0.752596122271439,-0.41658942491190204,-0.2740061477918808
Bandits (2001),0.24391801601869978,1.6065476177315992,0.8866064993392668,-0.8083386809701638,0.7201761341920199,-0.6590514091108626,-0.6062468402787929
Duplicity (2009),-0.33686923321212253,1.3093949072649782,-1.01786269915472,-0.3063696235013725,0.17452198795889506,-0.5059723195437018,-0.12020630703230736
Halloween: Resurrection (2002),-0.5999947053019689,2.968163078710946,-1.3388108486428287,-0.894037698312086,1.249356874178536,-0.0955368986723301,0.44413461100642204
Sleepless (2017),-0.8568062475077186,1.1360554178313076,0.2791224900239201,1.1675388714786228,0.2581916604627625,0.8177783824251337,-0.08893635524869903
Blow (2001),1.0007603268716045,1.5392657339940217,1.7814799103626344,-0.8454604874011324,0.045626524882584146,-0.7260518628148234,-0.18202755051947933
The Glass House (2001),-0.5160249941785113,2.5051057223450703,0.30876371271125586,-0.8129665120326115,0.6666830599181215,0.11631091092341726,-0.30584203390305875
Angel Eyes (2001),-0.3940896964134216,2.7394977142682126,0.1066975008495388,-0.770552956445084,0.6235210161714664,-0.047898221383182255,-0.3718628627341437
Made (2001),-1.0160475078883877,3.3612294783397854,0.6576654784917934,-0.6678038612487345,0.13293670938676883,1.4568964138050566,-0.4490838132173659
The Score (2001),0.9324425672785621,1.5565884593279753,1.0176061542167478,-0.802413517766162,0.5511727111562139,-0.8889811736145031,-0.5902094476657459
Spy Kids (2001),1.0648528894229885,2.5663384517092447,-0.6258410206056334,-1.0471344326472038,0.19705668494096318,-0.7981416897176473,-0.18546555421599026
Formula 51 (2001),-1.1682570673968156,1.0938133028581976,0.31439254158876695,-1.518962616638246,-0.12926218459239708,0.49624130059340626,-0.16913053397641592
Ghosts of Mars (2001),-1.0918527589292832,2.0859068101835603,-0.3796928096797964,-1.2104432001221979,0.8937662631000578,0.5166587303102496,0.26558540660649815
Kiss Kiss Bang Bang (2005),-1.5730669574472347,0.3145797259107553,0.2435620138878114,-1.1249076447866624,0.049641431267045406,0.9372285108633249,-0.14686524753972613
Atlantis: The Lost Empire (2001),1.1924309225415128,0.9709296889871026,0.1399726392328487,-1.4049817107311071,-0.41286149842381603,-0.9996987887248294,-0.6523302274092688
The Others (2001),2.034976047590217,0.7874046403349017,1.096166234815005,-1.4426717569095757,-0.7032492964160678,-0.9373841885711547,0.10035335290881789
Sweet November (2001),0.023669065801376905,0.6670444631833042,0.8738172218545077,-1.2082143451290206,0.3993699139386635,-0.7890545869230446,-0.48062619024721337
Crocodile Dundee in Los Angeles (2001),-0.5319864130085715,2.2277603021879067,-0.7565470402906809,-1.1271249327568844,0.8795687420206301,-0.41895792833864426,-0.0016880750830040906
Down to Earth (2001),0.19372149525820254,3.2517447879162624,-0.5927504292242066,-0.7862166257513957,0.36729201272739354,-0.4967043715056209,-0.3994227664632566
The Fast and the Furious (2001),2.303133026227165,1.9024315672780137,0.7689757617640068,-1.1074916210666679,-0.13660499522668218,-0.7240161467671125,0.4579037189272529
3000 Miles to Graceland (2001),-0.45413927323560255,2.605439318327774,0.9536569007331035,-0.5066184715426653,1.152427382109687,0.3806018045378682,-0.3925525343778751
Collateral Damage (2002),0.04134689598717971,1.3693651510844855,-0.1958577936384959,-1.055054152130668,0.7759688809649717,-0.8097183917117899,-0.1340177505060146
The Matrix Reloaded (2003),5.978865139947243,-0.7755011127601227,0.4466979427346918,-1.4096349941381774,0.6088150276629435,0.48093906876950276,0.0765729773873485
Monte Carlo (2011),-0.789781277742456,1.452282021627262,-0.23517740022527941,0.010908183838289589,-0.6608811833466252,0.3762148762934378,-0.30097968383643625
Summer Catch (2001),-0.5464526015097355,3.5450841610425283,-0.08935178870460865,-0.5157662087220111,1.097037434500202,0.3865331067453247,-0.20744886398812634
Josie and the Pussycats (2001),-0.6715661055454987,3.370359030482992,0.20876573289432102,-0.632820051190615,0.5526112392554922,0.6604689093114027,-0.3182791765486555
The Mexican (2001),0.8627219917871066,0.8607048411835746,0.34245362059989665,-1.1141117094483624,0.9050102407769016,-1.0734347067816445,-0.4402779404919893
The Tailor of Panama (2001),-0.6492567325501561,1.3099535259956772,0.40701017589366034,-1.1693417888483317,0.5070396201655782,-0.20110332514283885,-0.38008039330827176
Brotherhood of the Wolf (2001),-0.17283774177952865,-0.7527827081654279,1.4437710937059545,-1.3525179869206654,0.8924663802495392,-0.9570270805603798,-0.728696256796265
The Pledge (2001),-0.2078993061478746,1.8394147671007386,1.2483845820384474,-0.7262704487159112,0.6466899028149937,-0.11811350517879428,-0.5606900361957279
Captain Corelli's Mandolin (2001),-0.1664238311284891,0.7645606249422604,0.5751987996674685,-1.041619977509504,1.275904187773665,-0.7759249531826666,-0.46265951629394897
Tangled (2010),3.1595960008742563,-0.314240113809822,-2.548290344817671,-0.7243779067917374,0.1107316222765391,0.01108325946250352,-1.2909117497944478
Queen of the Damned (2002),-0.3397284576973841,2.1353858316218117,-0.2817470613497224,-0.9120397600081145,0.7285297195931785,-0.28697148142169077,-0.04173202640488177
Double Take (2001),-0.35258301219147314,3.4332154317498342,-0.3880609623621877,-0.7253938949927903,0.41666364144540097,-0.04321084262468096,-0.3538890123210448
The Cave (2005),-0.8430910959139657,1.0864266766131911,0.20558178155636983,-0.8868864915837477,-0.5333700235834135,0.1391998618242311,-0.5294298419119295
Cats & Dogs (2001),0.8846678868122915,1.2761125639817386,-1.26742850962046,-1.5170499375026394,0.3863006915621208,-0.9997305711524377,-0.3456947754254134
Saving Silverman (2001),-0.5288339067563887,2.5416287507406126,-0.01453004925969744,-1.0134714899675694,0.10816387782247443,0.020507805792965798,-0.2904460994389957
Say It Isn't So (2001),-1.4105974464291038,1.4017602550447228,-0.4954123886846124,-1.4778682131643712,0.7234203989275919,0.5424940620188318,0.14142910317560284
The Girl from Paris (2001),-1.6717120234948226,-0.8388204795536456,0.5129588944702096,-2.033060047988039,-0.06982236211014607,0.350161575397609,-0.38478677816174545
Dr. Dolittle 2 (2001),0.8423856739838448,2.132741681767337,-1.4692501139703396,-1.2478157355270965,0.7206437233843604,-0.8921253729612233,-0.21330606635287033
Kung Pow: Enter the Fist (2002),-0.6922869686938377,3.35925858734358,0.15596242091357176,-0.7120906080140867,-0.3065470745374843,0.841936952454387,-0.30768633562609865
The Four Feathers (2002),-0.37835672850620283,1.512171047895292,1.2112007780867138,-0.5926127584408164,0.9848737999807777,-0.038713140534522926,-0.596235577143661
Freddy Got Fingered (2001),-0.8169790325679492,3.7210382416611494,-0.6143606453589388,-0.773646401880361,0.7881373434417795,0.7286470242545693,0.19018341315846563
Ocean's Eleven (2001),4.121983686074878,0.04028643875481868,1.0836785870664485,-1.6677273801020245,-0.43531186023824114,-0.3790555826576447,0.47789102701925584
Serendipity (2001),0.40959747601025637,2.0024381757768195,0.37758110565278435,-1.1290159943799867,-0.48859906606132847,-0.7061729185290354,-0.4470880143169985
Vanity Fair (2004),-0.5408245067885451,2.2637160173865385,1.3466046058786638,0.04480847986666198,1.450897566247017,0.6844881201474724,-0.5033904316349304
Harry Potter and the Sorcerer's Stone (2001),7.924830881611424,-1.5954397169249332,0.8606176557521694,-1.8893701779217749,0.7719022483954524,1.1022903575714333,0.29115653531602337
The New Guy (2002),-0.3128944912439343,3.387823367416278,-0.09004869699696481,-0.5904237081283737,0.14071780060231598,0.17200854681060662,-0.3352166542016277
Exit Wounds (2001),0.1396864960808996,2.032613324540919,-0.2746919969407076,-1.017136721786962,0.6010695864753929,-0.7674211135921033,-0.4039502313328743
The Hole (2001),-1.725631233303127,-0.6072163625187185,0.3506056108995142,-2.0547726489343203,0.09019002691257859,0.6202587649808918,0.053804160810661486
The Matrix Revolutions (2003),3.531686038826805,-0.393901575486913,0.5993229003406397,-1.3891673806275968,0.5030798000986265,-0.5506496055515576,0.5785737844436902
Valentine (2001),-0.6527394980304098,1.8243309290130483,-0.6855082122385374,-1.2594445179941132,0.822417936323306,-0.41240489260521523,0.024069509742985405
The Man Who Wasn't There (2001),-0.5575538362395607,0.7119731730819291,1.615443192076853,-1.236679578536889,-0.1692794942816926,0.12235620713152767,-0.4688528255074227
Bridget Jones's Diary (2001),1.7964788766208766,-0.08596631473438544,-0.030866121535849552,-1.8383627958194517,-0.3819470916154631,-1.0069512273502597,-0.247334415930522
The Closet (2001),-0.7976532232509991,-0.2865905724787021,0.1392449062091617,-1.9889618193609586,-0.8637705870335032,-0.7310934214925118,-0.6949254504103046
The Closet (2020),-1.4961500916226746,-1.5273711122897988,-0.2941528153957464,0.2746738708151381,-1.5186500435696988,-0.143721845312841,0.013305960670045832
Stuart Little 2 (2002),0.48638748921194563,0.9765532202184948,-1.2675217671473047,-1.6010449700560065,-0.1582037937523952,-0.9968602154182137,-0.31510138856674963
40 Days and 40 Nights (2002),0.019398509580408927,0.9763572678846298,-0.5065636352338936,-1.3530764448712023,0.3266082074178866,-0.9164455495754282,-0.15092984219807434
American Outlaws (2001),-0.7158830236486702,3.44520706203867,0.2605815777509049,-0.6452926962871469,0.32542791700254137,0.7831696274352399,-0.40247479178448176
Swordfish (2001),0.9807933262826777,1.1237113288423426,0.18559234794333612,-1.3741344713909587,-0.10950225347229244,-0.9978327414673362,-0.18434024280020905
Someone Like You (2001),-0.2887954854284579,2.2984900038507887,0.15019018636056902,-0.9542035863467162,0.20459667058340844,-0.3174280533257853,-0.49981930348483256
The Forsaken (2001),-1.1720077924926118,2.9884557760496984,-0.2147076613760489,-0.9456657583553538,0.5203517068034108,1.052056098698282,-0.09431969742595751
Invincible (2006),0.2460807006322706,2.8739689710171077,1.0465212294773734,0.5232971791357031,1.0833554402992274,0.11018987348822444,-0.802772180980594
Moonlight (2016),-0.6697530552879256,0.5758346507620896,-0.7145711458119155,0.46704943036787194,-0.47753655118597715,-0.00856203815090785,-0.07008044406932379
Spirited Away (2001),2.8118315220513073,-1.8194676045130378,2.5678298655097382,-2.280026709042275,-1.0502974738802382,-1.100007849291159,1.5295401988114503
Windtalkers (2002),0.24256173061696196,1.1323233866981604,0.7789189588520586,-0.715974027682553,1.233069370249113,-0.7794803374967042,-0.4508075909365411
Y tu mamá también (2001),-0.3084667875253882,0.609782355146303,1.4441248352714617,-1.35653806948364,-0.583135841017458,-0.29917913779730093,-0.588778640410074
Thir13en Ghosts (2001),0.023534883671159475,1.980170448680837,-0.3811164067422717,-1.2234346953289437,0.24282592021014368,-0.6801278129695734,-0.08012609996434303
Joe Dirt (2001),-0.2429912743867438,3.048021315223393,0.11735843469938481,-0.8054532009281473,0.10611681278406085,-0.026570862993808543,-0.33016365379466234
Bulletproof Monk (2003),-0.5399174563663098,1.8537179510261896,-0.09048283002822284,-0.8212304074280407,0.6666613114402478,-0.05757492748722806,-0.07038436839739591
The Count of Monte Cristo (2002),0.7913046392320371,1.776104629501454,1.9336422574132295,-0.4261563018830185,0.2185842320766779,-0.5430861102588168,-0.7678108253988957
Kingdom Come (2001),-0.48370499556568225,3.571014235590717,-0.10814194704309452,-0.5953912828812976,0.5655615659574987,0.2939180362120316,-0.402152852075958
Die Another Day (2002),2.9977484922595274,-0.07562062321050814,-0.11821003181361645,-1.2162850610012876,1.2286119730981264,-0.5643394167666259,-0.5832922245766646
The Musketeer (2001),-0.4528310730392709,2.8952239695330073,-0.4535137219406127,-0.7552312104019404,1.2171697731263575,-0.1621278863297908,-0.11395318162787624
Focus (2015),0.4096282290560514,-0.12105395286818726,-0.28255441300559775,0.4176142185069789,-0.35576379393936103,-0.7129125384132666,-0.6708396541224108
Rollerball (2002),-1.0313462880977202,2.7013666236060687,-1.647770379416373,-0.9608326199743038,1.9525694140639314,0.13694962984595035,0.7190668151698673
Tomcats (2001),-0.8712560089061068,1.8941560645899673,-0.36252464424695685,-1.230400200435566,0.5764334413939715,0.003396034457456836,-0.09637238821615657
In the Bedroom (2001),0.29377086416567083,2.3350046522529824,1.7880996978334218,-0.33882545402963166,0.5197963003172119,-0.32274107164206234,-1.0871765675758536
Juwanna Mann (2002),-1.0802656319690882,3.621605477477846,-0.5591973113292381,-0.6074181363409097,0.9158734588861881,1.1601867043539122,0.07183218718726725
The Princess Diaries (2001),1.376385014011481,1.7480873680488098,0.4592184934286036,-0.9122905438068569,0.5138538002961216,-0.8423430644086601,-0.39837745587016965
Super Troopers (2002),-0.3227453871013146,2.497364478689477,1.066571537953027,-0.7087157743875365,-0.2779199156778142,0.4703366253803735,-0.3774847159488895
Kabhi Khushi Kabhie Gham... (2001),-0.7630809599507165,-0.9209430433513499,3.644921947132113,-0.477489259879669,2.82168161213702,0.5019472506709588,-0.8621476614916388
Manitou's Shoe (2001),-0.6776710752977175,-0.8689149290267643,-0.1425588247648504,-2.154084588630586,-0.618800705311029,-1.1083863377243297,-0.6381720432070366
Ali (2001),0.8008674709540032,1.4550513965687146,1.7605623624152398,-0.3699925004014394,1.6420186937704446,-0.8235638580493418,-0.7203847807528554
Tom Thumb (2001),-2.214314436781884,-0.6240760790559385,-0.522234103222858,-2.29456328441393,0.288546017130095,0.8615466524439114,0.2168302925128062
Domestic Disturbance (2001),-0.07031496696649045,2.9379907762552993,-0.3623996725166521,-0.8699365080418732,0.28839992565798317,-0.3614143718793951,-0.38194057480587923
Asterix & Obelix: Mission Cleopatra (2002),-0.28411396954788465,-1.1810089941412674,0.2237831788480669,-1.8630475947384355,-0.05714278286816658,-1.174959144453403,-0.6063644059759341
Crazy/Beautiful (2001),-0.4891838359507227,2.838297693604735,0.5746225408270306,-0.7313685194482398,0.1400136259581541,0.30209901093034935,-0.5798919660101607
The Experiment (2001),-1.2959509559203317,-1.16726900616849,1.7423472246927059,-1.8614963170308867,-0.24000639408922383,0.42587862669252385,-0.4384461119112666
The Brothers (2001),-0.20710114515001463,3.3232863932842687,0.6353266494721578,-0.4333793687398014,0.46321097963581076,0.1444934263335826,-0.7451502859507944
Corky Romano (2001),-0.593740499536343,3.549856470677381,-0.8237407992932771,-0.7915605202511984,0.7607164226037917,0.13459756277815205,-0.035011903745633705
The Deep End (2001),-0.8549484611846394,2.9280135746567764,0.8065212328951906,-0.6963954814427906,0.17288509890748857,1.029072806880458,-0.5881394429707594
Legally Blonde (2001),1.3042574132350242,2.038879345740366,0.3065276748239307,-1.1268048573947678,-0.18826582783971768,-0.7994300781801826,0.03897399802811954
Rat Race (2001),0.5726099573929914,1.881196724852651,0.654219409664635,-0.8844520227068564,0.3651686889975101,-0.7754493344151895,-0.42944589738222855
See Spot Run (2001),-0.2990935692652323,2.6815198232586623,-0.3863181745007681,-0.9041786946814437,0.5497526384988484,-0.3660807289405949,-0.3507074410471186
Unfaithful (2002),0.6479710764886937,0.7472331964793295,0.7898559713961527,-0.9415070097822238,0.552852349414016,-0.9839588866057462,-0.6237815826112064
Evolution (2001),0.30569016054938225,0.8690914630264814,0.011236903515159428,-1.4490774062539777,0.17831086022439122,-1.0468952218278584,-0.14355426303091157
Hart's War (2002),-0.3593305565163588,1.4939269136858697,0.9924023732662383,-0.7164350074401847,0.8079087104890266,-0.11624114742811974,-0.4596504883776618
How to Lose a Guy in 10 Days (2003),1.600595950381625,1.3651673788221523,0.6050414472653396,-0.8177772987644054,0.33488794773042296,-0.7735822394510715,0.10830040149893674
John Q (2002),0.878990098823947,1.8850325484190855,1.1012802059207252,-0.6423661566829251,0.11376798741585802,-0.6423258566007706,-0.5887472610243828
House of 1000 Corpses (2003),-0.7588282150226474,2.481487338203071,0.15542902046546403,-0.8230734004392828,-0.06761885507008446,0.6545036226721398,0.03316044846740498
Long Time Dead (2002),-2.0259539819591024,-0.4158263635621092,-0.896108215132827,-2.0639858938843187,0.7119435945611682,0.5738753866932159,0.4662140735687236
Surviving Christmas (2004),-1.058703740420505,2.5631433400555492,-0.1944968485725449,-0.6406621610845541,0.30578703887880154,0.9118586900395218,-0.01163259872882062
Maid in Manhattan (2002),0.8633841356108025,1.7204311120676836,-0.5155620484379102,-0.9714626579052266,0.7857543659837131,-0.8460035281547642,-0.22818435775726215
Rabbit-Proof Fence (2002),-1.0884709712136775,0.8274654008006038,0.9769399715447159,-1.3501138873173646,-0.7563970688490278,0.6388287271705771,-0.6226628443314123
Hearts in Atlantis (2001),-0.20068086820009373,2.4824938532329877,0.8521487109054239,-0.776113391871384,-0.12175656520343721,-0.05926658490439293,-0.7406208642476171
Heist (2001),-0.23561115151541467,2.6303403951870403,0.8084823300711241,-0.6479483833917405,0.3697194562066928,0.01792388921692153,-0.6290650022599948
American Pie 2 (2001),2.259629402419949,0.9883990565872418,0.04111118983413337,-1.3417961625602868,0.24857451213633047,-0.7512803613504434,-0.17280931129968097
The Pianist (2002),2.4424738433657627,-0.49902321077466,3.6475941268372494,-1.3902029040722725,-0.29792808867128756,-1.0471191225342125,2.1864177975576107
Reign of Fire (2002),0.3026418876905601,1.3989717162550328,0.18016798680657659,-1.1193325663159628,0.11553346074315207,-0.8001856224700562,-0.10425083847053061
Star Trek: Nemesis (2002),0.22545300507081847,1.7516536756142564,0.6714198172835912,-0.7307104098910979,0.5314850191767719,-0.5795804794701049,-0.47115859145835776
Out Cold (2001),-0.6768787047774689,3.320421306990665,0.31097210096939043,-0.7298155080550772,-0.013768073490168252,0.6862515361977132,-0.4937338252793328
The Sweetest Thing (2002),-0.42654087078220554,1.008297357953392,-0.9670514691526193,-1.5545216220010794,0.17804682919321013,-0.8140248540999766,0.07340014033414144
Be Somebody (2021),-0.3550077094972072,-1.9115023041560248,-1.0110184510983389,0.564365487318374,-0.4807026840128445,-1.2042922313227127,-0.2503340061550707
Sex and Lucía (2001),-1.4281307788205502,-0.3053696699291842,1.5351961489762622,-1.4750315804151393,0.5117400107130292,0.8254740827803349,-0.4815497729753323
Koi... Mil Gaya (2003),-1.3207439774091798,-1.4275575690225524,2.415485866207608,-0.9541907904880861,1.6998145144726338,0.6260262161501633,-0.6009805030687381
The Piano Teacher (2001),-1.3835453501502084,-0.6457853967778642,1.9580861769267282,-1.5538736663604231,0.26740285944881115,0.9059760302463262,-0.4878275331230265
The Point Men (2023),-2.105123066929373,-1.5122352151230924,-1.6997603552406264,0.663006993797188,0.46575191981085795,0.4231908293530514,1.034221312512596
China: The Panda Adventure (2001),-1.6442995867796506,2.2820771275873373,-0.9974020838755107,-1.773273055644148,-1.0682641081681958,1.0924991707457798,-0.025939295823848102
Pinocchio (2002),-1.3248311307733034,-0.3963288850388415,-1.0423647412533106,-1.8009344907711204,1.4134332794186497,-0.5811607301059508,0.28824706996741234
Pinocchio (2019),-2.0238942583828945,-1.1164168595199728,-1.3518596267042409,0.30985873946341885,0.8809724741881476,0.7545688740961768,0.9306726183175434
The Animal (2001),0.0810001037688523,2.4117834073937194,-1.1320957652764312,-1.2099924100679422,0.5363306313799322,-0.7573950072677021,0.03280098895581409
Baby Boy (2001),-0.016311265788473146,3.064017405463426,1.3076715709729483,-0.1735980670518942,1.0735475474459442,0.08332196961237591,-0.8472773528560489
The Devil's Backbone (2001),-1.5530801740504072,-0.5227568604356739,1.324711869363852,-1.8606627955610426,-0.4416510972252099,0.9265110884591439,-0.3719684590685536
Possession (2002),-1.0230979435486398,2.0987453136634526,0.5760626027603322,-0.864405919144726,0.2289090736058096,0.9098529749085964,-0.41426675268536783
Shallow Hal (2001),0.8504400536836002,1.1742910404964033,0.16744716793895403,-1.1612806192780925,0.6787612620863525,-0.9665235224281135,-0.24196412830023317
Sweet Home Alabama (2002),1.4135504796808152,1.994532876266735,0.0578687738957149,-0.7699136227675972,0.4318817307974799,-0.7496878107798739,-0.5003415881277772
The Curse of the Jade Scorpion (2001),-0.8819745997396328,0.9264702303449066,0.7101327487419116,-1.371740682218215,-0.05578534890309439,0.12178210797532114,-0.4373414973541377
Road to Perdition (2002),1.8157300786835566,1.1772900925770464,1.3959993632438994,-0.8995888819806598,-0.3014419804423147,-0.8322241947180908,-0.3795072829435139
S.W.A.T. (2003),1.508192362337451,1.232648470928075,0.07203199895871694,-0.7971657551525307,0.6895588743833712,-0.8453760952562095,-0.3686961608186821
Scary Movie 2 (2001),0.6908463205718971,1.5344826071453017,-0.8680249042427352,-1.545246222645532,0.05508656603625274,-0.9610512120890743,0.20428674128972976
About Schmidt (2002),0.8533019721851005,1.4186590853436407,1.298979779559829,-0.6649401111176927,0.3157928201692439,-0.7525494929097152,-0.6870789550717737
Cursed (2005),-0.8934990534169821,2.015809377273657,-0.4890818323302238,-0.6272348630134678,0.6459675575386944,0.41320484669583035,0.13962257486738908
Kangaroo Jack (2003),0.04208017604747765,2.6157180517734027,-1.2761197347108935,-0.7945078252622568,0.8449409886488988,-0.5303196575775694,0.04238069713311767
Black Widow (2021),2.1836293955958768,0.11248015464746527,-1.5460878776303855,1.1819005025982416,-0.6288381168692363,-0.29799525979331487,-0.9124041984132335
High Crimes (2002),0.11790407882502305,1.8046692739305026,0.6179429389539561,-0.7056541775684826,0.5262047070526295,-0.5419203737342445,-0.607101243680155
Panic Room (2002),1.6873952991486543,0.9266114310780815,0.6475145915905361,-1.149136557144244,0.04179020448468978,-0.92371807181554,0.008357147870209074
The Quiet American (2002),-0.6680360789746591,1.1543895471468621,0.7892812895116061,-1.124016556294453,-0.29230371694573165,0.02855385830566479,-0.6363240502770976
S1m0ne (2002),-0.8458246347447093,1.217276968790406,0.7018869861758987,-0.9990854431386194,0.7087162323021692,0.33793812635965315,-0.1686759182452672
The Bourne Identity (2002),2.658698760830236,1.0412422819110434,1.8223187827017855,-1.0942920029893823,-0.48161509526129853,-0.7859530051065777,0.7361426598028233
Girls on Top (2001),-2.0242787157058917,-0.6158678962968277,-0.5742946875258694,-2.2586155330025433,0.2921450950172296,0.501565928405459,0.17574676314868234
Dragonfly (2002),-0.23652222361229355,1.6566284820840897,0.19587790084517345,-0.9506918844577198,0.34651808650444305,-0.4296493790446046,-0.4287548826037792
Ghost Rider (2007),1.5806015646896039,0.9339097269683041,-0.6474804664169185,-0.567461859636514,0.7396114879691537,-0.7674095516251798,0.45039010503376636
Lantana (2001),-0.9510009473863811,0.29322004557731574,1.3894380752006024,-1.2987351963358118,0.19197525380044902,0.1950927216405025,-0.7027299155382937
My Big Fat Greek Wedding (2002),2.8502602560207704,1.6488274135679641,-0.5019582973902912,-1.0531304969914508,-0.13967725997790473,-0.32933037953572736,-0.8874838605147273
Vanilla Sky (2001),1.8599741416351294,0.7458430518945361,1.2431284198282873,-0.9998478082039133,0.7636700563619957,-0.9583405404304972,-0.1964984411791406
Don't Say a Word (2001),0.446366987231569,1.415104921839351,0.35369636852512254,-1.0099833989646088,0.5284680224747234,-0.9463699864875398,-0.6404486361214948
Serving Sara (2002),-0.7749289843192135,2.876584983251956,-0.14048825120092315,-0.6854569804418883,0.7512164828736394,0.5075427260366626,-0.14366788907174877
Jay and Silent Bob Strike Back (2001),0.20153124021850108,2.895727487111959,1.0479614433409996,-0.6594418062265729,-0.020278416828671337,-0.07925947278213318,-0.2733253063540791
Empire (2002),-0.7175845809524262,3.3266942392372143,0.09256497236886951,-0.5925050545430122,0.16962460658071188,0.7354130745631485,-0.4084099763300017
Gamer (2009),-1.2593393705621374,1.5092985936892171,-2.1764827707905896,-0.4568809435596449,1.5022049967151743,0.08406876033179572,0.8601109682442004
Jeepers Creepers (2001),0.10448324907435966,2.046354434447342,0.11008079324711116,-1.1989704211989125,-0.1618207751045151,-0.5146287472260216,-0.06122221538383433
Megiddo: The Omega Code 2 (2001),-1.2951248980076784,3.673589249743992,-0.6958032000300953,-0.632291699005508,1.8170452078467536,1.3223742769036548,0.31946785820736123
Uptown Girls (2003),-0.1698006947254516,2.759274597071788,0.1253360971214451,-0.5798256784017798,-0.039025883583805696,-0.009890920083986472,-0.43253756611913097
View from the Top (2003),-0.8646273905215713,2.7825671103578964,-0.43919406567461344,-0.7541625174255748,0.332720697882336,0.5165700827113394,-0.01996358640245955
Basic (2003),-0.3173353384778129,1.8314112810785614,0.34475661316971634,-0.8340184504969725,-0.045730533787629535,-0.11051311737168736,-0.34880414304150875
Catch Me If You Can (2002),4.67888282118461,0.11646684484955996,2.8768243545254926,-1.431672638387694,-0.3021357920519078,-0.49680161555759517,2.5824145019609275
Changing Lanes (2002),0.5080701875901505,2.1383885504740876,0.23730610453770354,-0.8176909444875082,-0.04603847525054755,-0.642726388938997,-0.5911518736743845
Frailty (2002),-0.5379336520150722,2.2911327171128386,1.2001874111359405,-0.7701321990218012,-0.39056972075729757,0.7024606774185881,-0.4758272713194993
Life as a House (2001),-0.2824464509045316,1.6928191157497183,1.7154489295384223,-0.6959989419322545,0.28555380270220776,0.05411266539713612,-0.890509722501204
Murder by Numbers (2002),-0.06823257246898792,1.4687819611949335,0.5062214555346778,-0.8620237156889233,0.6054719333495507,-0.5412162602026517,-0.4176969509948094
America's Sweethearts (2001),0.7870535561395056,2.077142478563275,-0.33743644709870557,-0.9788824264610672,0.5881883202287406,-0.8168420935655434,-0.4951403799634028
Black Hawk Down (2001),2.2227510098437815,1.1888695375387064,2.2792873947378953,-0.7479185365678548,0.4738354350982543,-0.8217762481162768,0.10962803903445086
Black Knight (2001),-0.2782746784920849,2.977260417009383,-0.5972388308473298,-0.8504792276208227,0.8645610943514349,-0.31736163794671657,-0.041634025435702604
Chaos (2001),-1.8643413374971052,-0.9874232715116453,0.9901428367687796,-1.9997800446949678,-0.1143906405067747,0.8747819157257942,-0.4646767056311306
The Girl Next Door (2004),-0.21699573729240754,1.0554614131929256,1.0124928849007013,-0.9185157285761617,-0.07721643544179248,0.0038181790140140144,0.38605026114745045
Big Fat Liar (2002),-0.03680361142172573,3.241843379319448,-0.4136299462881836,-0.6505236267107266,0.3000784187665892,-0.20973912135826184,-0.28133068630041913
Monsoon Wedding (2001),-0.5561863806610551,0.7459998215661052,1.2728759363888924,-1.1571617650391333,0.005933811059339976,-0.1996624152665786,-0.9010082984808483
The Mothman Prophecies (2002),0.08833276536424198,1.7600971935760863,0.7988858920273411,-0.6954113123061435,0.6221048878880808,-0.4520143700988328,-0.4348441398992182
One Hour Photo (2002),0.02630398615512141,1.7462787983072334,0.6084770256932244,-1.0264387410226379,-0.35809898450003036,-0.36002413261363614,-0.2824908963964159
Recess: School's Out (2001),-0.10518363872388647,2.877507600517422,0.06015751250388675,-0.8990497085421175,-0.44159232118974134,-0.32897474675402816,-0.7397258946301296
The Rookie (2002),0.7686263818460009,2.8180123230691505,1.2296649313989563,-0.09762264591655546,0.6970360644656117,-0.49813778976412776,-1.0310026870351714
The Royal Tenenbaums (2001),0.9998029189679379,2.0676321483312607,1.6709705776738708,-0.8717714439247745,-0.4423324338830438,-0.5688802492259554,-0.016531750517672666
The Slurb (2001),-2.031510926710794,-0.7659892863515386,-0.013355073478785135,-2.1185967073979657,0.43354411229319006,0.725891733204496,0.013208720000060884
Stealing Harvard (2002),-1.0127556253770396,3.60365096583988,-0.4419950290364645,-0.6627343488242805,0.49280771055792133,1.1133711626433234,-0.03565718253182432
The Last Kiss (2002),-1.437233169483747,-0.8340866330883874,0.9440509963241391,-1.6770867850855482,0.11806470449421477,0.2737432209505109,-0.5240473800910604
A Man Apart (2003),-0.3580488054924563,1.6810912266120104,0.293984350429013,-0.7572077667075985,0.527846854525525,-0.17595263671449554,-0.3041521580788549
Duplex (2003),-0.9959608018342917,1.4839955587577398,-0.0835806432974863,-1.173038785525158,-0.0646008400828937,0.3575485283026197,0.01449518995152337
Finding Nemo (2003),7.777459153443863,-0.7447010881030203,0.5940353035254047,-2.1590281571399674,-1.3907153045753486,1.0305013398641407,1.6073809134331567
Kill Bill: Vol. 1 (2003),3.353118115038481,0.22695965109986374,2.8097385261074352,-1.7289982606905958,-1.4744341098850533,-0.8566357714565167,3.417226921833636
Rush Hour 2 (2001),2.8582055820692607,1.7199193631717369,-0.3202532194010638,-1.2955879945758597,-0.39460636500295354,-0.37390597510783924,-0.48258292552262133
Spy Game (2001),1.0591353142952438,0.6551071250840104,1.1342505626570145,-1.0889416403544327,0.37688462906303055,-1.0421577416340988,-0.5812268285818897
Abandon (2002),-1.2049322984783897,3.0579572085888023,-0.3368332106231622,-0.703337845690148,1.068114661341162,1.214483655975401,0.08981161941333704
K-19: The Widowmaker (2002),0.2001960826317175,1.0763234069078123,1.2997794872840203,-0.6294325834462895,1.011731087792421,-0.6474561881885285,-0.6702200506239732
The One (2001),0.09894667518064591,1.9500421564046073,-0.30113658856355596,-1.2602971255433586,-0.055098979383111514,-0.7196826716969407,-0.1892593503709965
The Ringer (2005),-0.30672776881842123,2.8817047089115353,-0.10103109236818338,-0.26151084812300557,0.20878640147176888,0.1926897826910786,-0.25205318291570317
Scooby-Doo (2002),1.710126215170993,1.5315701063802591,-1.3361402100967446,-1.327338206764439,0.2808298747791163,-0.719917922513578,-0.2508956001528721
Adaptation. (2002),0.17534471059360418,1.8147154933333045,1.8460476197435767,-0.7128385176841116,-0.321989831762874,-0.005492906065990455,-0.3281515208984795
Home Sweet Home (2021),-1.1370563931153062,-1.4517618006578101,-0.5522483786294112,0.639540473016651,-0.6228197349454933,-0.5983376076412249,0.12235931757454302
Ice Age (2002),3.3799649095122684,0.705829184751845,0.19628243666367887,-1.740021382748234,-1.3812694506717587,-0.4600870313927113,0.407418875467636
Jimmy Neutron: Boy Genius (2001),0.5449053721739485,2.7131375203607804,-0.4132045149677203,-0.9829172616437277,-0.2259110153552867,-0.7414417331583114,-0.6355517326297998
The Time Machine (2002),0.5492716557907169,1.1406189222289458,-0.25757394892344243,-1.276118944756954,0.08520337495566836,-1.005638508569124,-0.17571356216858927
A Beautiful Mind (2001),4.288079058490122,0.6222319383343727,2.778108412517501,-1.388246761755402,-0.42536536713640943,-0.5374021053330481,2.052740549120426
The Majestic (2001),0.15746260688112795,1.8600813784408852,1.9645564345332545,-0.2793736719482233,1.4183128610473934,-0.29678866995443126,-0.8418487950620523
City by the Sea (2002),-0.42729178726939326,2.389342534790476,0.4689946463947132,-0.642945725051246,0.5312348048954958,0.08688432206572409,-0.46876804463641736
Two Can Play That Game (2001),-0.4195254136304208,3.5365642666476154,0.19676419998670405,-0.6131986337691017,0.09190432028924117,0.32596842775030904,-0.5872424356974361
The Hunted (2003),-0.23130104222916234,2.380954352541165,0.07084840553231868,-0.7025080043303401,0.049340322774013685,-0.1015110040015465,-0.34616167589526653
Confessions of a Dangerous Mind (2002),-0.3438588335906563,1.0999698391684438,1.1080519390354053,-0.9982799328427542,0.03683546589005258,-0.1828648304163624,-0.4570720251197229
Mad Love (2001),-1.7197064825230646,-0.8522603612082589,0.773637581274683,-1.8782651408632143,0.3696114677472052,0.5581243579715701,-0.35178753800430157
My Boss's Daughter (2003),-0.9391048573895936,3.0818630799355615,-0.8077791222133024,-0.718115597744985,0.6655836070422384,0.5933068316702365,0.1985582087464218
Kiss of the Dragon (2001),0.03904708311012723,1.6492225269712601,0.38170187681916357,-1.1398115385714942,-0.11375304137487742,-0.6113549245002458,-0.5580827106151979
Eight Crazy Nights (2002),-0.6336374197476248,3.6958678197644708,-0.6137851329695082,-0.7067366577905114,0.08451738072585777,0.5040796973901677,-0.12444978672479567
Eight Legged Freaks (2002),-0.6091971339738,0.9436403578733578,-0.3214047948098347,-1.359691287123346,0.4668995234177436,-0.49268634085898316,-0.006179432142354287
Black Swan (2010),1.1191110311687575,0.25657055748537905,-3.1124116146389804,-0.6632470062638117,1.306387777496107,-0.7854982950252294,0.03560551146258261
National Security (2003),-0.2887048890914921,2.4182880230940063,-0.40530799760456443,-0.8191405866941383,0.1484340865569732,-0.16765717057133012,-0.13863462472874183
The Last Castle (2001),-0.17413252711915925,1.7077054164889187,1.5655661386006405,-0.6706710995910925,0.733151397592653,-0.05414014437376294,-0.5771036811298196
The Forgotten (2004),-0.03157859049011689,2.3640754598000706,-2.197759194136283,-1.776578163217677,-3.1508941978836313,-0.6602117634238542,-0.6049527505627841
K-PAX (2001),0.7299892555733137,2.183934217607938,1.646264448862113,-0.6356912808717653,0.07183991394458872,-0.4669341756145958,-0.4666906396408299
Narc (2002),-0.7858395260618526,2.566487588510636,1.2866436342758012,-0.6027824167494447,-0.11587967484632461,1.1872179663183415,-0.6296468901231179
Punch-Drunk Love (2002),-0.17588804271654157,2.1990012427038996,1.1873928888212313,-0.8965877883124989,-0.6741352764289896,0.3069094229182341,-0.18190506467702156
Contagion (2011),0.03214124402237029,1.3895418624251485,-1.8987450485855242,-0.01937127274702134,0.9928020305228675,-0.49614753883914536,0.21746192490331717
Darkness (2002),-0.6396742818903357,2.195343968432981,-0.518141762961085,-1.0506113403420954,0.29319939585467286,-0.14080240712315858,-0.16104677440890464
Max Keeble's Big Move (2001),-0.7238697793019567,3.3857198368235397,-0.32497652171363384,-0.8049801324572265,0.3572672134787087,0.471022969801642,-0.25381648909929316
Orange County (2002),-0.05922334907755157,3.364924212456619,-0.019567527168263616,-0.642546226371326,-0.28627110441764453,-0.011991528772943297,-0.45203250708135667
Tanguy (2001),-1.330891355459555,-0.9356515032283246,0.3750078725486472,-1.975788581388152,0.18435927311149572,-0.32549082429462695,-0.4074414406214364
Johnny English (2003),0.49747375493082174,-0.13477201470540318,-0.44102534546353755,-1.7213231849267279,-0.4836836090693647,-1.1011206879249413,-0.0415923597539738
The Hours (2002),0.59950296152602,0.5430535885948312,1.060145300823783,-1.172072181572518,-0.3867419703407552,-0.9321972564697695,-0.6562670588282762
Crossroads (2002),-0.45456955381513436,2.1202890449199527,-1.5489530513938377,-1.1434726274863791,1.3464753191086343,-0.6021328338327658,0.42780677537296474
Bad Education (2004),-0.7883244882910465,-0.6447639531720333,0.9479184980660185,-1.3789242626497487,-0.5380313258066289,-0.3338072516834578,-0.5709888331683088
Lilo & Stitch (2002),2.109722309738397,1.213317423981513,0.04570817359811085,-1.3283125956994453,-0.9727237708627956,-0.6714035791770964,-0.6073254452520139
The Country Bears (2002),-0.9818191583051807,3.5071439244518015,-0.9745631129177265,-0.7031858456977244,1.0345181715370038,0.7030027204770507,0.18656175633629027
About a Boy (2002),0.7312726498138773,0.3519770399169288,0.5666515032889892,-1.426666320182747,-0.47526026558402784,-1.1003256800289885,-0.31653159699099614
Dogville (2003),-0.6003207359614919,-1.1708698184234265,3.100328485425105,-0.8642463714490911,1.048023029699943,0.24218843905833556,-0.4118112892645288
I Am Sam (2001),0.7225929757630417,0.5100178059912903,1.7051993800115652,-1.0136962871726656,0.2540057154856282,-1.003833747038073,-0.7172851973466364
Bad Company (2002),-0.1910730285193245,1.124987286740244,0.26893448000768366,-1.1363538436608316,-0.1918878953854693,-0.6841503850579308,-0.8088101585042435
The Scorpion King (2002),0.9824743578602407,1.3704336421198495,-0.7883792788576689,-1.2987349136445263,0.2808831314768038,-0.9209383662200954,-0.05427258247243699
Not Another Teen Movie (2001),0.014204980067979016,1.826518816992606,-0.2687589285682431,-1.3068907882941239,0.04023282042247957,-0.6568582453823696,-0.03104339917975588
We Were Soldiers (2002),1.1338951963958064,1.5725613420024087,1.6091410103511348,-0.43149314529865657,0.7225413311591498,-0.7711822654575659,-0.6941667471316357
All About the Benjamins (2002),-0.41788546671294446,3.4478702977104025,0.08909807996712354,-0.46607962207193554,0.38119595878362683,0.3645596162236141,-0.42955954390959955
Enough (2002),-0.03596538934644313,2.3797081318422646,0.3499352575177905,-0.5641631255273624,0.9085466288982211,-0.26926453124496114,-0.3800512433932497
How High (2001),-0.06571136818848552,3.5098433521687764,0.3364617353318286,-0.5861640819128617,0.08720936559807944,0.028729015830856488,-0.4596870575847415
The Importance of Being Earnest (2002),-1.003240665483454,1.2858363101073838,0.6715952439653097,-1.1803219708940436,-0.2852830104217089,0.5317923859423946,-0.49485947753907406
Insomnia (2002),1.2428974716491754,1.364017754770215,1.3709584482236636,-0.8997848569184259,-0.028147607336474045,-0.7938739372609216,0.10564592997790306
Hollywood Ending (2002),-1.2589112289172069,0.5652058401093518,0.806771395894353,-1.281837762226914,0.30525167222869803,0.6987835297735518,-0.3141168866019286
Gods and Generals (2003),-0.21133979848311324,2.2724402794557066,3.252168402329088,1.0012350266855135,3.9320053031431237,0.9875090307754278,-0.8107406919551513
"Godzilla, Mothra and King Ghidorah: Giant Monsters All-Out Attack (2001)",-1.4275863883426154,-0.9951407762762919,0.7697794783179137,-1.9878977871616428,-0.25412997422704536,-0.01936395093500938,-0.6160026079662986
The Good Girl (2002),-0.7364260157308076,2.77233090130758,0.5124326543318476,-0.7420978784217032,-0.08646575817824938,0.809742893478935,-0.3710738886904592
On the Line (2021),-2.1636941970215706,-1.2791559833765926,-2.037967116817822,0.2379700970844213,0.1240207083212985,0.36872901825443294,1.0741602689648093
Dark Blue (2003),-0.8800598586124665,2.19443791804227,1.166483484493373,-0.4415915377250698,0.5309902371812366,1.0597743295395796,-0.5161044793494937
Undercover Brother (2002),-0.1499769337222711,3.3308573257930214,-0.13785649293379013,-0.6178151642668924,0.017945733359632034,-0.007601925788109514,-0.40891364059992064
Divine Secrets of the Ya-Ya Sisterhood (2002),0.4673392649436023,3.0364016093103037,0.48613601359885683,-0.24442040349264726,0.8353423328762193,-0.41063354244399586,-0.7475472806991637
Sorority Boys (2002),-1.1561839184809801,2.80384505665045,-0.044462811424315074,-0.8198256224042806,0.4572291605559424,1.1745030716403475,-0.10624088803940337
Dream (2023),-2.342823557581136,-0.6451995419268078,-2.214601782647171,-0.2600133937833348,-4.11005416352294,1.1147594962752834,0.5041270198080111
Brother (2001),-1.4797087381956935,-0.43581640163258967,0.24279191231575917,-2.047735434772564,-0.5339004464008842,0.08800818411821344,-0.39563023673018005
Joe Somebody (2001),-0.4485453857902299,3.258705883641398,0.015197930279384672,-0.6445650488620549,0.6036397038403725,0.16225162541216112,-0.4018369251161338
Return to Never Land (2002),0.03549919915154904,1.3346636747147866,-1.0329487816751846,-1.5034270241628067,-0.47247825736914434,-0.9340291303833576,-0.4331686906819578
Trapped (2002),-1.2139045393061048,1.451263536992577,0.5098246641768267,-1.0805457617339893,0.41391591271609995,0.906401530190462,-0.2224914212382191
The Banger Sisters (2002),-0.36006462880741696,2.656615259381933,-0.06398729471056626,-0.7055996480805394,0.47147224240207,-0.07715992770929214,-0.38226504940105116
Carnage (2011),-1.3887111033780384,-0.953224553101311,0.4726337978762074,-0.29462750261934006,0.7493081371444822,0.4404716596567573,-0.05377977068755413
Mr. Deeds (2002),1.3048030242552657,2.2978437827819667,-0.3794976220369378,-0.8889791495464526,0.2819625933403421,-0.6893752181129502,-0.17924147150927047
Femme Fatale (2002),-1.111298249696379,0.8262507315309504,0.6631574670571916,-1.1772001272953543,0.5487221844281744,0.5170330397956389,-0.22369631444293406
Gosford Park (2001),0.5489923403410536,0.775772222137444,1.5360889031709148,-0.848792376893023,0.6909277750186434,-0.9521998984037706,-0.8237492532325984
The Guru (2002),-1.365828372034272,0.01345591565662868,-0.5271520715202821,-1.7925979948601285,0.327760942293647,-0.1358295398607382,0.07067428722416319
Heidi (2015),-1.6467657124530881,-1.6861606807651257,0.11292432302225491,0.049783484222431916,1.0658182737636002,0.54010412156067,0.2073378764886315
Iris (2001),-1.0629346755966846,0.8004200210378387,0.6042227070077817,-1.5554657041955948,-0.5956356708416435,0.2390139324326807,-0.5666755923954379
Wanderlust (2012),-1.1472399874541486,1.9819547355700404,-0.06973332563133319,0.40272151186239064,-0.09929457146865552,1.2925951362660533,-0.08223862098452281
Undisputed (2002),-0.8800262352239324,2.885499389358376,0.36715376233506225,-0.717926505131337,0.1364414365171136,1.00820759222784,-0.2990857150924652
A Walk to Remember (2002),0.5004292949674913,2.7268608423561904,1.2987026419345935,-0.6086430240313566,-0.4767657073794937,-0.09911070310617924,-0.19108356998696477
Wasabi (2001),-1.719220756881739,-0.7772293488271661,0.39462195718727616,-2.1743469728397034,-0.3725393362378297,0.5097630601350616,-0.16109823135734413
Snow Dogs (2002),0.4614323722131442,2.2688479193068756,-0.7144021090582053,-0.8373891486530793,0.7737839547292868,-0.7934388205160343,-0.36387620046674113
The Circle (2017),-1.0672063837271262,0.8891322088263052,-0.9268059645615802,0.7532024436135473,0.3389333093922148,0.4650267651418118,0.3410245537620742
The Wild Thornberrys (2002),-0.21964216245378945,2.204143606304158,-0.5325483114579753,-1.032148334206814,0.03649569821183465,-0.4916861337728121,-0.3904455690281016
Darkness Falls (2003),-0.5021873779783963,2.338851787659513,-0.8693760355080267,-0.9208672275055075,0.436004599410295,-0.191723658815397,0.023998426112757727
The Crossing (2014),-1.5829972395995926,-1.1296964941148435,-0.018110693315479428,-0.48136427758620853,-1.3254333076027953,0.6158007551580739,-0.17081841937313294
Inferno (2016),0.014208040642712515,-0.5737732015433161,-2.9402034509933426,-0.0964988398497007,0.9912060802154161,-0.8729368514672049,0.4680998774755177
Life or Something Like It (2002),-0.7864467809017297,2.8470507939834313,0.3340063553626165,-0.6145176961723068,0.5871659539962276,0.7806072553444188,-0.2719685316292937
Swimfan (2002),-0.5083856003224463,2.9836303745252937,-0.7056752948906219,-0.8299155006722436,0.4267474408027393,-0.04088704783366766,-0.10804160944537225
Tuck Everlasting (2002),-0.5059180844896224,3.4263233537351128,0.5723559541637235,-0.49779064084618824,-0.23513688018695073,0.7258609091985055,-0.61968645003507
Van Wilder (2002),-0.32979456762505227,1.6456483742298706,0.2879440697318237,-1.1605101141285807,-0.253856462411249,-0.21824516952486872,-0.1223608297884469
White Oleander (2002),-0.4900880667221055,2.2369928491509743,1.2122487142750809,-0.6199263627364009,-0.019805088501431038,0.4691884503954212,-0.7474500361404002
Extreme Ops (2002),-1.7591247505997636,1.417189579896926,-0.893534360064955,-1.4386874059377206,0.9910829086450329,1.0419653419541923,0.42736131134636857
Twisted (2004),-0.41129911137323294,1.5839400912748467,0.5657617259038376,-0.45903314869704026,0.7221465935948431,-0.1343069814239085,-0.5801926323920464
The Jungle Book 2 (2003),0.01510191851016098,0.93586597571045,-1.4931288452293126,-1.5466943367477675,-0.22316750334383492,-0.9423711207363327,-0.26785629222251994
Kandahar (2001),-1.6051321946621888,0.16357241643021117,0.2487180143695256,-1.9782502151582761,-0.8274616338497829,0.632688341845659,-0.3594366475545164
Kandahar (2023),-1.4332112912108599,0.6981007108645295,-0.25426792445704866,1.3876845934357673,-1.4215266148871792,1.2291820296388312,0.10024333464873042
No Man's Land (2013),-1.187241877675931,-1.5701369258632758,0.7821330311969037,-0.49448467732002205,-1.3538003759822566,0.2155143770210136,-0.46292031532249256
The Emperor's Club (2002),-0.6507478733478745,2.7062158341383724,1.1747827725908684,-0.4777000321265082,0.14560854985023888,0.9014386026565091,-0.731697600597162
They (2002),-1.1203985912149907,2.7831170364632865,-0.6629199676721802,-0.9249649455093417,0.7245888374929474,0.7626707757157504,0.11741570994731397
8 Women (2002),-0.8693448696709805,-0.8102331995590356,0.772477834871298,-1.6814113938673598,-0.0952740723116369,-0.5307781385037756,-0.6084195144866762
The Spanish Apartment (2002),-1.030669855961915,-1.0624637592914288,1.296280735856162,-1.619599819780748,0.051793163542745886,-0.22057200595653695,-0.6277894745024161
Dead Weight (2002),-1.725711418500834,-0.903939374422648,0.10654097744174203,-1.9194624058294685,0.4213797813351524,0.2904491645649068,-0.10897688500260305
Nebraska (2013),-0.8517167202017739,1.3835590016515726,1.00587348631839,0.4339530704946151,-1.5922417867753869,1.1167603297033668,-0.8044142642494176
Showtime (2002),-0.06309994653439407,1.391411428811848,-0.4472568876743565,-1.2152605266610867,0.32214937942396044,-0.7971408404308091,-0.1754303582984331
Sisters (2015),0.42853884535985914,2.2110222759308167,-0.21559035859292092,0.9425099505209928,-1.1188973070595178,-0.07643966392073002,-0.7036044686578011
Ali G Indahouse (2002),-1.3012227128807696,-0.5396387081727307,-0.09424406408938413,-2.080381502224571,-0.439787097525744,-0.0748739051533794,0.19771295977417314
Boat Trip (2002),-1.3212559947253433,1.8803767974221135,-0.5217211915337399,-1.1999489604859555,0.7481677148096199,0.7801173828644389,0.24577990144009124
Dreamcatcher (2003),0.01631064310526245,0.8151461022424807,0.3926761256717425,-0.7682942653212848,1.5125186677992744,-0.6814212113325615,-0.05629764822774781
Monster's Ball (2001),0.13662989796749822,2.014933621595329,1.0924375274870508,-0.8089557031045395,0.06479102176661515,-0.4397931674371829,-0.6209674377527514
Once Upon a Time in Mexico (2003),0.526669764228389,1.5284732941290113,0.2511022801467242,-0.9212190781729004,0.06311599393842114,-0.676288248466179,-0.0631648964563048
Les rois mages (2001),-1.869739490401428,-0.7734312038966387,-0.14250364694730822,-2.1203684207689517,0.4748025380164453,0.37376657737314417,0.003760520729517582
Signs (2002),3.503627269919543,0.998313320737801,0.08301159924189823,-1.26474341829147,-0.08502067701884616,-0.32071932683950616,-0.03538331642934859
Silence (2016),-1.840463043061217,0.24990341752874198,-1.3699303602662067,0.13387251943648948,0.3012379715349765,1.0713511475354325,0.7367977984657665
Shaolin Soccer (2001),-0.7967536187993715,-0.8275742540291963,0.4825432010482978,-2.1536004478246396,-1.0192882476566736,-0.7486607527594686,-0.4441460731813127
The Triplets of Belleville (2003),-1.085906153112836,1.022473164622057,0.9053450475551698,-1.3156896753844842,-1.372095766957183,0.7558176414524652,-0.6282131023519875
Bend It Like Beckham (2002),0.17709695444610338,0.8389386145239199,0.6945275567094454,-1.109587083432474,0.15380011133794932,-0.7840639565823788,-0.3866226047556281
Hulk (2003),2.040133201939488,0.931095857853654,0.2813429021443514,-0.728992612654496,1.5497509883209373,-0.8679946416288501,0.19732770298188038
Pulse (2006),-0.6075956335214207,1.7275344658756113,0.8786454553152429,-0.14522693563198025,0.49294884205076994,0.5345440013947504,-0.4529048431616218
What a Girl Wants (2003),-0.15430489423617508,2.181551114467665,0.11004912968220998,-0.6514985813410225,0.5412860516912749,-0.21687016757012378,-0.2128960129996908
Earth (2007),0.0532283316148337,-0.10956791269054778,0.2708902864475105,-0.33609924839674543,1.427626139962952,-0.9589269165742544,-0.5359702864612109
Pokemon 4Ever: Celebi - Voice of the Forest (2002),-1.5267173916743608,-0.39306293684537336,-0.7311815658115062,-2.144943642519665,-0.4935449662489672,-0.19779002431187587,-0.12279813559138998
Spy Kids 2: Island of Lost Dreams (2002),0.6295926541706878,2.286786968147734,-0.5749345674964272,-0.8350887465889675,0.7206718270057705,-0.7914232626600065,-0.22763689806003978
Animal (2023),-0.558827523162852,-1.1255472603719148,-0.9502372520010273,0.9881215566523676,-0.8412279556466578,-0.7511601520464041,-0.10575834468958262
Daredevil (2003),1.238830406836204,1.5167748833493766,-0.5510218779848647,-1.0205490437979294,0.663154730270507,-0.8308953033693919,0.35347788695148374
The Medallion (2003),-0.682201570295995,2.1563465299168456,-0.6277731151358826,-0.9619807486236395,0.36273377621338004,-0.012433102506492636,0.054217836238000826
Zelary (2003),-1.2633610143518592,-1.4053141122697723,2.0753563798506414,-1.1815365403811589,0.7992085845923113,0.2736432936594464,-0.8233088942512531
Ghost Ship (2002),-0.16398026605726976,1.2317853578976345,-0.44994464331216183,-1.3671965298866704,0.15278132879335354,-0.7319684771280356,0.07823199095848254
28 Days Later (2002),1.1857771064468288,1.2025434726898916,1.7351251460440738,-1.0992767768257714,-0.4726623218380302,-0.7433641258796629,0.6855698088488626
The Powerpuff Girls Movie (2002),-1.0370601383100633,2.3914532636519565,0.0253811069691683,-1.138705635260866,-0.7733831673588615,0.7870652892387546,-0.4391983960463277
Red Dragon (2002),1.8259804387845537,0.5527738371626768,1.1113538947329287,-1.0723051435531255,0.17487601623012017,-0.9564122883113718,-0.21179425727213191
Analyze That (2002),-0.15986362837505722,1.7616702017533692,-0.055367086249431464,-1.0720680671401754,0.18552043802852547,-0.472150492587886,-0.1388067482746137
The Butterfly Effect (2004),1.4471117831311338,1.3115939079873131,1.8285379575305234,-0.8094359504709866,-0.6149217106779793,-0.5475274629903772,0.9441643549309541
The Life of David Gale (2003),-0.06107341727286376,0.9472390970969798,1.8241213812468797,-0.6437897343929505,0.22434341855772688,-0.1355988260065746,-0.543182893500483
Meet the Fockers (2004),4.005424551207038,0.6338406432828223,-0.5507344770396003,-0.9645709490019841,0.5375364041013334,0.0363863023641654,-0.47682929975618865
The Tuxedo (2002),0.2058373026567286,1.323591783079051,-0.5667070129276527,-1.222335977258484,0.5226399946873059,-0.8719333199823129,-0.07892251999309838
Max (2015),-0.35630219494955995,2.677660448090117,0.3045720893649205,1.319942286656714,-0.03078250034735124,0.8883977829049097,-0.3497655275453745
Space Station 3D (2002),0.6590488839897456,2.579497073041865,-0.5566412658389002,-1.2374100191362403,-2.065680968344478,-0.7059720345628377,-1.1745131580006698
The Wash (2001),-1.0306697997342298,3.624208296469319,-0.42770867235086235,-0.7051966263672268,0.9459341583424171,1.0103907327486006,-0.0030712391863278767
X2: X-Men United (2003),4.003980615210168,0.46961464638437445,1.3335372881602678,-0.9808890743349074,0.2601910826287896,-0.31690379863846907,0.49165711583457666
Mean Machine (2001),-1.731291919242342,-0.5488710644747314,0.41472224048813516,-2.0561922537698356,-0.10869878647902391,0.6823813042932065,-0.03625459709103476
The Recruit (2003),0.5431348565030389,1.1520735891564235,0.6631899143657622,-0.8273660213532704,0.29291465314363413,-0.7298308006055749,-0.32126609614977353
Son of the Bride (2001),-1.444358572001167,-0.9048246626502261,1.8243110744016597,-1.6722760471798492,-0.1333503347573894,0.6430608841677032,-0.8160622148748831
No Good Deed (2014),-0.29251953956287746,2.89992416527213,-0.592064861494664,1.0600492306949245,0.2996869165054083,0.4975492010012702,-0.04505432211989259
The Rules of Attraction (2002),-1.127892493265066,1.4613475737889452,0.9969445567198788,-1.0010226838668,0.23947584740164427,1.1014197828723986,-0.29224297377438213
Before the Devil Knows You're Dead (2007),-0.9024852792934981,7.236197408683824e-05,1.334093254165799,-0.6692516274484211,-0.23349772591799525,0.6425859938953967,-0.1514434593622145
The Gift (2015),-0.9775716813465782,2.825982685148493,-2.9824962719604535,-0.20793012412595924,-2.705941657916306,0.4617085805753275,0.35143391452526707
Mortal Kombat (2021),0.36752279978482666,0.4657126489817054,-0.2925854803384132,1.3674222212115368,-0.13992952338140066,-0.7685434005574519,0.6300707779530381
The Phantom of the Opera (2004),0.9824913069289176,-0.09614834718646392,1.372822333654856,-0.6581402264024425,0.747998534213671,-1.0245587184024358,-0.7328636357049434
Radio (2003),0.1808978974658247,3.2454882715265403,0.7196781189799942,-0.2375946515282139,-0.394213519847644,-0.008452842226109447,-1.0491697253512944
Rush Hour 3 (2007),1.7815736094400902,1.1403200763825883,-0.6684329968219564,-0.6342722795097148,-0.2956196652509767,-0.6504656207437499,-0.18120224921361336
The Transporter (2002),0.22843229996052386,1.654421173517401,0.8165775312696002,-1.2448285161943613,-0.6166935028253236,-0.26297907636540024,0.5627646848271488
Friday After Next (2002),-0.2452278333209611,3.5671791110745916,-0.17179671354853074,-0.5569720738716613,0.06350607039707748,0.1155129946812934,-0.38512252608646125
The Little Polar Bear (2001),-1.9520948490643484,-0.573948225448495,-0.48207399531978196,-2.3499517120904416,-0.42179061596273265,0.4398804117667657,-0.03924483200948628
2009: Lost Memories (2002),-1.8076745057558683,-1.1936310041701255,0.9788083512387038,-1.6041178582113247,1.2083169990924818,0.7552707121369467,-0.22611918678053286
Beyond Borders (2003),-1.2283836212033659,0.5838642200016599,1.0917255269512316,-0.9331592524085615,0.8046110373961325,0.8176150902845698,-0.2918529092395105
Rent (2005),-0.10792110484016737,2.5665274163080736,1.571718915370007,0.2685723166490861,0.8912210658127188,0.5154760061797189,-0.6360231379798523
Austin Powers in Goldmember (2002),2.5013284601960346,2.0617130646066952,-0.44628566403405917,-1.0058813996408393,-0.009180120709987166,-0.46766268946515377,-0.27806362985832467
Feardotcom (2002),-1.2346016953686445,2.5041351192904178,-1.34038020412609,-0.9820949350302539,1.8702823542177827,0.48295383350179794,0.6414802484620336
A Guy Thing (2003),-0.7563788499145825,2.995385781983098,0.11293836800552978,-0.44846857823278313,0.624454808438863,0.6850433756089127,-0.2360220291940955
Harry Potter and the Chamber of Secrets (2002),6.890273360204921,-1.6631565998758067,0.8391098574943265,-1.5580902469157412,1.2469847746120717,0.7286400440609094,-0.11543308392214584
The Master of Disguise (2002),-0.5403665208225645,3.6234626653069313,-1.8972246018816763,-0.8198925334576623,1.283841078179963,-0.11841514496334545,0.4926166131946302
Merry Christmas (2001),-2.186675511063879,-0.5946949156172192,-0.8868208211632176,-2.2241878636399908,1.009712945961803,0.6200193794639377,0.4573586986038472
Savages (2012),-0.11531004554173938,1.2005986944910945,-0.19947255678726913,0.293485998179152,-0.292999371231835,-0.26152174262099975,-0.48144914556826107
Wrong Turn (2003),-0.6140241246611545,1.639478801852992,-0.01913288240770208,-1.194420639991164,-0.3734097705627613,0.10388016146074404,0.18887141457374543
xXx (2002),2.0144885120493585,0.9218426995934406,-0.104439061834281,-0.996748176362142,1.108104856912406,-0.7961446145625826,-0.30998792307410167
Taxi 3 (2003),-0.9766437313211228,-0.7864886734596632,-0.7390009223338243,-2.0115419814690676,-0.27865869889651335,-0.7916312252363381,-0.07342798682934878
The Chronicles of Riddick (2004),0.8673683728016672,0.9458290553714098,0.803044944739878,-0.7591809815023519,0.31507748090958,-0.7925296264084312,0.079818343357969
Brown Sugar (2002),-0.2291007712357014,3.165022769644106,0.81924814068293,-0.2981429951535963,0.40216723956121175,0.28745526755446166,-0.7572705666994318
Ghosts of the Abyss (2003),-0.7823014041610562,2.7324157305348526,-0.12807529175127144,-0.9846179612818733,-1.3269535040010036,0.49607676670401646,-0.5924698193697873
Half Past Dead (2002),-0.9631502467703092,2.837279053391415,-0.6103635468787368,-0.7839077270093749,1.1194137358347647,0.5587034927611327,0.13457413297797133
I Spy (2002),-0.3034866381188298,2.0983683394013934,-0.34857736578028553,-0.9650894175329502,0.5504934776548018,-0.3307537796587475,-0.11120712800625226
Mindhunters (2004),-1.139112033691418,0.06147573609022765,0.40494405755877744,-1.2785712120246224,0.10690388798742997,0.20990791800026884,-0.036269782957951864
Argo (2012),1.3852241069247173,0.9449586733248622,-0.11627858963421642,0.402693819324403,-0.3350536779034114,-0.4181551026594531,-1.0807157536332672
Far from Heaven (2002),-0.4386823963784026,1.3856992725574346,1.1621110846602718,-0.9327664598733363,-0.27259447550444704,0.011482729405695644,-0.7258339754540842
The Ring (2002),2.333006277679237,0.9059885803869449,0.8826615618286033,-1.1352766516959691,-0.0610194934972048,-0.7771623445911984,0.10582333731598252
Shrek 2 (2004),7.129798278869529,-0.18246037093664175,-1.1109286001891423,-1.613355069152837,-0.7268882115520126,1.3263171165113674,-0.6952183300164562
8 Mile (2002),2.117610349458203,0.7886135325545592,0.765899440779948,-1.206358925814021,-0.25030028138303784,-0.8193134836098028,-0.10921588001860436
Whale Rider (2003),-0.3251829998263674,1.1933107234829239,1.0396097038002667,-0.9106374910267603,-0.611241913719992,-0.15742426195736095,-0.8091295316651305
Derailed (2005),-0.6360771813261513,2.106865060348258,-1.6710426480465126,-0.7532380623569676,1.102202250698132,-0.3548958271167326,0.3569069380674234
Jonah: A VeggieTales Movie (2002),-0.4156286890931495,3.557910180789373,0.17611546485936413,-0.5494321504815268,-0.3526574212378351,0.4310189460652075,-0.6597546840846847
The Invisible (2007),-0.7950375629724569,2.2313437406345757,0.42480622803509827,-0.080020432434158,0.013683837040543852,0.8533650448951349,-0.4370288509267173
The Core (2003),-0.0018879750952853916,0.7206794037556199,0.43082019103285,-0.7968514475602223,1.5287361839609197,-0.6887045757112147,0.0018691348730567534
In America (2003),-0.4246194764543789,1.5827060114943483,1.3896412432565297,-0.7117332469495994,-0.5737309682640057,0.20203936321327626,-0.8655426560827255
Hop (2011),1.0114086399916886,1.0688118827695656,-0.020140306874698435,0.29653931183998145,-0.2647676391607632,-0.5558786283758996,-0.9899323465699452
The Uninvited (2009),-0.4903743968119246,1.7938492742032155,0.28461664376626783,0.11063165402714933,-0.10625028253438962,0.23507943263472397,-0.5054126325778883
Home on the Range (2004),0.15039464216971507,0.7936183111622322,-1.3992701954771916,-1.3877010201312958,-0.19534615579753434,-1.0045150535083518,-0.28324962073806187
Chicago (2002),2.572481257317284,1.0232317505398794,0.5610702828498274,-1.0252611398989635,-0.05357029988527351,-0.6184628763848659,-0.6171772076839733
The Photograph (2020),-0.19523401983929092,2.9743970107161473,-0.8662778196975534,1.6709575266411612,-1.4407680723223848,-0.4079486689072307,-0.2581635270789438
Hero (2002),1.0633328325466849,-0.18613768995135105,1.0480345004255283,-1.4181526560042366,-0.690345431525372,-1.019347888563103,-0.8188457359695672
Hero (2007),-0.24041820931816177,-1.4909742411986238,1.1804681002836581,-1.238319105267324,-1.0103781081776242,-0.7602135899367946,-0.3007492808460206
Hero (2015),-0.8929806072682825,-1.7536405100393184,1.1640921222034735,-0.2509542902748752,-1.2620427522451023,0.32095012572771253,0.11261843643584143
Hero (2022),-0.6844344759166279,-1.9571886805675218,0.8683967417802604,0.7154641813533467,-1.5148464074019874,-0.47734381818686833,0.3020891031768868
Jersey Girl (2004),-0.32859884098565006,2.134949334975241,0.3503895640930939,-0.5474021855571719,0.18139588266229786,0.01305977602349999,-0.24976301442416432
Shanghai Knights (2003),0.4702004109086694,1.906257868675193,0.460220520150509,-0.5917885079468742,0.5556087963268773,-0.5391636784581817,-0.30710276224273897
Blue Crush (2002),-0.11694524232382633,2.521896957874445,0.017377851609070592,-0.6669383337355242,0.6412512663224436,-0.2728675945139532,-0.3789757316723554
Timeline (2003),-0.5265662287123091,1.0034288707608663,0.1573688692304982,-0.9560881489421038,0.9159632638283302,-0.288330644487885,-0.04450910399800552
Deliver Us from Eva (2003),-0.588302517777688,3.353690930612306,0.48531927554622145,-0.21368009691104303,0.5546614914995754,0.7453382159673166,-0.48586869078775546
Dirty Pretty Things (2002),-0.9891121214155344,1.6361755631987678,1.053376203412416,-1.0471938800300689,-0.4942695610468436,0.954295492263334,-0.5543015164100515
Good Bye Lenin! (2003),-0.12795724312334988,-1.1834619156060842,1.4248914564910669,-1.4997276568597198,-0.28665828499304513,-0.850025128986931,-0.5089139357174584
Jeepers Creepers 2 (2003),-0.1465453008810695,1.583322209602216,-0.09006016423694756,-0.8863640924253664,0.5242618144232585,-0.4791004651541186,-0.14566503617336085
The Other Side of the Bed (2002),-1.815153952245094,-1.0039393488751964,0.6597739719042816,-1.8239106053307805,0.35996549885572593,0.7109492258334343,-0.2556716329810047
Winged Migration (2001),-1.2005134245972893,-0.7494816878856626,0.9506249005111237,-2.047030854137416,-1.2564971029729024,-0.14927555369209633,-0.8840447741373502
The Hot Chick (2002),-0.08758911426971254,1.9600297342229018,-0.019692247423851856,-0.923270634244825,0.6118518275885232,-0.4322567339811643,-0.01030495684077646
Old School (2003),0.9137599768161776,2.805418250477659,0.6542520019404944,-0.643324270616258,-0.7407911662576556,-0.3278395074826426,-0.029486945239524755
Barbershop (2002),0.5470582535593509,3.3065235683525476,0.31861894113044076,-0.3318021115997473,0.2937013563896824,-0.39279054810524566,-0.7498899983742131
Cabin Fever (2003),-0.5457516666668487,2.2447744574970954,-0.16160041303222591,-0.851836449700845,0.27094782840895965,0.1065008128759263,0.05991344344175272
Drumline (2002),0.320192635833339,3.183473732185368,0.5730035321885605,-0.18974724444161145,0.9520802995880221,-0.2699754831017752,-0.6193603957155807
Harry Potter and the Prisoner of Azkaban (2004),6.397877158752499,-1.3933793426149683,0.8894754040024769,-1.400245216661236,0.2669801878207419,0.5485619156176063,-0.00558274697709833
Mona Lisa Smile (2003),0.7292431473360014,0.787380277919974,0.4779764189553936,-0.8891645085155667,0.3836066419380409,-0.8578723279101553,-0.6126011745479153
The Santa Clause 2 (2002),1.2708849821905908,2.5417611272714913,-0.3698330128669227,-0.6399370452416409,0.6628858220479239,-0.6561973750598764,-0.5596235482167037
Anger Management (2003),1.7227013477370647,1.888191492521863,0.1467011449310714,-0.7490395553706234,0.21483982098701274,-0.7101011549229566,-0.09655085051954038
Charlie's Angels: Full Throttle (2003),1.3826036421049621,0.6235383022939908,-1.1929166040089207,-1.2582425864339626,1.0400809470203995,-1.0243755277126902,-0.06448398437564436
The Crocodile Hunter: Collision Course (2002),-0.4659008598286393,3.0286440246649295,-0.39803110938043196,-0.7085175244994485,0.42433517932795584,0.022581977226119265,-0.29268412421122875
Bringing Down the House (2003),1.1189935483199362,2.5114909592629444,-0.4489755007238118,-0.48806647608078263,0.734422101565825,-0.6241522639451628,-0.5873260473014152
Just Married (2003),0.2051537698597685,1.5938629698313065,-0.5757613102991413,-1.0084801555048695,0.36997413945346735,-0.7367356611192223,-0.14831817859540064
The Prince and the Pirate (2001),-2.061239746356365,-0.6331594284022587,-0.4336270021505221,-2.257068018790953,0.1853800903275984,0.6259646298727758,0.10589073899643264
Scary Movie 3 (2003),1.3057097982438106,1.2863600834598012,-1.045047795969269,-1.2921323486214593,-0.048016662961189074,-0.8892713147399308,-0.07398478402287041
Whiplash (2014),-0.8261135195919187,-0.28710609029739736,0.521698460560196,0.22702704894987083,-0.48478168309824304,0.1626844720930864,-0.46093255114089615
Cradle 2 the Grave (2003),-0.23344992234305836,1.8110693839796543,-0.07698743469025063,-0.826533045722334,0.40433068691338686,-0.35547843872742824,-0.27083747776775197
The Divorce (2003),-1.1590555968226537,2.1438935988922547,-0.0043554697740678565,-0.6178738797457877,1.4716701177537965,0.8511150785150656,0.07366188788530117
The Lizzie McGuire Movie (2003),-0.1518903556487908,2.542327624632988,-0.2996733618342198,-0.6740565413295684,0.3536412604669304,-0.23224876407148637,-0.24688941339101364
Public Enemy (2002),-1.4936436973573632,-1.3271664062071424,1.6059194384950222,-1.5105251078476807,0.6869159810618696,0.4635771415497093,-0.6537712995076107
Shark Tale (2004),2.44248202198108,0.6063218810501471,-1.0754876948901115,-1.288916094899435,-0.09433690751259123,-0.5788410150958964,-0.36076215343481527
Solaris (2002),-0.5843234414567121,1.3776648556350093,0.3004688293633925,-1.1715375110578792,0.07934898996104342,-0.09903346446964247,-0.13275056477979935
The Wild (2006),-0.2223934311878982,0.7588430783477375,-1.0249772670554154,-0.9492695037480198,0.02664505645426737,-0.8083490588599979,-0.29153011754828667
25th Hour (2002),-0.1364672914582274,1.083174260053884,2.218269736573882,-0.7162904382801943,0.32438334186135975,0.20387993846020386,-0.32347818562376945
Bad Santa (2003),0.5529786418104299,2.441651581099787,0.6285039619310717,-0.6689080001360037,-0.5867329964112287,-0.3512384611165167,-0.34716470016711487
Bobby (2006),-0.9474631144269119,1.14177710007135,1.2205175746286907,-0.38738057343727256,0.09934563120456258,0.9918433499610161,-0.43311789595904643
Ballistic: Ecks vs. Sever (2002),-1.1766762884007356,2.631747387469024,-1.38471658494666,-1.042596771352376,1.3948760943247833,0.4226766658065209,0.5336135436439122
Happily N'Ever After (2007),-1.128009708156964,1.0993931794053071,-1.3602861199072442,-0.8398199844420813,0.5646519621932684,-0.03847148083749969,0.38168358241833095
The Human Stain (2003),-1.106757171996035,0.20474173702447399,0.3068411594116301,-1.3483731138607578,0.22205889643245588,0.0436143928702082,-0.19214709208269787
Like Mike (2002),0.017702096235485937,2.7904246320943837,-0.3396899756027242,-0.6486666749463214,0.6820725706866831,-0.42066015272618906,-0.3550896736773157
Finding Neverland (2004),0.8531636830301855,0.711313682350404,1.1416711627672786,-0.9059126867730353,-0.7141611575369633,-0.8090302855081134,-0.40775932524671726
Thelma (2024),-0.8371245121880853,1.3957529766559291,-0.007859599220199047,2.0428557869612343,-0.9710002379335061,0.5869534487782303,-0.12729794811060494
War (2007),-0.3580301405764893,1.0596259822257303,1.3368176732979264,-0.0989510447666502,-0.11349065068085908,0.07178373010605783,-0.9156912130352453
War (2019),-0.7408082007196584,-1.6967831710768986,0.6901540168501121,0.6671334977422518,-0.5818457476145141,-0.29721756612654693,-0.5523785885722006
Blood Work (2002),-0.21996147620269046,2.5878203873979047,0.7450154254427254,-0.5224124222270274,0.4222648171329834,0.06791376771508725,-0.5322431886094664
Down with Love (2003),-0.510419382085639,1.3615962648480646,0.28405240639917617,-0.9617163314843554,0.08471063154965576,-0.1755237889659639,-0.3599541628570051
Final Destination 2 (2003),0.3447175938032618,1.4087410263118783,-0.05442665926416488,-1.159053526485557,-0.2771940352416267,-0.6735851110858555,0.12190879616656777
Identity (2003),0.7300513706870542,1.538801614296412,0.7986080477792885,-1.064605626593405,-0.952949517240979,-0.5739228942501892,0.05333569982604648
Luther (2003),-0.8988632824264716,-0.1533957007724442,0.8569437071871367,-1.1761730524926282,0.5102007711213371,-0.20317662503787018,-0.4864174547805501
The Dreamers (2003),-1.006198710573763,-0.24961696780728823,1.2734607862554752,-1.3926437742242879,-0.10741262756925074,0.3776638954915257,-0.03841118967995192
Ruby & Quentin (2003),-1.3128526061305377,-0.8512001203907418,0.2881764903490406,-1.9393554679600626,-0.9978406764731089,-0.13754001538738853,-0.4459400203573132
A Mighty Wind (2003),-0.447823140161103,3.135364245572516,0.9347839361267919,-0.39241717452834507,-0.5999914034517132,0.7047277155850061,-0.7847048636091586
Bowling for Columbine (2002),0.20165189470251554,0.42456796468356217,1.8036180556555488,-1.0593469373253972,-0.3951125614182099,-0.649796599099786,-0.680885969012513
Confidence (2003),-0.7880455687025226,1.4546804453002442,0.4851298278793724,-0.9776285149674641,-0.19872854646098137,0.24266155053851948,-0.42084658445362566
Master and Commander: The Far Side of the World (2003),1.8349484133281544,0.3473558279314197,1.5043164561782698,-0.7425591971338165,0.43601679344234845,-0.9364889324180438,-0.5697101838365982
The Flying Classroom (2003),-1.9598502421486457,-0.9834191876598406,0.43342845772761573,-1.7560434490328996,0.3289781810005446,0.8645176956986407,-0.13524729812260228
Holes (2003),0.6792659955238881,2.8825562072266377,1.1953014490681422,-0.11868101935750792,0.2610995206004997,-0.23914268557446358,-0.6969604389039198
The League of Extraordinary Gentlemen (2003),0.9828219929269683,0.5269697817244634,-0.22088211310358527,-1.2006196658406902,0.5655452552028359,-1.0281998224374511,0.0022184044815617907
Wallace & Gromit: The Curse of the Were-Rabbit (2005),1.0691433707148048,0.11884312008386128,0.10930683398990651,-1.2266290425273112,-1.242304066692317,-1.0976049743356495,-0.6663003652477358
Long Shot (2019),-1.0779058584049968,1.8652522342590458,-2.798939125810641,0.08015026935167523,-3.2385724618319673,0.24176928262688333,0.29556295817189404
The Cat in the Hat (2003),0.512657869002764,2.689973765058142,-1.7682492706215118,-0.9261302232928695,0.8408578957031707,-0.6320802723176563,0.3286764824898602
Veronica Guerin (2003),-1.61380157788094,-0.051358281795733776,0.6313653340160684,-1.5533453328488316,-0.37212460742206543,0.9204409743768954,-0.26591554601851924
The Foreigner (2017),-0.4406500199660311,-0.14809313827258339,-2.6666394495177292,0.21948553486978087,1.1200821666831333,-0.6895859827443649,0.7359717987677591
The Way Home (2002),-1.3175627884332561,-0.8014072641085712,0.5822592395794696,-2.046464296116672,-1.443752010902532,-0.09528080763638017,-0.7939135325136418
Der Wixxer (2004),-1.9363654481245356,-0.8021006309844508,-0.19321638761236115,-1.8898500965711995,-0.4772067730477185,0.6607744132927862,-0.040298950820804404
The Crime of Padre Amaro (2002),-1.036655586265676,-0.22927978919612782,0.8689178670961639,-1.3956575818781556,0.3544421558001505,-0.09003853937060996,-0.5755277322834581
Out of Time (2003),0.03960317429133476,2.2154039165609367,0.5467090618238803,-0.5703223817696337,0.14541101797730518,-0.22156986001707532,-0.4993711481010222
Paris (2008),-2.115860698157108,-0.696690349366851,-1.4618996314056725,-1.2937497114222392,1.07874679878025,0.6065378010092422,0.7576212108334898
Punch (2011),-1.6821215815281563,-1.1396456682287863,-0.6030573175943923,-0.9071528637456193,-0.3398282714244538,0.2623590348110417,0.09317031757210165
Runaway Jury (2003),0.48178795579364025,1.4116399624093126,1.3224772528577007,-0.5043861198349033,0.41589000524069136,-0.5316758393884008,-0.6599678811828968
Two Weeks Notice (2002),1.211883250298762,1.0099861077782029,-0.2464335594701191,-1.2196175405930731,0.16167811170257004,-0.9732281793274822,-0.4581203655571951
Anything Else (2003),-1.3600874913156533,0.19311367231732426,0.5144544324557512,-1.348257637977188,0.23163968683374458,0.5479019141079375,-0.15162006862264163
Agent Cody Banks (2003),-0.10654738865633993,2.7090990063950873,-0.44351209945325637,-0.5395375501098031,0.9053771302952662,-0.2568752042756115,-0.13547076182688453
Godzilla Against Mechagodzilla (2002),-1.8593940431366338,-0.8343883297184156,0.19679656766134113,-2.101412721901474,-0.5642530180044273,0.6075245800023401,-0.31367973364390606
Mortadelo & Filemon: The Big Adventure (2003),-1.582681295189903,-0.8707077511603712,-0.3853034601942421,-1.7749501930930442,0.7398148897821569,-0.1643486709418149,0.05847607271242619
Hey Arnold! The Movie (2002),-0.9702551455527666,3.2504747584662783,-0.1256971722000263,-0.8296757197340727,-0.32629975920105436,1.0205836942543969,-0.3428822715703099
Love Actually (2003),2.3566546225872886,-0.6066990014873724,1.764253233437835,-1.3049983420046667,0.04875811031437693,-1.0720576213941297,0.6401373729815887
Tears of the Sun (2003),0.3662709661169236,1.0488083005947144,0.8368054746630885,-0.7823100780791844,0.47499090833969043,-0.6448587136004649,-0.33051504236974655
My Life Without Me (2003),-1.576206988421463,-0.6970705136408819,1.1403751375330622,-1.6222879975831033,-0.5150896024588034,0.8050081799048521,-0.45168361366878323
Hope Springs (2012),0.022632274991806825,1.2665259500611137,-1.0823197906838737,0.14760855243956134,0.1032657198114337,-0.416091649921344,-0.14329987945496692
The Perfect Score (2004),-1.0836873376568708,3.256222973113744,0.12583598296174764,-0.3629268151747758,0.3158151084902582,1.481231202292408,-0.11542357624927779
Sucker Punch (2011),-0.6951590295140899,0.9342424715007783,-2.2941513634597674,-0.32698881090068266,1.1275279894404315,-0.507785157178564,0.6233210935777421
The In-Laws (2003),-0.6397550113709803,2.4773843207010944,-0.026953575577328075,-0.6494920631624136,0.4315665060423422,0.23831981682227535,-0.27745515417856204
Bruce Almighty (2003),3.985315727162774,0.6218706237102621,-0.21416807607398716,-1.3549900807078779,-0.2764888880462862,-0.14248660013983122,0.057636406703062935
21 Grams (2003),0.20274254018553456,-0.04443059537860749,1.7133898404923609,-1.1359107452890411,-0.16353918680884838,-0.6029934779569285,-0.06816751037807327
House of Sand and Fog (2003),-0.38916735818867515,2.0874882793632534,1.9270020522809943,-0.28860653251610685,0.2212941723063725,0.6891480383148453,-0.7340378190853537
Open Range (2003),0.660126616812715,2.2668156735199814,1.8885998450854478,0.018623813212387166,0.6925299556943316,-0.3001043369305285,-0.9665098042580679
Peter Pan (2003),0.4802299327464455,0.5965895207136778,0.5394741249470312,-0.9941844604773071,0.13008928879952983,-0.8664695954129662,-0.6599385559239371
Spider-Man 2 (2004),6.717917727671858,-0.3061485654856856,0.40011977738116145,-1.2982036491907432,0.043858867502815424,0.8497498555204774,0.3344969407732752
Because of Winn-Dixie (2005),-0.2617128792138451,3.10158369527779,0.6028307571755906,0.050517916435812285,0.2766034531582873,0.4490856575894833,-0.6190812122137594
Bridget Jones: The Edge of Reason (2004),1.1591766155311745,-0.6351527096924598,-0.5840416436972147,-1.4294239489028677,0.38445230262618185,-1.1579866733525253,-0.4521449950011937
Black Box (2021),-1.9017953546223936,-1.2015876107502061,-0.9710377676891017,0.3425832801601677,-1.0505952360463369,0.5563719002929446,0.4868131828683185
Cars (2006),4.104055525621658,0.46550702233874447,0.4862797298655077,-0.7522730488864661,-0.23853147453686566,-0.13921467225733422,0.14588832058394244
City of God (2002),0.95998083302966,-0.4817713574075824,3.4755523236511063,-1.6380874732563087,-0.8968846362934895,-0.11558325913225931,1.9906774381856234
Daddy Day Care (2003),0.8835973881527222,1.8837888981683413,-0.7554479454686582,-0.9214588191985462,0.26674643814824806,-0.7461356471445857,-0.35427120334386536
Hidalgo (2004),0.7321355196680048,1.3312890520317144,1.1040179704109467,-0.2721772958963446,0.9148731548163063,-0.6879413192140766,-0.680721350315038
House of the Dead (2003),-1.5686601461660643,2.874622094487472,-2.3569305441432014,-1.0051181253511743,2.2590423850407912,0.7551729297258731,1.272287316769247
The Incredibles (2004),5.7404383348185215,-0.3690627394565466,0.9793129269605051,-1.499499752141916,-0.7724853276169087,0.271877015798405,0.9190072632456686
The Italian Job (2003),1.8399470443165373,1.3775955767796093,0.9671275034432202,-0.9041163678168536,-0.17448142117790333,-0.7278432714267454,0.3696468042562465
Mission: Impossible III (2006),3.0810975543209596,-0.3995078045410575,0.42587886768605493,-0.8863431989956586,0.28775998494329547,-0.6102555395400587,0.011639041649501879
Looney Tunes: Back in Action (2003),-0.46392219575039056,0.6133496676008527,-0.4930211160177853,-1.3934433553741599,0.014895693109315836,-0.7130286044945577,-0.20134495409081252
To Be and to Have (2002),-1.4778321581961795,-0.8937644167382011,1.300582584986678,-1.7928341537675374,-0.7553122486018449,0.5314050695030172,-0.789008484297461
Alex & Emma (2003),-0.8340494516418344,3.186291279152198,-0.035619293918727826,-0.4618046583046017,0.5434635616102201,0.808629460537049,-0.20062552453034052
The Cooler (2003),-0.9094066671879418,2.4413164238480323,1.0201655676880352,-0.5761836018785085,-0.16103808154780985,1.177609203256026,-0.5295933596145809
The Magdalene Sisters (2002),-1.285854984102128,-0.8608919574381516,1.4602458739040638,-1.6596490202240242,-0.4251504498705193,0.3639648054074128,-0.6591021475867339
The Motorcycle Diaries (2004),-0.20249170685673368,-0.2279174056094957,1.6372027861068632,-0.9234249933072763,-0.07345178204417395,-0.4118170554559167,-0.697102770544515
Resident Evil: Apocalypse (2004),0.6125627793891604,0.7808877672299822,-0.20971265875253717,-1.1952594161959151,-0.16359839809543783,-0.9001946024596211,0.20224097737844318
Sahara (2005),0.7071844338181902,1.255374145589623,0.37732953820835136,-0.38432567175523913,0.8390457691430064,-0.8352233554057764,-0.34288632238992744
The Young Black Stallion (2003),-1.5707341121920753,2.7050077994174777,-1.1540713042237871,-1.3305185525073677,-0.8589948419247404,1.2327134798625536,0.0869276406155581
The Alamo (2004),-0.31824998251690995,2.471263226606183,1.134553131771217,0.08003520130750166,1.3926979811479219,0.3311770537405447,-0.5316263041224016
Big Fish (2003),1.6304347399560455,0.932678577838188,2.168607449275609,-0.8306448435220694,-0.4078784567170248,-0.7009248789670355,0.3938925552209073
The Day After Tomorrow (2004),4.187216351576125,-0.5132954161649957,-0.08584164110305786,-1.3349908128570507,0.5460932643709457,-0.16255299878249538,0.1601933907459973
Elf (2003),2.3262127592356467,2.263801955397454,0.5505697279870769,-0.7267285428931393,-0.5517104798863076,-0.5451258527589101,-0.04681780523168362
How to Deal (2003),-0.7997284103027607,3.3760134217477566,0.17804149882704817,-0.31491188278477816,0.6616457526131642,0.9498221557844085,-0.27948832159719117
Man of the Year (2006),-0.4812352625319148,2.928330144318157,-0.5445396519171011,-0.1554964550564159,0.4339418631139385,0.2738560760284016,-0.19124881039850877
Kingdom of Heaven (2005),1.7122835052601675,-0.7860533410721272,1.456579360459166,-0.8418180394781065,0.5602112394313659,-1.1866405401960762,-0.08539968585856317
Underworld (2003),0.8746902222361266,1.134198312807574,1.2903999573614466,-0.8066309351632185,0.15279463384618594,-0.6668664843449521,0.12942536388219486
Warrior (2011),-1.547687253823461,1.6605327184918288,-1.4566764559511205,-0.048834918249769856,1.1015725163527255,1.0027902581032486,0.7130200184295274
Bibi Blocksberg (2002),-2.135088580466425,-0.7720482507131903,-0.28912784707644557,-2.021739686959061,0.6382844410995436,0.8726737704055744,0.1947816616738555
2 Fast 2 Furious (2003),1.9084140144516824,1.1860665151042362,-0.16393907621562331,-1.0645124371832027,0.40657940788796226,-0.8270321777644014,0.2960966705861879
Freaky Friday (2003),1.2025819790719194,1.9766499218342426,-0.047799158138660064,-0.8052749591736843,-0.027182875392185217,-0.6762631993837661,-0.2920935963545311
Honey (2003),-0.4017222197128318,1.3993688184155784,-0.6302702308012629,-1.1197347022796438,0.44310194252580165,-0.510307270363765,-0.03620478925574259
Inuyasha the Movie: Affections Touching Across Time (2001),-1.6836130876206545,-0.9600487666789639,0.8681611588897461,-2.056411399386555,-0.5146757861095003,0.4690741767843904,-0.6157855326126215
Jackass: The Movie (2002),0.49227797435285564,2.692232826157214,0.13965802974779898,-0.8103819849426092,-0.49681763616399616,-0.5429348141341487,-0.47540298804455117
Laws of Attraction (2003),-0.8463656581399142,1.6319942538682815,-0.1543693134373712,-1.0404548424438678,0.041396621653337,0.11980418625474425,-0.28260047940953187
Chasing Papi (2003),-1.5840134871310965,1.6231928992701217,-0.9928287061397263,-1.345885060555644,0.3367684164193226,0.7950615295897134,0.2830657345206749
Phone (2002),-1.5580395672849945,-0.9115258827677623,0.12539141287494024,-1.9058067318100862,0.2151638716797201,0.0023405950243018028,-0.2405527434319954
Piglet's Big Movie (2003),-0.5632822716434732,0.9902303083951367,-0.6542624509696716,-1.4404861946322096,-0.6115057891435106,-0.5716290156010413,-0.39618993032781596
"Remember Me, My Love (2003)",-1.6815614140221822,-1.069899025257667,0.8537169125002474,-1.5420726077726974,0.676384282222994,0.5454960959319631,-0.29392930323912553
Suspect Zero (2004),-1.19032479528165,2.426572323790127,0.22701438769908763,-0.5680654676007766,0.3867685930100406,1.2824556055921963,-0.12338839220794875
Swimming Pool (2003),-0.8196669156059108,1.0674376660609717,0.6530387663858989,-1.0508851790770655,-0.1361597403937996,0.21826033772263206,-0.3793371750734303
The Texas Chainsaw Massacre (2003),0.7583110363884915,2.31822756967109,0.11525831790106549,-0.6869952792272064,0.06257871588632129,-0.5497809193763219,-0.16115606272315458
Wicker Park (2004),-0.6181721504663668,1.5117628873023234,1.111944263726594,-0.564205443043864,0.12423398441516541,0.4100657185288167,-0.46966558487780397
Champion (2002),-1.7695405140896503,-0.8234527062353452,0.7989842143246008,-1.7294405796324497,0.3817523108215896,0.8120885311688634,-0.260412170961951
Dickie Roberts: Former Child Star (2003),-0.5246833271604645,3.2880647500977247,0.006203592026016309,-0.3619176080077215,0.549528366382273,0.42876002781827965,-0.3125941104924769
Head of State (2003),-0.24829861244753243,3.445678367366698,-0.19204419782361298,-0.3406848771307001,0.5195003266578667,0.16983755020593017,-0.31737649657099865
The Eye (2002),-1.6876217910614162,-0.5046799879360169,0.49878683410404684,-1.8703769314395082,-0.23621164172433262,0.7576904690686208,-0.15348454929816185
The Eye (2008),-0.28031931588408904,1.2381475225356098,0.191180845383463,-0.26461586225856654,-0.28732146808071596,-0.24231652153242675,-0.4639300127635997
Lara Croft: Tomb Raider - The Cradle of Life (2003),0.7669649032543152,0.697341012778498,-0.22631404900292063,-1.051680088696676,0.9826677614997908,-0.9350193433004789,-0.024152534606256444
The Last Samurai (2003),3.6828862727438514,-1.1814709280135984,1.6586231018715363,-1.1630258443972796,0.6775714727213773,-0.6099851897850639,-0.26452578192495735
Matchstick Men (2003),0.3019586575887005,1.2782567489666334,1.2858797579446655,-0.7198925183503211,-0.07875782293222872,-0.46384632229457323,-0.5003274091341874
Perfect Strangers (2016),-1.8517553886351845,-1.3101610469331,-1.0585394752341117,-0.25774272162823697,0.06801752994863258,0.4232991976002966,0.5010164591065117
Perfect Strangers (2017),-1.8137453160404609,-1.2287029944444732,-1.0815208288272045,-0.08296857780278383,0.04640205367607886,0.45769405782663025,0.5106520660882296
Pirates of the Caribbean: The Curse of the Black Pearl (2003),6.945956752410964,-0.3922275521859974,2.233441644913106,-1.5088067531425937,-0.1858480524098777,0.4436808592682791,2.410840702590528
The Miracle of Bern (2003),-1.3004725029729933,-1.1324184789798555,0.7534341617285658,-1.5862599965076427,0.2676006940952009,-0.16527718146309237,-0.48182542680824303
X (2022),-0.8417000308792878,1.837045473916834,-0.4569999627860953,1.8990040858727057,-0.1532346017724274,0.5298650262254426,0.13423575053820533
Yesterday (2019),0.2865212190030908,0.37093828328657324,-1.1361446807231612,1.2107166589914695,1.056458415398314,-0.5005189652342478,0.03582478293649249
The Star (2017),-0.2068737236827882,1.300124497276342,0.06301722135176147,1.069802717674214,-0.757610401201458,-0.0013033972437972291,-0.4840525150669328
Biker Boyz (2003),-0.6378759844804051,3.205092059481713,-0.3034388798435209,-0.30641736116649343,1.434527998333854,0.4094641889809066,-0.011009667244421628
Envy (2004),-1.0072561119600791,3.2354858417587877,-0.37396550941624385,-0.3503912922949555,1.0052380116467576,1.0803425852202388,0.18208364995894724
Good Boy (2003),-0.4233247369748613,2.9226607332064516,-0.752393165115289,-0.6664939175554088,0.47085442747943085,-0.05373872978510302,-0.18264829931633558
Martin Lawrence Live: Runteldat (2002),-0.6280623907176762,3.387903410310913,0.297584310744796,-0.2829155082048094,1.1835492472806073,0.7026454687758894,-0.3438321574113951
Mystic River (2003),2.0719610948369844,0.9265228913549036,2.3495516482527217,-0.6713612752310582,0.05011556005048766,-0.7061346552666302,0.4364519390041868
Over the Hedge (2006),2.2953177771609545,0.6894811623026736,-0.7559687379163119,-1.0021959421735043,-0.7834356968885724,-0.589705135823579,-0.5129488232033224
Secondhand Lions (2003),0.23567479431372593,2.6161406044763265,1.3580533619191306,-0.2763210549783728,-0.27064579351530094,-0.025476754502407016,-0.9213122474675437
The Stepford Wives (2004),0.21475801916181214,1.6738160609461241,-0.7194214762428294,-0.8692287919631896,0.34408688089077405,-0.7211496414419976,-0.10883247485358766
The Whole Ten Yards (2004),-0.7480501263864497,1.8974139931061529,-0.1777384881602068,-0.7658160540380518,0.4478784482230716,0.1836786594553583,0.05144288659887003
Around the World in 80 Days (2004),-0.16868747259106448,0.3968773514530161,0.27353095177737136,-0.9422793244229489,0.7878046894609436,-0.6793483228122799,-0.08681409253935635
Catwoman (2004),-0.26086782312383566,1.450412515265186,-1.619509356517606,-1.0279502292416867,1.771188818873244,-0.7057813027761581,0.9261428758363127
Coraline (2009),1.2076039374554055,1.2008387364871551,1.0479077548478426,-0.12409541880958024,-1.1119250746967095,-0.6077807118238068,-0.0876415718070623
Ella Enchanted (2004),-0.3743222799483753,2.692237638254905,0.3940441760223661,-0.4352889891571437,-0.025078640498885398,0.3232462258687779,-0.2535424308960962
The Rundown (2003),0.36923909160544055,1.5584178363610635,0.5897285610824361,-0.8374523425810964,-0.08958481072633127,-0.5481962879884059,-0.28129179195214965
Kingdom (2019),-1.0719068575996065,-1.4723483925397833,-0.026092602902522112,0.3362144299560189,-1.213731809182726,-0.17763103028844032,-0.2533825292190252
Malibu's Most Wanted (2003),-0.37911943191308306,3.5954440178660647,-0.5658054948156904,-0.44352851289464906,0.419195342850373,0.20551894477515162,-0.17215218304893715
Man on Fire (2004),1.7136231275292166,0.9567938241306296,2.312848740048274,-0.3605941581772544,0.4374529731499551,-0.751074920581499,0.15316911150923285
Thirteen (2003),-1.1362215858538038,1.088272418456213,0.8911853037974571,-1.1449177142661269,-0.2781460141697679,0.9996588198697195,-0.07628362798408304
Under the Tuscan Sun (2003),0.15519257795889965,2.1224183085309534,0.8274226039717816,-0.46427127910327615,0.27856455437756583,-0.2888928760800636,-0.6347065745819458
American Wedding (2003),1.5873756022877277,0.8588788553063895,-0.29805262488749756,-1.2468851065604956,-0.13030585744271772,-0.8994862764382979,-0.14363331402884588
Brother Bear (2003),1.4221771485726793,0.392015091372994,-0.38803976813323376,-1.4512945787691354,-0.7730241473326218,-0.9949576371485405,-0.7378146723201376
Chouchou (2003),-1.755349914806256,-0.7997332048647073,-0.7984221439930109,-1.8540807588353652,1.0210512994069927,-0.0468004183027201,0.3037031701967958
Dumb and Dumberer: When Harry Met Lloyd (2003),-0.8538141726938144,2.4549608262516416,-1.8004607124741716,-1.046451957537783,1.2624550251584248,-0.11795474318905695,0.6576950883620571
Freddy vs. Jason (2003),0.6555922586944172,2.186154396721805,-0.3074381299184494,-0.779745459496262,0.3293681516982975,-0.5796615591646324,-0.08131204701105817
Monsieur Ibrahim (2003),-1.5147930543478,-0.062232689095988426,0.860700279852362,-1.527901037229049,-0.7204499985154477,0.8107516123881141,-0.5815406449733688
Our Times (2015),-0.9679954086296891,-1.3513048998034927,-0.758228839099873,-0.573030041888027,-1.9832142310517724,-0.47467230368675944,-0.4540449002465924
Seabiscuit (2003),1.4394188090772009,2.0323109855937855,1.5374768898301165,-0.03684011084958615,0.794653514653851,-0.5607003281608113,-1.1261261533207856
Torque (2003),-1.0142336977710777,1.3003433359213712,-1.5797915535318827,-1.3982876157399666,0.8564528307785163,-0.30323591476452927,0.40182274908440774
Hollywood Homicide (2003),-0.3319888487615302,1.6982481352397716,-0.048210139453387736,-0.7009718300004221,1.1547199718597276,-0.33352980359464546,-0.13861794545194445
xXx: State of the Union (2005),-0.479297615110815,0.8675248177235936,-1.085516325789101,-1.0137645588048325,1.0107893058558068,-0.632457354435959,0.41426021735098223
Shadow (2018),-0.7531789795727255,-1.3395388463986646,-0.8430889027960716,0.1063176655947699,-0.9177311283000381,-0.6505109250503661,-0.13123552093824994
Harry Potter and the Goblet of Fire (2005),7.082344021662042,-1.664059333468664,0.7939318287567676,-1.1521203935645679,0.8741595987357959,0.8579981042350425,-0.2095245216685291
Hostage (2005),-0.022548474056040345,0.8325410346798982,0.7022185091761382,-0.7099433900866282,-0.6861703567698734,-0.5757087535246014,-1.0473152248884867
Don't Move (2004),-1.687563671526355,-1.1394853287483755,1.2523150639207632,-1.3854532103035182,0.30216329022344923,0.8255928252904644,-0.4454827023318742
The Punisher (2004),0.13566887053805143,1.4985176978549377,0.9948652583938945,-0.5010599024500394,0.6497185310664337,-0.2206027913481783,0.003980534159560557
Devotion (2022),-0.3963481181752677,2.4531558256890307,-0.41529539681436023,2.0828512276072755,-0.5956619737567064,0.12448661314112598,-0.12050736934316042
Cold Creek Manor (2003),-0.6273297115924733,2.2602606787479163,-0.03780086330173816,-0.5118940491682674,1.4371009764463483,0.1429986105734624,-0.04769060464687992
Run (2020),-1.3737731835391003,-2.169559845704102,1.9559585320196036,1.3341728603656076,1.4366117384680193,0.603085751683406,-0.17531519479662647
Scooby-Doo 2: Monsters Unleashed (2004),0.7472950881331352,1.1143794196936208,-1.0890574185261102,-1.0577110960264617,0.40568968306646314,-0.934886068754534,-0.25248009987924513
Man of the House (2005),-0.7893592904233424,3.0138719049323965,-0.003515744971174229,-0.19182453033807656,0.5946570733617498,0.9033049003788259,-0.10893630437724343
The Clearing (2004),-1.4539494241209256,1.233452711642047,-0.017431871638384038,-1.0564766215477526,0.1757899455590955,0.9887600657915853,-0.03248208422895769
Fever Pitch (2005),-0.05946795621293779,2.555576117049333,0.3164092390658599,-0.1957661422282779,0.26436480145992836,-0.013394234897958253,-0.41727465262254565
The Notebook (2004),2.082195219809476,1.5338582823214675,2.2860330948879763,-0.6258772820635915,-0.4669979099129604,-0.611327647576501,1.2063199562244544
School of Rock (2003),1.3698607740159137,1.5019605707187125,1.1285717372738489,-0.8455082101995199,-0.3288003690918245,-0.6570858851447144,0.18275949818048734
Troy (2004),4.141507856876099,-1.2197380884214228,1.5581913259553528,-1.0184333263829144,1.1731605194392638,-0.4187364894471749,0.2535685953315525
Together (2001),-1.3451990578888364,-0.7970551697116472,1.3215016386894307,-1.7349888299088687,-0.10961413552487269,0.22492021451493277,-0.7636232197935351
Together (2003),-1.4307311800528895,-0.8530873322451611,1.2907864494528711,-1.4792481649862335,-0.16725092979949824,0.44947386232033193,-0.690031508349693
My Baby's Daddy (2004),-1.0096517856904998,3.472836747511863,-0.9351058078700645,-0.44307775027027213,0.8016246476874337,0.8625436859618021,0.17056164929603418
Jail Breakers (2002),-1.587273951823397,-1.071776064796126,0.6047796559890388,-1.7243985970238866,0.6836940887720586,0.1952571189288193,-0.31354583629116917
Garden State (2004),0.1816468346166559,2.134627558614775,1.3438899281092784,-0.530554181309329,-0.6029844944804124,0.07116965210651796,-0.07984747088326967
"Legally Blonde 2: Red, White & Blonde (2003)",0.5261012755115373,2.362113444794073,-1.0349008384138534,-0.7875427221649219,0.8313418795047812,-0.6586041079543845,-0.0018248594447757907
Here (2024),-0.6414593285661951,2.026200879936889,-0.016326182505375417,2.2219318331014075,-1.1401689432071864,0.5696342586270204,-0.22448967891934496
Girl with a Pearl Earring (2003),-0.6243324150454741,0.6490772567600562,0.670704059846834,-1.2166162617760794,-0.3660036561222907,-0.12794885574021367,-0.3281336092259277
Godsend (2004),-0.9587966323781563,1.3390561772026517,-0.668947582130605,-0.9526250676099901,0.9526776253972193,-0.05075721357661883,0.19975941168466801
The Ladykillers (2004),0.0959813364736858,1.2769025144177089,0.17742746354756753,-0.8232071565626524,0.16900860999123984,-0.5789298316094238,-0.17697512249552338
Lost in Translation (2003),1.2985753732288792,0.47404160750675567,1.4681558575725924,-1.3788535201673104,-1.0126140924511449,-0.7863764560213715,0.8023595348184949
Mohou-han (2002),-2.0582429045039428,-0.983167716546836,0.016939587575619648,-1.8047269488979034,1.4728382565414222,0.7685227790354417,0.1817930416650542
The Passion of the Christ (2004),4.934732062957524,0.6783046928431461,0.02850017934230913,-0.6841309073138068,0.46512175309095305,0.44723544752419886,-1.1610781539555162
Starsky & Hutch (2004),1.0502974803229037,1.189103420569009,-0.2172217060371964,-0.9023433735724612,0.13884202793612027,-0.8548564376973983,-0.1915784848552201
Win a Date with Tad Hamilton! (2004),-0.7765831144380775,2.609266907203451,-0.10547146603350784,-0.5324257694952282,0.37098834930329483,0.5293342539723889,-0.12716958505028256
Crimson Rivers 2: Angels of the Apocalypse (2004),-1.2634887300834603,-0.9474106794876198,-0.2579621466718127,-1.7039076855460877,0.13034528812790977,-0.43180665844411853,-0.11933605316525207
13 Going on 30 (2004),0.5873904541711974,1.5960063928172055,0.23218185220053922,-0.84918405601111,-0.12256412814460296,-0.572158138479602,0.21392089797898495
Barbershop 2: Back in Business (2004),0.21851771612864637,3.2748160799364023,0.013194096715195117,-0.05962091639509601,0.7145464923199575,-0.13127644202492583,-0.5094363291093628
Love Don't Cost a Thing (2003),-0.6202817581571044,3.4805650587927563,-0.17181167405361625,-0.3039060924650369,0.8608866756010785,0.5742579316394274,-0.1933733441678861
Detroit (2017),-1.3256997450373036,1.7989895462652543,-0.6617505451761887,0.9863127226292563,0.14327622103076545,1.3979657825103076,0.3266867739020226
Christmas on the Nile (2002),-1.6781190913780195,-0.6419113613904275,-1.3269223265435675,-2.038525425922523,1.260752435568678,-0.39048082301312165,0.4538379499909795
The Prince and Me (2004),-0.32184190831339443,2.2344111079862063,0.3239058455571454,-0.3900894405069906,0.6614208324611671,-0.005972947153841087,-0.30977987168697313
Rugrats Go Wild (2003),-0.35590115526202315,2.438132958550968,-0.6803502503459222,-0.8922638462657668,-0.0693500229383381,-0.2311729316915461,-0.31952230605048604
Something's Gotta Give (2003),1.9235298274973247,0.5776274529545378,0.45874165478411466,-0.7967842664173848,0.6975436261947459,-0.9059369621983182,-0.8378964343643036
Birth (2004),-1.106694741353732,0.12016914576106832,0.2032683967540353,-1.3154621138790497,-0.06446758541670647,0.019967118232185953,-0.14229248404210204
Calendar Girls (2003),0.03779764501479112,0.40582205724574855,0.48744493143582135,-1.1026848315165891,-0.07613722582198312,-0.8364763534723728,-0.8014351635823835
Calendar Girls (2022),-0.9901869716566397,-1.609828142283676,0.009882767324657999,0.864685665697693,-0.8108447408918138,-0.6264829739285918,0.03441258699497276
Catch That Kid (2004),-0.8738032545776406,3.4663949479230602,-0.3428985231254291,-0.3160361869141294,0.5539838158376248,0.936592696591367,-0.07745078458350808
Cellular (2004),-0.12746812135635818,1.5052683002562037,0.24567025060609043,-0.8695627089658875,-0.3023194929027132,-0.3052125342141407,-0.21070502549934214
Defiance (2008),-1.038446707848738,1.9320623749291872,-2.5218671659798866,-0.6898038944420536,0.8197136560219342,-0.18176122573436151,0.7358166635630576
Live Free or Die Hard (2007),3.095230721219502,-0.41515069200112187,0.6444505989852131,-0.7223382017182733,0.18203531695978784,-0.5528495562697101,0.09565800038061058
Eternal Sunshine of the Spotless Mind (2004),2.227987335324093,0.7149592412966772,3.027558854004547,-1.4129226286990402,-1.6011729238015542,-0.42912452767210535,3.2271979724008686
The Haunted Mansion (2003),0.6473592497278006,0.9982804046936753,-1.2737042182270801,-1.3157149016419012,0.3353215391337221,-1.014489384356025,-0.25852878321915246
Dirty Dancing: Havana Nights (2004),-0.879101126197174,1.5076457030422359,-0.2900887919830821,-1.0224758053212626,-0.165780446669578,0.08944638417143269,-0.14581315555175992
The Barbarian Invasions (2003),-1.2214155763662413,0.5379047001621998,1.1532446195393042,-1.2335930518765035,-0.6791088323862245,0.7945139612944443,-0.6729205006502718
The Missing (2003),-0.16630356185214865,1.7893119390590542,1.3029003614923975,-0.2729576051828766,1.1328013665200078,-0.020308164598327336,-0.6277975937977864
Paparazzi (2004),-0.8778965992939849,3.2753761490050395,-0.19207259864782197,-0.44383865570526704,0.03250481362619081,0.9418215310586076,-0.2002758594395755
Paycheck (2003),0.5209457510692597,0.863795169154148,0.4444811228573226,-0.881503838647363,0.5977392828285788,-0.8021757913105841,-0.36238892647004317
The Polar Express (2004),2.287349972651867,1.212054295880882,-0.09990023906084891,-0.9151699868572344,-0.1797339888591905,-0.6177222771237715,-0.23058128643623804
Spy Kids 3: Game Over (2003),0.863435793692215,1.7628075349786159,-1.8474546213479741,-1.175460195377584,0.7157264559499571,-0.8865704976837797,0.01838646836647003
Stuck on You (2003),-0.11638216601495449,1.231578957922537,0.2299644343705382,-0.7934848083526319,0.8924147249158598,-0.5663427807425221,-0.28815817315723324
Two Brothers (2004),-0.3639172469957584,0.29361134861867266,0.6526623872570774,-0.9939455791799637,-0.14285031031866693,-0.5386386678820206,-0.7435703313444556
Van Helsing (2004),2.2503176225755617,0.19130725944722446,0.22912116279412223,-0.9068457259907853,1.0001797685004208,-0.8296523042833265,0.015273225895627124
The Aviator (2004),2.317595497779414,0.15625476503894814,2.4108705123576306,-0.30803074302949274,1.2990002946065826,-0.8888649776618078,-0.0426531365668165
Battle Royale II (2003),-1.7096623594704574,-1.2647689378187388,0.38090255713547855,-1.342355433155969,2.599900230374151,0.2450550371477185,0.28593577091430916
A Series of Unfortunate Events (2004),1.7120934596737445,1.1764207064360979,0.37438424230698875,-0.7805107658079778,-0.06687927999201906,-0.7743853746538105,-0.2959734044101454
Mr. 3000 (2004),-0.5487971319084862,3.3619849234078276,0.15596296478928837,-0.11449505914480813,0.7170828657283248,0.6216793030472746,-0.2998983728741958
Married for 7 Years (2003),-2.050186299952427,-0.8281391713704718,-0.06253244445976368,-1.9095817096794445,0.10701105452835304,0.8329740041857779,0.016221190589672745
Being Julia (2004),-1.0772449976992142,1.341707961789819,0.9541308266648282,-0.7647078106486608,-0.22078106539436226,0.8984400731462877,-0.5647088536439001
New World (2013),-2.335036359505345,-0.2661939358340713,-3.161305765390799,-1.6727186690591378,-2.7242233920134686,0.598787322139701,0.7273740465376142
Monster (2003),0.24363141690790804,1.4587482354625005,1.2108123158978525,-0.7762433919047315,-0.3028622734175909,-0.3357371991272454,-0.3574476647261873
Monster (2022),-0.8924558635746048,-1.794270596450416,0.5514420193331324,0.7641574192895543,-1.0705519857872412,-0.2807768495767546,0.44389475103967796
Brothers (2009),-0.9668614951788086,2.1487457853918244,-1.8283600901760044,-0.3024822004917573,0.6581562733152793,0.14266050081901116,0.4884042030860255
Wet Dreams (2002),-2.0159046747345153,-0.7326110811645351,-0.4495040371577855,-2.082662517140599,0.3250712008179173,0.5804652072724809,0.11786317235225705
Sex Is Zero (2002),-1.4759571854294673,-0.8862766515449525,0.1823389255085,-1.9670005244345168,-0.2634201808360216,-0.08175202448203292,-0.3770851349854787
9 (2009),-0.26569785091278325,1.6403431242929605,0.6816359618955232,0.011560142497033153,-1.0918548487080726,0.0632138490638745,-0.8976118970073099
Unleashed (2005),-0.1812276904775527,1.0330893719761343,0.7424829370642594,-0.7320631845427387,-0.37168404611819633,-0.2577395467003788,-0.3350760873417655
Along Came Polly (2004),0.9995715576683959,1.1869420011415182,-0.5776621185934856,-1.0598972728581066,-0.1365412299375919,-0.8723567551817782,-0.17778720975109583
The Dope (2003),-2.2335219582850354,-0.6306689898733031,-1.1979357461543978,-2.04476288096854,0.8936978725166455,0.6431363425308367,0.5942197920358591
50 First Dates (2004),1.9475107046760611,1.46997589526117,0.469209682977684,-0.9107747229394836,-0.44651147004588165,-0.7033259940155813,0.44648532447657824
The Good Shepherd (2006),0.7743110072753641,0.8664844356589374,1.7998089212823112,0.26539979435158223,1.7776229966771004,-0.6239892319942908,-0.5882613726102869
"I, Robot (2004)",3.257195101348807,0.16326823956249958,0.7865722670588086,-1.2358625798012002,-0.23303830162257644,-0.6008560369148237,0.798373523008311
The Lost City (2022),1.2065761944894122,0.1271514797736482,0.1824623234036785,2.051474480166508,0.7613539762677008,-0.7530602614455898,-0.6592144209473445
A Very Long Engagement (2004),-0.3285972998974377,-1.130655751191128,1.5525718212455677,-1.149620953672234,0.1576296500906008,-0.6757032942559914,-0.7731467571702778
Après Vous (2003),-1.8585849944466823,-0.637704966329162,0.6032116350739944,-1.6237372235612013,0.22943476358491846,0.9557204276438097,-0.23341427881887808
Arthur and the Invisibles (2006),-0.37994442627860997,-0.5556496155477091,-0.5892472388062467,-1.3047129386744645,-0.12539428004507833,-0.9131376018473033,-0.30344696822619066
Bedtime Stories (2008),0.8968932160840722,1.646354866909007,-1.4716823828048435,-1.2843614585988026,-4.292124304085341,-0.5037049002935802,-1.3592498738107397
Connie and Carla (2004),-1.2002627797036454,2.174670411480505,0.48675183507970676,-0.6219521809335122,0.060139866849214706,1.279434225285021,-0.33599520470423144
"The Legend of Al, John and Jack (2002)",-1.4717455566432283,-0.9457641000790338,0.3864462457748768,-1.8800888488403518,0.025773774274288647,-0.0011084014145423533,-0.3789712550967511
The SpongeBob SquarePants Movie (2004),0.9194334431597896,1.6279001809615037,0.2292845596412097,-0.8144804850700365,-0.8821918575961727,-0.7334612080689494,-0.7183703056071512
Sky Captain and the World of Tomorrow (2004),-0.05512249265083253,1.8423392294144305,0.26994727769075605,-0.5992785124656111,0.33749938427104037,-0.27637102604680797,-0.21459797623472307
Alexander (2004),0.8924499723191154,-0.7855847119514665,1.049709452481309,-0.6279200947561611,2.597999525163106,-1.1868125512512857,-0.04620707272221865
Head-On (2004),-1.5208796636479684,-1.1655051412252873,1.832837297093355,-1.4012000406210292,-0.37415452020284234,0.9749951448046351,-0.5503359098592774
Howl's Moving Castle (2004),1.6718846646401817,-1.800458069433046,1.6163349085223642,-1.6913839334419862,-0.821468323137735,-1.2134804622728392,0.148193896593485
Kal Ho Naa Ho (2003),-0.8794663401009539,-1.2693875347580779,3.3478921249857034,-0.6278020441292832,1.6907324278525617,0.5453070453409606,-0.8006705736608218
The Cat Returns (2002),-0.8923441782369291,-0.8451458601593684,0.0067149816300725905,-2.1866166054810576,-1.2995745416918014,-0.7383847995985624,-0.47319081300270843
Pokémon Heroes (2002),-1.702024346837085,-0.48427586354853874,-0.5826061326889809,-2.226112909652928,-0.7936540279631015,0.0902321976705564,-0.16860727597729375
Superman Returns (2006),3.188408453193046,0.2875321310199105,0.47955456411909264,-0.26236091189800526,1.713166837206591,-0.45517538533643587,-0.20235927994539346
Waiting... (2005),-0.6251974786289295,2.7321381300462404,0.7563681689501892,-0.3317711464382912,-0.3501867439763728,1.0795528729451578,-0.14948214605213547
My Tutor Friend (2003),-1.5601267226771953,-1.0444339387563095,0.5104045086737836,-1.6951467166507417,0.13784150101034132,0.14583607992736772,-0.3654586438984788
Gothika (2003),0.5423720627611498,0.9191378475900213,-0.4371198770385401,-1.2003967344677744,0.23846862114214157,-0.8986724674068514,-0.143696452692915
(T)Raumschiff Surprise - Periode 1 (2004),-0.960685673721091,-0.8619578607391585,-0.9781831547683257,-1.8409870603704888,-0.012702915700823336,-0.8963238481789824,-0.10680302385139466
Breakin' All the Rules (2004),-1.0512400858342288,3.4455985091961363,-0.16822990261461546,-0.3913049586715395,0.14558436392896007,1.3046253116990354,-0.1735614313267435
Cheaper by the Dozen (2003),1.4022592006203027,2.1796907137178767,-0.4289757543457802,-0.7187453951903584,0.2879605601251263,-0.6966044457907613,-0.42200930876256476
Le coeur des hommes (2003),-2.000172316684086,-0.9377101539317222,0.4080529080588811,-1.8704385188367805,-0.16150092947238334,0.9563704384034074,-0.2015854074888825
King Arthur (2004),1.1240534784555856,-0.26300272784354345,0.2994000534478083,-1.0580671748554853,0.7217123147839655,-1.1172007604646488,-0.2706341510857103
Ladder 49 (2004),0.6084244354249767,2.052229095747032,0.5442671424569141,-0.3136397089932036,0.4357502380668485,-0.5317590913315458,-0.6692602697755707
Miracle (2004),0.6894825913364127,2.8552528529539583,1.890144433856478,0.336753652881778,0.5360505533560453,-0.07304635835377496,-1.07858350624461
Unstoppable (2010),0.40299850898938694,1.0005978132832236,-1.4735241185376482,-0.20371258757064775,0.5813865051152174,-0.6972870429031718,-0.16266328738299604
Nothing to Lose (2018),-1.7424840297019324,-1.2975175001088892,-0.982366766102904,0.04764567852220544,-0.22444585182830618,0.4153909275117897,0.41176655357930664
Ocean's Twelve (2004),2.846756545602235,-0.1603667777000025,0.3417086557672744,-1.1564239287218054,0.5211406388021363,-0.7062398097314712,0.282102404416274
Raising Helen (2004),-0.12185197906136579,2.165857873496839,0.513293034859421,-0.2823327295725732,0.8556032584084523,-0.10097295789733847,-0.4260837153072277
Ray (2004),1.23924555100397,0.9863845236239572,2.140398338339693,-0.11726806121609712,0.7793941944657738,-0.747740511435496,-0.8362538780365054
An Unfinished Life (2005),-1.0482105284503092,0.9368703891791821,0.9933431904169978,-0.7239589400341238,-0.16681179769221344,0.8224624084263579,-0.4433994116711763
Madagascar (2005),3.971557225077226,-0.13417665861151196,-0.7371198904303687,-1.5331530668450273,-0.8587265847723042,-0.11218641679938111,0.015036372407695023
Walking Tall (2004),0.06391757429495515,2.661559192915518,0.056506382204327625,-0.5823845545854236,-0.3589550985298822,-0.07499569463188087,-0.18288846009855056
Cinderella Man (2005),1.1522407856749945,0.8308484712835325,2.210158496335623,-0.14301252476734808,0.28254683068126724,-0.7757228305267715,-0.6766177151242402
De-Lovely (2004),-0.7185013387926912,1.9357559957336747,1.1950380748621416,-0.26481544790516365,0.7061481227150301,0.7174603654452052,-0.5985488244181674
Facing Windows (2003),-1.4991774589395552,-0.8824376787251357,0.8169038814929278,-1.7119248463492116,-0.49595167899949116,0.31415633863742415,-0.5384757427859681
Marathon (2005),-1.5832893033903594,-0.7822722438818477,-0.7011045041562002,-1.8368712688786546,-0.7936084844770993,-0.08349048621131688,-0.14024550799410568
Parasite (2019),0.1532763725469831,-0.7201386345321739,-3.5108405358400936,0.2786184182165708,1.40908898968389,-0.7826150119491897,0.6347757098506291
NASCAR: The IMAX Experience (2004),-0.6482347515269038,3.6133971577822646,-0.3128766418031068,-0.6863550872288998,-1.75180114392834,0.6503091614373636,-0.6675408613980119
Year One (2009),-0.829765648460207,2.9236089903137272,-3.150948878086705,-1.044922007979097,-2.3047451679438575,-0.12020108460313451,0.29305640249108145
Podium (2004),-1.4985498949191531,-0.9420089627116119,0.016080756888728603,-1.7415407502653415,-0.30350456642987994,-0.06799454121274677,-0.27639006053473786
The Brothers Grimm (2005),0.2966227234187872,0.4358037854518361,0.10895908361459736,-0.8054016118185237,0.6908130015381331,-0.9599175238055607,-0.053359470593839234
EuroTrip (2004),-0.2211276031286789,2.4754222764010527,0.7251221391331053,-0.6496397548332913,-0.4346450099000825,0.4694283396353857,0.32171889742340787
A Cinderella Story (2004),0.12318373533730326,2.2938244489373885,-0.11354540324377713,-0.6052369097714286,0.13680624244609496,-0.32069289763376696,-0.14244411764591194
Elysium (2013),0.8212758372647395,0.19652254382763798,-2.8638604701792767,-0.28782721465571187,0.7468414046228348,-0.7222919540044646,0.05705897672719655
Garfield: The Movie (2004),0.7409607837003306,0.8088757617485751,-1.5681515974722835,-1.385051091730908,0.09007825145707703,-0.9860425676212973,-0.048546022227394646
The Family Stone (2005),0.36977799740271877,1.7542000579350532,0.13244122943890135,-0.4813978059330031,0.10978423421218077,-0.5702665662507113,-0.40304907278441776
I Heart Huckabees (2004),-0.7397974515474298,1.7573240156394132,0.7488674474933021,-0.6243642805286285,0.14920599109409896,0.5792296033993617,-0.26361197333761466
Mr. & Mrs. Smith (2005),3.972372987749437,-0.19767167671670832,0.07611603257864702,-1.1825530908077342,0.3197470749225469,-0.273405198334453,0.6237523863634921
RRRrrrr!!! (2004),-1.9512551834020315,-0.8736769901614582,-0.14215901129360636,-1.7875765617477302,0.13996325166392706,0.6977408719284446,0.10173213298879447
Salt (2010),1.3471233590566563,0.41888000777448275,-1.4050744859936228,-0.4320948257707023,-0.32008472860539033,-0.6265090636969283,-0.8349972476331294
Elektra (2005),-0.5353412009894836,1.11467280613083,-0.9262461163219613,-0.9893460159247636,0.7664884940253136,-0.44328701757815614,0.4934811293754115
The King (2017),-1.0345929335382307,-1.7803649811673758,1.474864773948912,0.4696692267049241,-0.6282269474610066,0.2309533465137812,-0.6448434602206088
Anchorman: The Legend of Ron Burgundy (2004),1.3130406811481652,2.9931632024051806,1.0424124029658166,-0.42525558265456764,-0.7145162084068958,-0.20729470301153488,0.48677493284662354
Boogeyman (2005),-0.35545419861945504,2.3477986450791297,-1.457829970609814,-0.6461255278978569,0.9349566846188786,-0.3674262122266556,0.2909405330007142
Robots (2005),1.7575275213640313,0.9495644447665398,-0.5557821420173426,-0.9516823428327268,-0.34611123895778056,-0.7998416790794245,-0.4096896670869605
Shall We Dance? (2004),0.6362139921988302,0.3705329586899572,-0.25770427860946876,-1.0511355436631291,0.25671755245372035,-1.0125732164310042,-0.6339640146388406
Walk the Line (2005),2.0210684010698174,1.1405541930390095,1.7708339451712924,-0.18830122956514544,0.1578986912368024,-0.7927682019001946,-0.50411308043753
Agent Cody Banks 2: Destination London (2004),-0.7080988299832615,2.7806760178867886,-0.7049519747999484,-0.4631183063641253,1.1161858288307078,0.2133887409643537,0.11057581062378229
Blade: Trinity (2004),0.6564160935747823,0.6433746065744789,-0.014892725245143327,-0.9880527878060539,0.6061132106785126,-0.9674489969815798,0.1632756692666262
The Box (2009),-1.1803556544794394,1.0426951418205461,-0.8320158759403858,-0.37902024309957977,0.6616955703655746,0.3481174135531585,0.2411907072395374
End Game (2021),-1.0692322906860665,-0.5871409865128712,-3.456573251528467,-0.4837280081213193,-3.3491765567182528,-1.0727674945949208,0.416408192065012
Johnson Family Vacation (2004),-0.5097928925047783,3.526556761228098,-0.7280593681939448,-0.2209769491388583,1.0808890145054133,0.2647258200974243,0.006421662457489502
The Secret Life of Walter Mitty (2013),1.3726925190416253,-0.38146033331616064,0.7347505050835705,-0.008228343622112487,-0.6146271416607876,-0.6995527970710989,0.3978339967202323
Sleep (2023),-2.2459035662152864,-1.1803970237850703,-1.8931586000203868,0.1554479530922642,-2.021607232481263,0.7648381566082697,0.6672731073431798
Chasing Liberty (2004),-0.8013139624024386,3.196977441529709,0.7969311827580712,-0.09089013779839755,0.6346429841340296,1.3487737163063653,-0.29131371391039784
Wimbledon (2004),-0.5659853214374889,0.9090137576099361,0.16375184179983052,-1.0390198413850973,-0.08462217389373268,-0.2576486820679797,-0.20031296583112607
Constantine (2005),1.9334086823324022,-0.07383509315160917,0.8357286381987107,-0.9748534726228713,0.025711905307396237,-1.0464425083087125,0.28046890457750523
King Kong (2005),4.674899253587023,-0.9403471120102868,1.6998770743348108,-0.3703100089943831,2.0757799778513215,-0.12048338894438645,-0.4166967308758028
Taken (2008),1.3757032875502844,1.6333503157861273,-0.554365879341213,-0.36973795711315227,-1.4115852689144583,-0.5000660030136778,-1.2280266334146064
Valiant (2005),-0.7012254730455175,0.751423193678023,-1.0678802542522352,-1.2929119441398793,-0.3230615842905278,-0.5807590863989162,-0.034035048318697816
Bride & Prejudice (2004),-0.9810554419355801,0.1509621348023998,0.6189774117474774,-0.9841649361662024,0.6967036371493845,-0.016512294362887057,-0.2840916316733793
Confessions of a Teenage Drama Queen (2004),-0.5725643552733036,3.1200942680403525,-0.8673328638275583,-0.48889880955111437,0.7287391879671409,0.17899160925041105,0.12799339017901643
Fahrenheit 9/11 (2004),1.7793998439081289,0.8551114313989149,0.9580359292771194,-0.5714678835274641,0.014528892094739987,-0.841328154645664,-0.999116167817354
Raise Your Voice (2004),-1.0412037839791912,2.131982211780436,0.24223456195345539,-0.6032603493665816,0.47925517621538666,0.8929935925628649,-0.12624402699082754
Inglourious Basterds (2009),5.277030814518291,-0.7428330480257805,3.9036840632261205,-0.857030026882559,-0.699738136933261,-0.4651442950815256,4.8009709905886915
Little Black Book (2004),-0.6150688003208498,3.123984430486774,0.007695182862036707,-0.18840108440208386,0.9616271271332919,0.5413159223770517,-0.16179553277827033
Welcome to Mooseport (2004),-0.8592366457031742,3.2999543603754256,0.18595747269869398,-0.11026071572531695,1.0812672030115522,1.1005474571193186,-0.13744412792631236
Scary Movie 4 (2006),0.8471347192739321,1.3373604899304792,-1.3934207812599282,-0.8871072951930599,0.11757071098606066,-0.923796015245094,0.1607626669252554
Son of the Mask (2005),-1.0823193967366709,0.8141008589350759,-2.6607528157353166,-1.3352885030872628,2.048524754562221,-0.6821814296347014,1.259819852498174
Tell No One (2006),-0.8675438346898187,-0.7451255811968805,1.6056646585557393,-0.8015897850605513,0.12494508156228966,0.15743748775549898,-0.5992638598429904
The Terminal (2004),2.1879939625215865,-0.013898841968391312,1.5029462982850832,-1.0428678583640503,-0.03699486818536825,-0.973550643673018,0.6148938645373956
Kinsey (2004),-0.7500722095317981,1.446406126012392,1.3726431146453113,-0.5267520562770461,0.1399908295882382,0.7051578644937355,-0.5425006674254594
The Life Aquatic with Steve Zissou (2004),0.1181961265908485,1.76528342582066,1.570260449406347,-0.44027676842079927,0.02476568031688473,0.0666931557413644,-0.07081154605748714
Criminal (2015),-1.2651417647252452,0.21931054796249452,-0.3112645261989052,0.1491090792276132,-0.7647325829888183,0.7296622740794675,-0.06964237433034713
Employee of the Month (2006),-0.5594414739446399,2.2155803075127176,0.06739901440351709,-0.28829058106381933,0.07735384501117189,0.3365747974274159,-0.38129176916111995
The Grey (2012),-0.16378426329003773,1.6526073568299642,-0.5493508705520174,0.2661845676255487,-0.5235052501693008,-0.14720378822081753,-0.3846117128053005
Downfall (2004),0.642984367903398,-1.610374560200823,2.7851410835212485,-1.106053314545017,0.3236988134863346,-0.8622124066082979,0.1299223786458201
The Blind Swordsman: Zatoichi (2003),-1.0416272490000937,-1.2497049770828532,1.1992060881768638,-1.6063052254683434,-0.24066427441259866,-0.2773922916720743,-0.6267872685517922
New York Minute (2004),-1.035486758354878,2.1721632588213864,-0.6351445130520436,-0.8062510094195589,0.5595373974967437,0.46041906536174315,0.14485461220742268
Intimate Strangers (2018),-1.429112578628588,-1.6918303502531333,0.10902486706863615,0.18979773975668385,-0.7482020562719924,0.26919010558903494,-0.14815305993617545
Dawn of the Dead (2004),0.8897700638936076,1.390674516297593,0.910115905406402,-0.8239443383950211,-0.58792703652046,-0.6302641138681813,0.06117722042451772
Elephant (2003),-1.5031808919545935,-0.09402768500274263,0.5210552470744756,-1.8270571293644933,-1.1304883073429348,0.8527811849923173,-0.0023468484480644383
"The Chronicles of Narnia: The Lion, the Witch and the Wardrobe (2005)",5.630303722112295,-0.8005443018241252,0.004320316669914996,-0.9598437166259354,1.0115133503433986,0.5033222735452778,-0.633183548087944
Secret Window (2004),0.4535842237290963,1.2784005057654462,0.27724813843874924,-0.9674794215972693,-0.3125955216525798,-0.6061293050723388,0.12064475370487478
Taking Lives (2004),-0.10862384836935185,1.2166855164636738,0.18480859093214858,-0.8630525297702989,0.1387983640086114,-0.4455705979092627,-0.17334153785362602
Oldboy (2003),-0.04765706811682717,-1.2022145318245157,2.8736001385506524,-1.8709625445780573,-1.0169402752158772,0.45905845688681074,1.6869856992880161
Dodgeball: A True Underdog Story (2004),1.5113845870600837,1.8931278801732616,0.20007174327417154,-0.7961393635087634,-0.5181278976119772,-0.6484551388083702,0.06004155448471087
Without a Paddle (2004),0.14306624977258114,2.568930747191661,-0.2305743880256573,-0.48245887762452955,0.2418417449770871,-0.3324102591240592,-0.3220692637183979
Babylon A.D. (2008),-0.43334261369543803,0.46499000641443367,-0.7731533491299196,-0.8100850050877557,-0.03439831506928335,-0.5632871739585092,0.28392402636743885
The Challenge (2023),-1.6348889938126543,-1.3104077668695258,-1.4101008173719891,0.713123708748992,-0.32344871990657187,-0.08648140932959426,0.7125063502696879
Deep Blue (2003),-1.3968059560356547,-0.6331697096482611,0.451441604070065,-1.8659404926984549,-1.2248515772366924,0.09683230999750157,-0.5717451999649814
The Matador (2005),-0.9668550628474095,2.1531640426913063,0.6901391147235912,-0.4923025063931693,-0.2858913183823727,1.1957469300541168,-0.3271616468039691
Syriana (2005),0.5711777917463899,1.0078736157048456,1.1091576423850504,-0.3774402283360772,0.4620835330883164,-0.6669305473023899,-0.4371174103752992
Shaun of the Dead (2004),0.5554372119366566,0.8618988775045129,2.060537952064111,-1.2507053614078614,-1.3253024362148804,0.09333305017143492,1.4891292790094037
The Upside of Anger (2005),-0.5720077416072549,1.6899430937026527,1.0622084125186508,-0.28313610759490937,0.3173007335588345,0.4571879378012297,-0.6043488392895083
A Walk Among the Tombstones (2014),-0.3225368244683691,0.4601852818626479,0.43215686002942644,0.4340317332373976,-0.045420584818743975,0.125169536321144,0.17130823071623932
You Got Served (2004),-0.5031274631224488,2.8006625998544257,-1.3675290673740956,-0.5785683818027081,1.354917233958793,-0.11780097130995489,0.36267909017228855
Anacondas: The Hunt for the Blood Orchid (2004),-0.44938390627717933,1.2509888464075294,-1.0422782268039563,-1.0300281875609056,0.8523396684331607,-0.5948873058673962,0.1341016111562366
One Missed Call (2004),-1.6975281529727153,-1.0942651975999809,0.4077121902005224,-1.600921156239826,0.3270994606250928,0.408578219263608,-0.15416866700978193
One Missed Call (2008),-0.44178539750640466,1.3619548319579324,0.29789119167395833,-0.07943240071458091,0.36193875409808013,-0.030375197124254533,-0.3627925461906057
Godzilla: Tokyo S.O.S. (2003),-1.9504432010574488,-0.8741751274471209,0.13116308661111023,-1.9554493985933779,-0.38780074857758534,0.7231673197186734,-0.20086796699512177
Seducing Doctor Lewis (2003),-0.9701802495767279,1.9249530074772288,1.3576632105334725,-0.6006438263171215,-0.16192187253917986,1.110401052470954,-0.8594554525824373
Happy Feet (2006),2.8058946405759366,0.7065534777726414,-0.4677972010992057,-0.6801826415636476,0.18552639984296837,-0.4119673641968738,-0.5278997516381865
Harold & Kumar Go to White Castle (2004),-0.20413262213370395,2.371346966979938,0.8410509605380079,-0.6919524944513832,-0.7838615098967807,0.41012009094209867,0.10527170941220926
The Jacket (2005),-0.9687251170604323,0.2997054074347394,0.9708981877971432,-1.0663060039460408,-0.48521942595647855,0.5857033544628317,-0.06784020169599146
Soul Plane (2004),-1.0689139125056408,3.4629670610593872,-0.8031134230520051,-0.46254364178543494,0.732901074281846,1.0552838468306907,0.24974085798581988
After the Sunset (2004),-0.3084034601371162,1.0847605083354777,-0.02429849699720804,-0.9690138156468031,-0.028456800899763633,-0.45625574489231663,-0.32453334056516536
Charlie and the Chocolate Factory (2005),3.9802692378233764,0.10486472907194788,0.12221519152462718,-1.1219527098031248,0.0651424954611311,-0.21420483161654888,0.5307992939446975
Deuce Bigalow: European Gigolo (2005),-0.8069368084623804,1.5445220013951368,-1.2108091816484126,-1.0173143308069117,0.38750633493773273,-0.1606064569566189,0.37246392566270475
Indiana Jones and the Kingdom of the Crystal Skull (2008),5.842574230238279,-0.6627834775320022,-1.0294918534349886,-0.8788181446169183,0.6610609225048918,0.6800576748368061,-0.06910161182707605
Hannibal Rising (2007),0.02183320395360741,0.24359430634707008,0.3184697582040817,-0.5374013820715146,0.5960948463076404,-0.7528536871875428,-0.034293063469309756
The Manchurian Candidate (2004),0.6692550950637982,1.6797830205146995,1.0069611721077576,-0.2829414331278394,0.752122579461905,-0.5195826121768299,-0.4688191831684146
November (2022),-1.7296906143746993,-1.3213955427436659,-1.6881914067577353,0.34281662225267057,-0.9721805160682517,-0.20711292890699837,0.6115552897722465
The Village (2003),1.8631547492763476,0.3963516820892036,0.2099589790921933,-1.234822182893116,0.04014998318923695,-0.8330788660411037,-0.1618078796990286
Are We There Yet? (2005),0.3353714534275772,2.822207668345733,-1.0143092630486388,-0.3115658700973659,0.8176876882824051,-0.5298566419323978,-0.08949864410584416
Lucky Luke and the Daltons (2004),-2.2903426935454285,-0.5030864247242081,-2.065259428799557,-2.0324984274008435,1.2223761613322213,0.40874745429512316,0.9824644963350473
Elizabethtown (2005),-0.2030432629376143,1.0658662459859292,0.700512109386329,-0.4761857752956742,0.6796265449231974,-0.3050016367349178,-0.3018501166667638
Faster (2010),-0.5332551412512729,1.4685631282332072,1.093209879428598,0.23964357592045357,-0.8089525371250039,0.5733074236045806,-0.8569132506300773
The Island (2005),0.39937711575280394,-0.17662702665183766,-0.27654621003060553,-1.0817091509994807,-0.04596684651721732,-1.2208805359385118,-0.8811691955379872
The Island (2018),0.1309459024527608,-1.726695457975047,-0.8111798593523335,0.21910775877483482,-0.4927945803912769,-0.9296429046624209,-0.5329477945486663
National Treasure (2004),2.9960224933406097,0.4776216482114121,0.7481037190568575,-0.7780423117245964,0.5390616455269699,-0.5418006361994739,-0.10332176535466882
Ong-Bak: The Thai Warrior (2003),-1.0675204486845582,-0.13059200513919908,0.9550901376601827,-1.4204477793967154,-0.3392566191043943,0.2271602041274999,-0.34982853955375137
The Princess Diaries 2: Royal Engagement (2004),0.8994186930738731,1.9565182550815954,0.01852015309176724,-0.43862140775891995,0.700792990137278,-0.7207905508228455,-0.39002099397600326
The Unborn (2009),-0.21726074703524237,1.286159365333816,-0.45609043475812294,-0.04450417471873858,0.6218332723944682,-0.4333086825668716,-0.24928080806954944
Collateral (2004),2.216442663869674,0.5071283663462051,1.32940214153919,-0.9195487454866115,-0.27096459129054973,-0.8778529502932328,0.30965887220346366
Four Christmases (2008),0.9493606089063675,2.1273160799515103,-0.8638951857081655,-0.17503824684624944,-0.05065226350500595,-0.4696343303921026,-0.21910553546148034
Fun with Dick and Jane (2005),1.3627077841766018,1.2865140319493362,-0.5405973126446586,-0.8592325645406045,-0.26984474511594914,-0.89421934720371,-0.26272665770231984
Jurassic World (2015),11.99013165367131,-2.5326603050730627,-2.773107796338872,-0.5766833111370315,0.4370877381266298,3.661463251263319,-1.178491293800435
The Sea Inside (2004),-0.6099558132473074,-1.2351912648308299,1.763264704930746,-1.2664866595699078,-0.30945661416498743,-0.4282156463797778,-0.7454814533310845
Monster-in-Law (2005),0.7287559195633854,1.2973167895206235,-0.6515135823119645,-0.7073501943952122,0.4513804191428072,-0.9234377357054401,-0.327818446720875
Ultraviolet (2006),-0.9938997352184403,1.9088935361936956,-1.1265106133462808,-0.7463450180586962,0.6960035752853886,0.3854116441228462,0.6712488602752624
Alien vs. Predator (2004),1.0757961768669475,0.931514026346073,-0.42858225422353996,-1.071405817107272,0.31402486649380595,-0.9106155628489354,0.2222267159987244
Nine Lives (2016),-1.0129670085880216,0.4435004770994353,-1.461060586328636,0.12956849584984628,-0.6472668163734503,-0.0011869232892420317,0.2551167635248773
Spanglish (2004),0.1821545160341669,2.068755904075913,1.0911861563498342,-0.13799075435188796,0.963935636372296,-0.14135931615086256,-0.4237214325113019
The Walk (2014),-1.0253978833884487,0.09305477288534934,-0.9680664974120139,-1.026257467142264,-4.867565185295472,0.06997333604168082,-0.7752362929507484
Asterix and the Vikings (2006),-1.9015202909390299,-0.8284820489594727,-0.5796012765946622,-1.7341007248088267,-0.6507682316491276,0.5748594682370664,0.08815992232205574
Chicken Little (2005),1.7508814471864231,0.7897116153585388,-1.4774632208897134,-1.1729848879205873,-0.1932066233922097,-0.7326111024765136,-0.4814281135684728
The Hitchhiker's Guide to the Galaxy (2005),0.6717542256024167,0.9663821803717048,0.5907630712030474,-0.7189653404091427,-0.06659092233464681,-0.805638378203721,-0.016960573738687187
Iron Man (2008),6.354569369370294,0.08151215549127912,1.6548735046683907,-0.8312267448593116,-0.7125303162367997,0.4399416873961745,2.4488454993857496
The Nun (2018),1.3952680367380652,-0.33093378778956073,-2.728848521746382,0.4848071931529773,1.0029552957180385,-0.41014638481273735,-0.0857137226572309
The Bourne Supremacy (2004),3.042100791825778,1.1574376590563609,1.1209134314730436,-0.8717851038025034,-0.7181768998174105,-0.5299422563113356,0.3146008537549073
Guess Who (2005),0.42309375810443867,1.8627551778045364,-0.1640186218816884,-0.42127776319598204,0.43149212084799204,-0.6878776869780537,-0.4387825960793004
The Wedding Date (2005),-0.33202836280524134,2.050491089065653,-0.09843368291881038,-0.5982658116042883,-0.15913470775189084,-0.0769745505426134,-0.23259681028724755
Spy (2015),1.1602868729460496,0.33827148907812793,-0.5663439372715077,0.6253934462974047,0.01312339303456393,-0.5653916408887181,-0.7978569197933297
Team America: World Police (2004),0.13379484111421963,1.7619602061423132,0.9562882285420881,-0.70561826311219,-0.6080451530669374,-0.1350864805580477,-0.1854192746098412
One Life (2023),-0.8436708809061557,-1.1041796136346136,-0.9779708725474369,1.012841789650953,-0.47850369923985525,-0.7674591766268933,0.19518299300625302
Batman Begins (2005),5.896038694816455,0.30427191207872145,3.4720643736573362,-1.2414770792895369,-0.7728683398549,-0.2773949540175201,4.5553370033712195
The Chorus (2004),-0.4078024677154603,-1.1349008225929693,0.7743162283570286,-1.6267714492424454,-1.0726413368050447,-0.8377823845622241,-0.7987819404530704
Dragon Wars: D-War (2007),-1.0579221280930042,-0.3548763425178316,-1.7999275797863312,-1.1266787154505262,1.6936888743109988,-0.7334085725272181,0.6359146528640803
Journey to the Center of the Earth (2008),1.297053640426497,0.5808378794595882,-0.9872047711945239,-0.6673928172530275,-0.036369094182079384,-0.7619800377009149,-0.17721676963694907
Kung Fu Hustle (2004),0.11412281865450173,-0.5659521536067623,0.8610614412875391,-1.4243214112863094,-0.9491402575291955,-0.8770473034288916,-0.5312414802705245
Halloween (2007),0.3869318445110627,1.9797640446327158,0.17460354368441858,-0.09479574763299649,0.3864472951230737,-0.41092756367209177,-0.01913868869074857
Halloween (2018),1.677944998113676,0.918810891434454,-0.728408612752504,1.1213810615867208,0.08067461187159537,-0.2149393629716382,-0.0715415332443006
Harry Potter and the Order of the Phoenix (2007),7.097727091854623,-1.7029956745423787,-0.013796201379328778,-1.131200299319368,0.4007342476784983,1.0153176511830857,-0.33615062926762757
The Interpreter (2005),1.0101643842437678,0.571989150299488,0.46966995613243484,-0.5382785669487453,0.7658421846225639,-1.0220811298197567,-0.5161962852280513
Open Water (2004),-0.4491460822503431,1.7480344167535604,-0.5859317342794638,-1.0332283433417735,-0.3222941315684094,-0.227795667487489,-0.09734598522094587
The Turkish Gambit (2005),-1.2276182672390643,-2.0528884097685403,2.9608709328516047,-0.3801015252767464,2.865719914665521,0.5269331435920576,-0.675096184075295
Bewitched (2005),0.37004654652470764,1.189503275755858,-1.0729311863110538,-0.8158702348854293,0.9143118496693057,-0.995722567373591,0.07515654602381047
"Spring, Summer, Fall, Winter... and Spring (2003)",-1.3368449654694528,-0.05838571269978798,1.6742055740347193,-1.3916801622698571,-0.9092794176702487,1.1281526092613106,-0.5436026055792369
Look at Me (2004),-1.4876113327270986,-0.7391477470232433,0.7215617614388824,-1.4425678654130139,-0.04284492592792369,0.39388881272789156,-0.43910468907585415
Napoleon Dynamite (2004),0.47905035818527264,3.1201308750413848,1.0278599061622546,-0.2965817248869263,-0.5016933689488298,0.1492100405021771,0.05377370401499103
Sideways (2004),1.0923544953421727,1.4341952888964555,1.5900048809422136,-0.3642545466235444,0.10432120790311912,-0.6309384671379007,-0.45949605678465977
Tristan + Isolde (2006),-0.6749857358425952,1.0141162660163046,1.193304824883875,-0.316069850495926,0.4405616567598259,0.49401517198663836,-0.4006579400207726
Alfie (2004),-0.6958184942068798,0.7778972316031864,0.2166925426601764,-1.0246351924945165,0.12559737504699567,-0.19692809226216612,-0.19221017307950708
White Noise (2005),0.13101358076636255,1.744092106828262,-0.4656600803398303,-0.5719738197088406,0.521472737464921,-0.5905380427268878,-0.19977875862908573
Innocence (2020),-1.587696930051708,-1.8448536252325354,0.48955835631224204,0.6575043249470991,-0.2210534676049764,0.28895884700479085,-0.014312218439830162
Astro Boy (2009),-0.747676730625755,1.0898075687620714,-0.09312398612204648,-0.32189572994801136,-0.26125933281574903,0.19200286602066266,-0.11449764432704748
Crash (2005),1.297946423580847,1.090722395739504,1.6878737088389457,-0.693298669150021,-0.6949282415432972,-0.6648524136019326,0.5967561662480838
Layer Cake (2004),-1.1408756438490097,-0.09579610652504042,1.2691321338509283,-1.398599021875882,-0.5275773742158987,0.9609355340555087,0.30616594251735063
Book of Love (2016),-0.7613118922615975,-1.1686334275735615,-1.6262460000857133,-0.290364419305527,-0.44928892025486555,-0.7269780937336761,0.14583546399330494
Racing Stripes (2005),-0.06103313821530783,1.4783171191091404,-0.7058978762327409,-0.6629984671693653,0.7275563689842215,-0.6427114953473179,-0.20121407188172025
Rebound (2005),-1.0586987386357076,3.3685815173542855,-0.44621107052051356,-0.30192527385309237,0.36722052326154303,1.2806818976796084,0.023792890067810893
The Rum Diary (2011),-0.8770412308850445,0.5661784368465101,0.5171965354156955,0.04457157283959234,0.4446468071343316,0.6629236028508375,0.28369685785139165
Closer (2004),0.6204598799835763,0.15297651456700512,0.7652939125779119,-1.2031874398576379,-0.54608633194621,-0.9112873318294937,-0.04777403860343625
Frozen (2013),7.478640999068272,-1.8039159447381181,-4.29184987196371,-0.7402697734867236,0.4551302958366045,2.061324837754826,-2.7650622503049402
X-Men: The Last Stand (2006),4.000969749933587,0.5569186456860845,-0.14472697113049496,-0.9912982600342567,-0.2455047881395801,-0.15736676194149624,0.6969055153202358
Flight of the Phoenix (2004),-0.4491312464315663,1.5887716930209115,0.47238125165888717,-0.5943029815721288,0.5534833356447578,-0.04814450951789764,-0.259238846017117
Ladies in Lavender (2004),-1.058134589067303,0.4947440531124561,0.7940553907101762,-1.0526949780151975,-0.28879227139491004,0.36423271859777134,-0.5422840534347073
Mean Girls (2004),1.574869309643041,1.7485402728419612,0.9370831966093325,-0.8598560882713349,-0.7356301485838206,-0.6443940635346035,0.736008576890653
Mean Girls (2024),1.3990631031301508,1.0923331161723768,0.3873083527047778,1.7942900934924835,-1.3824236773759895,-0.656136725961136,1.2903706827492796
Proof (2005),-1.2413470116120864,1.3265270883541598,0.73545131393295,-0.7539221052874436,-0.21897323608795516,1.2584663782417362,-0.23125342315825406
The Ring Two (2005),0.8075271111753561,0.9296839980722323,-0.5859629121899609,-0.7488528180634857,0.8039198319783691,-1.0433942178520716,-0.14052705087378567
Be Cool (2005),0.29210969142571314,1.4326794507690093,-0.025116427645864078,-0.4439737543178935,0.9616868598781124,-0.6898465961694399,-0.2050601177205096
The Dukes of Hazzard (2005),0.531224463050904,2.1827938826689874,-0.6586323243052205,-0.4104769766351841,0.8575432935031859,-0.7256543501928725,-0.03422532623373857
Gnomeo & Juliet (2011),0.8677085680800127,1.045247224738106,-1.1310087645814626,-0.14981909961714132,-0.41548570067741614,-0.6501433875492181,-0.31306571090051005
Into the Blue (2005),-0.5324837887565071,0.7946011214447241,0.15891348511072942,-0.8134037413939521,0.4770054289239455,-0.22551370926461,-0.012536848647034348
Kill Bill: Vol. 2 (2004),2.500208772527787,0.22906703644807838,2.769524648705596,-0.988465292986768,-0.327870637550881,-0.8300903305984373,1.8282056443888046
Bayside Shakedown 2 (2003),-0.07563928901917896,-1.5453512891987211,0.1810902854768509,-1.4189491164648564,1.3870635013848926,-1.2384067845231774,-0.7953653991425984
A Touch of Spice (2003),-1.695668955619656,-1.091415354497662,1.1519787706341174,-1.7099508426780057,-0.4376607706696602,0.7566399922693784,-0.5380231725936186
Melinda and Melinda (2004),-1.276343379401336,0.028677543665728975,0.2711417508162225,-1.3662133656847775,-0.1503118462197343,0.27765917522481387,-0.16252930789631606
Touching the Void (2003),-1.0174602371942343,0.41757759395932226,1.5335647907731733,-1.1458355859232752,-0.7314979386167844,0.6253550712850449,-0.7569619272938541
Capote (2005),0.053889261894755965,1.313082119336335,1.2817443600705223,-0.4689264914227803,-0.2010223357776372,-0.14566105015973893,-0.3660385249425947
Serenity (2005),0.36870936037541757,1.401750022111071,2.0145446465412946,-0.4327434250427786,-0.431550044129842,0.06671071068071806,0.13356375847217114
Leatherheads (2008),-0.4171281471286466,2.071356763458793,0.35826205885661366,0.16528486170203727,0.5844917049652208,0.36061951675420045,-0.2594357603331964
The Merchant of Venice (2004),-0.989311796682525,-0.3891322555898571,1.3569513969755493,-1.0053953456549634,0.4740051159758871,0.14769630432116415,-0.4686366598238471
The Cookout (2004),-1.3058083687327884,3.559684688787849,-1.0353898915129658,-0.3496286605957136,1.560894745843493,1.33665410102395,0.45295009496528293
The Corsican File (2004),-1.7956929093025025,-0.840683905034547,-0.3665060595528524,-1.8274194541953295,-0.04337816289362242,0.29369463864188444,0.013532031473319883
Goal! The Dream Begins (2005),-1.0290333971869694,-0.377778612701701,0.8573578355837809,-1.0869956208803055,0.19617344841368373,0.16805420115457387,-0.1826798472644154
Grindhouse (2007),-0.8924930524707451,3.2928557515181067,-0.6448560344422383,0.19682650798316714,1.3917818241039912,0.9751429795701829,0.19639317541940987
The Lovely Bones (2009),0.5186423369983693,0.5161512827110307,1.00382475389562,0.05666180910618623,0.6721149797472332,-0.6212082988576105,-0.009073534010622171
Oliver Twist (2005),-0.8101699661199363,-0.9528430337030941,0.9885337349675616,-1.0639833828284164,0.4932542218542715,-0.4198700054830323,-0.44582626294578115
The Perfect Man (2005),-0.9042776367704887,2.7002702396430873,-0.00812933866053726,-0.3176788915542213,0.568422701549443,0.9403980703414828,-0.036622870725102605
The American (2010),-0.8786267733520737,1.5333437728457422,-2.416335611069753,-0.26582906212973234,1.6576053953652852,-0.2730950566525687,0.8390065945783272
Casino Royale (2006),5.098121338782339,-1.3704573350924476,1.4060462933712237,-1.0610376886625208,0.10127215468117388,-0.06494781930535715,0.3727887315006419
Before Sunset (2004),-0.5889966030809666,0.7214656123306471,1.4268971597439417,-1.4048939449493643,-1.8329971555706275,0.7525566668333886,0.3262598134629745
White Chicks (2004),0.6908160858646135,1.6778605444757793,0.02873268067030874,-0.6656570555167245,0.5537370293240867,-0.6873027835816652,0.07851394977601893
3:10 to Yuma (2007),0.9542879431689614,1.8456932192683,1.8513229393167943,0.04907619804039422,-0.26464740646446716,-0.16657649370620142,0.22539090284724886
Curious George (2006),0.0974715009159966,2.6445952975819855,-0.028970199068252586,-0.2020180679333474,-0.43808557827125577,-0.13520550069111653,-0.6343930941738432
Hide and Seek (2005),0.38246338390150775,0.8008284265448466,-0.36795735732002416,-0.8826414085695105,0.21674463926623602,-0.9678474104170585,-0.2263466830265103
Hide and Seek (2013),-1.4941720575251551,-1.3504184406839495,-0.2943015265889443,-0.6044002065451739,-0.1563050842900407,0.33968464390102127,0.474058817109178
Master (2016),-1.2354845013326687,-1.8137449828184047,0.07291961725998491,0.4010342964720598,1.786568674298216,-0.1391142389753061,0.20398224449704783
Master (2021),-1.1162904132453118,-1.788920633359568,-0.08935010030164899,1.1340720825653685,1.5769526621278256,-0.6126535219226852,0.39178333761272216
Seven Dwarves (2004),-1.2803842740902924,-0.8145803083333267,-1.1764006603356627,-1.789525789877935,0.6427615772082423,-0.6684716222286822,0.17336160203630907
As It Is in Heaven (2005),-1.4643031145694274,-1.4298587281365223,1.6838719857672395,-1.1741601258136714,0.20610161591483453,0.6315075878908938,-0.6189417438637539
The Da Vinci Code (2006),5.4516644408799095,-1.4599304726917846,-0.11508151153354157,-0.9951407180187054,1.3109658287394637,0.33252542373017385,-0.4597080414502087
Life of the Party (2018),-0.7878575942084515,2.974071258588754,-3.090790354456173,0.29006337337862237,-2.7840578058444843,0.3735146354100933,0.3754387154155937
Ratatouille (2007),5.495024496882766,-0.8840330314580207,0.8972807768651281,-1.3080531016432158,-1.084291440462118,0.17318116709123246,1.090016427190808
Stealth (2005),-0.20178194957338097,0.7292233818592373,-0.30121917381408425,-0.7066608616036135,1.2982552446292703,-0.6997305919120851,0.02089557958079062
The Three Stooges (2012),-0.40165190230262793,2.4080645748733693,-0.8860099527484596,0.4848561042937403,0.31824049246001773,0.21453588151649308,0.17240483112221938
The Pink Panther (2006),0.7844939995014781,1.1667237929242642,-0.7982316055110784,-0.730397959972982,0.09307093560605467,-0.9305181448554073,-0.21107857572093014
Guru (2007),-1.5871335595992677,-1.1535336147207687,0.6041556825693869,-0.5784108236023746,2.601331420849045,0.48627304010347355,0.16606849330161308
Onmyoji 2 (2003),-1.8236617198573453,-1.0235912845237836,0.3071298150716445,-1.7329750324996438,0.4877452628325027,0.49312698586014886,-0.16509354341188726
Pirates of the Caribbean: Dead Man's Chest (2006),8.511478384232445,-1.4792204825060145,0.12784801286122802,-1.1210701064338011,0.8784673934217703,1.5911348588709888,-0.04387670031624146
Vera Drake (2004),-1.1575707334921779,0.04843448447248163,1.7417731279145583,-0.90463835594531,-0.008717704711500586,0.8390198446348303,-0.671803709414415
G.O.R.A. (2004),-1.1043349380089813,-1.3944547327600003,1.8942966042145912,-1.345841143800899,-0.27411887187873185,0.17405494291932716,-0.6662057626605401
Cry Wolf (2005),-1.0897680004424006,0.6002318546283778,-0.3799922369706957,-1.1708866616870386,-0.07265537774782818,0.06577752132516587,-0.017872609912664747
Silent Hill (2006),0.6682850250214577,0.7087405437738875,0.8699979487587508,-0.49397748709637623,0.4770129103517875,-0.6900193064289353,0.22972087132623703
Sinkhole (2021),-1.6142969190133043,-1.543940438734595,-0.8065791790811653,0.4236114815306901,-0.826363739437905,-0.08072182462322543,0.26204134658304606
Kicking & Screaming (2005),0.009148082587204273,3.161017165263154,-0.2654406943462816,-0.14561940111283775,0.37251448714997826,-0.045982506815894476,-0.26136148479352767
The Weather Man (2005),-0.8283031507244176,1.8116581223511337,0.742487149944145,-0.5499774652157632,-0.09531877913961276,0.8849728482541503,-0.15816820325564732
Mud (2013),-1.0393734738128426,1.709660622544604,-0.6233133793120931,0.43938732138418884,0.3073567226451555,0.766836335554676,0.15327836461810446
Accepted (2006),-0.07506076126567782,3.034440841241559,0.43460624943556386,-0.0964276254125265,-0.24566467640379036,0.4831001339951287,-0.018462726135680237
The Amityville Horror (2005),0.46824130030192224,1.7317195151802518,-0.4414646727824985,-0.7248235064216703,-0.09179980013493971,-0.7443886481723386,-0.08898832097308729
House of Flying Daggers (2004),-0.06147264454853522,-0.9584796182663191,1.1208531058895745,-1.2698483218854737,-0.1949335859840196,-0.878347590866499,-0.6431155774652816
In Good Company (2004),0.09227432391849066,2.1627551241733016,0.5766127828547367,-0.38152816116114546,0.24716888997845018,-0.2062002465424438,-0.5420824547254498
Miss Congeniality 2: Armed & Fabulous (2005),0.18084602358714078,1.0476147714182675,-0.4043434684921999,-0.6648525738443033,1.066665920064263,-0.8386781374909901,0.0020993601334887563
Glory Road (2006),0.14671041053828673,2.9425350131166748,1.3641421823821467,0.36765766831093344,0.13170601543820665,0.3539671545676375,-0.8157555534761632
The Golden Compass (2007),2.036488981696783,-0.8661498087432391,-0.6650456557618565,-1.0385267909910876,0.4061381429840758,-0.8204331832802911,-0.3796151230450598
Monster House (2006),0.8307619481156728,1.1750800165851312,-0.04925757364451552,-0.7027522342020215,-0.5835370767368195,-0.8172587666655499,-0.31307051987481044
Red Riding Hood (2011),-0.6916601817475406,1.04594175029162,-2.406948799065113,-0.3903784597089708,0.8269600161888041,-0.5015444595666713,0.6085724923679192
Sicko (2007),-0.09943218175040587,1.4850395470004583,1.9068465713798857,0.09407161252028687,-0.32023927042815703,0.2983628449102257,-0.8376268404439479
Tae Guk Gi: The Brotherhood of War (2004),-0.37805648299528005,-1.566695611210289,1.8931207861697417,-1.128310090884037,0.14569372762099383,-0.7592985481646537,-1.0812779707397633
Where the Wild Things Are (2009),0.6607416520166055,2.0764578325650525,0.29363870317796154,0.20206680699797405,-0.2927210321223516,-0.3961925145719449,-0.3670229492365601
Yomigaeri (2003),-1.3586907193590567,-1.232970575014652,0.894886178512845,-1.516228666047968,0.5631379545596403,-0.08611056394438232,-0.5252702292573312
The Legend of Zorro (2005),0.614094157854549,0.12246566571866437,0.2552943070568252,-0.7287337904769298,0.9880706677200531,-1.097313327921448,-0.2907244881203233
Inside Out (2015),5.071930543947843,-0.554726178379766,-3.4123177302473335,-0.06305576704732808,0.34487039368915795,1.0399625322627963,-1.6417877868721316
Hitch (2005),2.990464188983163,0.4881099935532726,0.12734007582781592,-0.8250254479495369,0.3062307101033603,-0.49675650600618426,-0.07543464704593247
The 11 Commandments (2004),-1.9543936102141608,-0.6450100125643815,-1.3119799379070523,-1.9585584650279366,0.4366025315497588,0.1620277752289639,0.45409340568084205
The Vault (2021),-2.4707288331237667,-0.8556469325435444,-3.1133436749560133,0.21171274211045416,1.219559856442557,0.5872048235958207,1.8191068476460002
The Constant Gardener (2005),0.3677992476180729,0.4061770695790671,1.4067313300042386,-0.5651810473862681,0.21012562907106314,-0.6406817363929184,-0.4373841084049611
Prime (2005),-0.34907377039602033,0.4837585486183082,0.04177028885711587,-0.9215704012140647,0.15767321973475443,-0.601179408752174,-0.3340919889472729
Saw (2004),1.3064266916654668,1.1315291207092975,1.47832287411228,-0.9805162529335997,-0.9043426806833119,-0.6471634745016649,0.7625111659638182
Seed of Chucky (2004),-0.862242169776477,2.327183113961442,-0.7844607514202313,-0.8166302904576588,0.48201334588352573,0.24547257710760598,0.2562983149470162
The Black Dahlia (2006),-0.4764870182346879,0.8832958317905257,0.19563566286787687,-0.5077069240030784,0.9745007470871586,-0.16106889482746337,0.05816994962189996
Caché (2005),-1.323983515230922,-0.3731705758192119,1.4105406822425088,-1.0970841444019204,-0.15501882266319184,0.9780023309038632,-0.273079842900032
In Her Shoes (2005),0.0922090542737814,0.43361558467367417,0.7871200315599532,-0.5607177520910591,0.7561324703153418,-0.6944159806116152,-0.49571121952605507
Mariages! (2004),-2.016971008827165,-0.8843355492073637,-0.2414687557970796,-1.774742378111918,0.32560764924476543,0.7165466965935292,0.11719977979436974
Going the Distance (2010),-1.028653739561765,0.8601236067449436,-0.6633606626948919,-0.32524111830121755,0.08914093747133013,0.249354590422333,0.05571849162469574
Christmas with the Kranks (2004),0.36649159472374,2.4094790880354933,-0.4256706004627307,-0.5065731808318152,0.5288798628948949,-0.49422348705366004,-0.2405604623995658
Transporter 2 (2005),0.31769366159037904,1.2086905805321069,-0.07725085432829101,-0.9991758360227564,-0.519139986637792,-0.6165872010623513,0.289948099622175
Beauty Shop (2005),-0.29341806937321646,3.2152299017921786,0.054959461649521986,0.005930849858788873,0.7053431378656176,0.3373851418400043,-0.3143592599839822
Brokeback Mountain (2005),1.920088972095775,0.41199677971537424,1.7953603147780053,-0.5661133128907779,0.022643559943459984,-0.9574434313274033,0.11461828078319734
Fracture (2007),-0.03258019065050165,0.7097146780229981,-0.0380129458088405,-0.4677555030020761,0.1565769152953968,-0.7394325738563146,-0.6127858275814118
The Greatest Game Ever Played (2005),-0.581439464850369,2.9437052314919376,1.7907177252375304,0.20935022677646353,0.1343660566225395,1.4622207743483213,-0.8007407180010443
Black Book (2006),-0.9071003290255144,-0.9535147827266044,2.134789326841361,-0.6789076929289598,0.43196192086293983,0.41100969090642264,-0.5695077897453839
30 Days of Night (2007),0.3015621277942592,1.0416231372315068,0.6791820390092701,-0.36960648633342547,0.06510483144874553,-0.4503071235450635,0.08438032366443346
Bee Movie (2007),1.8263171206619457,0.59581328057936,-0.8758862670062989,-0.8330830993015,-0.2451341961607583,-0.6831791426935425,-0.21505755229210705
Click (2006),2.1672238769475327,1.1444191387797975,0.15031415498437592,-0.6403776064963158,-0.008392417430031615,-0.7328894670532025,0.427036716534222
Friday Night Lights (2004),0.5301413675539925,3.002571946986843,1.3364570644119145,0.11385886244567589,0.18062035828229314,-0.03447187434260809,-0.8718561425180666
Maria Full of Grace (2004),-1.1901831751253675,1.0173068186214795,1.203379406188994,-0.8965669924147516,-0.5460050865014296,1.099661495295793,-0.6169420961464784
Super Size Me (2004),-0.6226676977592815,1.4223199918761231,1.0640071069763952,-0.8092738532738606,-0.5264843836715896,0.49995178796525075,-0.2801605532153319
The Grudge (2004),1.2116170230738386,1.5908775774374349,-0.6000367423951919,-0.9129254646619049,-0.023699834353782534,-0.7871621280381466,-0.1589036471813984
The Grudge (2019),-0.5907236451056311,0.47114184451451635,-0.5635338355099831,0.7586749764266685,-0.5885125187355362,0.17915227426876976,0.7267938895586324
A Lot Like Love (2005),-0.397209528883434,1.163837047328769,0.5820610819974695,-0.6520819359775539,0.014731328176386324,-0.09844359114964596,-0.3257417491055315
The Hunt (2020),-0.6017957139785074,0.6440303090003177,0.8475808898091061,1.4852363470701544,-1.0287406232959542,-0.03534604911750133,-0.5874792942825754
Suddenly Paradise (2003),-1.5100280949957308,-0.7685532052421061,-0.6913918302145678,-1.9188957687521362,0.26340668157064634,-0.33222298163797387,0.012856600985269542
Acrimony (2018),-0.45513066775491295,2.6638486601960243,-0.5793824350762776,1.4313478669904884,-0.5465868845121586,0.67753379708283,-0.1144365437019474
Coach Carter (2005),0.9175073844025827,2.3055737907912905,1.8135613015785592,0.21028221841800263,0.5398482795406708,-0.2691707081777923,-0.493466964538454
The Shaggy Dog (2006),-0.0741741121540334,2.2071064885621183,-1.254890875839985,-0.38826909230810686,1.0777726788006692,-0.4866972102246796,0.10390792942798624
Captain Alatriste: The Spanish Musketeer (2006),-1.5195980237963935,-1.4369374369214405,0.981595653105311,-0.9761403820623439,1.349995878554493,0.4057314677070223,-0.16197490414037033
Hotel Rwanda (2004),0.5572481203647772,1.6485898658237426,2.4324269303724946,-0.47691690054007707,-0.5424070371057613,0.1361449083950767,0.2786827523884821
The Producers (2005),-0.45830226571239174,0.9572239446370732,0.9920737441191266,-0.3636595337480205,1.033846268861435,-0.013429239117538523,-0.3791771082934093
The Last Trapper (2004),-1.734071393287485,-0.9865459353865873,0.48360962686057196,-1.754290209259503,-0.6725505906506993,0.5485958138703636,-0.41001065935070813
The Devil's Rejects (2005),-0.5443189626686215,2.4102637700413414,1.0035790195105605,-0.2578426105590348,0.032180754064066196,0.9182890909793041,-0.18979049981162316
The Pacifier (2005),1.1905124089380335,1.4518801258776206,-0.8582468499367206,-0.7511213582380761,0.27136746626271524,-0.8986159540670393,-0.27268617193649014
North Country (2005),-0.44530693948504024,1.8166460565770164,1.6482918845011676,-0.09896175869286386,0.27909167126994083,0.6510103637636827,-0.7227261011199023
Perfume: The Story of a Murderer (2006),0.7361299855655608,-1.5769034091105116,1.722705035851536,-0.9128030933707217,0.44711173418814404,-1.2404039349995961,-0.09457026363372256
Wedding Crashers (2005),2.9674701907084353,1.6482648802693336,0.7796341148715588,-0.3922474512879009,0.09324549110020347,-0.45546353560358505,0.08824076451816439
Meet the Robinsons (2007),1.0928826923668988,1.3083720174777593,-0.023159940921748216,-0.4246098267565472,-0.5026741084865125,-0.7103155922866117,-0.5319839565267442
Fat Albert (2004),-0.2957437439888635,3.5600153660615774,-1.026380387695843,-0.2728464603413912,1.070641232945971,0.05380212936400354,0.05479985749288906
Ice Princess (2005),-0.5741271925716371,2.8542869367769623,0.20655979608605818,-0.2177772187475467,0.22886065333538486,0.6288762398270793,-0.3046474716176933
Nanny McPhee (2005),0.42930086425168784,0.6197577099137388,-0.02961864785766739,-0.937993512939743,-0.31896855187969403,-0.9866513769630572,-0.4748306126080751
House of Wax (2005),-0.08135886660672907,1.018252642024841,-0.04203910230639486,-0.7357637654444475,0.7829487053546788,-0.5381414062569996,0.24584066704805188
Just My Luck (2006),-0.824594777535892,1.059496178951905,-0.2184817509048372,-0.7200138974505061,0.49090779594748196,0.1563866547997015,0.15154609037355057
The Skeleton Key (2005),0.35383125271684274,1.1428972743877734,0.28639451479934186,-0.699310150716539,-0.04498060916045895,-0.6939412710803399,-0.24730129801719547
Smile (2022),1.0811143200200561,0.20809916644432852,-0.9488349484350352,1.5381676177297356,-0.1973574511662124,-0.757482926577596,-0.5160115062607572
Eight Below (2006),0.9030410429343994,1.551409800509464,1.0184067695675698,-0.059799273503403076,0.04357766121590666,-0.6424446336006555,-0.9225956118121157
Memoirs of a Geisha (2005),1.1866069668454355,-0.08504415528720927,1.4695213379242558,-0.4856495594565413,0.706327462834615,-1.0775573259358608,-0.6531877554584425
Bolt (2008),2.048325734789138,0.11313121645007353,-0.3441202649862824,-0.7558921865204185,-0.5687310120639137,-0.687655771630395,-0.28196828916393524
Doubt (2008),-0.5607451501441513,1.7952904763100155,-0.8279647615187286,-0.056409774157862316,1.376073054191675,-0.17280645544319356,0.13322190763491595
The Longest Yard (2005),1.881447263070055,2.321275025323895,0.31803308656671314,-0.17442295304298688,0.36013986101081863,-0.6390983753131054,-0.261856774138624
Rumor Has It... (2005),-0.056126046984594745,1.220430745548214,-0.5810741150879003,-0.8299723088899894,0.3532131619640521,-0.6491626717449382,-0.08639376774559336
Sky High (2005),0.3020839422405177,2.004770864300207,0.3898785282144006,-0.09496923584294965,0.8842078918022014,-0.4628272815860125,-0.714959993155561
Assault on Precinct 13 (2005),-0.4966663593220552,1.4264661631612743,0.5249211475555206,-0.5745313327507753,0.2607999232474438,0.12360917377734951,-0.15879785137493363
Bridge to Terabithia (2007),1.0155307547605066,1.3717566421686322,0.45813866960669025,-0.3986744092214564,-0.7527343205418505,-0.6356398903634309,-0.3452472881871021
A History of Violence (2005),0.3206750308939516,1.155067878064694,1.0116594250823898,-0.8325157845324439,-0.9071683408173915,-0.36927099456734264,0.10800111943840478
Lord of War (2005),0.5587853011243955,0.12539670809082137,1.7225665935659176,-0.8669182276632946,-0.32971768664084383,-0.6001165996503345,0.3284903301253318
Vizontele Tuuba (2004),-1.7385536111345106,-1.0677342271877543,0.5880606126767169,-1.591011428169415,0.14359066607741983,0.6091035097788287,-0.2035117206191359
What the #$*! Do We (K)now!? (2004),-1.10508676529098,2.0803658232170124,-0.04805007843578084,-0.578534972504024,1.01461826799814,0.7846184711206006,0.009863296173376272
Ambulance (2022),-0.6119029290557951,0.5570152727915432,-1.563067087651468,1.1699953530347733,-0.6481860924543652,-0.6879722375807141,0.28757260340415397
Herbie Fully Loaded (2005),0.4019561838078995,1.0693158686116135,-1.1129337454476933,-0.8474238797401132,0.8411662135783291,-1.0020465995319794,-0.08161584867107834
Open Season (2006),1.0270106924188636,0.7978853605761239,-0.8230981652012644,-0.9271847675246874,-0.3660656345027178,-0.9813211480796074,-0.3494101933992734
Quill: The Life of a Guide Dog (2004),-1.4378438350839144,-1.0902385626693365,0.6119342140281713,-1.6476308822029342,-0.5554021522596232,0.023038821862035097,-0.5906950887368954
The Diving Bell and the Butterfly (2007),-1.1159872062198537,-0.1788424201832786,1.742852791066441,-0.7579100897720825,-0.7675794404528472,1.0986471317901494,-0.4024454993514223
A Good Year (2006),-0.6609173683706265,-0.3721782590876326,0.8987078403071431,-0.9330312928349921,-0.00011204744406273615,-0.16233222770878797,-0.16474878583001512
"Paris, Je T'aime (2006)",-1.350289536696726,-0.21023120192478567,1.4053659127968452,-0.859795621859197,-0.009150814843180378,1.158952824352893,-0.2768723840853301
John Carter (2012),1.847717142570583,-0.8254308659001994,0.3408262850059481,-0.0673094825608215,0.44935272849832353,-0.725074885915974,0.10533251774953048
Sin City (2005),2.512809737305951,0.46402660114740896,2.396806453268988,-0.9206137589583708,-0.730982863432817,-0.8718772604339976,1.7529212192749213
Underworld: Evolution (2006),0.7691306133084861,1.2385123338889303,0.5107110972363306,-0.5222897092532356,-0.1673291309573823,-0.66686054419447,-0.006152990228233325
Breach (2007),-0.10066693258102066,2.250913014653678,0.974749676409565,0.11670361883027468,-0.09265824886060099,0.23378988561195438,-0.5657967089225723
Æon Flux (2005),-0.3716123108082879,1.3101994155619485,-0.48290242995921107,-0.9329634235286638,0.2325268452672573,-0.34188618217149236,0.3757770176866983
Iznogoud- Caliph Instead of the Caliph (2005),-2.175517011214076,-0.6731169329594783,-1.5817840673427983,-1.7647677012523375,1.1949110310661553,0.4582649698874494,0.7906228209769998
The New World (2003),-1.1346991536153763,-1.0648865498902422,1.3069537876412443,-1.409134867997579,0.7147617187442098,0.08638391449615185,-0.09198913216375637
Abominable (2019),0.2567460356196527,-0.11574357352470731,-1.7721490587812305,0.6757122394424683,0.08579393622576782,-0.6009788647035608,0.015786632473932465
Casanova (2005),-0.7291976434603035,0.2796425285106897,0.5585589607186773,-0.9164883845838919,0.17471303265625807,-0.11105967614978907,-0.257547435591875
Champions (2018),-1.9434266670818126,-1.3995434057749587,-0.5739223738846428,-0.09359463078444359,-1.0915599542430618,0.88123323554908,0.2024245634236022
Champions (2023),-0.7263722254700623,2.1176144602000226,-0.48075758873784336,1.963376830724439,-1.0353637906175313,0.5807033767414296,-0.045986955925435044
Night Watch (2004),-1.0511949045718374,-0.9026184185313502,0.45457568210399596,-1.47611208472396,0.23415761151347406,-0.37213609922070157,-0.1333430983317469
Roll Bounce (2005),-0.7641396804820394,3.150064395445073,0.7797658517293288,0.08561256983287872,0.5983653691622897,1.2864811283483963,-0.46270089918523827
The Sisterhood of the Traveling Pants (2005),0.04373709684992958,2.793493900100693,0.9595827703371403,0.11192558117559129,0.568133303682953,0.20136659541188817,-0.5016298908157011
Youth in Revolt (2010),-0.9734180808831923,2.243288290015775,0.28109032306168313,0.12511362690560024,-0.45749052342716234,1.3746464460808907,0.04462280252985035
Yu-Gi-Oh!: The Movie (2004),-0.8392753758082612,2.248988850489458,-0.7458055075422606,-0.759547897953772,0.5403790352767529,0.12610569303798708,0.016829506551348287
The Exorcism of Emily Rose (2005),1.0139518972500141,0.9477726839448896,0.5884140858855349,-0.5265412151345588,0.30727640371753506,-0.9227143384683446,-0.4451006881688378
The Lives of Others (2006),0.5848498414711542,-1.1556553096877062,2.5774082460350245,-0.9398191982946523,-0.4443748763325754,-0.6058252007939857,0.3533863101522586
Million Dollar Baby (2004),2.885860079338279,0.33051683146304295,2.41245902416169,-0.9444766461285096,-0.4433648697936171,-0.820947542686316,1.274748350233052
The 40-Year-Old Virgin (2005),2.1047630668176582,1.292786744432854,1.1883425118049573,-0.6130930122125475,-0.19670510483114043,-0.7967530593258741,0.7013536507984931
Casshern (2004),-1.7788724245574599,-1.342149197609437,1.0078157285637697,-1.3035518696042634,1.3717550589230445,0.7356310563622361,-0.14153919389984318
Sky of Love (2007),-1.419463243775142,-1.0927425582542807,-0.132473058597019,-1.383969000551812,-0.5742805235236169,-0.12445269547392487,-0.32810858237942986
Zathura: A Space Adventure (2005),-0.11602262750466921,0.9789554553789005,0.1820092240329219,-0.8374996753286417,-0.041100222051005456,-0.4826326294913713,-0.07353910540067081
The Guardian (2006),0.5767015112852062,1.0272455602370674,1.2970466919816317,-0.051549489831972,0.8030277899299797,-0.577740116966505,-0.5969100240677427
The House (2017),-0.7295829951721403,1.6477893992930754,0.2760118963530918,1.2830097939531473,-0.03343362346627881,0.8650496799073122,-0.22574220902349854
Lorelei (2005),-1.8055790604395214,-1.1764934510546627,0.06678242067448381,-1.3416220137223935,1.3796584591797931,0.4109954600719611,0.11071650749332218
Pooh's Heffalump Movie (2005),-0.7351248379488516,0.8499533101011155,-0.6379606280162652,-1.2875437826353913,-1.0720995574884036,-0.38639954162495116,-0.3802022502545228
Transamerica (2005),-1.0461168552245994,1.4919699399853057,1.1937056852332755,-0.5865863203591395,-0.453686852399945,1.2379683897847071,-0.5153709914949094
War of the Worlds (2005),4.605585943285211,-0.31909345359476143,-0.40358584817862997,-1.2200433947483411,0.33974389881615785,0.06749099898591733,0.07685210267185186
The Departed (2006),4.925931197050775,-0.1874978940918809,3.8472977909507144,-0.9890661747068439,-0.6003576958828194,-0.6073495333242943,3.966387984640428
Sweeney Todd: The Demon Barber of Fleet Street (2007),1.3484407587437348,0.051881841461892474,1.1181438142180757,-0.711333748449087,-0.4012493671136204,-0.9051976117642003,0.46928973209522706
Munich (2005),1.2121220994342536,-0.20457445191763352,2.2381654043131016,-0.2990171780167843,1.108428399676247,-1.0534132843764086,-0.3771745428250696
Firewall (2006),0.041355714518693465,1.5190056920090476,-0.16836392448769913,-0.4408091635187774,0.4239027069870922,-0.45820418926926565,-0.21483980086437177
Bad News Bears (2005),-0.2990216432759458,3.05420821397534,0.3824803754416336,0.07132397442348759,0.8282044647598823,0.4052317370274736,-0.3744339372800575
Flightplan (2005),1.381132011280784,0.5693920558844678,-0.3777149374844052,-1.0026542471093562,-0.1201834634406196,-0.9988508453848076,-0.2629772636029546
The Heartbreak Kid (2007),0.25647000195250486,0.03357774622446769,-0.19117465038999473,-0.6822943995028676,0.6357409280234404,-0.9173978883466477,-0.1074540534415256
Last Holiday (2006),-0.08970625881141236,2.617607675022201,0.7837205494801965,0.11377682998999952,0.2695356632437887,0.25423760391039385,-0.5786373325907593
Windstruck (2004),-1.4437941607007585,-1.275853303932153,1.1742439594013006,-1.4049588582139434,0.1566439371810159,0.2710342874832092,-0.568758413880204
Poseidon (2006),0.7641166711505203,0.3692663717147869,-0.7850982468801446,-0.9517104572697869,0.1979070025873838,-1.1202465476035717,-0.15918712523259734
Russian Dolls (2005),-1.3909154943405748,-1.2720738947246932,1.1264254604944588,-1.269530470496581,0.237119790453172,0.30975196189364984,-0.45173815479181634
Watchmen (2009),2.5273738147642857,0.4706447214478458,2.5637213688603344,0.28395015758262265,0.7193520070122177,-0.6341365389414628,0.9605762291488975
Cowboys & Aliens (2011),1.276491967209183,0.9743891438128913,0.05319762504390462,0.21397535803628606,0.49299063610712685,-0.571723986330637,0.2995329300341942
Day Watch (2006),-1.169808126270175,-1.3798291119437345,0.7898137524033383,-1.0859539123829527,0.769646420788367,-0.11021345352203703,-0.246404780259678
Hustle & Flow (2005),-0.33118388094432977,2.7835920543210264,1.5252275243410574,0.11275931376898178,0.03863053886295602,0.8727342714840123,-0.7726480102198668
The Lake House (2006),0.5638621152887785,0.8561766371082346,0.28948107413015006,-0.7168813766937328,-0.43321357263175847,-0.7642161979425375,-0.2154858843684231
Nim's Island (2008),0.024757219578134235,1.0217770030667497,-0.4429200804697206,-0.421916873645013,-0.041643489809632124,-0.5757367588003302,-0.3145882238395711
Only the Brave (2017),-1.2074007816573917,1.669076691339515,-0.6204124555172,1.008845259184288,0.2549486723616552,1.1563356169507,0.2946793775250103
88 Minutes (2007),-0.7255504963306578,1.2361085730523333,0.2011187598095058,-0.4184479577286669,0.39148847369502504,0.3120768429799349,0.0757820218735838
Hellboy II: The Golden Army (2008),1.3385325201976987,0.45082670790965723,0.8515817684188486,-0.3336989541794928,-0.031528726329679346,-0.7133363491676299,0.11729840114218834
Broken Flowers (2005),-0.40410729054807376,0.20926382126499943,0.8110197724466962,-0.9863782923539021,-0.3934793740557275,-0.34071868889721707,-0.30079765087287996
The World's Fastest Indian (2005),-1.000523211228091,-0.06382096923763601,1.9048878902801158,-0.7704317071796107,-0.11739053877638192,0.7886558715599793,-0.6059860343690491
The Brice Man (2005),-1.6151213503421764,-0.8846894448170707,-0.7984549991587188,-1.6534193467335052,0.511332792360985,-0.10760501306504884,0.21147260265345796
Gravity (2013),4.226525896692283,-0.5273766932744778,-2.400454408003982,-0.32290147531908026,-0.5765913457643257,0.561990138354219,-1.851127430181148
Mrs. Henderson Presents (2005),-0.8970207838448062,0.7130299540651999,0.7356616525548846,-0.8361174895437946,-0.33328843340957154,0.31528932238845037,-0.5537867097065297
Evan Almighty (2007),1.0231531122021797,1.436899346398888,-0.8555014796739605,-0.5172111694035485,0.3115214290766356,-0.7766796942108776,0.14341548831757053
Shrek the Third (2007),5.518975767722087,-0.387626809806539,-1.988052222286502,-1.2470015862745694,-0.023694786832528462,0.7788868515279372,-0.6584867195321773
Spider-Man 3 (2007),6.8295422845220335,-1.107928950628067,-0.6023188358666649,-1.0303805710232274,1.1044942663873951,0.9796709457843052,0.2527363904707662
Charlotte's Web (2006),0.7281537683849799,1.327580365878911,-0.31468884902170363,-0.5369875177668919,-0.0911005460598665,-0.8173452907677018,-0.6117144398256885
Elizabeth: The Golden Age (2007),-0.22014193877241714,-0.2614928274032521,0.5359735951389405,-0.7394621260751622,-0.03145378285413865,-0.6995383373466812,-0.37306115563856607
Pride & Prejudice (2005),1.1324263438335045,-0.10805420414871998,1.8004244165226855,-0.8002335055013338,-0.21969132394629973,-0.9896153448597796,0.0711795873355249
District B13 (2004),-1.731065387683213,-0.4691888428191277,0.5414102075583042,-1.768788142084452,-1.0453797374211187,1.0639051701520112,-0.09930376135509632
Barnyard (2006),0.33402037012852526,1.7842384143830776,-0.7952606856951304,-0.5395472173754798,0.11385371707916,-0.6750425279370893,-0.3134818079254206
Final Destination 3 (2006),0.426551336374317,1.012726479029083,-0.4997853326001553,-0.8355689726016006,-0.03685902279086236,-0.8042974004572355,0.15949508281169059
Talladega Nights: The Ballad of Ricky Bobby (2006),1.7269804514105631,2.6743594469679914,0.43455917297128954,0.03680248611202091,0.06851361527022089,-0.5203203249109692,-0.23516389975787527
Fool's Gold (2008),0.25432725337362666,1.681753136195577,-0.48392996253587806,-0.21983330371049722,-0.27109209219125907,-0.5017698186275129,-0.6034526956124912
Yesterday Once More (2016),-1.84409746140725,-1.482471808532943,-0.3293580750780798,-0.17802517164526752,-0.40089874479846105,0.6958901291605649,0.14173417342755376
Countdown (2019),-0.8670951958732436,0.9138547643476596,-0.9679175782268871,1.0765101674953048,0.22395325779117947,0.26585838954453955,0.30045993602772897
Mongol: The Rise of Genghis Khan (2007),-1.133191340229463,-0.5604377345782208,1.3475936608371,-0.692517243055754,0.1489523890382555,0.568637946930099,-0.4322149060535376
The Secret Life of Bees (2008),-0.09041093971267984,2.7011786603389036,1.2038477217778658,0.5098042718437211,-0.051599734650463865,0.5615567873356992,-0.787471796165312
The Spiderwick Chronicles (2008),0.7457700315857385,0.6751090743329533,-0.26308310933608703,-0.5229874539840984,-0.3621136411875614,-0.7343887938564196,-0.37813158281112685
Venom (2018),3.8504546963354316,-0.5962658581185066,-6.5911091093269265,-1.0343053267983604,-1.6042613251589797,0.7616603162105369,-0.763926724859448
Wolf Creek (2005),-0.7394892359901339,1.359895736265706,0.26270883509165277,-0.7648963149347682,0.003929754760308288,0.3364283082678288,-0.045391134754232974
Wolfhound (2006),-1.7139059033153135,-1.3520140776479688,0.6077383682342189,-1.0372389813851806,1.565502293848838,0.5745140990498242,0.020234357335539244
Match Point (2005),0.4181574367449894,-0.16606783205635178,1.53157156423205,-0.866154566052399,-0.2075859298667863,-0.7437964571401988,-0.16532662624776218
300 (2007),4.669930597339689,0.03357372238436104,1.2183198047288555,-0.963495926969208,-0.683389735987678,-0.1367867091399157,1.6767861840369214
Bandidas (2006),-1.8420483403526768,-0.696512028253219,-0.36054622670109543,-1.535038121838942,-0.04161549705089826,0.7316992453986315,0.33248366157248516
Becoming Jane (2007),-0.4349505047927773,0.8873232214510397,1.1014381820387331,-0.252633186011082,0.12039598582923285,0.1087341231971263,-0.4431986328674228
Must Love Dogs (2005),-0.09814684175033984,2.323970337655543,-0.11113719980893498,-0.3731308165167431,0.24075860349761272,-0.2438690905794828,-0.3590275718875328
Room (2015),-1.5818975702513172,0.9139532714556579,-1.8394950634187353,0.026644967527630202,0.021964735608142827,0.7973300340697206,0.7145128589961273
Snakes on a Plane (2006),-0.16788553129788727,1.399618902758769,-0.1552097278579414,-0.5854822006529726,0.5261890889472293,-0.23470871877559704,0.3425653994687383
Two for the Money (2005),-0.47387520161514746,2.0789091879193777,0.8332467224098197,-0.15341506815429873,0.7964095100920819,0.47520865057143774,-0.3259204716956821
Villain (2010),-1.420206562412814,-1.909973390267401,1.9045948679203721,-0.23772640881037105,1.1646853321054111,0.6036136905132489,-0.5447663458102047
9th Company (2005),-1.253642885930955,-1.45641013908928,1.4797341956296552,-1.1059173386171952,0.6189981080831031,0.17237198531179085,-0.5430203217168182
Annapolis (2006),-0.9176650874743789,3.1295033536241896,0.4459314245251804,0.10679950148021934,0.6660528221455821,1.4830403179586367,-0.18856004903311385
Harry Potter and the Half-Blood Prince (2009),7.098873731194453,-1.8405076391383928,0.2962508666922606,-0.650198601590502,0.76037431914018,1.0199694788989455,-0.4986073115949675
Manual of Love (2005),-1.6122243424351435,-1.1486912961695326,0.463092170449576,-1.4045959026957455,0.389573427862533,0.348110059453907,-0.2182349801293437
The Promise (2005),-1.3521728146756786,-0.8256105986240461,0.063142421136914,-1.2693457674011137,0.922665076447103,-0.05929906986938523,0.010277041506826195
Do You Know Claudia? (2004),-1.5206154274543449,-1.0043047565341225,0.24422828652523035,-1.6376634061623379,-0.010293812885212392,0.04198067652480339,-0.28476971318255206
Transformers (2007),6.053663466335104,-0.5724039049853016,0.5605054546944891,-0.7252658442101309,0.688099024217584,0.5696079535086812,0.46964066844783425
Christmas in Love (2004),-1.728311069218499,-0.8988218960433065,-0.8013730715350538,-1.5871555341659787,1.6349309411074493,-0.12307099746474688,0.4246719672957829
Dreamer (2005),-0.3458460309197234,2.275458164890457,0.8006414372931165,-0.188668019145106,0.013974157225467475,0.2900678193927315,-0.8217192216266237
Flags of Our Fathers (2006),0.18991483116878013,0.7827266124726462,1.4848718713783633,-0.22337745546993437,0.5188902759408982,-0.29878175984727473,-0.40274790631933055
Jarhead (2005),0.8878831468347723,1.451045057861273,1.239979215386119,-0.2940832757658484,0.2909537657715562,-0.6242001637510483,-0.1923258047954511
Land of the Dead (2005),-0.4675141319984537,1.0455311580008526,0.0026301979043798084,-0.9455712869523423,-0.22284321180400873,-0.21914816881709864,-0.0037494409010531
Memory (2022),-1.2367177723123521,0.9328513186054768,-0.9605293968332216,1.4696073734398498,0.060618144453624415,0.49513257139050615,0.4873407271169849
The Tiger and the Snow (2005),-1.4342401198840597,-1.178050571845776,0.7587567722365783,-1.4317395613376827,-0.20707229023254164,0.2276694200382916,-0.4456863261629179
Premonition (2007),-0.014210910266418601,1.4468636697998247,-0.27544977825667594,-0.38558913462820577,-0.11750206955473284,-0.5684981089188678,-0.5450602850974877
Doom (2005),-0.2989287509897476,1.222677408601117,-0.38506834255336064,-0.7987595525000589,0.7258627085346241,-0.43765583266318997,0.3366421064201807
The Kite Runner (2007),-0.06037199225034326,-0.49957049724130176,1.3800251933107304,-0.5616505756562157,-0.07056376070791444,-0.6344255805047195,-0.6714085904469903
The Marine (2006),-1.0421251063388228,2.864325837709181,-0.6499996356139666,-0.29930173403119414,0.7006996146494255,1.0345913911874718,0.28841973379574043
Mr. Woodcock (2007),-0.7333523677809335,2.4821366722384353,-0.6900353764390919,-0.29273755886554514,0.24995513439862094,0.4104605337636272,0.12490926955956765
Pokémon: Jirachi - Wish Maker (2003),-1.5124967763433002,-0.7404338391190153,-0.7520198713999285,-2.042305481426072,-0.29797785806115074,-0.33470870861618496,-0.09899686642608371
A Prairie Home Companion (2006),-0.6550599868067108,2.2628829866970377,0.765712418619675,-0.13678957013150783,-0.016030864109623476,0.7953480196480709,-0.5135766096859367
Stranger Than Fiction (2006),0.44911996106991503,1.96625933160444,1.5570676245652189,-0.14263772754378914,-0.38772127022225905,0.06391579168659786,-0.08519424582310853
The Tale of Despereaux (2008),0.030543322735888216,1.4947379543055357,-0.35464967040723316,-0.2888918510110915,-0.16883909103300437,-0.45703977652703676,-0.32960984754742156
The Texas Chainsaw Massacre: The Beginning (2006),-0.2207918221410399,2.3934514864754566,-0.23944339753482366,-0.35715706350609966,0.02786092058305587,0.03522543467333749,-0.046840330198508834
Domino (2005),-0.9399825301384316,0.8064354714482534,0.714526320928277,-0.6108316725706321,1.0207853382158643,0.5288781390833246,0.021368605202289767
Street Kings (2008),-0.09712964812646457,0.5048981306305298,0.5818485301676634,-0.4262479810608963,-0.19637837414792972,-0.3910240162208901,-0.1613117778976946
Gridiron Gang (2006),0.11283389087576855,2.615549049707121,1.4906127702714906,0.3127464448036098,0.36467531409519216,0.37375398768519075,-0.6307980971137642
Red Eye (2005),0.45051805922175103,1.6939797632246403,-0.07744087093841209,-0.7827385171592656,-0.6183606050966983,-0.624583014689793,-0.11995346281312427
The Curious Case of Benjamin Button (2008),3.6129634989153185,-0.6682078625169323,2.4762211478814233,-0.25296269663811655,0.7013878023286589,-0.603213366635625,1.049046666860519
Big Momma's House 2 (2006),0.364431194448897,1.2239018922947593,-1.2261918016107418,-0.6868698541741672,0.8193247885826489,-0.8933743968951646,-0.027223956016842164
Diary of a Mad Black Woman (2005),0.04481573362420381,3.2004646954347926,0.28828770279759697,0.1870525130797809,0.9918577933884744,0.059555675688132324,-0.4657793073691238
The Intruder (2019),-0.263393471607728,2.259598326634289,0.9139341898151391,2.1222844468360447,0.40245317433125455,0.8100745849605779,-0.44925635356343685
Marie Antoinette (2006),-0.3038165787516768,-0.06061124586039444,0.7493640283420526,-0.7619086407414266,0.4293431784845241,-0.4048657108214878,-0.05659526315204501
Are We Done Yet? (2007),-0.35088085670048724,2.875051877812358,-1.2831543030541457,-0.1190333142654265,0.9573502078947934,-0.04115161940621845,0.24343702503042586
Surf's Up (2007),0.5935870445049813,0.6122448862438109,-0.3613061036629031,-0.8169697637221793,-0.7970197733295269,-0.8710153149931729,-0.45580232795920794
Flushed Away (2006),0.9006394679200601,0.5164801263787647,-0.4349080002476689,-1.0211919987578961,-0.7351977898678711,-1.031920123645987,-0.32280833459054237
Joyeux Noel (2005),-1.4820272294189063,-1.0631937121577073,1.4137335272339007,-1.2973037797585392,-0.37493939211057187,0.7561748517815856,-0.5561925948346201
Palais royal! (2005),-1.9343663711284818,-1.0266203277238724,-0.06195530268320063,-1.5385423570686796,0.6016380736663285,0.6957766380133252,0.10291633529438511
Clerks II (2006),-0.23781795981134757,2.7149966623253956,1.170214577392292,-0.09779071761595017,-0.6534487855711821,0.8467775078248316,-0.2782734297288012
Crying Out Love in the Center of the World (2004),-0.5385789983867271,-1.5518106734821075,1.2629185445934878,-1.1999463850603964,0.5605618508296315,-0.8924185618037987,-0.9765688779784684
The Adventures of Sharkboy and Lavagirl 3-D (2005),-0.48190221307147296,1.7189653076442308,-1.691060249747009,-0.860251889135567,1.239198121270546,-0.5372939143645512,0.5090002913675188
Balls of Fury (2007),-0.4732504863800615,2.5187163486575805,-0.5345070847967651,-0.2066195119130924,0.22500516683793284,0.17957225582617892,0.020758382517815224
The Judge (2014),-0.36932341919010164,1.2550543838340626,-1.0934144897648292,0.37350042621829,-0.05450840237678071,-0.1431697616558195,-0.014893754277099028
Get Smart (2008),1.7886564146459294,1.0207502614872686,0.0746004599990136,-0.2689895780679042,0.04731642222163254,-0.6150950754116936,-0.08657861895638812
Hot Fuzz (2007),1.007125517346502,-0.16587382048073232,1.9987329010815444,-0.8000457219776661,-0.6818055382595789,-0.6709511399048776,1.1257474377864178
Just Like Heaven (2005),0.38779429785476255,1.0245371674568782,0.14787119838273394,-0.8410037715464944,-0.4411509721060412,-0.789421847710238,-0.33969870220238285
Lucky Number Slevin (2006),0.28931980036321264,0.48325263410830294,1.5879575813498987,-0.7672784339944279,-0.758711900361947,-0.19262107423886826,0.34699345141254234
Run Fatboy Run (2007),-1.0127536075339558,-0.18355472309443974,0.23944455498996933,-0.992463693854723,-0.2990825679168444,0.059460497466296634,-0.030843821168391253
The Messengers (2007),-0.47568982882150906,1.9229447581144468,-0.7220448640119821,-0.4235357120083935,0.24555307059279016,-0.04472718610627715,0.052364075930926804
Wanted (2008),1.1320370162720412,1.298939833156949,-4.191092225958123,-1.7238757561514797,-2.1762421087562873,-0.5636077577315914,-0.30036016246863684
Red Cliff (2008),0.046437010407803896,-1.9171437659947326,1.261241144340955,-0.5908799013278793,0.7128448591028872,-1.064239266344347,-0.9049481058563198
The Great Yokai War (2005),-1.8304033287807158,-1.258581508108597,0.7419224404405692,-1.3502857159263573,0.6240633595308355,0.7945183033600166,-0.22425686546215914
Umizaru (2004),-1.82505691999955,-1.1626654423278084,0.6043661087579137,-1.5167255417051715,0.5888053912462047,0.6559138337927465,-0.22020605424279263
Superhero Movie (2008),-0.6147132173231807,0.9015515555257179,-1.6260501796357332,-0.9257916085331142,-0.0032943050216727083,-0.5219507646702928,0.5262117038459213
Alpha Dog (2007),-0.525406440609471,0.7691878925201728,1.1793021256476917,-0.3191868202789497,0.2061802027546442,0.3224024826750641,-0.18611442325278488
August Rush (2007),0.07885924559849757,0.7741577918489437,1.1296731019073187,-0.3392838451803814,-0.3276435114855313,-0.31505887104507535,-0.4948377508213789
Dinner for Schmucks (2010),0.4923529587196325,2.3072357272107484,0.14214954405380179,0.5274110445461139,0.5533528298228236,-0.2040733639327357,-0.04683838725233309
Failure to Launch (2006),0.6940659760640492,1.9411952877792067,-0.5219669429229705,-0.40360828572088997,0.25549221132648114,-0.6689715514842699,-0.19931687581509627
The Great Debaters (2007),-0.06760286321217879,2.821152102974586,1.8360997715725642,0.5694879901072329,0.1696036713925179,0.8443760004521667,-0.7850611448932173
Hairspray (2007),1.5297618207519794,1.1014987206631022,0.33928602217459947,-0.2074795694712593,0.2284619038102884,-0.7285573834067339,-0.5349457244252359
The Invasion (2007),-0.7349092711731535,0.6849563909005912,-0.11667204975159283,-0.7355516996001007,0.0643491245827935,-0.051854250455738764,0.1356106307016178
Soul (2020),-0.2682890507332717,-1.5184895981718958,-1.38695381423632,0.5594882451131401,0.23648472007716287,-1.5545860648785639,0.08673405729283962
Stillwater (2021),-1.0002137555060113,1.8682935813568753,-1.6929528469633832,1.5023498623982456,0.4165850388564185,0.1549115218710217,0.6736783385233578
Thank You for Smoking (2006),-0.02401641383724593,1.6475495186178157,1.100599692519528,-0.5710331403859321,-1.0639409861750786,0.23889006350033826,0.052724185973328085
The Protector (2005),-0.9017896955787884,0.6187815775474008,0.9871153606289471,-0.7558845748477204,-0.0660548655314236,0.44166764032323114,-0.536477754975003
March of the Penguins (2005),0.6280308879011192,1.4004954935690916,0.2103953961444653,-0.7934196038966165,-1.2680191278447543,-0.6854246300593406,-0.9808918772299972
A Moment to Remember (2005),-1.3561325393418164,-1.380824805664865,1.6927676315489628,-1.3134737850910623,-0.6455811263772164,0.4914208987495763,-0.8023408202989313
The A-Team (2010),1.2803008592937226,0.3538916402467809,0.4721631678992329,-0.1373785297139149,-0.000555211810553127,-0.7028862506359669,0.1926988445108636
An American Haunting (2006),-1.1389662478728904,1.7015175326043253,-0.9371807138965861,-0.8089858940111103,0.2207331723137393,0.47476435264544703,0.26131762832385586
The Ant Bully (2006),-0.5315059468388308,1.377565682254325,-0.47460670903848534,-0.7491910067625263,-0.11315954073880104,-0.16134132372397111,-0.10399019165278225
Aquamarine (2006),-0.8452938634520826,2.4659333869225035,0.11967456885144974,-0.13484728196612658,0.8847739833520952,0.9169897405320498,0.057347242689055125
Four Brothers (2005),0.8026894542097261,2.3032785989784057,0.7715683953201088,-0.20254858671604403,-0.005267940951498277,-0.4184216576246284,-0.3121800969645005
Little Man (2006),0.3255565332505474,1.2326247911943184,0.37693466176924,-0.3098021000391532,0.15462651027757643,-0.6536901043867007,-0.878404961991006
Get Rich or Die Tryin' (2005),-0.33283924281261884,1.8340232188930887,0.11924168630007391,-0.34775288143391314,1.0173099268477863,-0.09898319300587365,-0.1074595399338572
Miami Vice (2006),0.9202598796472601,0.2702193396586663,0.3366438105091152,-0.48489436832394034,1.0059069489047252,-1.043155030862676,-0.31387952996911594
Stick It (2006),-0.4665427485059877,2.553939313660487,0.5066465985317522,-0.07259517025861535,0.10559708606279355,0.5561587883686147,-0.4348419988014257
The Women (2008),-0.5855091277232437,1.2714646666781535,-0.4621870965985372,-0.1926745910647166,1.1011960861659567,-0.17835868569441918,0.08972833226551497
Basic Instinct 2 (2006),-1.248704084260782,-0.1413807143736782,-0.8357905943694356,-1.0919710859175165,1.3892361773227688,-0.15094954204583735,0.5454317206076041
Role Models (2008),0.7615543207043846,1.928211480112797,0.5515198392997216,-0.1064746112740906,-0.4814678381849651,-0.3262378287615946,0.17135043067329653
The Possession (2012),-0.061598458159655686,1.3193524421813354,-0.5726253750847853,0.166953211887098,-0.2277447385502644,-0.2825573787848493,-0.024298071812360413
The Kingdom (2007),0.4307292161599562,1.10976028027794,0.731767724800587,-0.29987789632997974,-0.2118063085628306,-0.6029188181147137,-0.3555147775566952
P.S. I Love You (2007),1.0484978050752065,-0.008726623969378242,0.8944895239108603,-0.5093980936353782,0.1934627856401911,-0.947447566003793,-0.17343247485772423
The Master (2012),-0.9934034998894389,1.1234642316045569,0.5006635932930797,0.444461859443256,0.35166439313877623,0.8983539146951193,-0.24117183890670096
Resident Evil: Extinction (2007),0.67661904064403,0.3926018258027079,-0.31981135546342426,-0.8881529241397973,-0.31992246100717636,-0.9043511806627906,0.1959233511476924
Fantastic Mr. Fox (2009),0.02789382266274457,0.7806714532719687,1.109127813941671,-0.5137111034114656,-1.6303241243327677,0.03233643811943071,0.2434328846454697
The Fog (2005),-0.7348059134023491,2.088295424498972,-1.4358980664623995,-0.6572105703135996,1.5386230429955063,-0.1362412639385347,0.5732527686925196
Saw II (2005),1.263517839344799,1.4896796359902431,0.15881180985347162,-0.7962316734390785,-0.5039710951531379,-0.8297995892697503,0.22591416072240597
Krrish (2006),-1.5162694214580716,-1.2444622333599638,1.569613184986432,-0.7578845752473184,1.446356235961167,0.8390680438500435,-0.26889518285586245
Ouija (2014),-0.49843908858439556,1.0933174408960127,-2.4688674718581542,0.3125482819473272,1.8373725079248246,-0.49378721301165146,0.8161331636364678
Real Steel (2011),2.233340979874964,-0.6955918768270487,0.6421552764618795,-0.23081477640758702,0.0021284806209904052,-0.7377583964388719,0.17182557832227616
Another Public Enemy (2005),-1.4993529598124762,-1.4316935103862536,0.9871125105363175,-1.0613657787397253,1.5354875164295123,0.2640943742140203,-0.2461132649069853
Daybreakers (2010),-0.2597404159428967,1.3597432896681412,0.2099348838778286,-0.05061520511032226,-0.32002951555111253,0.11458975678780067,0.14045253529518947
"Good Night, and Good Luck. (2005)",-0.02215627408527304,1.4723980972145632,0.7818038090179676,-0.6664534941043267,-0.8768234334052691,-0.23444492530326,-0.5338936767608673
The Grudge 2 (2006),-0.26035596471723854,1.4928093363993586,-0.6615670750925364,-0.5591119834278498,0.7286617976346894,-0.4356959396364613,0.06786012548394657
Just Friends (2005),-0.1186302246358984,1.8391611643487529,0.16728390137254578,-0.6218938762442481,-0.09106645579624471,-0.17554695852863575,0.009544851207162156
Material Girls (2006),-1.5344403244044915,2.1958955844014314,-1.0467897436908808,-0.5518512464749106,1.3110231497932932,1.2783309147397175,0.6357799543152033
The Namesake (2007),-0.8227890965356341,1.5043965414513771,1.6592942070725039,0.015717914552977396,-0.015914378339489527,1.195231105706809,-0.7291775759064025
Flicka (2006),-0.8127925161244799,3.1487790873664108,0.19489799995670837,-0.02389616353541296,0.14925014219007957,1.163303549271399,-0.31778313446019785
V for Vendetta (2006),3.145033793085112,0.6151517106462769,3.29587555587475,-0.8617694657205365,-0.8309428236257351,-0.6785167478760284,3.429587477890706
Youth (2017),0.0017259494106695128,-1.8112816492106616,-1.6930076497323487,-0.037724335998006835,0.4512633370409661,-0.86604626232632,-0.16092983993403126
Pokémon the Movie: Destiny Deoxys (2004),-1.3668884587592491,-0.9829788034097952,-0.14982605899778617,-1.7068887538013948,-0.04014466555207247,-0.3455948338451646,-0.27606716787640057
Swing Girls (2004),-1.5045116424800427,-1.1681083359902156,1.0139845083331867,-1.6038398853754345,-0.6621033577452055,0.33328412612849756,-0.692171859703498
The Descent (2005),0.1738460149732784,0.9196675202288909,0.9441107017496221,-0.896904747712497,-0.7137499987502505,-0.3558979541582568,0.19342957706251684
The Giver (2014),-0.03951651418441533,1.5549173892893484,0.028966573678429156,0.5969202653647203,-0.4420909449537265,0.1438800612040009,0.1350556269352851
Next (2007),-0.16563684037817533,0.03777203778859556,-0.12445178965988216,-0.9966200405474078,-0.2912319746812283,-0.716318140526332,0.2694735072913639
Retribution (2023),-1.2130918799899428,0.11788517145318678,-0.7128936546438227,1.2936691543797754,-0.7919386848600736,0.26703313376799437,0.23967465567091994
Toy Story 3 (2010),8.629546518642895,-1.3637388973464646,-0.3175082745163266,-1.1805457570638602,-1.3284587951724973,1.694988162356752,0.40989076866878954
Friends with Money (2006),-1.167344697731445,2.3142870943262106,-0.1103393746264279,-0.4792083799807108,-0.02967017005702312,1.2249517338920313,-0.003152448147068977
G-Force (2009),1.3204863210512505,0.5602258520068736,-1.8263471952759165,-0.6130166978481548,0.2618864476227506,-0.6386042543016963,-0.32145341280155587
The Queen (2006),0.6729510986231577,0.761083225503199,0.6029692605764557,-0.6157803617164169,-0.5689433625515292,-0.8219465054578152,-0.618890921299867
The White Massai (2005),-1.5206121828649009,-1.3011197210448233,0.8623676843152378,-1.231287910553233,0.7870863048001854,0.3231919054009073,-0.3075971585150309
Alita: Battle Angel (2019),2.6047566822000006,-1.5309120448013107,0.030084939985478825,0.6131412418890209,-0.4413366556669938,-0.4318353781966975,-0.1458503335344573
See No Evil (2006),-1.1990968533620345,2.7420622902267255,-0.626732527752956,-0.4384058968878524,0.2770014965683903,1.2130353214912315,0.2190909270493831
Akeelah and the Bee (2006),-0.5565624815329936,2.9817541582937657,1.5344669777944115,0.26958713829842323,-0.13607002163442736,1.3530899639761194,-0.8228091420052894
The Benchwarmers (2006),0.006857610741023972,3.1289465751707155,-0.5924222667752576,-0.1769976090941783,0.08064275465930944,0.024983571788794488,-0.1107451735077448
Ice Age: The Meltdown (2006),4.310749945760627,-0.7100914818507313,-1.2609916475540737,-1.4300592587489631,-0.5287072864233803,0.10563853607832316,-0.8149757299790684
Us (2019),1.4043382695020654,1.3412532874956715,-1.6772511364380593,1.291286263516501,0.3057815232760873,-0.27579630419261797,-0.2948404850708507
Push (2009),-0.6729499871888345,1.84787236384205,-1.0549365472017482,-0.00843911555632321,1.189131921270278,-0.05851047058383675,0.23625223581101146
Side Effects (2013),-0.732861459830484,1.1544548267222197,-1.291757689452473,0.14601786644297238,0.27670865929932703,-0.04435201435826526,0.2297074530920981
Terminator Salvation (2009),2.705717821854599,-0.3260143127266931,-0.10490935726295361,-0.6177650307550814,0.08505095581126401,-0.5471384590359187,0.2747986226906074
Year One in the North (2005),-1.3704141787981388,-1.719100566978356,1.8915893391430862,-0.808963059151497,1.8566550440539633,0.3488396698806136,-0.5465990006669078
Two Sons of Francisco (2005),-1.6945914910537923,-1.3501144228208557,1.298428843571207,-1.2217108232250957,0.5339888977827183,0.8422053976858653,-0.40651001002741566
The Flash (2023),1.9068701167882895,-0.715822111129044,0.2683983607047676,1.7620645479695498,0.5326830419777161,-0.5534593392443057,0.1073028383804966
Fanaa (2006),-1.1859252974039476,-1.3799840915565273,2.239626739629533,-0.5414745551311791,1.5226105048653533,0.5834507975537252,-0.5382780055888112
Shutter (2008),-0.3573587337509205,1.1863965079632506,0.4821668961477897,-0.3008247461751655,-0.5960972061768192,-0.0477051022162433,-0.47482824725982187
The Bourne Ultimatum (2007),4.329710298659603,0.29681221884506837,1.179905636438258,-0.7298092688297625,-0.8307174066248769,-0.10278000926049562,0.6752292565287538
Dhoom 2 (2006),-1.068090976323248,-1.2443313612934672,1.4470548347323506,-0.7282721256933209,1.3155328970260125,0.05900129924619854,-0.4077160604151471
Kung Fu Panda (2008),4.812845278382214,-0.6267386983263946,-0.36324123308796574,-1.1803774093860155,-1.1904338012668163,0.15163159050982003,-0.005973866180520776
Piece by Piece (2024),-0.7847226264244876,2.2811321377403804,0.07748568575180635,2.172715419842833,-1.686591737194211,1.0151095300889446,-0.30818791824689007
Stay Alive (2006),-0.8744560217571083,2.890829814599108,-0.742697877689461,-0.35003293180135403,0.3656628141741934,0.737772304945983,0.18327876263464818
Volver (2006),-0.09011277979637553,-0.8824221300355303,1.2304329962272071,-0.9354335338539642,-0.2662393981697359,-0.7387676145559801,-0.6300863968281034
Half a Confession (2004),-1.7317903067561442,-1.195154458882627,0.7337817417399205,-1.4878784135854668,0.501989398428824,0.5389914827448411,-0.315731827644834
Be with You (2004),-0.8654987349350366,-1.389492587953793,1.3493825363343532,-1.3857930637395985,-0.3774636923763524,-0.48997906695933496,-1.0196750599121738
Beowulf (2007),1.231646787703853,0.44693158839934943,0.045362704159913794,-0.5292976406556485,0.3295255414433408,-0.9007918013765863,-0.18343649727942898
Lincoln (2012),2.6140956903346573,0.780659301644564,1.3509323317584454,0.8242652260010422,0.6996317729931824,-0.2837809255988898,-0.3062736254366967
Vantage Point (2008),0.7621150702473115,0.9077329516533663,-0.2028787165381814,-0.5518181308509186,-0.6301282701613844,-0.6320175324593228,-0.1660930351426372
Truth or Dare (2018),-0.1640235207431251,0.428379162490762,-0.5649802637203625,0.7758756753965895,-0.9124455094342407,-0.39780353330624146,-0.3639596733940863
"Yours, Mine & Ours (2005)",-0.048953808825408555,2.370312871548787,-0.6645669933598681,-0.5248567009311037,0.16494381060635266,-0.3741964243231693,-0.2295696920501066
Borat (2006),2.4071714134471187,0.8397180758999356,0.3034531371997629,-1.0359565471056233,-1.3599986564717046,-0.7117789235272548,0.4578247901457554
Dreamgirls (2006),1.178436172953337,1.4465966402993786,0.6852092913489056,-0.01753360106643185,0.758688196300517,-0.7377079559807057,-0.7387694285241634
Hoodwinked! (2005),0.27631482424423215,1.1670890257872515,-0.4219776153906397,-0.9828850602664219,-0.7506884321356264,-0.8559706580298803,-0.45594294547814257
The Illusionist (2006),0.8782890266288218,0.6840957344459229,1.4152522736913906,-0.7191562743972345,-0.6644028818491434,-0.5926745406836517,0.5393088861295464
The Sentinel (2006),-0.09597640022174951,0.9252994217492596,0.04558449655515759,-0.5860133670421126,0.3074809902039137,-0.532583438949143,-0.30141505122608037
"10,000 BC (2008)",1.3642054207794667,0.18066366304178383,-1.173490913140029,-0.6441431999756221,0.8540539503939312,-0.8602344384939019,-0.009727390517759536
Vacancy (2007),-0.8884017990534405,1.7160711463592269,-0.5496069336137653,-0.887833976864121,-1.8483850275498683,0.2717057584147995,-0.4796568319204069
The X Files: I Want to Believe (2008),-0.37758548605594733,0.25891094192821945,-0.19486163119302807,-0.6515814878215803,0.16355731510993424,-0.5041533771507969,0.09425296334789486
Zodiac (2007),1.4712367163207678,-0.0923642953396371,2.8756971303012167,-0.3166454004789694,0.4561564947082266,-0.6790766415407057,1.332789100071946
A Christmas Carol (2009),1.4378609018860853,0.7082138036637672,-2.279832302245208,-0.7080352374524783,-0.0836827028643038,-0.5816842312589747,-0.5707157550600361
Orchestra Seats (2006),-1.7644436603821814,-0.6853958861512859,0.5993891641207865,-1.2359731399481328,-0.15229101102028184,1.0165401026734089,-0.27870635639654157
Days of Glory (2006),-1.518997950489764,-1.2676023287009641,1.0045605762644292,-1.2033489614902753,0.0596964413224819,0.5235914903255032,-0.41031842774622135
Torrente 3: El protector (2005),-1.8364886484172138,-0.8415628297161354,-0.5364161104034825,-1.7079875164032998,0.019032901972779372,0.371340602062773,0.12334938717162874
Keeping Mum (2005),-1.4870386076670268,-0.4775981239961426,0.515433442612274,-1.397989531961981,-0.4394024316293016,0.6169987500521305,-0.18109309274762111
The Reaping (2007),-0.5237394504446027,0.7944766049629892,-0.46431402132788635,-0.6750913772094035,0.2755802246539182,-0.3467925831022634,-0.01677345964924952
French Fried Vacation 3: Friends Forever (2006),-1.136612372039454,-0.8971433066593394,-1.8145618443184044,-1.5654929069263928,1.1008260066656175,-0.9001702994218846,0.3999932723420348
Across the Universe (2007),-0.177646835771922,2.076430960570888,1.879973894288655,0.33880700435281697,0.4171127866764606,0.7976796271975556,-0.44530068617891055
Blades of Glory (2007),1.2224971336962793,2.4164197847135536,-0.12353392460705538,-0.14574994431064867,-0.2621404024247194,-0.4737277095244543,-0.07965158628064033
Home (2015),1.9088515258854575,0.4285712545204394,-2.438770032105805,0.2503559483861589,0.4286140479124446,-0.29111698052418616,-0.47280845390572107
Pathfinder (2007),-1.1681776681567344,0.5687904652283917,-0.42399653739099047,-0.8282106720347383,0.3696389056954585,0.3075509294483259,0.2512127274914704
Scott Pilgrim vs. the World (2010),0.6004874093117206,1.3934660719869851,1.766351834214854,0.04214884066291567,-0.7270890717707427,0.3430023398112591,1.0873133935093222
Take the Lead (2006),-0.1348044008823775,1.052578011552681,0.637890462462103,-0.34644032348333464,0.35892828373237934,-0.3100850643481047,-0.6030630560542899
Fearless (2006),-0.22235234985054653,0.14430861580462273,0.9446157761424816,-0.781293827947331,-0.6890118427222364,-0.38147808410657835,-0.7238335898142229
The Painted Veil (2006),-0.7672706845568156,0.026895640775058485,1.5572218169755663,-0.6566252474134895,-0.0004745945254182739,0.4411189063074179,-0.34768647704279904
Knowing (2007),1.1941103829474853,0.2526308559472026,0.27725360924531584,-0.5728490002275565,0.529902364039388,-0.8226174904790761,0.14414454586302364
Shazam! (2019),2.8413236882275537,-0.7176864614095351,0.3582387307504356,0.949082698633967,-0.0015405695462504146,-0.2841020243666661,0.38159614012442533
Sunshine (2007),-0.533071948909312,-0.6442701057857616,1.0884062767080747,-1.1211288781087079,-0.6452245902539785,-0.0161438519648545,0.5455251271944741
Hancock (2008),4.631593395884542,-0.379153534261621,-1.1433913600993182,-1.192850654792229,-0.47993227595487037,0.15974385099138197,0.36483371521908375
April Snow (2005),-1.5650324997418166,-1.1078908905900084,0.39102257301874155,-1.4943829864292182,-0.13152716337034562,0.2513961699102954,-0.3454792395908295
Puss in Boots (2011),3.2818688710616706,-0.8229449804762043,-1.4316415615288094,-0.7237933022767884,-0.5959890635593726,-0.11556204099438279,-0.7993905335832736
Eragon (2006),1.1600774274462737,0.1123142634232048,-1.2093090492404936,-1.0194880190628712,0.7436026194141849,-1.0506214169121348,-0.025732472916777892
Little Miss Sunshine (2006),1.436796951113371,1.287827161436397,1.603850655595836,-0.6784506116845253,-1.1599935186575647,-0.5175411729000822,0.935696639094918
Pirates of the Caribbean: At World's End (2007),7.451443115494841,-1.9105956557786044,0.45497114420507884,-0.8389115275849369,1.5587238417114209,1.0489519217741365,-0.0971688423631396
RV (2006),0.3358978401357293,2.5539468124759317,-0.3593691065489174,-0.16284899404950387,0.4182132829509974,-0.37423474182525585,-0.20273595611832781
Babel (2006),1.1241176366542025,-0.5332090907327434,1.7952191384413447,-0.6224284439156699,0.3560303903102723,-1.0468198628055503,0.05547925108491716
Passengers (2016),1.2790367367852606,-0.22116594278983892,-1.536057230308099,0.2516798198654087,-0.21730518023006412,-0.49479727939609625,-0.4530797845156029
The Valet (2006),-1.530168111497977,-0.7004871168077058,-0.08144389706195494,-1.5070853445830836,-0.7660316588542655,0.28719387636376287,-0.246570163760546
Ghajini (2008),-0.8151278392613828,-1.7356357003685223,2.491020308580245,-0.1872879510396319,1.3843092140522242,0.03574110858699439,-0.867035158258346
Jodhaa Akbar (2008),-0.8413601735248902,-1.7918762328456643,3.4376393302658252,0.27815790884054997,2.6179372226909265,0.5378167709490597,-0.8014079071959446
Kabhi Alvida Naa Kehna (2006),-1.1128022982120311,-1.3573474876030294,2.1251502784243144,-0.24996007015556893,2.884751686100196,0.37263709266009104,-0.3408246193869105
La Vie En Rose (2007),-0.05754713429440638,-1.2339685474759472,1.5060556052242287,-0.6560955557598193,0.3355854687080286,-0.8581721499381106,-0.6936133188372974
16 Blocks (2006),0.020569633622993185,1.3554263361389187,0.4545031886241624,-0.5329867295462936,-0.1911197578642701,-0.22615934991693493,-0.11504577684427096
Blood Diamond (2006),2.1426175186953467,-0.3268541326167736,2.4179713685460427,-0.663588978886807,-0.07858152821668699,-1.0245399256669006,0.8969734154206002
Hostel (2006),0.2355096405848509,1.5467766276050678,-0.16085785643197353,-0.6638140262419524,-0.06377801594431218,-0.42732188396150483,0.34895511024292225
Unknown (2011),0.2635072782883571,0.8599354942891538,-0.6404960869035552,-0.16084701885778407,-0.6887438607331567,-0.47725715398062474,-0.44771046136123005
The Wicker Man (2006),-0.868514137484773,1.8921949419720303,-1.2617400340054392,-0.5865737128183486,1.4823760958175272,0.13977003649424646,0.7536179308858085
1408 (2007),1.1045603251871667,1.0940925401449852,0.5480864510816122,-0.5007926413098295,-0.3731451653161863,-0.6767276757718643,0.30988835741007836
Cirque du Freak: The Vampire's Assistant (2009),-0.892163923030549,0.43499134833711484,-0.046723265699921294,-0.3957118732857843,0.3856700347860108,0.13361310380385139,0.08061646582480783
You Are So Beautiful (2006),-1.627630310526684,-1.0828182423731556,0.24562053236087478,-1.4732619679087078,-0.4697217366853019,0.37865698177221074,-0.29844603741334036
The Gospel (2005),-1.0299785078508472,3.364475627613567,-0.0633262487764256,-0.041128170257424476,1.0283218235983675,1.3841055595585683,-0.044089570084661814
Horton Hears a Who! (2008),2.0251389797944883,0.9150058782349509,-0.5984123170016074,-0.5634869949494996,-0.7909262921339628,-0.5390390534231111,-0.5878812383818381
Lady Vengeance (2005),-1.2338194233318265,-1.268819697479682,1.3224016923342983,-1.3834179160424402,-0.3996682481846589,0.308952182905454,-0.35132572878564217
Wonder Woman (2017),6.957568039197281,-0.8621193094346686,0.07619023267252296,0.5556210017928809,0.2125437429158932,1.2308702883049842,0.5623239191896605
Yamato (2005),-1.0925791861493253,-1.4982399716880006,1.0541020085139499,-1.0542813380930547,1.1996391538411633,-0.3484945906808633,-0.5209672051280403
The Break-Up (2006),1.4062968494089905,1.3114054116806948,-0.47777125604003196,-0.5068814257814124,0.4410025219850215,-0.8748536831083603,-0.2131579332343454
Cheaper by the Dozen 2 (2005),0.5841881946712771,1.8350981439674103,-0.7550545354016706,-0.6249131163414869,0.31371812125823706,-0.8154863564151484,-0.2486256915488418
Death Race (2008),0.23010512998225657,0.901417382011911,0.36310570553894983,-0.4276725163319785,-0.1275705662108445,-0.45328623854732547,0.3424820684029691
Gone Baby Gone (2007),0.07300551268005467,1.207571795365349,1.7399030826923558,-0.3184292676608077,-0.5365802670909029,0.3426284454041725,0.3017236442503493
Good Luck Chuck (2007),-0.2687398738531058,1.590710242466738,-0.37398601567445294,-0.45818367608645105,0.20286971264783,-0.20063355466931188,0.14349260229360364
Lady in the Water (2006),-0.012615485246072007,1.4801061582090267,-0.14755319707943385,-0.44554440258499173,0.7157280744022534,-0.41586817426968964,0.1011870530785329
The Santa Clause 3: The Escape Clause (2006),0.3425666960192109,2.456166077581728,-1.1684677787349256,-0.34950594306813615,0.6704616639689569,-0.545675688711042,-0.014319452818442414
The Time Traveler's Wife (2009),0.6942718734091239,1.3613181538168817,0.6903577616568466,0.03343109408001857,-0.41478755987151467,-0.5264221141792185,-0.2812333963369619
"Nin x Nin: Ninja Hattori-kun, the Movie (2004)",-1.9206110777878138,-0.9010142730005378,-0.4173242428956917,-1.74447658247534,0.5547590102936018,0.4072585940569469,0.12957855548401795
Samurai Commando: Mission 1549 (2005),-2.093864945310856,-1.078288717647074,-0.11972535607012301,-1.4731596966030955,1.168777270022494,0.8876167822027351,0.2429907710839974
Mr. Bean's Holiday (2007),0.8922538778213341,-0.6127638449884047,-0.7148442836678788,-1.2224143991553027,-0.5211191192679853,-1.0964912937339257,-0.33325272440345444
Deja Vu (2006),1.5344332532151863,0.030068586769785632,1.0645711902535986,-0.6887430683741471,0.10540050336962636,-1.057216210793952,0.15341448988697057
TMNT (2007),0.20802466336610514,1.4846970439698317,-0.4144338195056523,-0.5184795717472088,-0.4040152542925745,-0.6555757956318795,-0.2878869706229605
42 (2013),1.0140587858149361,2.4351258277947054,1.3991020423183915,1.3582189126548634,0.007405299935262695,-0.017259814059910332,-0.6958069146045718
Black Christmas (2006),-1.179401758164236,2.4696830056315653,-0.67891271226891,-0.41378168185594544,0.8271731377957119,1.0433777545651364,0.34444583254585126
Amazing Grace (2007),-0.44675525500779906,1.5297247032429813,1.3721879043502507,0.0024982927259753263,-0.0951302970465315,0.47318081296896963,-0.7727739302923249
Flyboys (2006),-0.8210062207887069,1.7633556950743061,1.5314124161911755,0.11245549726408385,1.1518094960276555,1.2383823984801146,-0.3601717150435724
The Hills Have Eyes (2006),0.24056075813491817,1.4690305698357753,0.49650996770903705,-0.4632219753751893,0.052818808160970364,-0.3312127044977001,0.12313168396195137
Inside Man (2006),1.9804104221479564,0.45961358335230446,1.5836123463643939,-0.49050881831356835,-0.10622759295424382,-0.9404769413883113,0.21879424045168894
Life of Pi (2012),4.712532009190464,-1.815536107950281,0.7163706244268231,-0.5848469108650193,-0.5418216420986094,-0.0012159354124838678,0.48545483155364205
The Pursuit of Happyness (2006),3.2791477518223924,0.5982722386883091,1.5036071365441959,-0.6815891073052035,-0.7465551913222979,-0.5440107503190974,0.5644182783236612
She's the Man (2006),0.009493266711089368,1.4707045312324043,0.5097556095617588,-0.5025516241129235,-0.00693699815420204,-0.11615045831073735,0.15958426657805272
The Crazies (2010),-0.04692620027542344,1.85067191340201,0.3677683400605168,0.18943568049143533,-0.24530797211772784,0.1389513682711711,0.012707355851075935
Garfield: A Tail of Two Kitties (2006),-0.04411364145622288,0.07814829039751396,-1.6054417334679716,-1.3225529119104085,0.10074377344095142,-1.1499072900439948,0.031924871084065054
How to Lose Friends & Alienate People (2008),-1.5403179018415298,-0.42978707659590826,0.5381616454180842,-0.8719438004946678,0.03614558575786977,1.036608278411517,0.1747334484481633
The Last King of Scotland (2006),-0.05305090559483945,0.24130818000759321,1.6539196783306236,-0.606539565851688,-0.2293298616584952,-0.14813915860749247,-0.14879525446332134
Madea's Family Reunion (2006),0.06213173786241271,3.279737856111589,-0.2489401724224904,0.19945460691636058,0.9218669816917145,0.0579368635986948,-0.30718793544715906
Dead Silence (2007),-0.8336584364486609,2.2974763942730503,0.1362571968861535,-0.3287669820625739,-0.24978747734045154,1.02570007984387,0.16203175773376285
Australia (2008),1.2054705834490886,-0.9208788767940533,1.168796300012429,-0.11746183335369047,1.6483837446471226,-0.9741923494413192,-0.5837974326275386
When a Stranger Calls (2006),-0.23810916485631717,2.2967568806011593,-0.9105288573978917,-0.4833923640117787,0.31758085722458856,-0.1927079085520915,0.06705151448983869
The Equalizer (2014),1.9442607905243543,0.35108728952687895,1.3106696034910181,0.595643654527303,-0.09268295642661975,-0.45189738753049036,0.6769708728279911
The Hitcher (2007),-1.0641810483839018,1.9877299608083991,-0.4444842649978583,-0.5175551817107442,-0.10723845008947012,0.831463193683497,0.14359139006572672
John Tucker Must Die (2006),-0.15430394478030318,1.7173615148998946,-0.4871186474895765,-0.6332031707782576,-0.029265095392015404,-0.3155889414122233,0.0358259788748183
Waist Deep (2006),-0.8204950260186653,3.318603681464917,0.14199473117845487,0.04383985606185923,0.3383513975470389,1.2424688235843397,-0.24980902933712656
Train Man (2005),-1.4259885488947273,-1.1265512000157467,0.388624843380458,-1.5286310609797755,-0.3784190692523304,0.02960552043137374,-0.47691255508235286
Lage Raho Munna Bhai (2006),-1.2557319936431792,-1.139634606692985,2.3608756964531294,-0.7390772307407435,0.2680663763960434,0.9379715906954922,-0.7014621641138923
The Machine (2023),-0.7715784454994422,2.4306883763826677,0.5948050807450364,2.233856075483577,-1.4973208607055941,1.3700356525522432,-0.45973072756194305
Land of the Lost (2009),-0.04810162514420894,2.0332115677817595,-0.5126499828359236,0.07242175288930959,0.5482469449345332,-0.24229491937797937,0.12577585417970058
Mr. Magorium's Wonder Emporium (2007),-0.2936290701275066,1.0268847213105534,-0.22140653470544297,-0.6137840501785219,-0.23919938847691863,-0.3816417270258762,-0.25741232776795947
Pan's Labyrinth (2006),1.437437130368127,0.27077339608656176,2.5341451038408365,-0.8846667426221683,-1.019193213668707,-0.3943193438501113,1.5714441210850298
Perfect Stranger (2007),-0.37520838920087174,0.3694935323661202,-0.251189799122098,-0.6715028344568748,0.499564548207939,-0.5752684724758043,-0.07327801245106458
Stormbreaker (2006),-1.7252299790200707,-0.5214579895249349,-0.8190811330193689,-1.4930682764907017,0.3167690766660164,0.3408396899390784,0.433301491734594
Nacho Libre (2006),0.5173746789536161,2.5269591841630237,-0.3267324724946365,-0.26089477386115834,0.009617516146702906,-0.3950899137169775,-0.1866943559295767
Scoop (2006),-0.7816394086066979,0.23670714098543438,0.2682824430940141,-1.0301004458375436,-0.4337001421686017,-0.034810721063732425,-0.07310615080056614
Aegis (2005),-1.9251484852261314,-1.1896189133516697,0.2654678526523678,-1.3672447626567603,1.1500828022299407,0.7414171104343348,0.04919604164898099
The Holiday (2006),1.700015195500313,-0.29732077298866616,1.1497693005559035,-0.6763018532992612,0.4628623448162853,-1.097178886876212,0.1547130653102373
Captain America: The First Avenger (2011),4.061558350435946,0.07467045767359773,1.1057828611467928,-0.3683830405104532,-0.2557005718478701,-0.27468299691380993,2.3650674080502663
The Devil Wears Prada (2006),2.777225087566068,0.07952085194606737,0.38459712054668777,-1.0189546429368754,-0.32101364342740546,-0.6979528046800805,0.5970831583300235
Pope Joan (2009),-1.2533467971772714,-1.4563679829413527,1.315709769234187,-0.4444786950876403,1.015590393395129,0.29966080529105554,-0.3220329532976131
Sin City: A Dame to Kill For (2014),-0.7464178340938019,0.18540464232476547,0.3084397146875769,0.10159084599245496,-0.4701830866365014,0.5399720033629011,0.5282984580644501
X-Men Origins: Wolverine (2009),3.279166008759766,0.41058461934762414,-0.004828060765643974,-0.5778230755895567,-0.23634579865566147,-0.3525468365802892,0.9701218603777805
The Wind that Shakes the Barley (2006),-1.1571601067279391,-0.890109956499072,1.559741457470151,-0.9469818782657928,-0.03299590172764482,0.5164779463239598,-0.43711514116964434
7 Dwarves: The Forest Is Not Enough (2006),-1.8101757191918286,-0.7857085428241084,-1.4580933310148747,-1.590808314354984,0.9239066718936906,-0.025238102704002188,0.5735969214774534
Enchanted (2007),2.342654913836936,0.004614660516693389,0.024289927947727448,-0.745053659278309,-0.34629711286125586,-0.6236523491362684,-0.5799061106336899
Don (2006),-1.2099579422866098,-1.3314164562529383,2.401535428422233,-0.4974924747695854,1.5341258969211793,0.7499044694069777,-0.5385057582726223
Don (2022),-1.4374015397179813,-2.4627470684587154,1.9021792781831122,1.3986315110211576,0.9650797640990293,0.7276485973115642,-0.08729858737802094
Daddy Day Camp (2007),-1.6311998106922725,2.4921020017598803,-1.6899517095389083,-0.4407374074339514,1.607418212034366,1.3059966081811614,0.9317869842751346
Fair Game (2010),-1.7570005091764773,0.9759114285089641,-2.233313436954709,-0.6017108325180777,1.3125836393817851,0.5345135780609119,1.0468920004339306
The Last Legion (2007),-1.4436938836087723,0.16524519794996484,-0.37175610215099836,-0.9635262448561921,0.41219053183311904,0.5514308020692188,0.29529337732859645
Rambo (2008),0.5623793039624814,0.47913846073576116,0.3137026576315299,-0.709657552441322,-0.9057167423413723,-0.6693580158427543,0.19209372368480016
School for Scoundrels (2006),-0.8625933351176802,2.239145138672129,0.15044917019296508,-0.2995179755800597,0.27786176796337564,0.8076478699156284,-0.14692328866852578
The Simpsons Movie (2007),3.7578047349602834,-0.33100702735258547,-0.6441119473654464,-1.2041569758055473,-1.0653248731811973,-0.10562524333600236,-0.4698628024248919
Step Up (2006),0.6157418991019991,1.3383784217560957,0.21720149719529194,-0.48012182428478545,-0.05389144337319164,-0.6737232973988293,-0.27867461796399257
Blood Rain (2005),-1.882909097356525,-1.2111761157250356,0.7686742568724688,-1.3882543202467301,0.3649929940727948,0.9397491465507958,-0.24318911064282686
Good Boys (2019),0.1426334362414671,1.8968382702370912,-1.2706188940052052,1.189460159047413,-0.8721817865897111,-0.0744096338549251,-0.1640922814372079
"You, Me and Dupree (2006)",0.6091920704724859,1.3989179195811223,-0.34524270088131004,-0.42053501135442506,0.6873755225154263,-0.7848098845643717,-0.1972711279374324
Sacrifice (2010),-1.3406821106021618,-1.0858490306843698,0.703175560940465,-0.8822548658646312,-1.5143590212626912,0.3405312077089882,-0.6083094240881747
28 Weeks Later (2007),0.23483906044754763,0.7795647517544577,0.7616003698387122,-0.7068945361803647,-0.6050067358267247,-0.2812565094614499,0.5508386568947193
Asterix at the Olympic Games (2008),-0.433136395479866,-1.393090942607769,-0.8045059140802745,-1.0707471387136682,0.9280396262914317,-1.0529786621796575,-0.07824911623852636
The Fast and the Furious: Tokyo Drift (2006),1.0946196471444312,0.5424115693935805,-0.01156227005318432,-0.9018347197370022,0.026757698704663775,-0.9606532061838464,0.5441152159094919
Freedom Writers (2007),0.18259455737914276,2.218315594907728,1.6838592730984876,0.33478480046558384,-0.04711845378638273,0.19621286252176845,-0.7525488867265657
The Orphanage (2007),-0.20478846383870286,-0.9958458304512294,0.7881000376961633,-1.11574722395031,-0.731148985600508,-0.7631869328025328,-0.20878952248071567
Piranha 3D (2010),-0.3739536226578168,0.3375814365128047,-0.9192808544651593,-0.5932088610031211,-0.15761304150270458,-0.5645652142139808,0.3164928763856981
"OSS 117: Cairo, Nest of Spies (2006)",-1.587250712328983,-1.0801164483494692,0.539736424178521,-1.436729221688472,-0.5905639545873188,0.5143322668339372,-0.31506996448911034
National Treasure: Book of Secrets (2007),3.4329292651452783,0.22688285766858138,-0.20879110623724234,-0.5062303545888972,0.5809548899493843,-0.21522654704731567,-0.5116176760790887
Hitman (2007),0.2961831301438154,0.6757755716862843,-0.1883286591336891,-0.7819781065471231,-0.3090216739074434,-0.799279324588462,0.19141299745127965
Igor (2008),-0.9425269234070744,1.8157214292497659,-0.296393042029803,-0.3402494251790204,-0.21335569979807983,0.6495646231006349,-0.06678216903555713
Michael Clayton (2007),0.6279199564838106,0.9147177545786964,1.0901222115535019,-0.24790409800557736,-0.0834301867890757,-0.6582303953157866,-0.29281529769086806
Notes on a Scandal (2006),-0.4214841170219016,0.5148851788301564,0.6567770953324723,-0.8921210305819469,-0.99307340943411,-0.1826948251300092,-0.45089070401887976
Shoot 'Em Up (2007),-0.8218072858676726,1.1262284207138527,0.3033699507727051,-0.7776309457457907,-0.7506258429421158,0.6644802620118226,0.2761157982606818
My Super Ex-Girlfriend (2006),-0.6077559104852299,0.7788241446750411,-0.7285598554439744,-0.9211534750062095,0.4231222680079614,-0.3577478267168174,0.2253306716385214
The Banquet (2006),-1.5976260872496049,-1.3793784039567973,0.830306249178782,-1.107568096196097,0.7752237529484572,0.4628891426901731,-0.268986304407095
Date Movie (2006),-0.47163348839128816,1.9552422689717737,-2.6029157144228994,-0.8691715593425741,1.4776782417814835,-0.604126252755485,0.9647938495410293
ATL (2006),-0.7288456939216832,3.2006111234135055,0.5825168698468631,0.14938969910186148,0.35106530854288065,1.260498512446801,-0.4120671597578439
The Omen (2006),0.29548673860106034,0.8979481766385531,-0.4484338313198754,-0.6031578952696787,0.7205669631186378,-0.8511219787624578,-0.17717099259686156
Underdog (2007),-0.4171590658641023,2.1387038149078808,-1.2484516667032919,-0.45186920594100555,0.37131544504753566,-0.21509337562493014,0.12541368030684721
Max Payne (2008),-0.012387416590773331,1.017975350031164,-0.6303739633758917,-0.4937403156710682,0.415469453495396,-0.5827706642776349,0.3568665725922847
The Other Boleyn Girl (2008),0.008481394029819086,0.22040661509357318,0.5733425066497203,-0.4422268419655702,0.03292699495675523,-0.5888443662647093,-0.1738370306035108
Juno (2007),2.60096207834503,1.293995587528569,0.8301600889547641,-0.6309056149739733,-1.0720778883725417,-0.5715294914974622,0.9183078935229629
Memories of Tomorrow (2006),-2.1121181169132788,-0.8573850097678153,-0.5227588304898381,-1.6567478207749409,-0.21879099147894532,0.8973915874244853,0.12670447260194223
Negotiator: Mashita Masayoshi (2005),-1.2990884394171232,-1.284615452356611,0.41244332740632905,-1.2746799589455917,0.8816336503244173,-0.23895542009841672,-0.309240403931119
The Host (2006),-0.21703795583823962,-1.3766578174741635,0.8626804362647086,-1.180731029473049,-0.06290202501874899,-0.9133012900374047,-0.32230547881554467
The Host (2013),-0.1149265373679516,0.26242134979307696,0.94496315166745,0.3639660106982785,-0.1907743610172713,-0.047580280324402514,-0.08363268902429767
The Dark Knight (2008),12.947345429002928,-1.0658284937279134,4.388904820927229,-1.9258278527679376,-1.5368477480514766,1.9664220406450996,8.629892423167702
Alice in Wonderland (2010),5.1723495882010875,-0.08601415334365471,-7.027765154409671,-2.048088456724664,-1.0155771098674233,1.3027157321441,-1.1686277923497332
There Will Be Blood (2007),1.6548382893663913,0.42584102105487354,3.364608113017237,-0.0969236239812448,0.21227518609114235,-0.44839697643144055,1.2760619028670779
World Trade Center (2006),0.8639643152482572,0.5024635549159795,0.1757836377201339,-0.4314338970260769,1.008471070644715,-0.9781512985004054,-0.42849550504015904
Glass (2019),1.1655833846716328,0.1852611198469122,-0.7861848023123185,0.91593837108769,-1.0734252556658355,-0.4294987326935328,-0.8676125792330494
The Road (2009),-1.1100070395097494,0.02037003190268765,0.9026158752487984,-0.35733111824991315,-0.19528870826374897,0.5832623167644168,-0.5083875891786714
Under the Same Moon (2008),-1.3719057055137995,1.1008216100622845,-0.12079176946381368,-0.36276078733225464,0.61850889908163,0.9613217280069284,-0.014542836283631181
Ex Machina (2015),0.525769291720345,1.3138311621266094,1.9675302669163826,0.5744338807530982,-1.1962428828862448,1.0265171744402433,1.7907892434906458
Tower Heist (2011),0.7923772419396694,0.8514319906336422,-0.22253428801023736,0.020799185494696667,-0.053778225862098156,-0.5676248222747788,0.004045873500618337
Nana (2005),-1.2328743358627328,-1.2639655818399729,0.7514053769477713,-1.3779627604483564,-0.12954079197688192,-0.17038085042255685,-0.6122509453016597
Apocalypto (2006),1.2663627291201385,0.21082052042146976,2.0422832372357513,-0.3997827711555189,0.08755084873776088,-0.8458937336318739,0.02854329341035943
Charlie Wilson's War (2007),0.6980315991935092,1.1947992802772454,0.4356096247820745,-0.36792485827623356,-0.43653776298951646,-0.657427805843477,-0.44940554348344797
Penelope (2007),-1.0874541023586475,0.9656969686843203,0.7144412047721151,-0.5385277694824121,-0.19346862519503047,0.9950591171825006,-0.12576420397950286
The Smurfs (2011),3.005016929433879,-0.8952433759608178,-2.0781135574222755,-0.609880397421612,0.5637284181732223,-0.2013545501678177,-0.8294782216136389
Notorious (2009),-0.08843725960498568,2.1656199930556213,0.9694543496416321,0.5255792168250697,0.40233368676475395,0.27032664696453096,-0.5141308652398001
Black and Blue (2019),-1.112002166956402,3.331860536894798,-1.1737904782384638,0.7294768974487326,-4.2079474982906655,1.6182463041713806,-0.372517443114372
The Mechanic (2011),-0.09808137687488643,0.483656314550191,-0.009773360851225642,-0.29300662868186306,-0.6424340212934689,-0.28430291974190763,0.2895708696028899
Doomsday: The Sinking of Japan (2006),-1.1329595466703832,-1.3830633478687948,0.2348869812847945,-1.0725893885737352,1.328842440634537,-0.4772715261595742,-0.21949881944175914
Prince of Persia: The Sands of Time (2009),2.1019261998990024,-0.7976678067392146,-0.11139119538533408,-0.7123449671260625,0.15534768477420707,-0.6576038973296334,0.019575934432138474
Waitress (2007),-0.6261220438572076,2.463270346786227,1.1100949097864634,0.11961065395303026,-0.12003918488635311,1.1263324979439955,-0.491645307266588
Jaane Tu... Ya Jaane Na (2008),-1.455666333683975,-1.6396204349734051,2.0983843050783286,-0.5248300550508435,0.8781128171733725,0.9475796736886287,-0.5113058239787376
Curse of the Golden Flower (2006),-0.49942097572740013,-1.0508702897381546,0.5762087712045404,-1.1008988618582822,-0.09099529283131014,-0.7564351745752758,-0.6147979051322578
Doraemon: Nobita and the Wind Wizard (2003),-1.560918648751364,-0.88871317083524,0.2312971234937258,-1.9584186253295666,-0.9552156647906669,0.08561028106832876,-0.5237293560451903
Hanbando (2006),-1.908705460852193,-1.3254711778506019,0.24388023717190707,-1.0328974895447798,2.174558614402652,0.6955122075256144,0.2920040488212865
State of Play (2009),0.3745718120313779,0.3371904625341146,1.1240427488238762,-0.06939858231791983,0.13667559920072503,-0.5490542359348863,-0.21630316539174516
Undercover (2024),-2.1195269941392683,-1.5651722356051319,-0.9900758797004867,0.6925345186671,-0.9442308138525943,0.8539207849530791,0.5811667835560184
Camping (2006),-1.6201710244438,-0.9089104413239087,-0.9122602924821491,-1.558573561309543,0.39324697748901205,-0.06800588336277948,0.22086479384526111
Darkest Hour (2017),-0.10384229773353582,0.3337484826337419,-2.108060564205915,0.4880809724273411,0.7319566424741227,-0.5643564228404534,0.3536781512651944
Escape (2024),-1.460135628909514,-0.8333815911011268,-1.2966524685588072,0.0644741464354316,-5.201221148888556,-0.10150449145631103,-0.31786253078880783
United 93 (2006),0.15878587217321435,0.5198031771683853,1.1439417922480002,-0.5916493793148258,-0.5211272607056797,-0.48551205684887044,-0.6004667195421673
"Hail, Caesar! (2016)",-0.2528365727345347,0.59989922648479,0.0720439482020189,0.6378928877952404,-0.2403383018545952,0.07634854524837731,0.35687931052769317
Smokin' Aces (2007),0.047656739772698,1.5279178931397837,0.6449678693850538,-0.2565775781301411,-0.035043725144643975,-0.11405411228273676,-0.02777264515686899
"Murder, Take One (2005)",-1.9241184610719975,-1.1419118549738234,0.47795365284850166,-1.444135441164778,0.4159790275669203,0.8902312828932337,-0.13053124150429063
Typhoon (2005),-1.567045151547942,-1.162884941299472,0.23012211023599663,-1.322366550693489,0.9730521128026371,0.13528287165522204,-0.08746361245501755
Welcome to Dongmakgol (2005),-1.1150280414395084,-1.4873109602958736,1.6082383701172132,-1.1268248104091665,0.14234184458224455,-0.02705966680226987,-0.8284111298157566
The Covenant (2006),-0.7626221661542915,1.8368832177687233,-0.48388296836068784,-0.5422890803159328,0.5370254084059853,0.2958717978081752,0.1805947853709732
The Suspect (2013),-1.8689399860049982,-0.8516207814206211,-1.1853885799401975,-0.6662996610373618,-0.044339429654869686,0.5269653590881105,0.5391643992799581
Naruto the Movie: Ninja Clash in the Land of Snow (2004),-2.0369319110095447,-0.8586928316839446,0.05510338257683955,-1.9282830762514112,-0.8093162673662342,0.9351153024159924,-0.18766276740866342
My Father and My Son (2005),-1.2924763808427895,-1.3238899486650963,1.7586375850375269,-1.4146316639835317,-0.8917850676265539,0.6372062243647689,-0.4997460365623312
The Brave One (2007),0.03241241570392018,0.9785376784246593,0.7941002253010538,-0.18084310240461707,0.36827279828781473,-0.37780269245039644,-0.4907216687951658
Norbit (2007),0.6330625971966182,1.6390440133231485,-1.5377119018151502,-0.42542472540468473,1.2399814724712208,-0.7938643909109355,0.2857956696863878
Extremely Loud & Incredibly Close (2011),-0.060695965381462096,0.941801780404172,1.1293241535094027,0.4507385658645849,0.32701135458374514,0.047460512923957185,-0.2501259773566286
Night at the Museum (2006),4.3031526843426215,0.025683078771052168,-0.678086521559659,-1.0253142188799873,0.08845151375280735,0.07253088116361171,-0.19819732191246506
No Country for Old Men (2007),3.1149833984922704,0.18454447695324697,2.804339540616403,-0.9360231428167649,-1.171953553565199,-0.7581724299568788,2.9739204327493876
21 (2008),1.2658337053189834,0.7044212757634029,0.8207492382754836,-0.21132256806728436,0.2020841466933179,-0.6090113262617434,0.11316035910953942
In the Valley of Elah (2007),-0.906427270009958,-0.24690443920829414,1.2404597709444627,-0.6745414384306859,-0.04524064914919374,0.3917583864089453,-0.30330097340153833
The Tree of Life (2011),-0.19394691205242015,-0.5866128087285074,1.2427366678149896,-0.02376798213129123,0.5373999880909628,-0.27189604293736386,0.19993430729586842
Knocked Up (2007),2.3429460210283284,1.3339941192545868,1.0767790418782737,-0.0926857173486346,0.34895505563720675,-0.5769369599382161,0.32688797674165804
I Do: How to Get Married and Stay Single (2006),-1.5359545672616925,-1.0267373490410192,0.05101666133938191,-1.5404064700847473,-0.688234467017017,0.180109831227057,-0.3000899478884988
See How They Run (2022),-1.1176740625499524,0.7738236821124256,-1.7778781501200192,0.9229443370419149,-1.4416764342307318,-0.21599721267706382,0.3979403637642858
Ant-Man (2015),4.4449339206970855,-0.897568201711491,0.3249237825170835,-0.08902571475125542,-0.6038579394850465,0.012704824332594818,1.330096458288132
Rocky Balboa (2006),1.1424870386357318,0.7104909433221663,0.5087884875778012,-0.7310522364944162,-0.5496680773636633,-0.8814494172234288,-0.13778501015372482
Nancy Drew (2007),-0.6495792978399799,2.5770671291658545,0.0716498722752648,-0.02494015277282404,0.24637843445013247,0.6687152809484026,-0.229808740215887
Marrying the Mafia 2: Enemy-in-Law (2005),-1.4714232643444325,-1.1215240123714623,0.041654378576715084,-1.4102994007321257,0.6369943760738211,-0.07528542096272006,-0.14034091294806375
Mapado (2005),-1.7662181156966814,-1.0797209506538539,0.20955241802385705,-1.489315737867225,0.283970200199945,0.4836845715724207,-0.1364209383281212
You Are My Sunshine (2005),-1.6703570146735693,-1.2889562674781752,1.0872648869795194,-1.3249730765327683,0.13359172339610526,0.6952829026463344,-0.47464179364852527
You Are My Sunshine (2015),-1.0943269177991086,-1.7862965347621655,0.5119367733835328,0.010701160427942086,-0.1578479931115301,-0.1097759072464918,-0.4201519214775215
Crank (2006),0.015548048106923819,1.8143319338001564,0.667172202977104,-0.6413322039277491,-0.8587812787084009,0.1767737293514549,0.41944031854290725
Madagascar: Escape 2 Africa (2008),3.8046997816933157,-0.6358552518454488,-1.4086850612554926,-1.1361640502537682,-0.5372378614755089,-0.013757782672348375,-0.7511349150156167
Season of the Witch (2011),-0.3336559575224383,0.10378476444272801,-0.8911223914091908,-0.44355601188210103,0.0780140936261794,-0.5780575964714805,0.3529065927292299
Dan in Real Life (2007),0.17512530099855653,1.8853136652707552,0.4592126329396579,-0.21073203888990186,-0.4050998974007617,-0.18108704708567666,-0.32557528405694147
I Am Legend (2007),5.280138652623061,-0.08124894869283857,0.191749549504244,-1.2391305428150665,-0.8521026683286013,0.22078052229117523,1.4286010073204323
The Losers (2010),-0.5508559220162718,2.297073498841158,0.253195419529758,0.24353130562032319,-0.14956812059473681,0.7951096896915645,0.12966558905788567
Hall Pass (2011),0.07005339268962696,1.0162404687866908,-0.173989952956852,0.052736780078111896,0.14377987411892146,-0.3190289482538115,0.21016324631712263
Joy (2015),0.044796557765752136,1.0428173693613,-0.34997607610308307,0.5896351510522589,-0.8051867547430386,-0.2891368773047473,-0.5340085102017055
Natale a Miami (2005),-1.9259900821057292,-0.762816730867156,-1.3385562694433417,-1.6819941481268184,1.1732296468751058,0.14018914330548102,0.6022147472845464
No Reservations (2007),0.16396647284933924,0.9052165588207163,0.021156369309850386,-0.4884509072950042,0.023756852494216316,-0.7100941359576665,-0.28907673743575235
The Number 23 (2007),0.21179097525436374,0.9015104964809931,0.19981205177093309,-0.6616263091318951,-0.31408288878166685,-0.5616376832890354,0.3044220950509108
The Croods (2013),3.7849692154182137,-0.8407160914733094,-1.0039906833212235,-0.3130287423406226,-0.7036213897069511,0.09085013758242294,-0.8533472850724201
Harold & Kumar Escape from Guantanamo Bay (2008),0.07129086800224232,2.486530983090199,0.8503420391650541,0.30662088872526916,0.25504825888357147,0.30212033543480893,-0.06102761895037352
Priceless (2006),-1.3420893223206298,-0.8915138819723869,0.6901859939472795,-1.2573359512607254,-0.36553786439046876,0.31352052220380855,-0.3624181247675093
Kamen Rider Ryuki: Episode Final (2002),-2.023193915483351,-0.782776440690335,0.27718300547321173,-2.205661452811539,-1.0939147989217666,0.961249145683422,-0.40479629958019514
Miss Potter (2006),-1.138137559977131,-0.468769163154827,0.2224963570132827,-1.342065935897854,-0.9266835732121829,0.00044238596988325704,-0.32995950756612485
Twilight (2008),2.4495461566531365,0.47463142089907073,-1.0036546603793919,-0.4513758685104291,-0.04429347689039099,-0.3468539413434294,-1.3705958836563747
The Prestige (2006),3.4397388542331155,0.3872029806467623,3.9832208976655004,-1.1292022709732794,-1.3344602246896167,-0.5537362814866291,4.5648192003910655
Pride and Glory (2008),-0.6824172807254811,0.8221885313264669,1.1178184095755153,-0.0534745064129413,0.6356251798708241,0.5300811271632483,-0.2442703805020513
Space Chimps (2008),-0.7188868723278574,1.2983432269949244,-1.639083947447407,-0.6790373925268298,0.3672072376025689,-0.3793823960510098,0.3018507069841213
The Strangers (2008),0.2129126509373154,1.7750339971358569,-0.3176254737108917,-0.3572041684303018,-0.44145159552937613,-0.3692119396370353,0.1395120494063824
Exit (2019),-1.1284710260578423,-1.6014239850932868,-0.8969364774616064,0.2608436466849459,-0.2596096607838414,-0.43037006245123055,0.11990414644494743
Love and Honor (2006),-1.166078567619204,-1.4570844820325786,1.3973054697931582,-1.1222941941614706,-0.287450472906836,0.01909505623090806,-0.8490801531351345
Doomsday (2008),-1.1676955099191242,1.0705705621663906,0.22205149404224292,-0.4258676067769902,0.26590428718902714,1.0280662920993278,0.24285379924001488
Monkey Man (2024),-0.5736517537894883,2.1032819776364007,-1.7702244293304106,1.0930839649360315,-4.4178556569027405,-0.19398456305576406,-0.3244266903844059
The Seeker: The Dark Is Rising (2007),-1.3366635479392985,0.41727040786933195,-0.883611152045487,-0.916972373134193,0.7202721714478941,0.19219828415384219,0.3582430053957672
Love in the Time of Cholera (2007),-1.0427292093143319,-0.6583145245556274,1.0006601957812462,-0.6027063729629318,0.9766038282170924,0.14083125902875457,-0.26409580900640184
Battle of the Warriors (2006),-1.740940686045326,-1.4139734683346443,1.060798176770742,-1.0941708670139514,0.7271593788523989,0.812538026015206,-0.30685534872822223
Rob-B-Hood (2006),-1.5631897276635847,-1.4121962158831698,1.1239063716704651,-1.0581449693034057,0.7912507394324295,0.5896428431541988,-0.288820114538471
Red Tails (2012),0.01245555704722258,2.7651135421230713,0.46482950098517317,1.1554648783384631,0.9158920428410392,0.3586790882395072,-0.259823981779543
Il mio miglior nemico (2006),-1.7042763810596395,-1.1051768738533556,0.10433228328509822,-1.3584148053678233,0.3511239210197482,0.4051256234207645,-0.0728647498891584
Fly Me to the Moon 3D (2008),-1.2332806100792357,0.7605377351549436,-1.5024989241519617,-0.861903726519853,0.4248647317629813,-0.02186296944244004,0.41812133566971343
Beerfest (2006),-0.6698002295614445,2.9096417526997964,0.7608946662112377,0.07380492780506709,0.4479537394219426,1.250791328717826,-0.15305770020824877
Fantastic Four: Rise of the Silver Surfer (2007),2.0126456374196113,0.6481440002911752,-1.056919501708486,-0.9067312521332287,0.016508399062222203,-0.6697605546392519,0.3493906759074807
First Sunday (2008),-0.586250551437925,3.2878363138000597,-0.8619788732990965,0.23559388343371412,0.9225801113679702,0.5690977548132892,0.15447941278449984
Fred Claus (2007),0.4502909781172887,1.9933193003234255,-0.05030360399406393,0.04659598128184817,0.8370501996586115,-0.5766690345493404,-0.338084856101843
The Last Stand (2013),-1.2307927135791716,0.002584874197065301,-1.2744432430177488,-0.08072720598902515,1.1300121510140761,-0.015803810358501112,0.5509308200635724
Stardust (2007),1.0110319113253956,-0.3215160435525739,1.4423641067087745,-0.6050206928570641,-0.19260374449530535,-0.8983309654786595,-0.03994343293958287
The Three Musketeers (2011),-0.34613359835081314,-0.30566108655531854,-1.3255174057102792,-0.8054919249104874,-1.0417225635831053,-0.7174296608732019,-0.31986322531659733
Disturbia (2007),1.071074279957617,1.6918163424036945,0.6209243177144717,-0.24943841827687396,-0.28473028522458155,-0.5441000537496826,0.14354488152028497
Wild Hogs (2007),1.8133897141623856,1.64119582864937,-0.6891161250965588,-0.31766646068498666,0.22388935961310857,-0.5490852777442919,-0.37263841281078525
The Front Line (2011),-1.971496174461551,-1.2287729197595416,-0.022600048588999725,-0.894670698132956,-0.6208965487363803,0.9872970770766492,-0.028308271494378028
Unaccompanied Minors (2006),-1.1033107252222925,2.4478782122042917,-0.3800738350241268,-0.41213093992649585,0.28068083384717496,1.0069277517320703,0.013243138875636823
Welcome (2007),-1.148542432424163,-1.6557494609007102,1.6694170378996367,-0.7221082971802688,0.912646538326858,0.13465442364547794,-0.5291427935668109
Always: Sunset on Third Street (2005),-0.972589512612648,-1.53202093757506,1.6208245354597508,-1.1186783802558449,0.07944447409698484,-0.27037136568633197,-0.9599329729547891
Jumper (2008),1.439680132275634,0.33795665066669806,-0.599577476465154,-0.922066374756873,-0.514440112557184,-0.791071258788813,0.5841503042078421
The Nanny Diaries (2007),-0.4177875854156391,1.2750173070574835,0.2115731105605264,-0.38402405113316673,0.13743697704702199,-0.05126838466770584,-0.16810397995623788
Saw III (2006),1.1537886657909953,0.9011188776134347,0.023424905653555483,-0.6444069487898273,0.1784237358311553,-0.9455727199693783,0.0704600717745153
Because I Said So (2007),-0.18045620213709035,1.6474474196657771,-0.35283043923749063,-0.3082996837499736,0.43266806128551194,-0.31243089672213636,-0.14909424196210136
Reign Over Me (2007),-0.3655665912353773,2.373749662266829,1.805377625705997,0.3209514605829713,0.11296861119237878,1.1272922887523604,-0.49038704518695986
The Suspect: Muroi Shinji (2005),-1.6434255877212922,-1.0289765955722319,-0.673264756660089,-1.4632319270549317,1.3859992370147474,-0.12410813735917893,0.2676594850344453
Something Borrowed (2011),-0.1904552229725582,1.3136316470850717,-0.057815313656684,0.2811994208881706,0.4760947671152294,-0.13544555973337566,-0.00954182345619357
Spiral (2021),-0.5487842030186677,0.7663023819671734,-0.6039263341731155,1.3330546555295564,-0.7719898407685806,-0.3840066077172434,-0.14035480389438523
The Haunting in Connecticut (2009),0.07176754838888641,2.0423370661387446,-0.47527322145053474,-0.006621947941717494,-0.040858774800858956,-0.3137458325687908,-0.10028472491231534
Furry Vengeance (2010),-1.2633759883939897,1.3110404064997099,-1.6311752919260836,-0.3378139720936306,0.9930175722609449,0.33913208483934204,0.7105539306194466
The King and the Clown (2005),-0.6022307537574474,-1.409751836063122,0.862259639219527,-1.2615477660166663,-0.10531210404463684,-0.8454586637812128,-0.8954136425360957
The Game Plan (2007),0.9407434921645178,1.3929020687804121,0.12038411719709209,-0.21351387574314754,0.19798938705724606,-0.7074010272162793,-0.44468876730960133
I Love You in Every Language in the World (2005),-1.699464787276779,-0.9510709868785789,-0.19835267702403994,-1.6022674817752,0.10077641228078962,0.24968811583351538,-0.0483835042624327
Valley of the Wolves: Iraq (2006),-1.6665161183220003,-1.1792492437981006,0.21142990491439131,-1.2476891065579565,0.8798522017895235,0.3989774598028527,0.07136574639784857
CHIPS (2017),-0.9885195614117196,1.5691951092347127,-0.08515880847732916,1.0212521054323431,-0.15417483693100503,1.149019841538578,0.23992786402860386
Jackass Number Two (2006),0.5395878405722875,2.6333215169628907,0.433287150574811,-0.11720581108263213,-0.6057632325523116,-0.2445243635962702,-0.6338321835252367
Ramona and Beezus (2010),-0.5391353650589763,2.857294572226523,0.5369617688660645,0.614661362839159,-0.034280738614937,0.9617831383245177,-0.4107070630516377
Inkheart (2008),-0.4694973538929255,0.11768208233858346,-0.019257454760338102,-0.6552879229533305,0.10701332599837125,-0.4480449136026607,0.002384831428469982
"Welcome Home, Roscoe Jenkins (2008)",-0.209621095935648,3.003631828982528,0.06938179600267803,0.484717701071208,0.9452135284879443,0.31275834386815204,-0.2534565803117837
Tales from Earthsea (2006),-0.8258143828820479,-1.3180306847744476,0.21158601404664334,-1.2764752916105804,0.2865302604038733,-0.6678232082997564,-0.3114364815172615
Ocean's Thirteen (2007),2.4762274703912674,-0.07277801061496172,0.5265134114318154,-0.6754063419419101,0.11420518009015793,-0.7087088116027868,0.13940518568496715
An Inconvenient Truth (2006),-0.27267119081809454,1.025730867080161,0.8021515041643436,-0.6475540763064324,-0.8306930746976766,-0.07879268016278625,-0.5138989959175144
Trap (2024),-0.2287901333049275,0.77914392045138,-1.8402547175900468,1.5744981889459786,-0.41306037470417845,-0.8314319526288516,0.31044920134511733
Vicky Cristina Barcelona (2008),0.318698493590807,-0.12088385115838758,0.5065824274282843,-0.8850456420847058,-0.9016364105249318,-0.7047963564111246,0.33489851227672846
Hostel: Part II (2007),-0.7610495563267334,1.2618163101812099,-0.38590244693470566,-0.6482458286622379,0.1691687470911077,0.14852745711381035,0.33476727045768195
Letters from Iwo Jima (2006),0.11162970211048791,-0.6430884447612193,1.9810426815479583,-0.617182432032259,0.18084578435789037,-0.5752990594800822,-0.41428435089337795
Rings (2017),-0.6006512991499271,0.18197115777516312,-1.5037267577644022,0.4926502034205928,0.6742214064250295,-0.4029453955904884,0.6078692483375427
We Own the Night (2007),-0.15388229397065936,0.9927993261453129,0.8642317581721619,-0.2740018443841938,0.1338469618115506,-0.1281860900823812,-0.3226329347585364
Stormy Night (2005),-1.7741728043201395,-1.1999215813345478,0.7957706702450671,-1.4672436558544149,-0.15179216145308802,0.7673323974739138,-0.4210375081601883
Lissi und der wilde Kaiser (2007),-1.841746183078604,-0.831315909330637,-1.0979885664974895,-1.5368716538799723,0.06710760772329227,0.24461240339573967,0.3338069263162319
Detective Conan: The Private Eyes' Requiem (2006),-1.496848173481988,-1.2854854223766206,0.8294832645995285,-1.292224687509259,-0.27392864990502425,0.33560700626841183,-0.5437957430846576
Suite Dreams (2006),-0.970704110204078,-1.542228912856057,1.169722468208541,-0.9918327062182042,0.5489306836569197,-0.3689774942488006,-0.7242965128143871
The Chronicles of Narnia: Prince Caspian (2008),2.930489043910634,-0.6715725499825701,0.35998604829987385,-0.28890562505945994,1.3142998288547203,-0.5448943407354058,-0.598276353589683
Avatar (2009),19.668333436841177,-5.566041626945241,-2.86428954970832,-2.2739009237579406,1.3518301471676835,6.568058118479748,-1.3338656525453887
Reno 911!: Miami (2007),-0.8914315274355247,3.075284066633387,-0.12990818537030485,-0.08689945545350895,-0.184607209558085,1.1911310648943587,-0.12343516198397864
The Fox and the Child (2007),-1.5747849838332122,-1.097361213925543,0.14438904425094162,-1.3905905559608764,-0.713038199139438,0.3127735736238984,-0.3101293186155214
Lucy (2014),2.289116810708381,-0.7481781506068207,-1.471001944064471,-0.10784348284457158,-0.5203501152925846,-0.28985847936013615,-1.323836109787153
Saawariya (2007),-1.8788719539132805,-1.1577830969753429,0.41864390763140247,-0.8707628737112466,1.8036124013205674,0.927962310142241,0.23142109467625202
Aliens vs. Predator: Requiem (2007),0.1240095122338943,0.5108161712330865,-1.388511731951694,-0.9562812202757192,0.6387404923484681,-0.9210020163183394,0.5560914097357557
Death Note (2006),-1.2276253783042257,-1.4754083471103756,1.4344156412180598,-1.120273217391096,-0.0666239225615382,0.18715586486776845,-0.6391257579865699
Friday the 13th (2009),0.30394470245724026,1.9961041125303878,-0.5335767651809922,-0.00801623226252159,0.2531257384361576,-0.39626929804625344,0.18215731530112803
Love & Other Drugs (2010),0.38442408593056626,-0.00025489738990738293,0.5041842563797361,-0.33621659731542286,-0.19343165055776268,-0.6572826184234029,0.2834580019498375
Into the Wild (2007),1.0996469406083822,-0.29445313339555745,3.1129741026495665,-0.5434429253710149,-0.1045416764618038,-0.26294452084214914,1.5456940501117717
Music and Lyrics (2007),0.5657613505113265,0.296760834560385,-0.03618147327047083,-0.6915433770382364,-0.12093859838545658,-0.9026181444008281,-0.35352239841664057
Body of Lies (2008),0.7086546508335683,-0.014096058459903738,1.0863309395884886,-0.3715805969253525,0.19137780740368357,-0.7755817264783779,0.061098029610604634
We Are Marshall (2006),0.2479231546228168,2.862150475688582,1.6123519972791904,0.5054419921805601,0.5790505891359544,0.3155811079777789,-0.7579591585314844
Never Say Die (2017),0.9576771096971771,-2.0517524503756754,-0.8565170814416043,-0.4884890275709271,-3.236308130444263,-0.6927906007827527,-1.6781069603700218
The Water Horse (2007),0.17576593254213377,0.5058095029973771,0.1411512851449762,-0.48233528580290314,0.21912849176039284,-0.8304652130516357,-0.5136305537115716
I Now Pronounce You Chuck & Larry (2007),1.3841330436706119,1.4803110206293253,-0.12555111653437537,-0.18373724207024605,0.6282194074949972,-0.7220040039070453,-0.1506628425916049
License to Wed (2007),-0.23958972963181766,1.8228191849378799,-0.7955048638308584,-0.42561826793555274,0.2711990058049038,-0.34650620569935425,-0.014170418309755293
The Nativity Story (2006),-0.2016705309642028,2.3926866659077755,0.5835275015965259,-0.08867145640802888,-0.18678664314614127,0.19864763671704852,-0.7115366589931135
Planet 51 (2009),0.05263557580749604,0.678069875016572,-0.6252882312933623,-0.477376103400601,-0.26500360440722803,-0.7765273476730105,-0.18659349432331848
Vice (2018),-0.43717066821308037,1.3730698139938307,-1.3121515969231712,1.0755921603555578,0.48857184780426505,-0.03569404522551041,0.286306118514564
Doogal (2005),-1.8046262691506894,0.9303775817191033,-2.5614478170710995,-1.500207623264846,1.3045987670230086,0.2031272110770586,1.0843143851029344
A Thousand Words (2010),-1.0252751968907223,2.317515771183667,-0.07312716474061863,0.17144899305898148,-0.07892617640257348,1.1972915003203082,0.008851685641892898
My Blueberry Nights (2007),-1.6540908560429592,-0.92374647412495,0.24937512521712504,-1.344770922185144,-0.511988950862987,0.7009959522545439,0.017491352323829826
Oceans (2010),-0.3166881599666082,-0.14252861171792663,0.24631965423761795,-0.5670981916392392,-1.5145015372375101,-0.5422862465471978,-0.8253585435236107
American Gangster (2007),2.8344086959653896,0.04723014636946454,2.173277249475809,-0.11793011142947207,0.6099404422146927,-0.6852942815333665,0.15920876801613845
The Baader Meinhof Complex (2008),-1.2535888200004632,-1.6385610028037503,1.8374219047540883,-0.5981108130621458,0.7390942977736178,0.5057797033299828,-0.47047626346161187
Eastern Promises (2007),0.015972629435167418,0.1716870640306093,1.1422997383751659,-0.8493736674757484,-1.0260651270924186,-0.26388721065786785,0.21786470594028703
Escape from Planet Earth (2013),-0.12791727951495221,2.117350184688261,-0.649232344077961,0.5609511982387452,-0.21582881893334116,0.057111149488594894,-0.12181105944707056
Evening (2007),-1.073982231524394,1.4987627528842546,0.8184172833516465,-0.15615965947389807,0.4601188244670711,1.1553417657853782,-0.32061472906102584
Meet Dave (2008),-0.9425676299471681,0.20793627187446176,-1.0421920585926816,-0.9275609561435303,0.20400898856874428,-0.3905717283808638,0.3184675219962535
The Last Mimzy (2007),-0.7919757432098918,2.4263490602378024,0.07414839858025388,-0.19143526349043788,-0.21594752798098077,0.8122528118298832,-0.26666572569054364
What's Your Number? (2011),-0.9423143588663785,0.8003019189402744,0.13671439530405927,-0.048343104046038976,0.12342533928681557,0.6423370701712999,0.2635696628650947
Man of Steel (2013),5.9511014338885655,-0.8448611415101872,0.6529124278885082,-0.05951475592758391,0.3536905486609407,0.5349708921071377,1.2783031114182053
Upside Down (2012),-1.7267423263117598,-1.2515867603462545,0.46415386608184583,-0.40645720412686775,0.21923125048224842,0.8932785354637099,-0.0010703134300289532
Stomp the Yard (2007),0.13396460938577706,2.374861170017776,-0.15832900357688223,0.13950392730403843,1.0138422386166819,-0.2726848666179454,-0.26476426670100484
Aliens in the Attic (2009),-0.6598692845872799,1.008311610450129,-0.9447906238178075,-0.49973354746043447,-0.050140823516062416,-0.29983236323838797,0.06569726774072646
The Expendables (2010),1.4574410289255895,0.16818227613111267,-0.09641920456457569,-0.47297583649555386,-2.092860369492945,-0.5925563001169287,-1.6381056416535502
Daddy's Little Girls (2007),-0.4806986819172667,3.210445762934226,0.12892497873656553,0.2353894585891707,0.3314053380199927,0.7121937387386449,-0.357546955976295
Grave Decisions (2006),-1.761674191373205,-1.203099520939862,0.9556918792980987,-1.3782447962164837,-0.6436577874295795,0.9363260825600094,-0.4859807119230945
Dororo (2007),-1.4805768084967716,-1.5072201659032498,0.9838259167096147,-0.8982808502230193,0.9583286936121248,0.3297773803986825,-0.3384276753687858
Drive (2011),1.2549201025247614,0.5414018997607756,1.7814453556767418,-0.395577770460486,-1.5196894775289431,-0.16099355799743706,2.027782362967199
The Princess and the Frog (2009),1.6957674078010216,0.19590599055214059,-0.044113796323434325,-0.5018846383254957,-0.7760561572522312,-0.6496505758531367,-0.556853996820386
In Bruges (2008),-0.0485517391155014,-0.25879759612014486,1.8798911340236109,-0.910959554403358,-1.1711161888463562,0.37788374288925597,1.1231841945354146
Imagine That (2009),-1.0613418618500399,1.910679947233332,0.020067884140862146,0.0792125462206488,0.571496332683807,1.018385963269481,0.006543692485308304
Mr. Brooks (2007),0.05121415248673628,1.199573601065254,1.3993226600571658,-0.1539848973772889,-0.08750102840219727,-0.0075693100898152335,-0.25252734611141997
The Wolfman (2010),0.48310726623320877,0.6805767973557564,-0.5167254749370644,-0.21135009807638902,0.17964509894635386,-0.6928476961939184,0.013005600907304814
Atonement (2007),1.1313478909780013,0.1863783587771882,1.5807689624883043,-0.4747598290261998,-0.4165486281665105,-0.7715895942543166,-0.029844273823430884
Hotel for Dogs (2009),0.33303801433621544,1.5864163962998405,-0.7396869362425407,-0.04072472594817413,0.38977473499698945,-0.6455306401914643,-0.2689893430499084
Over Her Dead Body (2008),-1.5921105855722397,0.672668134129837,-0.5027764856111367,-0.7439200086287706,0.30333396665791335,1.0326227241449908,0.3377607885879011
The Boxtrolls (2014),0.18514837987614438,0.6320769066415811,-0.09697081755527724,0.3555882453152485,-0.7108740919968393,-0.41759637474403494,-0.35247390346603874
Deck the Halls (2006),-0.50252583930535,2.376989914100585,-0.6804094205938266,-0.38040903952260974,0.5169774431768266,0.10264395016433807,0.0604079842546307
The Incredible Burt Wonderstone (2013),-0.8065780130023114,2.2577514401007424,0.05677333245675727,0.6743398713043474,0.05354666038334528,1.1851135495926446,0.21891421241462325
Dallas Buyers Club (2013),0.6895962961035655,0.48466546027288016,2.0161957141401023,0.22140252637374874,-0.9829403403508392,0.1970641732258148,1.2583811477764368
Mirrors (2008),-0.06618904947648602,0.5418232859346465,0.09179575230200551,-0.4484219678792546,0.24559902042052775,-0.548657694814953,0.02262157488816883
Jack Reacher (2012),1.7602455305897298,-0.25518743484808337,0.9011261228710614,0.08117243053458302,0.09510031236753849,-0.6570756539710252,0.4493356723655093
R.I.P.D. (2013),-0.22151744192710662,0.6659927345797317,-0.6053549699150145,0.03917868107362566,-0.05937643381320534,-0.2414330753588629,0.5251602914141722
Sparkle (2012),-0.833197198603993,2.9827561292980884,0.13728316804998267,0.8483757707934447,0.12862529396081213,1.3805485477585016,-0.20527775755658542
Georgia Rule (2007),-0.8307828846141967,2.158788935870559,0.42803587047636826,-0.004350057197651684,0.655141888515785,0.928900175479956,-0.16964883979221734
Hunting and Gathering (2007),-1.4596601932165263,-1.1352634723892496,0.17277361517909828,-1.336018821362,-0.5097900330123861,0.12443260744964202,-0.2817565460858809
Case 39 (2009),-0.8987093515215616,0.8748467601554912,0.41568575421473036,-0.253821123710033,0.16233885338251955,0.6586944634436871,0.15570036252196054
Death at a Funeral (2007),-0.5999061640265358,-0.19024019472929377,0.516560607418855,-1.0723035738906503,-1.1026503985256388,-0.23546325131906737,-0.15212167105797506
Death at a Funeral (2010),0.059114364063295996,2.51263908812264,0.7199891190386497,0.3474663948462152,-0.9932233329306083,0.41483414648164857,-0.3166299760252698
Mamma Mia! (2008),3.8210798131095323,-1.125059500185478,-1.0400007152340076,-1.0625900469176175,0.07574918487379967,-0.1308730024627966,-0.6710667775792849
Rampage (2018),2.208770895235531,-1.3661164602812492,-0.44718262565220634,0.6719745613725627,-0.36959672849805386,-0.3457313547951782,-1.5143687790880123
Scary Movie V (2013),-0.7073170793046087,0.8988879229553792,-2.2133238108478084,-0.1600159423069981,0.829780350946876,-0.3247759553480588,1.0218894121563311
Cassandra's Dream (2007),-1.4421618316471232,-0.8073048315007981,0.5163390602534392,-1.1283178219414658,-0.13542364299033913,0.5411552859251567,-0.007590975424352474
Star Trek (2009),4.186544517585268,0.9257581743573802,1.475314021705407,-0.038262373761932866,-0.4369215509108571,-0.07816979149875297,0.6684884065973894
Talk to Me (2023),0.24964574210387266,0.2665003640346227,0.40908524641731353,1.922026794925385,-0.5763419829248978,-0.5246857652832821,-0.5843268188470786
Be Kind Rewind (2008),-0.9397707125770102,0.5267829682239642,0.35206362724099427,-0.6012761809263583,-0.16813812514736687,0.49236226128119137,0.09944673117785935
Epic Movie (2007),-0.5005539237148273,1.4667577333852089,-2.8176469265291004,-0.9211368418294823,1.7049824475579038,-0.7929558814271431,1.3484430964705434
Forgetting Sarah Marshall (2008),0.9574798117949255,1.2233406657048624,1.0053447489055884,-0.20143755838171654,-0.36078769981042524,-0.45324744073303347,0.2958482003508309
The Hills Have Eyes 2 (2007),-0.786254480118295,1.5949339945853112,-0.7888583664203583,-0.6097020146005231,0.2831225964755086,0.09266166394658659,0.3395441171083266
The Incredible Hulk (2008),2.5721473727498365,0.6695055536806527,0.48994217001829227,-0.5437782236097323,-0.14803464480244424,-0.6158273918673338,1.061210237275881
Lockout (2012),-1.4337800453892526,1.0445325417870037,-1.7604608641600021,-0.171081217457538,0.8651007688021816,0.4200120004909639,0.7333301733234878
Sunny (2011),-1.4005035555115706,-1.1791863930681787,-0.8986455450955672,-0.8701689442275431,-0.019577409212055672,-0.27295966394156645,0.1074480343186538
Appaloosa (2008),-0.6035279117053027,1.8638481080399005,0.9698919444094616,0.1167786644900173,0.1849922719262322,0.8397666841040501,-0.29239995118741424
Clash of the Titans (2010),3.1858230822470075,-0.4322794733644523,-1.2341546451103487,-0.6433205122735636,0.3028288951625966,-0.25417334734034114,-0.03617379449474031
May 18 (2007),-1.0260053842509713,-1.405008683338876,0.6962793412198163,-1.0258931279053587,0.09108419501675849,-0.39244882186963936,-0.5951109201644713
Thor (2011),4.428883984384938,-0.3240377432631619,0.7323450540519912,-0.624807940186027,-0.5660892720237962,-0.14008208967634936,2.1994761740157087
Doraemon the Movie: Nobita's Dinosaur (2006),-1.3923085282186962,-1.256218181582503,0.6945777569662849,-1.323083295518386,-0.3982085928006717,0.11795712439328591,-0.5726698386250063
Red Dog (2011),-1.6863722788996873,-1.0746352294902162,0.46604390237760335,-0.8119766010182535,-1.1432185404135282,0.9191721671394769,-0.19318842303392983
Warcraft (2016),2.495851818220456,-1.9150152397226898,-0.3984591358465716,0.027459087678675147,0.04354859064819918,-0.5634947445302554,-0.17569265824362904
Bratz (2007),-1.5941418159671907,0.9545079959617634,-1.6016100022649336,-0.7470415965753404,2.071908682883816,0.530732974856765,1.001446529633261
The Mule (2018),0.650998596961216,1.0195105863218739,-1.1536944864556746,1.0741136009847423,0.07934830760971887,-0.4142387799145149,-0.2717726675266116
Rendition (2007),-0.9258760295390764,0.3269286554606156,1.0588817622890938,-0.48147805749374806,0.26804392727096754,0.565677885027989,-0.2622471864585232
Taxi 4 (2007),-1.1066331177786584,-1.0242714120557639,-0.829873605520312,-1.4425703436245159,-0.0651535914648849,-0.5915044519532295,0.04880087719739219
The Witches (2020),-0.8992235703159639,-1.3167981807013893,-0.9925481656101081,0.5403925725271583,0.03921035492446578,-1.259751688698056,0.5425845634710668
Kisarazu Cat's Eye: Nihon Series (2003),-1.8125915066493616,-1.1879859673812627,0.981219312920718,-1.5975496609475082,0.48159940586336036,0.7560790551547274,-0.38350591665475414
Partner (2007),-1.5091756844358732,-1.3658770306778345,1.0259895588686967,-0.6825720397771549,1.8440557907050104,0.5072435746169599,-0.06899892315421122
Angels & Demons (2009),3.344558779267118,-1.0523846281761684,0.11096717994037528,-0.47888554287691876,0.7669484561935754,-0.40450687138866387,-0.4080463358448641
"Lust, Caution (2007)",-0.38328697605067935,-1.5806181909466903,1.8783671462497162,-0.5046597678888103,0.8978804699656815,-0.6490261873195752,-0.849516271046894
Machete (2010),-0.5996891652590122,1.3941524153070883,0.19884625027564604,-0.03116653997722302,-0.7643156063855997,0.28952366534656815,-0.5490953886479706
Persepolis (2007),-1.1683098533753846,-0.471885791981659,1.276889535999988,-1.0703269468575052,-1.2887906006794019,0.7569259654387481,-0.3903666875291059
Tooth Fairy (2010),0.10632643987076192,1.2170996914867778,-1.0349519322694574,-0.08712337553648877,0.6369712791167172,-0.5984032336579399,0.09704349428710535
Limit of Love: Umizaru (2006),-1.0782990994902222,-1.2712650413557374,-0.018425962703367382,-1.2510701903804566,0.6077165299113657,-0.5354772137278304,-0.3169483131540882
The Accidental Husband (2008),-1.844393048388006,-0.7468161888255611,-0.5917632019806283,-1.303980121641937,-0.13089147460157885,0.6810685911452441,0.36264130682603224
The Danish Girl (2015),-0.27868633508656354,-0.8404883225265615,0.8550778338229809,0.19059124559597745,-0.3988446376156594,-0.16735718779766423,0.3326778773576794
Death Note: The Last Name (2006),-0.8943373994985261,-1.6115638552737934,1.4357501771687753,-0.9389328582476955,0.5757899756311309,-0.35175853536067875,-0.7428357829623535
Jack and Jill (2011),0.12682081026081413,1.238065103456033,-2.4435792552195776,-0.2557883810523241,1.2616689860241261,-0.6190313979635326,0.880356765802202
Little White Lies (2010),-1.1479150838885581,-1.2364052971620332,0.015614785110255639,-1.0098597007889611,-1.2199768368976174,-0.25085824371168114,-0.5162126038956555
Speed Racer (2008),0.23165317049766543,0.608051094924413,0.5731240340888135,-0.03811225320733555,1.062060962498365,-0.6080680391077083,-0.2734162720358554
The Love Guru (2008),-0.8060971924129513,2.6843766208642954,-1.6073050218199898,-0.21242242165335026,1.0250835879672173,0.362880899298498,0.7161525897929197
The Wild Guys 4 (2007),-2.2949632907240685,-0.8747679375427524,-1.3856667831322462,-1.3768636042690374,1.7145930923197545,0.8134187213341298,0.9105510509720788
The Counterfeiters (2007),-1.4157798774404036,-0.03005236946808953,1.0558925890627908,-0.8882748475064941,-0.8259827540199738,1.1630295018159618,-0.42629041525235123
Bangkok Dangerous (2008),-0.8900440971261632,0.6477613421623143,-0.575130245646629,-0.646254605968442,0.39423052500530953,-0.034212112942976505,0.28098030248199224
Deliver Us from Evil (2014),-0.11406152650766868,-0.01654071497852831,0.6854463030785739,0.30811158810577605,-1.2001081724289364,-0.2939659728329094,-0.8751194153787574
Deliver Us from Evil (2020),-0.6994429307157862,-1.822332151189772,0.43692265156657395,0.5676825014721624,-1.521715474870073,-1.180148654959219,-0.5907014072028494
Percy Jackson & the Olympians: The Lightning Thief (2010),1.363835207824141,0.17251952479589325,-0.2706910404480374,-0.21364182522048375,0.5469023876108446,-0.7506632187475317,0.11460128617070348
Seven Pounds (2008),1.4557408978537618,0.1831089028422387,1.3201651919838795,-0.3487412620928204,-0.3150353972619702,-0.7428905492279603,0.005921414044182168
The Stepfather (2009),-0.583102995103789,2.9039457831158555,-0.06282526555921093,0.36966987857172473,0.4353346809690531,0.8058920109329949,-0.026185712783512588
She's Out of My League (2010),-0.18836732308362428,1.5436713806656497,0.39717495180701434,0.09176901830419154,-0.1259507337084423,0.20631289921056545,0.15718917571415864
Underdogs (2013),-1.3389610924724422,-1.2365553031726468,0.8070584377044914,-0.5164885537242575,-1.930315907865381,0.4958114935968978,-0.6610459510972081
The Book Thief (2013),0.020013921018933917,-0.47992324414794785,1.3419823038259324,0.2922649726042054,-0.12696876690055908,-0.29309797152304534,-0.23376964553676205
Conan the Barbarian (2011),-0.5276605922434537,0.2714980247221641,-0.46083722299187424,-0.17014891066939736,0.7533023798434726,-0.28360512327733883,0.4689268065544047
Interstellar (2014),8.658524552899665,-2.280465327499809,4.196630391506419,-0.8038345300762941,-0.7769195245995074,0.4722692719013832,6.554807339953284
World War Z (2013),4.6341680747798515,-0.6794128208381629,0.19093990559915122,-0.3335933193074407,-0.4403385840548053,0.0695063816774529,1.319122275117788
Valentine's Day (2010),1.3146663399157696,0.6748387782634497,-0.2789170117509934,0.09473065493027716,0.9555060107270701,-0.657111491244313,-0.16447213710361916
Drillbit Taylor (2008),-0.3082621616437473,1.7204108813338261,0.0018410880419502107,-0.04484842198503595,0.582965883042119,-0.05194831176116199,-0.037461095570787716
The Last Song (2010),-0.34854645230129133,2.771190162036991,-2.5139429466692116,-0.833066275557276,-3.0206210118951353,-0.20162651741648333,-0.2028673269578878
The Sacrifice (2020),-0.2519981298741023,-1.70098980440486,-1.9705863546682019,0.30549700340764224,0.05492530219148273,-1.4579814412290824,0.09688873853885348
Confessions (2010),-1.9070372896891064,-0.8795055422843553,-2.428317567622645,-1.1368929341216811,1.5726687872864462,-0.15163512608720287,1.0509548392029262
Ghosts of Girlfriends Past (2009),0.25990617897348334,1.2127982340511543,-0.4274425099478584,-0.19912451792208394,0.1414586108500252,-0.6412641397924767,-0.02144404997933956
The Soloist (2009),-0.24847738143180573,2.2035259602122688,0.9197156730115358,0.4480941030716836,0.24511253027405458,0.5000516032345929,-0.42185006419606774
Marley & Me (2008),1.9704026926090779,0.8716684809213096,0.3421183944553168,-0.16407564435686767,-0.0392875678080816,-0.6053566776068195,-0.5936222476091384
Priest (2011),-0.31839549180974414,0.5836478100460887,-0.7438347651755692,-0.38114863312617614,-0.3328592337642471,-0.35324434082546435,0.3875280532856779
Shooter (2007),0.9697415138669089,0.7085924358894489,1.3774111823916295,-0.3772105819756298,-0.003535292795512686,-0.6823250316068123,0.5015643165754227
Changeling (2008),0.8610291759094494,-0.3152290032155887,1.8623333164396918,-0.24977768238411327,0.1602333808458437,-0.7636975150994992,-0.11494124392069602
The Bucket List (2007),1.477138084411813,1.0077867039269248,0.5726710089114041,-0.538973745722326,-0.8965351675111579,-0.7627862150265327,-0.15385511742593821
Pandemic (2009),-2.2597240713510773,-0.5459632418921491,-2.024375592929102,-1.2654119027131314,1.158039253638211,0.6971585373043857,1.1105854024048667
Dracula Untold (2014),0.9788787166894642,-0.3603149485164239,-0.7884836057551159,-0.1786588361956558,-0.5930353408135607,-0.7331958950553144,0.2753934172731118
A Mighty Heart (2007),-1.2278591507055454,0.9851926373891117,0.7166912223325916,-0.4686863073501928,0.01783203203353225,1.1395161117227648,-0.24352920638488162
Superbad (2007),2.509567971964857,1.580637138333398,1.6983158525145154,-0.33561855259949447,-0.731885644772626,-0.5449623599562984,1.302888340904525
Quantum of Solace (2008),4.161083457809488,-0.8372430404098119,-0.7410104810373085,-1.1166755130914567,-0.11413075047949162,-0.06190570715272839,0.18445279932200911
Godzilla (2014),3.9287466320463387,-0.6314310604178877,-0.43383467487031235,0.053045350199038964,0.2758731160931972,0.019016347951054533,0.37189872087445863
Shin Chan: The Adult Empire Strikes Back (2003),-1.779761223703351,-0.9756464008694562,0.9865114185207937,-1.8839993033551794,-1.2083074102252822,0.8474686243341065,-0.6708967205395928
The Spirit (2008),-0.9038637378314094,1.2784335401653244,-0.7674153139372304,-0.42693399509103114,0.9063177930010762,0.22070364808082854,0.4829809545817076
"Definitely, Maybe (2008)",0.13815183911969686,1.1928317609215968,1.0324063816810827,-0.14332300364534364,-0.26469147611172505,-0.17955953740309855,-0.08958227282423546
Underworld: Rise of the Lycans (2009),0.2933028209379302,1.032673803346439,-0.029054568270528852,-0.3674022516799665,-0.5723069103467092,-0.5506964618365557,0.097940803344143
Arn: The Knight Templar (2007),-1.5781080635282618,-1.473912356767143,1.1906404864504014,-0.9064630894441266,0.8468553194295888,0.6877001266331713,-0.2308351291697785
Hotel Transylvania (2012),2.524880892251316,0.10453637295725587,-0.4737925989801392,-0.27616697868236567,-0.9655600752782026,-0.37717900508827334,-0.1002402249063061
Pet Sematary (2019),0.12402781102341649,0.5630367626738573,-0.8098393954318263,0.9795886374618403,-0.129292419898191,-0.3318895998969702,0.3234877127330197
The Darjeeling Limited (2007),-0.4638871014226252,0.4594787203475895,0.7481432188171179,-0.9077826404869137,-1.0326614908510934,0.13674002609826222,0.2859457774648223
The Pink Panther 2 (2009),-0.2890183620822032,1.0633800927323172,-0.7138012066067708,-0.37592179134978443,0.01707658914669426,-0.45853181598301423,-0.0039843983408115805
Step Brothers (2008),1.3564832709203674,2.1339990931801194,0.6095395062651713,-0.0792350759046703,-0.5969069141973857,-0.34773394618791376,0.3767147479186802
Semi-Pro (2008),-0.34518796272490393,2.3078105793742463,-0.24554908625992397,-0.11488343682535065,-0.04219676988038398,0.1926776721111463,0.07467645128618716
The Town (2010),1.7508771513280998,0.9126887763529655,1.518499773511058,0.14888327580325825,-0.28621891893678647,-0.5161221962980379,0.524914768053535
Two Days in Paris (2007),-1.4916606631891534,0.030725313650384427,0.4026167219166193,-0.9843912279869513,-0.4880666786873437,0.959481992096541,-0.13042558093688694
Walk Hard: The Dewey Cox Story (2007),-0.7111612147129405,2.7214498204722384,0.7948218095172944,-0.002935702944229586,-0.37862157516562517,1.3213304690639762,-0.2523690239287909
The Kids Are All Right (2010),-0.4365989929714646,1.294999097943,0.885259428486799,0.06844854080481533,-0.414974513597909,0.540640350156632,-0.03223774388388954
Midnight Sun (2018),-1.1699330088335063,-0.169870993631612,0.7991953993894002,0.927167966615824,-0.31003392651100886,0.9393926604624036,-0.2695711888574361
Vacation (2015),0.040346238099340535,1.0446367069347258,-0.6767596283907718,0.562544012030821,-0.48640400332898187,-0.36752763820082957,-0.3688264113962871
Cloudy with a Chance of Meatballs (2009),1.8258103235510026,0.8718409625186716,-0.1503091936414613,-0.44737704385210403,-0.8599150089001109,-0.5794991241957748,-0.01123873848098219
The Last House on the Left (2009),-0.13631353470305188,1.829567395759089,0.666706604261845,0.22244320480076957,0.17352830653038956,0.1630639640320569,-0.14763093738153474
The Little Things (2021),-0.39953484707210923,0.44685294776240786,0.7515960953217702,1.3791503973982073,-2.0284975946701187,-0.18629704760321633,-0.81088249103594
Hoodwinked Too! Hood vs. Evil (2011),-1.595535998746465,1.0503411375961147,-1.1869800191287552,-0.3380968608930606,0.3095318318341933,0.9546363747221082,0.5627955138498785
Cinderella (2015),2.8974060030745536,-0.3374358553604817,-2.4400350169159797,0.08458089710121676,0.23456925959065542,-0.005162583011925026,-1.0344670988180402
The Boss (2016),-0.3420841396207571,2.2326551523963434,-1.689731161505963,1.093215756118078,1.3671251359209602,0.0686872734879148,0.5206248230347815
Manual of Love 2 (2007),-1.6670525180988731,-1.1894480071878322,-0.04614570011526398,-1.1421101887993372,0.9151731117223447,0.29091155758713155,0.08650417935985209
The Avengers (2012),12.87523447567784,-2.403770941679304,-0.03469112100410863,-1.0973109945018826,-0.12542936130410337,3.272509492605575,1.8933636398305775
Epic (2013),1.501458307978517,0.10236594498447497,-0.5202443269194155,0.09275307944786192,-0.35788605916300614,-0.5819860825173234,-0.5041640259484635
Kung Fu Dunk (2008),-2.0490347910757833,-1.0014511045374086,-0.9360310391997113,-1.2761603432547792,0.6925593330228687,0.6077003327964355,0.47014540707386726
Risen (2016),-0.5912890929330753,1.9858192898990443,-0.45624207476269624,1.215908758318631,0.7968534652370468,0.5258402450180093,0.10059135437933174
The House Bunny (2008),-0.04063717536154686,1.9527772121828622,-0.46099918951220575,-0.16467679739614002,0.29247183300570995,-0.24138442914600172,0.11457447809514631
Deutschland. Ein Sommermärchen (2006),-1.3656268537734744,-1.2132395141929557,0.6316633486495862,-1.3053087521242166,-0.2979144392532479,0.08252595425275087,-0.4949361171511236
Dragon (2011),-2.3573155924728395,-0.7609489323003138,-2.724235015748021,-1.1810239753369716,1.2919513835199754,0.47679631187431415,1.3060221732620536
The Mummy: Tomb of the Dragon Emperor (2008),2.1655298648461034,-0.542459264504679,-1.384991662636538,-0.8620852927181095,0.913304979850391,-0.6610440206713948,-0.19386675447670038
Super Troopers 2 (2018),-0.6478849405747289,2.6567341172238845,-0.09883113086793631,1.5798518239292152,-0.12244680185236065,1.1539676120912394,0.03523157042811558
Evangelion: 2.0 You Can (Not) Advance (2009),-1.0327839359473063,-1.5217302205704468,1.1948022595388852,-0.8379504860919612,-0.8192580528321045,-0.10466942879769399,-0.7635677741928798
Evangelion: 3.0 You Can (Not) Redo (2012),-1.042327369664088,-1.4248784448775835,0.0031255631528607306,-0.6641808591996307,-0.8172060918247289,-0.352859989094015,-0.37685682364534406
Blindness (2008),-1.4190776304083526,-0.44518794943560963,0.8575564377828152,-0.7115100707751744,0.3189715970883466,0.9992277915625255,0.10728708846765281
The Duchess (2008),-0.5690864339963736,0.20116276880503547,0.7127326065341317,-0.5219712101646007,-0.22614409588964235,-0.05362980135026143,-0.21206095746110035
Mr. Peabody & Sherman (2014),1.4755726914242728,0.13641931508715724,-0.7095985180655685,0.1451612201716021,-0.7872628613777477,-0.5329023082073058,-0.6649900869783194
The Forbidden Kingdom (2008),0.33168006043857834,0.2700617931348118,0.01100986868416299,-0.5356037259401936,-0.10352715759924244,-0.6910646388818061,-0.3366721611495638
My Life in Ruins (2009),-1.440078416102939,0.8603670196732582,-0.12889071402526645,-0.4691140185885573,-0.05259094560353516,1.0694729915414143,0.09252519963907038
Made of Honor (2008),0.09838762205330884,0.7840483683621582,-0.4440624279466022,-0.478359517676461,0.18998041495470383,-0.6456320783822072,-0.09354904646987902
Two Tigers (2019),-2.037747046683645,-1.3052028906280404,-1.9565087975421445,0.02638768781912119,0.38149991224557533,0.3742370361011508,0.9380270170991861
Frost/Nixon (2008),-0.4122134944670764,1.4912826476055883,1.7538847182600075,0.13075789005183883,-0.1671460836473731,0.8596224162940018,-0.42521902160578096
Jungle Cruise (2021),1.7410448116058674,0.18676729005746623,0.09891717933297166,1.5701316284130058,0.08589592448173884,-0.7157596906091063,0.1291667797540013
Tears for You (2006),-1.550514432821588,-1.3033956688099055,0.7387361465268925,-1.238706462889507,0.17328540724330357,0.3614228315549707,-0.4135640930187347
Baby Mama (2008),0.15159245369913724,2.9400537087323744,-0.02662257019317099,0.29493364902101155,0.16583857181936199,0.020337138994259263,-0.32686913780345095
Chak De! India (2007),-1.1202412527889636,-1.5747405491170565,2.5850457229944923,-0.6300623385409071,0.4084538040572181,0.7509110712682893,-0.5928282618579971
My Soul to Take (2010),-1.2371411428867596,1.8977411013666696,-0.502540287815532,0.13497574207152246,0.9954798549996727,1.083170715115547,0.3727519777583167
Natale a New York (2006),-1.784210911116192,-0.9358863020917064,-1.019591154263667,-1.4196808534027374,1.3637176429821432,0.06192431851153289,0.49832798947238455
Tazza: The High Rollers (2006),-1.0679659098943548,-1.5414261872026984,1.3461127902147787,-0.9499944901591104,0.5880586641942783,-0.17578055882600369,-0.6907482278904346
Nine (2009),-0.5404552263639023,0.3813200824244792,0.04874528995067428,-0.25452067146874363,0.6642152254048354,-0.3199910899432398,-0.0520720113644198
Pokémon: Lucario and the Mystery of Mew (2005),-1.272744285689197,-1.1555245963274199,0.38779967535272025,-1.496603591650547,-0.3205466350572005,-0.20571377697757087,-0.514551500144983
Ponyo (2008),0.7081067551956918,-1.4009003154103932,0.41846245409821786,-1.1130670359977501,-0.9552056360215946,-0.95681303908764,-0.6188019929730086
Ho voglia di te (2007),-2.215275377832488,-0.9270764406935246,-0.9525738008471301,-1.387137800542565,1.131022296065931,0.88987328625227,0.6294390515410665
The Blind Side (2009),3.338634278612932,1.7781774813352484,1.249377741480863,0.42062827763009,-0.030345442323251554,-0.07877900307028805,-0.1431143574114466
Kitaro (2007),-2.1036794758738124,-1.0443339802881664,-0.4304260555739258,-1.3775035164692049,0.5002549849581973,0.8907527160100728,0.2535451978099454
Eat Pray Love (2010),1.0614000629734484,0.09767914848531795,-0.06752899291674634,0.01956010675158923,1.119445564727613,-0.7705129481396946,-0.24466625650530804
Pan (2015),-0.1949372999987299,-0.073860172553971,-1.3374887180032107,0.08799637748921083,-0.18054945443827017,-0.7104554952622338,-0.08862364552793608
Untraceable (2008),-0.35427111273133655,1.2678235043546253,0.037562955024097996,-0.28161561040867034,-0.010655878959182592,-0.19333699479386002,-0.20714482158337272
Assembly (2007),-1.171502931505569,-1.4749356246517353,1.1002419935305232,-0.9745253330572081,0.0019155107781296148,-0.0884037061851544,-0.6558862814466843
Sanctum (2010),-0.245217588048688,-0.5108035820322617,-0.4045306908660536,-0.5237812090136622,0.26017540770487,-0.7742566552422085,-0.1513713840310293
All About Steve (2009),-0.5564719476202071,2.6505134173871747,-0.7263905864563137,0.1930653876467616,0.8038206510087911,0.37360827917888906,0.26805631052927353
Snitch (2013),-0.07536306299920252,1.7544621412325314,0.4188848027073084,0.753486579383043,0.0901631418434656,0.2560885181469276,-0.06946249667893901
Three Kingdoms (2008),-1.9416786049891999,-1.1284412411473868,0.006150100226252667,-1.2067992675462424,-0.013857330526908988,0.905582350513335,0.04660753046681314
The Mist (2007),0.39719826939775404,0.5459843391250252,1.573798071104088,-0.4389566270638759,0.04387877414635325,-0.24174251861208607,0.6188354324891535
The Wedding Ringer (2015),0.2363966945447056,2.011283913563131,0.14887620817282582,1.0216822686935836,-0.396353173607707,0.1270222458025484,-0.20136034564268626
The Flight Before Christmas (2008),-2.0218608443589194,-0.919802266479163,-0.4979060920501836,-1.4394781992060008,-0.688872973840173,0.8834085895093532,0.09416635018459125
The Shape of Water (2017),0.48853441185081636,-0.026553394600657476,-0.9953015726555461,0.2673008503319468,-1.7352522593145805,-0.511832939533235,-0.740896233037325
Burn After Reading (2008),1.1967849120750746,0.31546980072559555,0.3966783257125604,-0.7687609265507278,-0.8362396962368711,-0.7240725371787501,0.5127941263500783
The Hurt Locker (2008),0.4978464450198169,0.006284921831549512,2.0902509685401296,-0.47299710228175085,-0.180044571245677,-0.17136867878097495,1.0756607162689609
The Switch (2010),-0.3871153473183316,1.2540378744513196,0.050281036902776736,-0.06211474574703405,-0.047601590607766274,0.10687237839092924,0.16429992950039918
Brüno (2009),0.5164544188231983,0.8681128941279742,-0.8796494872395609,-0.6072950214559604,-0.553646270188238,-0.8244514892499022,0.17315517123227187
Saw IV (2007),0.6238552306199961,0.9269649378235403,-0.5174131191604515,-0.7149751205110318,-0.12436776534139904,-0.8012901987281336,0.13905370769520178
Movie: Marrying the Mafia 3 - Family Hustle (2006),-1.9473761616882463,-1.142849769861141,-0.14465978237279986,-1.232651254677442,1.5435140996681056,0.6687927699716975,0.3260624537146541
Lions for Lambs (2007),-0.6142158747796825,0.08772206007951869,-0.3024394824699956,-0.9828309812287486,-0.3401399415670226,-0.4526954358618059,-0.12746024724584037
Ready or Not (2019),-0.850057978126643,0.9220078666200501,-1.6352072574655174,0.8790324641563988,0.13384218920490934,-0.008254718736150834,0.48434918157589707
Che: Part One (2008),-1.082592621106397,-1.334276739091787,1.2827848882551964,-0.7327764847725812,0.32936846972128486,0.1461712178716663,-0.32214253511230223
Letters to Juliet (2010),0.22825964179283856,1.6099623557309,0.28557754331171775,0.1955823558987699,-0.1173040296452295,-0.21256110760734073,-0.17107515171819512
U2 3D (2008),-1.0482520918637697,0.8443162148873431,1.2381654971219132,-0.5099702846434457,-1.7542615590303337,1.0432749518392248,-0.9349163107854509
How to Train Your Dragon (2010),4.756906927517398,-0.1302935148021302,0.8371748448406716,-0.7798685404078103,-1.6015483657083758,0.017568561283078023,1.3366103218493626
Monsters vs. Aliens (2009),2.6483442602180514,0.7413350708825676,-0.890821929405149,-0.4225718546712235,-0.32284974330870553,-0.3159246483326824,-0.4935968622217452
Shrek Forever After (2010),4.715556918216572,-0.8759079195914715,-1.9861397317186489,-0.8894293090070197,-0.20398523394762136,0.47520053712464894,-1.0170355580014896
Soulmate (2016),-1.7524942880859022,-1.5190919141165413,0.38021017022969955,-0.2645667021332058,-1.7849592037169721,0.8893462478940805,-0.3859146854864145
The International (2009),-0.32852685725114344,0.5785607939243932,0.5947811326458214,-0.20869539061697678,-0.5016653284436596,-0.28727001726247464,-0.7274857703817531
Missing (2023),-0.4396350785101472,1.1831447307162948,-0.9800274041934313,2.0125192170993205,0.9043222154408873,-0.2911202588800569,0.3733052734637014
No Time to Die (2021),4.235601388421732,-2.0817042445632836,-1.9287434297230888,0.5655783698398172,-1.0410360846023567,0.41936881824574196,-2.2132497948901313
Love Happens (2009),-0.7160644196015018,1.609105455558554,0.009016542195129975,0.030602368382796532,0.5371333988018682,0.4186491959056971,-0.03078522302431861
Bride Wars (2009),0.29692144399633985,1.1978288292136234,-0.8949136162538691,-0.3969037065277116,-0.04040103709994038,-0.7088005910501204,0.18601553323291695
Bride Wars (2015),-1.7289028736626453,-1.031853890982042,-0.7625559486865452,-0.4846747376883684,-0.3833324979257786,0.853928355545516,0.9671352506535853
The Good the Bad the Weird (2008),-0.9391682069531371,-1.55164145916999,1.163398548539934,-0.7958770280845736,0.1675966946951619,-0.28418218516016297,-0.5324632136798199
Eye in the Sky (2016),-0.9532926998469413,0.9542743296042433,-0.04865740769255194,0.6281188132231799,-0.8540975334966551,0.6821582970981355,-0.22091158591726576
The Hobbit: An Unexpected Journey (2012),8.124815389791886,-2.4453069708341193,0.8622336265365761,-0.3577429008190285,0.9031441628207683,1.29672833936079,0.4036190317199941
Love & Mercy (2015),-0.9773284950164314,0.25570767701641983,1.2347734284226,0.6749491591052296,-0.3240473536771696,1.0964306160531367,-0.31984458388041515
The Thing (2011),-0.6842847772996754,1.1144672924104364,0.2953023929991554,0.012800195361779036,-0.10251497514836755,0.6023584568513017,0.4008590220475528
Why Did I Get Married? (2007),0.05938365525809425,3.0719388995292856,0.27182681050917645,0.40191494246024195,0.7210147724504143,0.1459202165611486,-0.48418327268282474
Unfair: The Movie (2007),-1.9851315954943247,-1.0965930740912067,-0.46220877065778554,-1.2806891055830074,0.9465421048961988,0.631437177382613,0.30013796143648275
Once (2007),-0.9337933538608812,0.9135485895691164,1.0834270494698244,-0.7472087983993265,-1.4243644892163378,1.0502396627786355,-0.24084611355473778
Pineapple Express (2008),1.305148582800989,2.3486003217078726,1.0729680092775293,0.15511984236062498,-0.20891397918718366,-0.2478268885274956,0.5206783835020504
WALL·E (2008),5.635207127832302,-0.4252491809958844,1.6104346658577813,-1.3886912315533686,-1.9479825866819669,0.16304957689927757,2.7755377065248696
Death Note: L Change the World (2008),-1.423608986783858,-1.4268274354085269,0.4243319742728587,-0.890246585571596,0.8468105178376978,0.09357705876551671,-0.15997673393771192
Armored (2009),-1.1149757893946033,2.0553953100782465,-0.3198453844737941,-0.13972397235054004,-0.08022076814363087,1.055024306457189,0.09648411985482588
Broken Embraces (2009),-0.9812642269723311,-0.9959055278208657,1.1808926973613914,-0.5207551944378334,0.08445040171901486,0.12700394328055775,-0.45741092760723834
Zhara (2006),-2.3054563776708097,-0.7716457338576743,-1.2213617464890916,-1.6344080480394425,0.8838345349283604,0.93253504644604,0.684102408088424
The Warlords (2007),-0.9961331237434902,-1.4636013785769957,0.9224605391981021,-0.9634669566741763,0.22300674130087564,-0.37007811014776604,-0.5213336724616817
The Boy in the Striped Pajamas (2008),-0.4002480715714996,-0.14822645093525152,1.097106598895738,-0.9220913913607744,-1.3168827638243616,0.11416463153186658,0.30418065372327857
The Legend of Tarzan (2016),2.150508903722444,-0.4081468364056023,-0.8345897352244582,0.37458773824312236,0.005093695520589219,-0.4240991051776661,-0.1596518423789252
Harry Potter and the Deathly Hallows: Part 1 (2010),7.189167541271611,-1.960173143594947,0.10660587145198314,-0.6382371513678751,0.46727386642176477,1.1041251347171306,-0.5373108649397361
Prom Night (2008),-0.4733485211627958,2.557509887253304,-1.6087078280978837,-0.18393274815071398,0.940483056080472,-0.13105587057663895,0.48633951651239826
Lion (2016),0.4744898703877204,-0.5062074976735649,1.058574679754254,1.1821436018901823,1.2149143376512588,-0.5261680571866276,-0.7918591877565141
Gomorrah (2008),-1.1017473078790732,-1.385882669473385,1.3036865161892643,-0.7051191243096913,0.5164627857301177,0.1589398234725137,-0.3482702968184195
Precious (2009),0.33465802655513144,1.8541065287615297,1.0335723079655281,0.2781858549951904,-0.3844232450414457,-0.1432081502681996,-0.46459831636360344
The Class (2008),-2.181432049058829,-0.1400716909513511,-2.7695452946719947,-1.2403237556879456,2.3770121902530734,0.35353345278058007,1.4635632609887568
This Christmas (2007),0.06211204328481521,2.9777964605502634,0.7030272152699112,0.4690751434073748,0.5552788290762566,0.2065849339681579,-0.6764381218075872
Monkey Magic (2007),-1.499848425575489,-1.1909584368444894,-0.44052335452035524,-1.1460377546266607,1.182482772637248,-0.21169058895759502,0.13850984821745138
The Last Airbender (2010),1.67601669812775,0.4713384288996441,-2.1242902315980547,-0.46444638753711887,1.2575255901554911,-0.6482556085293852,0.5204242315406751
Silent Hill: Revelation (2011),-0.9633534306801597,0.19335609097481143,-1.0692698873388586,-0.45413839939762995,0.41692202630312625,-0.11717332656144339,0.4956154235409196
200 Pounds Beauty (2006),-1.1622972844095927,-1.3291580371091194,0.6563772350867919,-1.1790926097282874,0.23367532634330362,-0.22201652940475927,-0.47494911050778255
Arthur 3: The War of the Two Worlds (2010),-1.6707119556762329,-1.1651566604465238,-0.5872996778799912,-0.9738990079443004,0.2158629311039192,0.22527478497399803,0.23067723205170304
Arthur and the Revenge of Maltazard (2009),-1.2501418511188251,-1.1894695489631009,-0.6996869846949547,-1.0124753469878012,0.5430314469134371,-0.49437918472884174,0.12976367451764542
CJ7 (2008),-1.1926599342053812,-1.0627198420170838,-0.36576186901509544,-1.2709373227958094,-0.6346420584728237,-0.39775551161707473,-0.2115337810905826
Tropic Thunder (2008),1.9876959719350165,1.0025570632651168,0.8283857615596791,-0.4149144511682312,-0.5572309486455391,-0.5428161064274749,0.7353353939637576
Source Code (2011),1.4364678591256805,0.1796134362351565,0.9113134947309321,-0.52063391549101,-1.4497460537844553,-0.5110141476778121,1.303277649752146
Lakeview Terrace (2008),-0.10841750248859339,2.576982737747157,0.4350078676192068,0.31358721101542725,0.36222387704871384,0.21840907523766975,-0.30461822307842257
Green Zone (2009),0.1659057510672672,0.03394461300470112,0.5842736154525464,-0.3443365549694012,-0.034049668373969534,-0.6307322222709673,-0.1894987981331028
The Amazing Spider-Man (2012),6.027444956103615,-1.315821803252943,-0.005446612169183726,-0.4106723732495715,0.38791062887286576,0.6144866048904778,0.7128894378146144
The Happening (2008),0.6411631387883625,0.7092526923251712,-1.1769071498916464,-0.7952275164649183,0.26706156020084415,-0.7507137029189866,0.6865863499970346
Mad Money (2008),-0.8621978211739557,2.2767956819169344,0.1948531032879057,0.057269719603752337,0.3568687767325896,0.9797315553005952,-0.14307517371829448
Borderlands (2024),-0.41639310911197014,0.35920093531409647,0.21120207325773604,1.570467658744318,-2.5382943615635476,-0.3781080092383771,-0.6681524155264164
Alvin and the Chipmunks (2007),2.361490230020747,1.343979944580522,-1.6237870887647858,-0.5752684735013958,0.37931225326511553,-0.3337986806844234,-0.4471873272135221
Disco (2008),-2.0653755843855945,-0.9622470538207787,-1.1128177837328155,-1.283239563634392,0.9866553137508992,0.569669087078903,0.614299608809498
Always: Sunset on Third Street 2 (2007),-0.9121964463764107,-1.7175975643053585,1.7060644863670615,-0.7275745884500868,0.5318668760804857,-0.30955115460706834,-0.8923283788219042
Robin Hood (2010),2.3084621005483856,-0.5609364447528219,0.4861754982675216,-0.13773440342650464,0.7945026931628828,-0.7101820596588266,-0.09011459045362614
Robin Hood (2018),0.394081732992765,-0.3797309904950055,1.0024965315327627,1.0142744657535288,0.43872917838027864,-0.33984659484128227,0.7341253863825272
Nights in Rodanthe (2008),-0.12410958586713951,1.1013400644292464,-0.3728082702491179,-0.37833203821322015,-0.005324722904372741,-0.5105919212996888,-0.32266591903785596
Revolutionary Road (2008),0.236869786389598,-0.060404284801656945,1.1923145906756036,-0.5022567004244826,-0.2736925869569728,-0.556638852590362,0.05615928160227967
You Don't Mess with the Zohan (2008),1.3050706769643399,0.7968261510872836,-0.3955562024922978,-0.3863232794388407,0.6384400066490614,-0.702203548875702,0.2637302109019647
Rabbit Without Ears (2007),-0.6309524753092839,-1.3719457336826542,0.20035988388695594,-1.0863555362671444,0.20215262434928966,-0.9206962336562525,-0.497651780467175
A Monster in Paris (2011),-1.7386171788447669,-1.2304201205900145,-0.00595229732628845,-0.9330359591920521,-0.8514704139277669,0.6833158874152196,-0.036686465145839404
High School Musical 3: Senior Year (2008),1.120262416960657,0.22900469809070667,-1.2120403587956998,-0.5543612626059308,1.041603023861181,-0.8730036675714653,-0.21961540501452115
The Young Victoria (2009),-0.8727813810335984,0.4229150198357073,0.8742316675962508,-0.36283059211434054,-0.549991395480865,0.5521593657465105,-0.28927642993374947
The Ruins (2008),-0.9318697089064786,2.3222263056405947,-0.0027885946789556956,-0.17632958187825865,-0.11725206892531621,1.1608442542269972,0.19622429340552083
The Fighter (2009),1.6966022407345018,1.5722553500035565,1.6063290327260105,0.1665343323446518,-0.6618518822188816,-0.5269113220499596,0.2942701709031817
St. Trinian's (2007),-1.5640196803331465,-0.8005043803976298,-0.3552188155470914,-1.3210098655348783,-0.004046716104165516,0.25062621813116015,0.1666858691340741
Voice of a Murderer (2007),-1.8305589564162048,-1.3513029859304582,0.8961519529284688,-1.0908600085794584,0.2792045833209549,0.9851091176425778,-0.27680085564737295
Hugo (2011),1.5831152300088165,-0.04255321462167572,1.2114504027350363,0.02343087274189735,-0.27157713860980337,-0.712300515660904,0.17119310878822058
The Day the Earth Stood Still (2008),1.193667895960644,0.18837722902497045,-0.8640096915555733,-0.7089905827249141,0.4192463016941404,-0.8754263866609324,0.13137037040761296
Solomon Kane (2009),-1.686783950083786,-0.9709343798545764,0.112241143018353,-1.0380321782572857,-0.05638638835297407,0.8266064105483005,0.40111921113260524
Little Fockers (2010),1.8210698849914324,0.6714489498247558,-1.3064673955820894,-0.29401279132717684,0.2832609732450499,-0.5457827494452273,-0.23442454588680606
A Perfect Getaway (2009),-0.8916316047687264,1.7851042626078262,0.4734183412623308,-0.05210939205089997,-0.2725570133727677,1.073526408218755,-0.03175232213994913
Dark Planet (2009),-1.8894026649568108,-1.1756857904645954,-0.42031377606174736,-0.967844188023636,0.9305452259485827,0.5726272611033787,0.36157406698118155
Justice League (2017),4.697728256198197,-1.0907083639478743,-1.1610982048187375,0.22178691539915138,0.3625564729997693,0.42442597882895516,0.4704884092256767
17 Again (2009),0.8388682566099502,0.7802018998535949,0.0293946142827872,-0.3379792329416737,-0.23371481432527844,-0.786282468038279,0.1961078860141275
Hitchcock (2012),-1.2223701807942673,-0.22336082675266095,0.36332434065030583,-0.32883652240185013,-0.6794397439274781,0.7155345537831375,0.10599239673220001
The Reader (2008),0.7069206106220972,-0.1457967484626754,1.432527842245193,-0.4410031839306507,-0.3027136477338335,-0.7019641494178668,-0.020355174606905647
Old Dogs (2009),-0.07350912421171572,1.2721561481302208,-1.0838501918230592,-0.3624997165450818,0.09060265318473985,-0.6276283214598211,-0.005572705951978749
Lottery Ticket (2010),-0.8213805256442971,3.2168541695869917,-0.41625569844874083,0.5575272787871206,0.67343543100155,1.0820179202905287,0.08665958624933613
The Chronicles of Narnia: The Voyage of the Dawn Treader (2010),2.393973485551675,-0.7913804788131658,-0.7611612316416174,-0.5442924283697226,0.251442536008816,-0.5966952155974011,-0.5941725940542562
Nick and Norah's Infinite Playlist (2008),-0.3139022717983321,2.953311707506,0.4204372568718775,0.15063647333879407,-0.4841722731056266,0.7624253526611658,-0.17819275114239666
Girls (2014),-2.0726388531686206,-1.0807573209685786,-1.5947783838294651,-0.7424466849296516,-0.16934689649788842,0.6083459782131925,0.6146300432951846
The Adventures of Tintin (2011),2.282787999338137,-1.0265530651949555,-0.07772058643181508,-0.5295083430959829,-0.6254872853937721,-0.6508076445512441,-0.4992609093618228
Fantasy Island (2020),-0.10745055730001844,0.9127835999287596,-1.1040787628272826,1.3740291143885415,0.5766444250848679,-1.2024841379379367,0.4774183735790724
Valkyrie (2008),1.504611147899866,0.2137786860091763,0.7880275310464987,-0.37451416983767194,-0.03564896495771959,-0.7165490423927395,-0.09987272337058367
Surrogates (2009),0.36794139211149035,0.2702611263958882,-0.3990212716403571,-0.6957652849888398,-0.5964421960085587,-0.876998715087507,0.18871902246974281
Like Stars on Earth (2007),-0.7954697824367772,-1.6753458551885354,3.094017859176308,-0.5995584682319754,0.4856969908381539,0.7475715561124266,-0.1703893918033689
The Irony of Fate 2 (2007),-1.2633149070493639,-1.1283586513607686,-0.7274889886674071,-1.182549453630155,1.107442640534375,-0.5055363844083187,0.1639311154004352
Sherlock Holmes (2009),4.660648688813194,-0.5419562520615593,0.9230273321022378,-0.5962197948756042,-0.25782658292272587,-0.043859583446209084,0.7364849854787744
Traitor (2008),-0.478094834449826,2.3443509526758217,1.1187885639810409,0.3016921170676142,0.07882870997713187,0.9409080078091203,-0.43395746112195577
27 Dresses (2008),0.9110001024938227,0.7413771290875415,-0.04938031718027207,-0.37391131668770444,0.29125286080940926,-0.6626753031283421,0.030978910539575206
Dear John (2010),0.7644739550187479,1.6814986332988253,0.15978326056106826,0.23480979325246418,0.07333296849118742,-0.4502209829649563,-0.014451263200203105
Detective Conan: The Phantom of Baker Street (2002),-1.3036266707685227,-1.0716178195729396,1.0686646355004856,-1.8914032333293387,-0.9595379866779689,-0.014838979746516556,-0.8953888755642248
The Green Hornet (2011),1.3708928779948182,0.3227391007016857,-0.3972447913197995,0.018571573974796425,0.6406872597927473,-0.7662298038615473,-0.014437462554201343
The Debt (2011),-0.42320346562900224,1.6773279129930285,0.3542564822655865,0.35711453358037903,-0.4056482833359006,0.2437758177965289,-0.5639807419405015
Hanna (2011),0.21893552044055953,1.33913262165768,0.7168636256589551,0.26828973660635846,-0.16054888682086477,-0.04672429125769725,0.24652468919035936
The Wolf of Wall Street (2013),5.683853052005492,-1.6076275323043248,4.046982946332517,-0.22210217641859065,0.13410166532841278,-0.3790670308048619,4.7609473420997634
Bhool Bhulaiyaa (2007),-1.3570298141903774,-1.531026463128611,2.2974172428578417,-0.5632626158529367,0.9769798543464536,0.8919623680055104,-0.5752882940155755
Ghost Town (2008),-0.9080333171651402,1.01923765324864,0.6108839616719957,-0.39364957958239866,-0.2907943425215463,0.7748791587948648,-0.09717491950167295
The Courier (2021),-1.2730637455947833,-0.15039391633306323,-1.687722574634129,0.8542383682450313,0.3071078464352116,-0.335970095190904,0.7592291570099167
Pawn (2020),-1.1076838446462327,-1.81195864362923,0.4357883735311033,0.6210900468102609,-0.9488299239448669,-0.6627505272602969,-0.3613493437184015
The Apprentice (2024),-1.17994327414651,-0.4853543618081141,-0.5668075533631256,1.1820785178839326,-1.522451825743671,-0.05558910644626112,0.05973624147574313
College Road Trip (2008),-0.45145154634847595,3.0616769016683594,-1.4840168206868725,-0.03316678566289168,0.6617183411264691,0.034251735654948934,0.2776113938673368
Pokémon Ranger and the Temple of the Sea (2006),-1.6603103899427334,-1.0991329370835128,-0.08489199795242243,-1.416167382572387,0.2354842412971387,0.23377937759043005,-0.0911337025999367
Sex and the City (2008),2.6431758771281655,-0.3931383020962965,-0.3912822331741836,-0.2726845736978226,1.6962510077850155,-0.522720124730203,-0.7009732263805262
He's Just Not That Into You (2009),1.2974650206885436,0.7115558429077427,0.4833374951594661,0.04621082154577812,0.6515991650172746,-0.715394350963564,-0.14071982602382957
The Last Voyage of the Demeter (2023),-0.637152081860642,0.8902892080774284,0.07825246139352382,1.9501998590934317,0.10089209106195823,0.26344466569836367,0.2805651024863225
Megamind (2010),2.4844482188677213,0.3882662759948576,-0.007337315041380896,-0.384662378623233,-0.9703476252545652,-0.502359466894355,-0.15920686411826504
P Storm (2019),-0.7025575964907733,-1.6778899365442472,-1.1157747726375746,0.21079097291663249,-0.41068913787612593,-0.6953257187130147,-0.05894095058026293
Love Aaj Kal (2009),-1.7980450408209288,-0.9053986318288783,0.0381377945846469,-0.5246773263593981,2.0455049137918886,0.7945714412765199,0.42416423735101066
Love Aaj Kal (2020),-1.9903320931997228,-1.7900057056123955,-0.3231399953907079,0.7415878569189771,1.6460866226896296,0.6614909756699542,0.7882507488485893
Laal Singh Chaddha (2022),-0.9782714209489369,-1.013875362940158,0.8453635144767938,1.5685438116552424,1.5513596843711321,0.44547087400966595,0.964923372248662
Unhinged (2020),-0.1522661590835709,0.6306956708263196,-0.8063782803070252,1.0832234708939164,-0.6809373726591059,-1.1310864597477568,0.26580856318734897
Antebellum (2020),-1.5266096845656,-1.3481270437371122,-0.5603925264555193,0.48339108144010035,-0.20054023087099698,-0.06189348866841289,0.5256127613464354
Song of Youth (2019),-1.295118855087284,-1.7607286768618333,-0.3112768786201192,0.3965135662792818,-0.10343969581218815,-0.13891674090508466,0.02013560036206013
Made in Abyss: Dawn of the Deep Soul (2020),-1.717671069164124,-1.9310719081150078,1.146058178146793,0.5687093769334375,-1.1877854984080027,0.905366113279226,-0.38642059619777963
One Piece: Dead End Adventure (2003),-1.6448782548206207,-1.0037199641642547,0.6686329867344255,-1.8477092684581995,-0.7317273194653612,0.39311263457247436,-0.5704726465898861
Zack and Miri Make a Porno (2008),-0.07611244321005153,2.023210088092304,0.5631714657221454,-0.07630435663024024,-0.21091774155887663,0.25114762321935674,0.20192593950472762
The Iron Lady (2011),0.08211969312748005,-0.19280589595647663,-0.09363906282548834,-0.31670750563207384,-0.19663969326298159,-0.6340094007537586,-0.05198109405511923
The Little Prince (2015),-0.5935531146095425,-1.3008534745602711,-0.28962574598624774,-0.1992296283043241,-1.0404256522038748,-0.6414419000983574,-0.46169607287456155
Realm of Terracotta (2021),-1.8019967756784865,-1.7527127342738438,-0.20302398577945535,0.6278449811435727,-0.20838842783623732,0.44690135802864595,0.2502669501125719
The Eleventh Chapter (2021),-1.794582731538446,-1.855821584760771,0.30431325408075943,0.6889044598387967,-0.4295407086993318,0.6741391820451786,0.046154762720061845
Jesus Revolution (2023),0.3204875362982707,2.1151455449070977,0.6493004245422078,2.5927713414112965,-0.2887078743064532,-0.07770706284572494,-0.5495660457051855
Slumdog Millionaire (2008),4.033815796976567,-0.3859989019258434,1.6988919959277413,-0.8917243681502558,-0.9182721411570987,-0.4337358601759716,1.7418443542796997
Yatterman (2009),-1.6308770949733447,-1.281964245213018,-0.05041985200456561,-0.9639435675236788,0.32564993511093915,0.26005187200745067,-0.040502213017682316
The Campaign (2012),0.4073023482534652,2.305165709765312,-0.2943563519625,0.6360323425537082,-0.36756302368167953,-0.1772061116757247,-0.6132275136036376
One Piece: The Cursed Holy Sword (2004),-1.8851853902067515,-0.9675075941459242,0.23490529938799867,-1.7732847245392045,-0.35294423442809797,0.6747283717089154,-0.24860940977028956
Stolen Identity 2 (2020),-1.7057373737300807,-1.5803240769008013,-1.158953902088614,0.5198484222915335,0.9737598561090526,-0.3565782231561659,0.720026567210976
Megalopolis (2024),-0.9954654273305475,0.5243825303545564,-0.4276627646529094,2.122922213557332,1.4869483963912267,0.272384160223917,0.7112029859482943
Fast & Furious (2009),2.6497970832101108,0.20595128370436802,-0.30975040787006536,-0.5061047086600475,-0.1034107015590923,-0.45072257928292825,0.05632276613859756
Milk (2008),0.26493937329659323,1.0317345089719812,1.6651126007487496,0.05744067129001766,-0.006953163503165933,-0.15315291622930893,-0.262049006056544
The Perfect Secret (2019),-1.0683312374407379,-1.857584256064636,0.12268802208286933,0.4980475041470719,-0.11255240587603492,-0.24793684725274995,-0.13743233700378266
"My People, My Country (2019)",1.765137194024256,-3.0255137035247697,-0.5329700822955773,0.6839792848495277,1.3408764389276762,-0.711344068387778,-1.299689407540885
Beverly Hills Chihuahua (2008),0.30162958217410446,1.8929935922982022,-2.012186542988816,-0.35207112133440466,1.0898216263639817,-0.5626357434074797,0.2649378377431176
Shazam! Fury of the Gods (2023),0.5826778190362197,-0.1533841536788252,-0.21674719664248035,1.7444130501652924,0.512431791243409,-0.6986315751826836,0.3268108552036295
Fame (2009),-0.5518194312725528,0.2365307941124559,-0.8867348721925636,-0.4988520503773225,0.7932890061371358,-0.6560863165869657,0.09563989675944817
The Nun II (2023),1.1539411363013072,-0.628672102341114,-1.3821108131121598,1.3215241124727255,0.15443926093942278,-0.6358996831510649,-0.06141360877345402
Crows Zero (2007),-1.568673204584668,-1.4842812381086303,1.2254914309245117,-0.9839043458622021,0.33376835440402947,0.6234692736121531,-0.46242200904361963
Adrift (2018),-0.5060442037199635,0.7641642305996036,-0.10185763276092749,0.9824425978757821,-0.7060714437087068,0.16690987630471332,-0.301494502206061
Bones and All (2022),-0.653763121401057,0.2858508930263208,0.838001059612517,1.8242317483595119,0.08856157561729938,0.25982776024440496,0.042211036601780216
The Players (2012),-2.1562626340823887,-1.0370125957967002,-1.2959935956074686,-0.9201196137827388,0.17131163244634928,0.8046797135160344,0.635847699777109
Race (2008),-1.4015191641961882,-1.4048120465671774,1.4465047790836079,-0.5574891314692749,1.1101140473937294,0.5877942110299419,-0.3497960872446934
Race (2016),-0.6901228615201697,1.3809689366917435,1.4868362047338133,1.5892503842008767,1.0198657803634583,1.2094857552275926,-0.35727418428509905
Noah (2014),1.6605298814225546,-0.7588275147230507,-1.0723435987442056,0.3032442447757127,1.1977262922249063,-0.5822936356922527,-0.8028690298576777
The Sisterhood of the Traveling Pants 2 (2008),-0.0065230037616108025,2.9692572785695064,0.6507928668116778,0.6016675476589768,0.6891196163200939,0.29999303108130043,-0.4798437674010204
A Serious Man (2009),-0.7654384024764195,0.08707661243212618,0.8363960033323412,-0.5390166393129568,-0.4849446766209624,0.41222967732873855,0.15046629560286265
Looking Up (2019),-0.38861604611121403,-2.223065600745609,0.10766861478766343,0.7769721985151624,1.0547406509286783,-0.8426046797752411,-0.3267267077341584
My Best Summer (2019),-1.1904963571681935,-1.731629385057506,-0.5630177272066845,0.3606856345344473,-0.07773957043546165,-0.33261862000870535,0.05203878776722199
Bye Bye Morons (2020),-1.2445950306760505,-1.5229177507050873,-0.5519556549505372,0.3158931861375845,-1.2586683282809294,-0.7472242776239169,-0.0030980787164338747
Les Misérables (2012),2.5953737461750803,-0.5614016786409805,-0.4258869982277429,-0.10139614685987201,-0.7148236175468305,-0.3031372649640564,-1.6291964379161161
Les Misérables (2019),-0.8664505529701153,-1.5762645497870367,0.43385155630415595,0.4351163057398647,-1.2162264400073353,-0.21942207927058568,-0.32459056654078733
Selma (2014),0.31762210780425,1.5953599240746044,1.431328550813923,1.173048054634206,-0.07741067211456225,0.23242744200723617,-0.5268657798515302
Adoring (2019),-0.8797730741554834,-1.763208271699946,-0.9218322509065952,0.33629784029380955,0.0784928767004773,-0.6538842318987772,0.032803318365838725
The Voice of Sin (2020),-1.2036848153039115,-2.034119225788372,0.6953773379499,0.900104641870127,0.49063888186441584,-0.4904565871319569,-0.14970307838159852
"The Gangster, the Cop, the Devil (2019)",-1.6105331225936288,-1.7337226778326027,0.38657603902689525,0.3558629087953307,-0.6960376144786043,0.6989887596740209,0.0009442726987115777
Crayon Shin-chan: Honeymoon Hurricane - The Lost Hiroshi (2019),-2.0410504687252913,-1.6160535260430906,-0.21841584911052406,0.19102718479899228,-0.5538100320038195,1.085421182220156,0.21873154864401648
Switch (2013),-1.5856395657250868,-1.212437199786561,-1.1678855817572842,-0.6750462575426769,-0.06319692197744439,-0.042659311512837216,0.28651916786873677
Luca (2021),-0.726316828835804,-1.487591477820546,-0.12914365151899623,0.7606058215210304,-0.9248421490420236,-0.904128928155223,-0.24753236300639392
The Captain (2019),1.469035264729014,-2.308491474982753,-1.4583186796311574,0.2841119454829236,0.020524044916159938,-0.7357445109214837,-0.9894858758554821
The Bravest (2019),0.25869558464660986,-2.1845833627846667,-1.1661317399492186,0.3818033008919792,0.46399789746658227,-0.9236453476456377,-0.4366886768658565
The Last Wish (2019),-1.6020723787276308,-1.6072228445936958,-0.8732795281865268,0.2900544084166187,0.20601436958513852,0.08312340967992901,0.3850539065640768
Marry Me (2022),-0.2872309242983401,0.21779493905591546,-0.324706855759926,1.53718362960867,-0.09964219529375153,-0.6816505032139115,0.11639560228601792
500 Days of Summer (2009),0.9131459830784158,1.0210936974159652,1.536910002902109,-0.49915714371264003,-1.441730117542106,-0.15857486432200965,1.4361141977323568
"Love Me, Love Me Not (2020)",-1.6826282585760262,-1.8487908044257348,0.28636205257677205,0.6431319625556216,0.06905867690872285,0.3220641168612526,0.08334742233292908
Never Back Down (2008),-0.34469219944527635,1.35422077516846,0.6837972374424665,-0.10955614748532404,0.1668697989637477,0.21106828257155555,-0.081653863458128
The Way Back (2010),-1.0083130080438834,-0.9637787203693982,1.549503470651434,-0.37177815378031903,0.10447834564772254,0.5693512015935341,-0.011870152227446801
The Way Back (2020),0.20167765595376463,1.7699584224936786,1.3947558018874635,2.168943694987272,-0.020376098961644024,-0.24072061717897034,-0.19269986735339145
Les blagues de Toto (2020),-2.0108420713470916,-1.1859985157644355,-2.2362574449500996,0.10640118106675987,0.22677906439822096,-0.13962341606625575,1.076475292632409
Always Miss You (2019),-2.4036388493280776,-1.2817772473740818,-1.9753486797372386,0.06266520813292403,0.9229909290361873,0.9452781615130169,1.1997466364023666
Step Up 2: The Streets (2008),0.4878764397379932,0.4992795067216716,-0.39705921812820816,-0.5843384647042004,-0.13683029243085482,-0.724324439679856,-0.27220516015627677
The Witness (2015),-1.4985280748333705,-1.4402136503182645,0.4819237636627447,0.09176294635475298,0.3710974953126166,0.6340798911966131,-0.013152037882047957
Wild Child (2008),-1.701798006177501,-0.8789596370812042,-0.021681174961669568,-1.2230591943443483,-0.19971550433833915,0.7824067867324731,0.33063003813974295
The Merry Widow (2008),-2.0079369687412694,-0.981909182592888,-0.6853670228837753,-1.3452119820054407,0.10329328942496568,0.6998335013782498,0.2841502037481753
Om Shanti Om (2007),-0.7811609584538244,-1.3796698048521883,1.7410982738929852,-0.4667530692299309,1.461332048702806,-0.20523994241630317,-0.4552553314653034
Scream (2022),0.6525701905136229,0.895929997368971,-0.4294729046764295,1.4606481500031172,-2.053005679721489,-0.6346219751683608,-0.8242069945326261
Boonie Bears: Blast Into the Past (2019),-0.8442864247367013,-1.625893866186174,-1.4472166182183748,0.12923572465786357,-0.4065656530567449,-0.6861651608870003,0.07061790625128303
Gemini Man (2019),0.5136425400074586,-0.5607644624384395,-0.6738864016286491,0.8182928163862414,0.34504589820598836,-0.6511480855003793,0.2716497835298033
10 Days with Dad (2020),-1.6399114309040634,-1.5240033903533143,-0.9140751869179147,0.40579111719658356,0.025732825812050213,-0.27516730557730923,0.48380937232576526
The Father (2020),-0.21535977006456794,-1.2183600768892608,0.8779411444502189,0.6033080023226405,-1.9390208623349214,-1.0238533217671013,0.18282992992965702
Love Again (2023),-1.2758276383431104,0.4991365806508548,-0.3702309094281253,1.575760567776044,-0.21496528154969263,0.7888013187812497,0.3604604427350685
Wall Street: Money Never Sleeps (2010),0.5464106737137276,0.13854037083743584,0.40177289489334306,0.05609814346953695,0.855617059763797,-0.7286447998128466,-0.22153251044647004
Chasing the Dragon II: Wild Wild Bunch (2019),-1.4573360977269785,-1.567834805845295,-0.6927634682821899,0.2569101066771003,-0.28255014644639914,0.030781086968285253,0.20939525495948572
Death Proof (2007),-0.6274401442098294,-1.2373366976910902,1.482831351495965,-1.1214066290716538,0.024445590352619916,0.1612726551315849,0.838881108813582
Hachi: A Dog's Tale (2009),-0.29544348429303846,-1.1585713984237866,1.2421911958069645,-1.1491066072772347,-1.7221269916204105,-0.2910452183973888,0.48943925728152177
Secretariat (2010),0.3376505934612178,2.717695549936282,1.2541456588543143,0.9535443409053066,0.1710880292907419,0.26657920101696686,-0.8470252568357692
Another Round (2020),-0.6723258389831798,-1.898692480469144,1.0861108017651169,0.5736753811870965,-1.0375660654599677,-0.5585024810729389,0.3937985481627062
Poltergeist (2015),-0.24676755448766963,0.9596019647491993,-1.338381182490449,0.38946957619347783,0.2699047926855221,-0.2951284159363811,0.4242053505413542
Line Walker 2: Invisible Spy (2019),-0.7948153588713689,-1.6888600843732977,-0.8170365065643359,0.25400804566167556,-0.5323302865721933,-0.628395612181061,-0.11728729118377637
Lightyear (2022),1.4187602105113013,0.3687193809476792,-0.8898100294678983,1.4783141992767554,-0.2714008279956034,-0.6954611249761113,0.027308438236808247
Strange World (2022),-0.08342792589688733,0.6211688089435655,-0.8563715688241288,1.514566246380207,-0.14688681858921426,-0.7229542453096447,0.21181300198379127
Kidnap (2017),-0.667402737520763,2.198319054069935,-0.05047739528551902,1.65170635973218,1.3740327949943676,0.8754452826104339,0.136608604444612
Amsterdam (2022),-0.2845234487362238,0.17565232621201415,0.3435986945992437,1.7864627973255738,0.5449863752066628,-0.4921308076359202,0.3247483737538771
Shubh Mangal Zyada Saavdhan (2020),-1.7516374487519275,-1.6807164371964494,-0.24675467875505827,0.5553805834985781,0.23477538304626014,0.2848403376585535,0.40181595939881604
Life (2017),-0.128662618179,-0.2585818474708152,0.19951949081823825,0.5361561172985179,-1.4277858760990796,-0.403697503228159,-0.7706100497274803
The Forever Purge (2021),-0.01788761080566713,0.9404433391034311,-0.9858337768326111,1.476677891556632,0.10968219889632307,-0.7143225077265468,0.25286786624796687
RocknRolla (2008),-0.7220778410742719,-0.26831122768520366,1.3671938473294725,-0.7749044325108411,-0.4169578129429335,0.6746699099092437,0.5805356366093904
The Other Woman (2014),0.7599549195466191,0.32662118106791654,-0.6449170445974901,0.33417438523070325,-0.18328748484367435,-0.5850332671186957,-0.575945264412706
The Descendants (2011),1.359942380524076,0.39654927422672587,0.7698930401750513,0.05841623582946906,-0.4219524949279175,-0.6340627621465589,-0.07139974840673997
What Happens in Vegas (2008),1.1957257819270706,0.30308500340606925,-0.5239415334785964,-0.694323837122402,-0.08659430351734218,-0.7931661399358099,-0.004681722084851448
Midnight in Paris (2011),0.44229671470350584,0.35102228009906666,0.01169239300838927,-0.30959985560585823,-1.921043332663452,-0.608386854315217,-1.1646007396773421
Righteous Kill (2008),-0.016901492304049637,1.1290021437683846,-0.16335629459482515,-0.35476360965309167,0.07559566752316227,-0.4865261715879916,-0.050438499622621036
The Eagle (2011),-0.6727453979159402,0.9164198483490796,0.38604821535144423,0.15379225420581535,0.27520855529159693,0.4035280696663201,0.03900257051393228
Coco Before Chanel (2009),-0.9177174969888848,-0.8218296705154545,0.1911445015580871,-0.8082770285707497,-0.25580670489556695,-0.31083349821612727,-0.24991332246130768
Nightlife (2020),-1.333403778375404,-1.6132164903109703,-0.6343059067072957,0.5403589436273397,0.06983425217108985,-0.7259621518378873,0.29094822715848573
After We Collided (2020),-0.6849151564985771,-1.13472046271176,-1.290000520235848,0.5914787415538216,0.20471355037702263,-1.500873392927837,0.5277515079720559
"Miraculous: Ladybug & Cat Noir, the Movie (2023)",-1.227465099571302,-1.7990068722261314,-0.6513428641208465,0.8372973629176685,-0.4366537134691604,-0.47757641282971786,0.212650524256377
John Wick: Chapter 4 (2023),3.6524627299136045,-1.2013950097669808,1.2145252140125833,1.9523748015217712,0.7217053566056506,-0.09917925596700236,-0.13214633634308778
Eiffel (2021),-1.644099903145318,-1.573661856384808,-0.26408119250947976,0.6300374666963822,-0.32866031549737157,0.2677570400819309,0.2637964178924632
Halloween II (2009),-0.7620329272255311,2.7587298797211175,-1.1872289637341171,0.15386165811520136,1.0019968733150544,0.4210445446442732,0.28708432575651427
The Worst Person in the World (2021),-0.9899227613912123,-1.0767818493802834,1.3925504826207629,1.1847299341617927,-0.5741304785657692,0.5325255704686237,-0.011793163849347872
Detective Chinatown 3 (2021),2.9106436095902417,-3.4269037098044364,-2.0690030241047404,0.5440442048960636,1.272007886163631,-0.25364688560173415,-1.5298271093824738
The Book of Eli (2010),1.5027770784209515,1.0798332381619689,0.795587774768913,0.09529030301582188,-0.04175730752767124,-0.5359967685999183,0.47346008891060715
Legion (2010),-0.20120512945682262,1.4750047066283847,-0.5628687788299349,-0.04982163347410652,0.39589610951990756,-0.16836242634721021,0.3801509298614613
The Bounty Hunter (2010),0.5453388561702263,0.862109935211956,-0.48960546896382395,-0.08867047793202437,0.5654784729595838,-0.6612312239584598,0.18765573596073615
REC (2007),-1.0491869548538346,-1.0413767275110244,0.4597563505853075,-1.6101325728946403,-1.6166007713517767,0.1247111627484997,0.29649506557666394
Terrifier 2 (2022),-0.5411962900342498,1.0776049802157632,0.637814557409576,2.1480639657436646,0.7627893132399568,0.37074223120195476,0.22586073535136772
The Stronghold (2021),-1.4180465818050334,-1.7641165067971394,0.056161686410839524,0.5977935824824886,-0.8436289267438621,-0.03015168665327631,0.005819653894295735
Serial (Bad) Weddings 3 (2022),-1.2760727479354832,-1.6639459243910153,-0.7680408606474378,0.6509698918180192,-0.6275734293096655,-0.6365019742721205,0.21081337983038767
The Shift (2023),-0.9874971337957015,2.735234560329417,-0.7780367555056755,2.094407169379672,-0.5814845224794908,1.1636492451687375,0.23383927057592216
Tolo Tolo (2020),-0.8414847394888623,-1.4916249429944348,-1.328309923968121,0.3406486541245356,-0.5653930069713379,-1.5117734945861951,0.1624952447908551
Kaiji: Final Game (2020),-1.3053025567586276,-1.7374911982127195,-0.7121344191283796,0.6861501128202746,0.9837229366669962,-0.8936509442307274,0.4216309042300776
Simply Black (2020),-1.8603827929473995,-1.5102171779859739,-0.48551431577591425,0.2611872890839677,-0.9705837620336679,0.4457325672892078,0.24895305024432138
Miracle in Cell No. 7 (2013),-0.39101824193510454,-1.979070576487752,1.56824396597521,-0.09253582287807649,-0.5090208698138283,-0.5223890768699359,-0.8330823622977133
The Legend of Hercules (2013),-1.0413955966274906,0.09575021861568173,-1.4566137319741066,-0.19385271241609073,0.8311733811366186,-0.094380790755775,0.7043146646324163
How to Be a Good Wife (2020),-1.889563381478327,-1.617441143043113,-0.43261723589835804,0.4326419028256398,-0.03956673943540414,0.4710558193635012,0.4206598891591321
Peninsula (2020),-0.8434623852166484,-1.4458701944633294,-0.7971971212014604,0.40866134059230397,-1.0917876716850878,-1.3197972803458429,-0.1301275742614769
Silver Linings Playbook (2012),2.9734096332881284,0.5318743426012916,1.7212794748277411,0.07742788492764578,-0.7462220185727261,-0.3864241510154768,1.6939675262656624
I Love You Phillip Morris (2009),-1.464243700113058,-0.5769277872961914,0.35593922190644994,-0.9404448852875584,-0.5164344434403421,0.8372239128020872,0.27782011974883714
My Best Friend's Girl (2008),-0.7630245959326896,0.9934862973999427,-0.17231851461377964,-0.4412966608150379,0.2049045647537923,0.12141770771969995,0.014464969675817542
G.I. Joe: The Rise of Cobra (2009),2.083373109715522,0.5959641686435165,-0.5300974953570341,-0.22641877881024486,0.7517096660332133,-0.5201403948717165,0.014877196463315345
Threads - Our Tapestry of Love (2020),-0.9649070037722434,-1.937643890577245,0.3217942172849155,0.8015224407707756,0.11655825453978637,-1.0306241600886985,-0.20421884701661616
Last Chance Harvey (2008),-0.9504445004914813,0.9671370774500179,0.19782849487528403,-0.49818487580086723,-0.48580238138500226,0.49004120530009726,-0.29368566370663884
The Amazing Maurice (2022),-1.1306423168505477,-0.5570433942563953,-0.67824666938002,0.9745140011676439,-0.7875364690837026,-0.27815179759068764,0.20248793631022743
Meet the Browns (2008),-0.4565959431105987,3.358415797050395,-0.8694009639513728,0.32404440128519757,1.1098396605730099,0.38814906320693654,0.12362804355167137
Parental Guidance (2012),0.3750141368617517,1.4503451736829867,-0.3656471396078093,0.4450128031304563,0.168453404757139,-0.3653748745549558,-0.36920785315107163
I Hate Summer (2020),-1.4598696813628067,-1.708456510143025,0.0735772360482122,0.5422491371816595,-0.526522538132873,-0.13541094041335816,0.009061148960548292
Up (2009),6.906451934190065,-0.7023099042155994,0.7756751456428838,-1.3436729644703023,-1.8466420126113616,0.7211043771608118,2.114264352140333
Lost Illusions (2021),-1.566112660712063,-2.1523351160921558,1.5068785456305507,1.0767094659013008,0.23799295060400616,0.8121714831091006,-0.2219207622380742
The Battle: Roar to Victory (2019),-1.4139791681173621,-1.9479587738375441,0.4678123810513192,0.6347471993654622,0.45953417464564766,0.24837219819763387,-0.030781653871733573
Goosebumps (2015),0.7276714792964053,0.6678840130834659,-0.40152754897571424,0.5623357373092759,-0.23324326158811973,-0.5514442136033078,-0.1646327345054304
The Invisible Man (2020),1.3422996582175422,0.11343565157464289,0.6244175348860526,1.3797626744798446,-0.3471494833105662,-1.071322458009239,0.28078620099378326
Mt. Tsurugidake (2009),-1.5115037747089388,-1.629996588980444,1.2010643175870495,-0.6256399972074701,0.6664673198993661,0.5079804102380975,-0.42128100501731763
The Call (2013),0.11531459713240833,1.7313766085145437,0.751980142882192,0.8494754527955263,-0.2796227989231576,0.13608351516511938,-0.5647161336627888
The Hunger Games: The Ballad of Songbirds & Snakes (2023),2.5230202106630086,-0.5921374412486624,0.33446502858845706,2.0474798684914615,0.9808266141662757,-0.2981452488753062,-0.4572732814803794
The Imaginarium of Doctor Parnassus (2009),-0.3125880581190207,-0.7894955898749835,0.8164074055893921,-0.5802120679433213,0.09863072844894619,-0.5736130462949114,0.06724272729086614
Baba Parasi (2020),-2.154969155811474,-1.5309695043869842,-0.9912064616416372,0.4462773472185068,0.8884875601667321,0.7237456775332843,0.8834137040573076
Life as We Know It (2010),0.45039021936300344,0.8087730306598017,0.3565215983613713,0.027682252444900027,0.09797415551607949,-0.5453594349209127,-0.09660664383771995
Painted Skin (2008),-1.4485394407665437,-1.2197119728888215,-0.03813237110701087,-1.1322283612779485,-0.08990126185460938,0.01428823799551657,-0.2008320197675823
Something About Love (2021),-1.748704746247048,-1.587924227622293,-0.8242732759367146,0.5401581757637826,-0.007035261314540122,0.12217240871448971,0.5009029368851878
Transformers: Revenge of the Fallen (2009),6.378983654194341,-0.5693219886093617,-0.7698914791231255,-0.31606877746596174,1.6494931713428842,1.0036897349766145,-0.37233542352435567
Paco and the Magical Book (2008),-1.7681831728197228,-1.2875921300559279,0.5724649082340103,-1.1344565847384132,-0.39800411908184175,0.7804501723279037,-0.3463821000484358
Only Cloud Knows (2019),-1.7794803679504632,-1.887143514900286,0.2787402831344611,0.5606751378573948,0.572274586243181,0.7676818873950045,0.17736962155475355
Invictus (2009),0.6845266614679971,-0.2855326841825578,1.2343850102342773,-0.16039721866472204,0.20961083463120153,-0.8878522803144475,-0.3592105935724149
Uncharted (2022),1.4235003193978923,0.0735685214518844,-4.750604634406526,0.7247540065469402,1.3873765279356416,-0.4562286432600446,0.6971329865015893
The Choice (2016),-1.2069132267491731,2.347018449790992,-0.42743604553037745,0.7345523928117355,-1.4678171547584113,1.5785164040726967,-0.1198250756325836
AI Amok (2020),-1.6455991695791092,-1.8066728767215912,-0.26758278526011164,0.7069204160485218,0.9752569240182166,-0.07321286620676677,0.416245063435985
The Invention of Lying (2009),-0.5774677294362326,1.3314461935743143,0.4195098140496671,-0.21636650331044005,-0.2403767965832879,0.5253385783709884,0.2714583545827829
Doraemon the Movie: Nobita's New Dinosaur (2020),-0.8104705218242466,-1.8269133796544124,0.05757061612907064,0.612241799286016,-0.7257143486885275,-1.2279856940862717,-0.35262939056052756
Ossan's Love: Love or Dead (2019),-1.8837395859468364,-1.7175552292759937,-0.14389236185281853,0.34196020624247503,0.046330047134006826,0.8096621024446256,0.24506500046898166
Eagle Eye (2008),1.3447845407569419,1.011932162317888,0.43032709519230766,-0.13576329789968875,0.23545620282501864,-0.6365707626228413,-0.1710181862484952
Cloverfield (2008),1.4953523194260379,0.8091646712226467,0.25022422730277494,-0.7853423727892467,-1.190253359248379,-0.6698666640703296,0.7783234599147377
My Mom is a Character 3 (2020),-0.7609987313500933,-1.8031950226427456,0.1178075569006634,0.6407111353162602,-0.7376965900975436,-1.2482573366775631,-0.34026443436610854
#Alive (2020),-1.128023127498401,-1.3444416925373999,-0.47948925858770197,0.46206058862551674,-0.7285693488765137,-0.7106108819677995,0.3501140584062046
Ne Zha (2019),3.268093650686279,-3.3745469270418336,-1.5186605112467164,0.0655329374488281,-0.48017584774834615,0.014790015488778688,-2.2256441729150005
Contra (2021),-1.9256208814458677,-1.7582946203233811,0.21795075286451027,0.5871654655036322,-0.6600828744157936,0.9690674845421147,0.131951942854477
Minari (2021),-0.9194170010111264,-0.8603165119854157,0.8343334975836688,1.0510419919044274,-0.8315741332540335,0.23067449670967283,0.13542826253795467
The Wave (2008),-1.1341997940413404,-1.3672320210342437,1.1104265575364087,-1.1125250495587915,-0.8107380727552903,0.287103094535723,-0.17542095532752605
Babylon (2022),0.40319431741398276,-1.4926132603596958,2.1095987872419917,2.014214732269226,1.5327649940051553,-0.9293113948320032,0.13878456196441674
Thor: Love and Thunder (2022),5.569123638926068,-0.8898913246322577,-1.5597471524777546,1.0324037761157572,0.13359083754820425,0.8953742264383285,0.08642848028634016
Welcome to the Sticks (2008),0.6154669373456414,-1.7675115436171007,-0.1434056495006402,-1.1420038979271718,-0.4250655197483607,-1.1118665655036988,-1.025499785202911
50/50 (2011),-0.9897150266495002,3.0887913100424544,-2.5144945372567338,0.024618054427032278,0.3900696572742286,0.3815173690268665,0.7213044655012977
Boyhood (2014),0.4993661871501102,0.157388546079518,2.9069927833725977,1.0127024706000993,0.5699888952075614,0.373075282223696,0.5225206865126607
The Peasants (2023),-1.7150993012396665,-1.9198100339515352,0.7974675892870284,0.9837603556525287,-0.9999666854576781,0.9345924626205216,-0.13324104827002556
Natale in crociera (2007),-1.6641269795654288,-0.9101146410411949,-1.378352150025489,-1.3475983779185865,1.260853203630083,-0.2542803429748809,0.5583468012256196
It Ends with Us (2024),2.166283262520059,-0.5982571068925839,-0.6418987510897625,1.8365392936618186,0.33113201368280004,-0.4448254210536363,-0.5641402774336076
Ducobu 3 (2020),-1.7330115228246452,-1.3009033803498795,-1.9523200348588738,0.2522536673456518,0.4102987792955992,-0.572538769695198,0.9139574461940495
Halloween Kills (2021),0.7477300592745,1.3569239379306137,-0.9245596319722742,1.6408092192217025,0.13123053123831965,-0.6437458279639473,0.27820012750143724
Halloween Ends (2022),0.32216197133315816,0.9883456909709742,-1.1289675539428785,1.7042842625956036,0.553882020826835,-0.766693076496634,0.4494541307978159
Leap (2020),-0.7311862351477383,-1.7208654730748167,0.37764613847358486,0.9400983815479756,0.26247738663323533,-1.1940532809849613,-0.16214582051088822
Water for Elephants (2011),0.5501432192396827,0.6373353121442515,0.664148448677714,0.24051217572410238,0.03663415241815127,-0.4503532040908071,-0.3311670054255374
The Marvels (2023),0.944935036024124,-0.07558049478758014,-1.2381914367333522,1.3846403252594734,0.00010731331077577258,-0.6321149114155676,0.43044989693324115
A Fish Tale (2001),-1.9285426427328678,-0.12526915200277441,0.2688158627766431,-2.4042216189580463,-2.2811468581671184,1.0441126313277445,-0.6411091049713955
I've Loved You So Long (2008),-1.43937151725295,-0.8706337274242246,1.3602601396829548,-0.7751131438975137,-0.40360209749644277,0.923069540305784,-0.5637598177807814
Yes Man (2008),1.8403179152814706,0.47388900988247556,0.3333703618337106,-0.6234888802392345,-0.44985499590703365,-0.6912711527292531,0.5230583798679336
Nobody (2021),-0.606524005233015,0.7952694268067017,-1.9314277456222129,1.1469419769629632,0.1650594384011563,-0.7286914342523416,0.533466025822863
Departures (2008),-0.44065817199722,-1.6428033268311755,1.5847149101565061,-0.7389969389254446,-0.3022544583060326,-0.6442886208157429,-0.9078810116795115
K.G.F: Chapter 2 (2022),0.2894348735430067,-2.50924370682532,2.089382298572847,1.470356724718064,0.1864544139700707,-1.1069047688717286,-0.382916393484699
Bachchhan Paandey (2022),-1.9480095609564776,-1.9606218127060473,-0.023858632606803563,1.0391398525000113,1.5499654618011425,0.8773872735722119,0.8384517906347747
Ponniyin Selvan: Part I (2022),-0.5924491966069374,-1.6365321484640412,1.9168984360027579,1.76607223009796,0.6681205398636657,-0.3520261729952697,-0.4593482397579683
Public Enemy Returns (2008),-1.5946238441757115,-1.4057254842390075,0.6215733837187226,-0.8967539176333135,0.6272200184886942,0.45467579624179527,-0.2102314394811479
Mao's Last Dancer (2009),-1.2370391950957271,-0.40447396191895524,1.103999659559807,-0.46889668607361573,-0.25057197834042394,0.686003101013836,-0.49328050536036966
Ghost Rider: Spirit of Vengeance (2012),0.08221936154179135,0.6159747655904746,-1.6571530330071773,-0.20101990937911024,0.7442211996390837,-0.6527666206907379,0.7467645934712203
Arthur the King (2024),-0.11380449090087104,0.7943780804798403,0.15742480658147376,2.057527897055702,-0.7838226117084339,-0.5216543311952495,-0.24324102387443228
The Bad Guys: The Movie (2019),-1.5398913365409235,-1.7132720165681938,-0.12507942664285393,0.4016409660815113,-0.06774653788199572,0.28306162894486675,0.11331653191295317
Winchester (2018),-0.8098968281539173,1.0777123035424399,-0.6689604457553702,0.9734472663422785,0.039145903912302646,0.4370264464289955,0.3315684071713836
Don't Worry Darling (2022),0.4652853621735836,0.3390400121246359,0.1052515978474133,1.7016004668308526,0.07989944955041733,-0.7917711620661841,0.3521401344577928
The Legend of Hei (2019),-1.2114817444929837,-1.7811329885027576,0.15842013455245985,0.32941156558667356,-1.078150646832008,-0.03706000294083654,-0.334758849776226
Meet the Spartans (2008),-0.5238034492632607,1.326085404963121,-2.5470302981725244,-0.7878088879121975,1.4702085942096275,-0.6308721686535972,1.2567403048445374
Shin Ultraman (2022),-1.0950456930479044,-1.7848024693316418,-0.2561941131980002,0.8566517609884022,-0.3680386385323903,-0.723175616740435,-0.01694621968458298
Delicious (2021),-1.8391088393044186,-1.830266003313471,0.4220872308722966,0.6276763378266986,-0.6676323074771542,0.8911744717084238,0.04917976291728169
"Sorry, If I Love You (2008)",-1.8172459125135554,-1.135935670913745,-0.01428587776303222,-1.1869717822762609,0.016643878764829166,0.6496081731868045,0.005062746587066142
Skyfall (2012),8.213545550567906,-2.493207774799222,-0.17963816362076107,-0.6388942383706182,0.2534891901569832,1.5067007922172972,-0.35339259025519776
Land of Legends (2022),-1.622896791748181,-2.1588518142647524,0.6379978944371171,1.2668668390682447,1.4790054709361447,0.4173891935096224,0.29998761308558264
Race to Witch Mountain (2009),0.33857685435233,1.6247771503362602,-0.564301633537154,-0.06297825430255066,0.18533038288415046,-0.6210281585493101,-0.15482634047481564
Gintama: The Final (2021),-1.2339859753698437,-1.959174145576318,1.0678427804073476,0.6820699976992393,-1.7953275043991306,0.03273471752947438,-0.6687974556793125
Next Goal Wins (2023),-1.0534793150130324,-0.10209794589341795,-0.10538087914338587,1.4304653599896255,-0.6157956574960556,0.2750031051292427,0.17202743745963214
Boy (2010),-1.029550670233381,-1.36045042620634,0.9815313464465618,-0.4773105174673186,0.14589023131870424,-0.07052515998728069,-0.5091506262049271
"Grande, grosso e... Verdone (2008)",-1.858232445045704,-1.3612711907303345,0.34783740877668623,-0.8804318498911825,1.3508242195376383,0.7988170045499555,0.14161515339587058
The Magic Hour (2008),-1.23155138276846,-1.6140366343003563,1.270133817063347,-0.7516864972698053,0.4294294381543116,0.1028289643800975,-0.620878684685005
Sarileru Neekevvaru (2020),-0.6040463797678004,-2.101768522269145,0.6030038970633564,1.2458455056481101,1.7995863558603795,-1.384270316459645,-0.03975386307287891
Dark Shadows (2012),1.5361477053792616,-0.2333683848262844,-0.21482654129932494,-0.16358821233340257,0.09822440614735972,-0.7034551170191776,0.36989711303051825
My Sister's Keeper (2009),0.42164556848249546,0.8616441664463885,0.7558981519384639,-0.06735853465479433,-0.4625308053603939,-0.5736859424658085,-0.5570567496577382
Night at the Museum: Battle of the Smithsonian (2009),2.7545628068416965,0.2054395810271851,-0.9648572551499988,-0.513233094678131,0.2170684424181393,-0.3745864732306344,-0.2862892684067912
Couples Retreat (2009),1.0569200502753169,1.4506705144502525,-0.4852752270648839,0.04546291301347198,0.7536023241995508,-0.6405068814074677,-0.05785967846062454
Ice Age: Dawn of the Dinosaurs (2009),5.425437341034321,-1.6800721961785403,-1.869517581278296,-1.2552846615743112,-0.4523412177069347,0.6776556420773153,-1.4332779392668444
How I Became a Gangster (2020),-1.5901938712951678,-2.0041989046498516,0.9821423634995251,0.8455901483931535,0.286028787174452,0.514812680940796,-0.06462412023429695
Valimai (2022),-1.3339609107536596,-2.34481125199638,1.1548062538037596,1.4784199538871379,1.892851683781614,0.1272126295855208,0.2106382134255319
The Kashmir Files (2022),0.49641066639061,-2.3822714531284794,3.2502241735511066,1.2990035959224735,-0.12740253185677264,-0.47224224967862416,1.4407022313959188
The (UN)perfect Guy (2020),-2.1932324530109204,-1.1658041786448945,-2.463409886703675,0.1574053109744606,0.8957739160028325,0.091012165297205,1.3537141689454708
Fighting (2009),-0.7460903378689334,1.9656818238824234,-0.0888694070321488,0.08938028375138257,0.49500405291599525,0.5657665927286897,0.009648710895558348
Quarantine (2008),-0.43192114676061555,2.3288734633011035,-0.13798576749975824,-0.12347735660842059,-0.20982983341785905,0.38044625717972086,-0.0003054639959012874
Eddie the Eagle (2016),-0.5946820202718135,-0.05093217511892181,0.6901342689781595,0.49592416599193034,-0.83314286083082,0.3045520463259323,-0.05936460267533586
Mayday (2020),-2.0859102298669296,-1.5899844598637503,-0.5871453828583861,0.46370592202946825,0.42391120079010347,0.7900994686997901,0.6231960783388987
The Matrix Resurrections (2021),0.9391930881085057,-1.0718326162341698,0.10359528371321944,1.2713001418104586,1.1543562240706422,-1.097985761696999,0.9460202602449941
Lights Out (2016),-0.14989060687019296,1.3473434167373415,-2.8583815925106277,-0.457497995613799,-3.374044723224483,-0.33892570635015773,-0.1774784422534772
Bill & Ted Face the Music (2020),-1.2187390899401385,0.9765342930038426,-0.48561804415062,1.1145373112255172,-0.5293718420681838,0.7311206958097999,0.4566826900525854
Fan (2016),-1.4183986622297267,-1.6089684974105787,1.1542400675867146,0.48492628608925553,0.6930594843089263,0.6875303468136762,-0.24445379890468377
Blended (2014),0.450946865253089,-0.020975625587007083,0.19467927766214288,0.34149912028822355,0.027209289384675876,-0.5859148363264719,0.032552796232759536
Safe (2012),-0.7144112388055445,0.22539575718348795,0.6549935697850087,0.5013585755150709,1.3527429009519494,0.10656266972345663,-0.21102957493339494
Spider-Man: No Way Home (2021),14.473475485300952,-3.312866285057173,-1.876125303269836,0.30183378437592223,0.19814360983683582,4.642299664038734,-1.053170403885258
De Gaulle (2020),-1.6780113565919819,-1.6393283971716028,-0.3213893140064006,0.4625447052188834,-0.2510632915917901,0.0941993094214595,0.2629176618701927
365 Days (2020),-1.7129811026445043,-1.3710459703204014,-1.8809230343827492,0.36127882760570584,1.4949466228074366,-0.3213951638744229,1.6463027334880183
Lone Survivor (2013),1.7725200451224654,1.7362163764991336,1.2635133336009665,0.8895940887825599,-0.37296488252267695,-0.26483089707923696,0.0973220668190746
The Crimes That Bind (2018),-1.9180598601626584,-1.6201686555571042,0.029322773863691972,0.07077059682461302,-0.7856812226036243,1.0231755128328037,0.045039272169017625
Howling Village (2020),-1.5044012902949684,-1.5478758738724467,-1.121516590547193,0.45765715913822147,0.3716700152951096,-0.6813564382807982,0.5197955019112487
Freaky (2020),-0.4658793817034999,0.6387678307966722,-0.18756640759370255,1.2515382760329814,-0.47513186214503295,-0.5976540549089214,0.2082409737259149
Paul (2011),0.45544329994291755,0.29510705294952855,0.5285630920251088,-0.2096149445206519,-0.593769228516185,-0.5008452467028673,0.41990441234796194
Ice 2 (2020),-0.9937227428657307,-1.8887367470083705,0.22927408426990598,0.8249947095363485,0.3125404937643951,-0.9804765841066937,-0.08139847346702891
The Darkest Hour (2011),-0.7332769899834122,0.514316076625991,-1.257496668014499,-0.4228722543787325,0.21568636248885978,-0.3166514029499507,0.4841734040130053
Money (2017),-1.6931309339611564,-1.3064214259833988,0.18535947426348684,-0.04074399826842872,-1.383064625601667,0.8874831194403051,-0.13124969319109622
Confessions of a Shopaholic (2009),0.18708229950811264,0.6021742658362204,-0.3694331393260128,-0.3435197799788724,0.17824248270257056,-0.8052050438343287,-0.09741546259573611
The Wolf and the Lion (2021),-1.2783604509114277,-0.9685965601194176,-0.5279067296641159,0.7535810425971535,-0.5970477084481765,-0.1891931189916381,0.213476205985311
The Heist of the Century (2020),-1.4669709468939536,-1.7902805372716932,0.46708249326304196,0.594538828373856,-0.6450279228093425,0.08980689079148663,-0.09343034797392955
New in Town (2009),-1.0215903587010662,1.4827200060674257,-0.2377008510236036,-0.19941232662299066,0.16030743243752302,0.6613608282410333,0.040066606455095445
Malasaña 32 (2020),-1.6323569050248083,-1.5307978103399715,-0.7606485475669189,0.42690067351467625,-0.08436779564767967,-0.1886797645263747,0.43816851254273487
Ant-Man and the Wasp: Quantumania (2023),3.284490673650755,-0.5282805699968327,-1.0791262543686484,1.4856581884380897,0.3720193979328107,0.01607788506978001,0.016474264803987636
Old (2021),0.37393938480547506,0.6470095606111613,-0.4984458565801674,1.4009198133453322,-0.058857275495934454,-0.7431974697479825,0.5969312858404392
Nope (2022),1.7894129602027617,0.977951097377731,0.5898798140778553,2.0074032162796946,0.009147250768355902,-0.5764858462030034,0.4429178783676553
Dragonball Evolution (2009),-1.3057489578781503,0.23581806170194483,-2.8379383166364396,-1.1052501103224495,1.483583553249706,-0.5238506942700243,1.4775836936744267
If I Were You 2 (2009),-1.882042718797441,-1.0535845566194655,-0.5384170205330406,-1.1440312240160113,0.0553716135784728,0.5561953980224134,0.21295832243197427
Shorts (2009),-1.109840402337472,2.2598316654695383,-1.0163948583331377,-0.11033314263338401,0.5490461301306395,0.7666667708525787,0.30934334034464284
Breakthrough (2019),-0.6040513107647576,2.161510561364104,-1.2966186167334053,1.3733063582846479,0.16970491486508366,0.3416870244922813,0.3197782316655083
Admiral (2008),-1.2576027941139993,-1.410260432017021,0.6452167552001044,-0.8905617165076904,0.36398732556501046,-0.017721353905134248,-0.3486890737145654
"My Donkey, My Lover & I (2020)",-1.598000366734075,-1.4967451793714108,-0.34348950928731453,0.3881947081544768,-0.8483132400739898,0.006172501733264034,0.1355216876357228
The Promised Neverland (2020),-1.2653448415304807,-1.7107834754360343,-0.5969150751035139,0.6151136367015004,0.41788605437305304,-0.8857941133074296,0.26333332550258426
Killers (2010),0.041123945634120106,0.9522216413666134,-0.6379177732328553,-0.1887992908830536,0.2666192468183164,-0.5317471235697648,0.1686437743441887
Demon Slayer: Kimetsu no Yaiba - The Movie: Mugen Train (2020),2.457717729843152,-2.514464809389744,-0.08170104934817632,0.6060791372286238,-0.9793296010703311,-0.6095321133903552,-1.6437913642307571
Kaiserschmarrndrama (2021),-1.7655600217482765,-1.6588084456641516,-0.05979727439438832,0.49167355578703653,-1.09242594409651,0.5382423651584561,0.06384362410940092
Crazy Romance (2019),-1.9007413010944985,-1.7238046758091998,0.01986854281449827,0.36921236830884646,-0.03086547700397414,0.9319733826611118,0.21627696572517666
Sister (2021),-0.3715198674540317,-1.8838604950998017,-0.8539838463907206,0.5303694944705599,-0.8034841859007739,-1.1153691045914353,-0.32812000836004773
Your Eyes Tell (2020),-1.378685599770574,-1.9377609844289545,0.7830869104036646,0.7030532629279371,-0.4908693904304505,-0.03763579635714558,-0.2892095973872708
Kim Ji-young: Born 1982 (2019),-1.51246654284371,-1.882534198759316,0.7227886120710899,0.47928794196502716,-0.5826330833068114,0.5709429320858319,-0.2475050512247357
Madame Web (2024),0.0163842378843069,0.22739620446536907,-1.7578927195398133,1.685188128089396,1.1553248893053552,-0.9969373728633677,0.9981675524857186
The Heat (2013),1.217094906216079,1.848745144495855,-1.558620613714552,0.23878442413680706,-1.012636831543367,-0.310529347674984,-0.6406084523252602
White Bird (2024),-1.04847115601477,0.494387350363639,0.9323368407974799,2.0865770443262734,-0.500772502487368,1.0605714951707266,-0.2336223897998992
Pandora (2016),-1.7705938311836313,-1.418810769508298,-0.5744004470816175,-0.20518665305529465,-0.31616052197013045,0.47338388519861424,0.22000106254808932
Dog (2022),-0.018229100902888616,1.731601755979584,-1.7868304440051819,1.6926737868166561,0.16039452331084925,-0.6362591245790186,0.31557025971983194
A Witness Out of the Blue (2019),-1.5503129379953857,-1.617173169512215,-0.4494512112040162,0.2865496692015579,-0.30857142984016145,0.2106972671913574,0.1723119207618379
Stand by Me (2021),-1.8702894409767676,-1.6437619871024305,-0.6053075118179373,0.5054275080543922,-0.25435561078658625,0.4117838209788542,0.38683524275054604
Wrath of Man (2021),0.5025080023224626,-0.7660628174726793,0.49095973604392706,1.1367315649130714,-0.5755254363981759,-0.9412897758467489,0.32834951991194433
Spirit Untamed (2021),-0.7006813580887366,0.43898653067127147,-1.2461918209821905,1.093697866698079,-0.4389115643455217,-0.5921044012863725,0.2591600112976816
My Dear Liar (2019),-1.6213849541912804,-1.7631108816013275,-0.023382779818436714,0.4212283636908115,-0.036098853139547894,0.4375447696710188,0.08760689774635785
Paddington (2014),1.4164752022120315,-0.47829586896942244,-0.25205039242873656,-0.026493897116765402,-1.058420711901969,-0.6219747586129319,-0.5580897091560145
My Hero Academia: Heroes Rising (2019),-1.0320367996586908,-0.025798308437704434,0.9169166745789215,1.006880523238528,-1.1801073607677708,0.8548366027624456,-0.5746202318045582
The Taking of Pelham 123 (2009),0.8966442029070705,0.5747417404280022,0.04964486990124943,-0.34707256155282856,-0.10685679192131224,-0.805437946889822,0.11720149707504035
The Addams Family 2 (2021),0.1204799632600495,0.5297397492373374,-1.4307381361521687,1.212241787184292,-0.1896126971135711,-0.8110043882058365,0.09316221962478283
The Northman (2022),0.6280613467256569,0.041132776578965434,1.0830212977097742,1.7773734491355877,0.017412658823425367,-0.7011379067396166,0.5743292099920737
Creed III (2023),1.8650157377288954,0.293602656781637,-0.43127182183660734,1.8151070427561689,-0.2553603880280787,-0.3528670003679641,-0.417283441842085
Hannah Montana: The Movie (2009),0.4608693102298417,1.1349087214824232,-1.3437191317347625,-0.25450272802839186,0.8853251267347333,-0.7956877979120738,0.047500901227233
Paul Blart: Mall Cop (2009),1.2557520876219148,2.371330467495455,-1.0750343143951864,0.045554867676868546,0.24116970629218426,-0.4614054235845315,0.028697323279070715
IF (2024),1.1142108284388919,0.5880406196607212,-0.7543786042759633,1.900416292664982,-0.4916368834217673,-0.651746194120945,-0.26449348282363233
Jackass 3D (2010),1.135728348387523,1.6284298455222377,-0.02464748360312618,0.14872036432571512,-0.6837535625960935,-0.4700427694609736,-0.7307164000503681
Somewhere Winter (2019),-1.6104148044892337,-1.8145985804965252,-0.08935520221880676,0.4972713326063194,0.4699098015109365,0.3553997787728867,0.1988926390775495
Jiang Ziya (2020),0.5036406013722403,-2.2263107406905154,-0.9154558145684899,0.4979633641710638,-0.2895405379799137,-1.349351512524756,-0.7190262484506674
Sisu (2023),-1.665709065715941,0.8999196809107033,-2.013672123542268,0.9897661952119027,-1.2183920286998324,0.733478908295085,0.6659097063401723
The Hustle (2019),-0.521243789910666,0.23887788453709255,-1.7177634755369275,0.7754301723876991,0.4410320517702468,-0.43875460194047855,0.40459109088429185
The Hangover (2009),4.954445717949576,0.7120049411254998,0.8392466939825104,-0.669414243080456,-1.2884278197738284,0.1262603298090926,1.6901290586851452
She Said (2022),-0.7917868996244863,-0.13920044034394005,1.0692506168586073,1.687733274898339,-0.27524223114050006,0.3645894567181211,-0.159593522869087
Bheeshma (2020),-1.725149152425614,-2.065385984019361,1.0640429311982182,0.9236591853115323,0.7777405065008088,0.8044708480858537,0.05261650242712842
The Duke (2022),-1.3438566229202726,-1.0391295293385794,-0.1272677514522902,0.852950006992956,-1.159602968919441,0.15783212165881041,0.08645699283189785
30 jours max (2020),-1.602010577760721,-1.38003816487336,-1.2652670018952406,0.2392342766811626,-0.5574223066215597,-0.4693055573231184,0.4720506306483293
Sheep Without a Shepherd (2019),0.03778195401321049,-2.1363635615602807,-0.44063250526298153,0.39981103128003603,-0.38734770109600747,-0.8724051264648428,-0.6731812509193683
Asterix & Obelix: The Middle Kingdom (2023),-1.2416015130868268,-1.764464252720282,-1.161737323380102,0.8633018613323536,0.3548296708307237,-0.6363157002962604,0.5478834176948973
Seventh Son (2014),-0.2738348031203941,-0.6377791025221842,-0.9152066816485361,-0.15013966254539515,0.12650982862129953,-0.7418820189751635,0.2688757554914897
House of Gucci (2021),1.011579812204924,-0.7743671219303349,0.8519934939869535,1.6878439486417058,0.9915278930302651,-0.9756604453399277,0.01960941520447465
We Made a Beautiful Bouquet (2021),-0.9156126839760269,-2.0620255970667802,0.7444246210766062,0.8778427284013345,-0.6067658675403115,-0.624425589451658,-0.47524499313082114
Crank: High Voltage (2009),-0.7472948769702171,0.6915244252820534,0.06398438833097794,-0.5389460380586357,-0.2474113373518343,0.3357973334809448,0.48785437067609416
Detective Dee: The Mystery of the Phantom Flame (2010),-1.0738920781239065,-1.4712781779374962,0.37466709790435454,-0.6588411368047091,0.16172153387682653,-0.322380777869062,-0.3630805977040318
The Exorcism (2024),-1.6249628724489615,0.645941215735798,-1.6984787496475957,1.4914999813315348,0.45690808064245614,0.7338862325710459,1.033215402885715
The Ides of March (2011),0.3214544507497378,0.9799315197967935,0.6912459389958013,0.024277194563505956,-0.7383676131038067,-0.18660897911600868,0.2217434378753691
Free State of Jones (2016),-0.5645647724041365,1.7099580625874529,1.4901817045653123,1.5544646897745125,0.5854013261832297,1.3035970243435022,-0.2209179661229901
Rise (2022),-1.5064361357830736,-1.647704228787979,0.33848785541543075,0.8775983955290034,-0.6892119979435735,0.37760704835049985,0.05691986258633272
Masked Ward (2020),-2.017665994481174,-1.6823694543021166,-0.3239848054408563,0.4709833333786461,0.1758756924050581,0.7303597086406364,0.4239925544377508
The Wrestler (2008),0.3456265926262007,1.1734919083105853,1.7507794027630803,-0.2252455840139571,-0.9128601972218768,0.07654372468214284,0.27348790610385704
Big Eyes (2014),-0.9132483558240411,0.7050518369431186,0.769958922870857,0.4122064444220521,-0.5419849969828728,1.0905679421734331,0.05654976812604893
Burlesque (2010),0.130180349552538,0.5305432603640658,0.37705148933565014,0.00814244399868866,0.315374678600112,-0.522641228501659,-0.19223392794111285
Morning Glory (2010),-0.25477201939426153,0.9811711476482889,0.332789208327614,-0.011467915060568936,-0.08624274050712744,-0.054588772459736146,-0.1468377853854584
Licorice Pizza (2021),-0.04033681004456244,0.27699487523397437,1.0831151779676185,1.7224598291214908,-0.04722531399753246,-0.32277851769197385,0.11570101025568734
Drag Me to Hell (2009),0.3704978239811975,0.811536842469477,0.26160071047851513,-0.3748657439681778,-0.4590511815123941,-0.533826101630398,0.27354217088105226
Almost a Comedy (2019),-1.656289044746686,-1.7661877688932164,0.1446180857324712,0.37865772808427867,-0.4223181923531044,0.5501757109076637,-0.019757258376317952
Hannah Montana and Miley Cyrus: Best of Both Worlds Concert (2008),-0.43423678362356966,3.4752008720989362,-2.786570816163291,-0.1415700271696931,1.3289570173789815,-0.15962178123117282,0.8018758321308079
Love You Forever (2020),-0.5636867914696979,-1.8660100927270091,-0.31384369086744773,0.6644368146198694,-0.2411067068736586,-1.5630117664901182,-0.27190636813378716
Ashfall (2019),-1.02686018354276,-1.9083424276243282,0.0784394417287898,0.5997907870607172,0.42326054988521733,-0.3312293419602344,-0.06415144735480824
Unbroken (2014),0.947513620702016,1.5787237561692993,0.07402566404095161,0.7777162650585203,-0.9903803272550945,-0.2694007685935128,-1.0286277798648973
The Unbearable Weight of Massive Talent (2022),0.03196621553717934,1.2119926197184905,0.5085994065404665,1.823779476411952,-0.7827782706333092,-0.2486468285392323,0.2743293174651261
Fireproof (2008),-0.26040322645149094,2.9293657807705533,1.0033195580812437,0.6319283764746668,0.6197379147338042,0.7763386522548523,-0.5524760166127237
Transporter 3 (2008),0.20967744188013637,0.11491687111344837,-0.10790648741043721,-0.7138888058256895,0.0022970212506824524,-0.7654621717299461,0.24468732901322554
Amelia (2009),-1.1305549072540308,1.9490572067760314,0.2900327545698069,0.1544501900602964,0.5909692988268499,1.2876617600276705,-0.061260827202689494
The Informant! (2009),-0.21413962559605884,2.1881781863299876,0.558165573844329,0.29991826257156184,0.0655666823797354,0.2960236854387218,-0.28784888390284946
Beast (2022),-0.04518471910113708,0.30642988511305463,0.06168715748743326,2.1075470534051775,1.7749900491383284,-0.7332018974282996,0.22677151651310695
Wish (2023),0.8246776646499244,-0.774269351966752,-1.73564864220424,1.0708367350286394,-0.31475768532447734,-0.7102345760518692,-0.06445912480238573
Back to the Wharf (2020),-1.6737075142239162,-1.75317091978431,-0.11161507467435672,0.5914932073201492,0.08786080639225435,0.12335400731753433,0.2129290300647741
Shutter Island (2010),4.847275265220544,-0.3005729627922354,3.3208473320461893,-0.7074369376999945,-0.9904764826560564,-0.44934015938986277,4.463946004844277
Joker: Folie à Deux (2024),0.9576243143006977,-0.9459138107311054,-0.7826155102373887,1.6626925108200044,1.1107802997051075,-0.9745445251705666,0.5096324336336578
The Boat That Rocked (2009),-0.6945684087086799,-0.34811886714121,1.154307709315105,-0.4800890603608949,-0.32117310521129716,0.16936437120152792,-0.1465884821107403
Jennifer's Body (2009),-0.762267078906111,1.1886934784645373,-0.11681930894705227,-0.3305995140935884,0.32137432946481354,0.490231572182876,0.6529701766534948
On Your Mark (2021),-1.7055896346498913,-1.7466948072839188,-0.06095591481713535,0.5840434646024845,-0.7134189680439934,0.36340190573466247,0.06821998419285416
Ayyappanum Koshiyum (2020),-1.3469808983530545,-2.4659684112834155,2.5602581240557605,1.284840243025536,0.7825495013395772,0.7383654277234537,-0.5291166358763644
The Girl with the Dragon Tattoo (2009),0.4314061710876345,-1.578530571078602,2.02679643433587,-0.3553322858113905,0.3913730499643195,-0.9427680814422164,-0.2938224007740007
The Girl with the Dragon Tattoo (2011),1.9807219890998446,-0.18299507122691347,1.6936857088592792,0.451372516082383,0.45941630685491186,-0.7305937545227384,-0.6207915862831158
Saw V (2008),0.34726041127495016,1.129908028169491,-0.5613699643278292,-0.5151383264311814,-0.10786416700285258,-0.6456593141169533,0.15306565240398834
Detective Conan: Magician of the Silver Sky (2004),-1.3993773179215947,-1.1526240364858304,0.7238003503311039,-1.564524527304118,-0.2532348507991423,-0.01826793972512323,-0.5791635834299256
Detective Conan: Crossroad in the Ancient Capital (2003),-1.3252818125695813,-1.1255192719446663,0.7990938849890199,-1.682786913657718,-0.28041129340681703,-0.1286082228887594,-0.6589969566928728
Detective Conan: Strategy Above the Depths (2005),-1.667805398678897,-1.1927198994197887,0.7822891886953646,-1.4706899605292023,-0.2753096719237129,0.5573239385557558,-0.47723249904436243
Green Lantern (2011),1.7232602379495061,0.6342213601829123,-0.5173805755270928,-0.051940836849006994,0.5913435714368678,-0.6973432543236242,0.6349855007923921
Takers (2010),0.16354436781637433,2.3312270215990054,0.19386982018653584,0.47921765496995217,0.19149310396614713,-0.0034492087951728,-0.2636934676234833
I Don't Have Any Money Left in My Retirement Account (2021),-1.9132412579492017,-1.8409709811144868,0.2494968945866953,0.6487314552046872,-0.34211234810757324,0.8803975557585404,0.11886074434326566
Julie & Julia (2009),1.1250969123454,1.6297075799711622,0.8781156324687126,0.37930785734210454,0.18945364461234543,-0.5943681381184941,-0.5231267952489184
Renfield (2023),-0.5140111811361567,1.1874265144897542,-0.2421675827400736,1.7087921564079733,-0.8618885975268015,0.22784677282600543,0.4065318669775199
The Man Standing Next (2020),-0.7567449437717765,-1.8296657884975374,0.13764342308129857,0.6733684421661523,-0.5975383522699309,-1.261648692272742,-0.3324509856670344
Le Grand Chef (2007),-1.7919475142921517,-1.2491856299115927,0.524931009628087,-1.1842793513499528,0.11682720100777778,0.7614125268003469,-0.21588331758137308
Redeeming Love (2022),-0.6387894065224095,2.1320633371531894,1.0726963806628511,2.531974423341497,0.4197313148464362,1.1885844402511758,-0.22732472264649292
District 9 (2009),2.755011272657777,0.7105004039066295,1.7359896378719877,-0.3929924280095527,-1.0733939863913158,-0.5624983599525352,1.5142375329753508
Death Wish (2018),-0.36585241145227343,1.384101588381866,0.09478009164889682,1.2564568427286291,-0.17133703854549712,0.43096339005682166,0.11119227912882668
Kingdom of the Planet of the Apes (2024),2.774542271571195,-0.830232579994323,-0.009131689297974916,1.9684552166932903,0.4814343608623352,-0.30538478512576733,-0.6054646849486044
Upon the Magic Roads (2021),-1.64484149782972,-1.6655084909320321,-0.5700974248404871,0.6244088838384078,0.06073207596919022,0.03428149592921886,0.39635501838044596
The Ghost Writer (2010),-0.15086188266998019,-0.36783523678461677,1.2651464991048318,-0.19642424737957428,0.018903169635717292,-0.2631197720160267,-0.016988954932645642
Son of a Rich (2019),-1.191912441431316,-1.741989497963743,-0.10173522931260581,0.38249200112963777,-0.44505108607275684,-0.1599103510586735,-0.0846976941159952
"From Today, It's My Turn: The Movie (2020)",-0.7314232286151491,-1.813613924117638,-0.365754682501952,0.6247203668067965,-0.19337126152830716,-1.4343571776195296,-0.16869437646996266
The Family That Preys (2008),-0.33359362299410794,3.0892396294370417,0.38672128757424096,0.5050620555931583,0.5817871256126584,0.6632372046540808,-0.4225673628153316
Madea Goes to Jail (2009),0.31058204595288125,3.266730932637224,-1.0010750481033992,0.5233549744998566,1.1109389814917927,-0.1887031144318199,-0.036870543267397575
Detroit Metal City (2008),-1.73512097872461,-1.245174921125755,0.3350344020601536,-1.1516430467277832,-0.2593704847756187,0.6044007002427892,-0.24611124328128453
Frankenweenie (2012),-0.051108881615534084,0.6597985510337506,-0.002847646101399183,-0.09273187254612898,-1.0378877649445466,-0.2866731711639014,-0.08068033371578948
The Ugly Truth (2009),1.3135802139523574,0.5701229378679101,-0.3062277631686758,-0.497350204079712,-0.40338306899849496,-0.7503535307910618,0.1158881283773625
Cliff Walkers (2021),0.1215668056866523,-2.226380733444191,-0.5354523024192859,0.7614086222201825,-0.04715241337545416,-1.257374207082011,-0.5450398796185205
Masquerade (2012),-1.2219937248779176,-0.9623974899203541,-2.4469970487903914,-0.9550201530298456,0.4624350704833955,-0.7356608905311849,0.5984422045746006
The Final Destination (2009),0.59395736833472,0.5501628591177319,-1.5877346541096258,-0.7519027117511539,-0.03441103732246759,-0.8871576492147899,0.22804773715048676
Start-Up (2019),-1.815543454166485,-1.6415950456999835,-0.11502149158949913,0.25486335396551246,-0.6058926629833371,0.7580365027169172,0.11602127980049891
The Yin-Yang Master: Dream of Eternity (2020),-0.43040957320212314,-2.0269580313601705,-0.01309038348329711,0.8383109194426709,0.3379321247210598,-1.6102896726670006,-0.2873864119616794
School of Magical Animals (2021),-1.5865500067035159,-1.4149732297851272,-1.290883558054217,0.4437592284442077,-0.2643052352560183,-0.3069668314542825,0.529595004056218
Detective Conan: Jolly Roger in the Deep Azure (2007),-1.877830099850261,-1.1850316446244136,0.2565383344093615,-1.286677511753543,0.010693277339948546,0.7952016183104651,-0.13737799005894547
Singh Is King (2008),-1.4692574590516336,-1.1104351033994735,0.5254252816641993,-0.7193820094910863,1.2054822257167428,0.3986836518299419,-0.01425843802491681
Jackass Forever (2022),0.36797919527317,1.383391359583697,-0.22918255087298287,1.8115876079148399,-0.9115492672011314,-0.5887269456256268,-0.24724700923758725
Doraemon: Nobita in the Wan-Nyan Spacetime Odyssey (2004),-1.409670679448191,-0.9858812773602909,0.26455372954283124,-1.763324078617729,-0.8349036604629113,-0.12878283398642337,-0.5556836502716466
Doraemon: Nobita and the Robot Kingdom (2002),-1.8283882762544426,-0.774469145406862,0.05139100202552082,-2.1727586706658006,-0.8653888948789286,0.49826445927611046,-0.36725836939205214
After (2019),-0.9872517273688801,-0.544860911940116,-1.5110814217164066,0.5175543810364079,0.3230121195018769,-0.3828146221767412,0.48156041839252617
"Caution, Hazardous Wife: The Movie (2021)",-1.864950230916954,-1.7770625692820707,-0.29021080826257734,0.6677475503534375,0.29516486018682114,0.49778148746323975,0.39314721363540894
Schemes in Antiques (2021),-0.9215575361510887,-1.9107387397158269,-0.37222669525966334,0.8191054263722819,0.2693759948916519,-0.9603116588928031,0.012832118372217602
Baragaki: Unbroken Samurai (2021),-1.6992075137215412,-2.1089349027575595,0.7643103792252588,1.0063635827386772,0.8388373799135921,0.6074398594229127,0.10085590064925548
The White Ribbon (2009),-1.2842897809901486,-1.2791781986577717,2.1693835463576248,-0.4131875059394117,0.2427198480498183,1.0485520843309675,-0.4183946900927866
Brave (2012),2.8269914837438983,0.3090881773528581,-3.2550165077789748,-0.279700596805119,1.0919796340462804,0.04264426101783154,-0.5797917847264666
Father There is Only One 2 (2020),-1.399649649309232,-1.463460400039,-1.042405525558266,0.3767662979660771,-0.33500911487974455,-0.7414592710234365,0.3619157168054694
Beastly (2011),-0.5940882628301527,1.7892313011771817,-0.6856787559236776,0.027519968274562805,-0.14634959572246434,0.2095837326967344,0.3069168235622065
Public Enemies (2009),1.8649365667769908,0.18333889997160527,1.1113377217708444,-0.023142845717055435,0.6055647554490825,-0.7540020374525965,0.14809071473845076
Tidal Wave (2009),-0.9499336761281659,-1.3753967795379975,-0.3632112636787239,-0.832178567931572,0.840268725497924,-0.7467772930871451,-0.10728254896970611
Emergency Declaration (2022),-1.1011635575176462,-2.0542546131074992,0.7315949848426874,1.1831705322604997,0.29366609987896447,-0.3812875646180461,-0.12784022377655177
Dance Flick (2009),-1.1142899219718574,2.8204215339493026,-1.8364210698450256,-0.08475074552940888,1.0245047463806667,0.6583397040864847,0.6946616691073916
War of the Eltis (2020),-1.5811731566551503,-1.682031716377683,-0.3139939000594514,0.5825570790339956,0.23813672620868523,-0.11089269582553518,0.33773496804059283
"I Love You, Man (2009)",0.8372625905860958,2.0274662015306815,0.7677100568330874,0.19479213595726255,-0.4161748676202496,-0.3153548610014677,-0.012163752796674802
The Karate Kid (2010),2.676403679232972,0.1983207338730488,0.08136214077200425,0.14001181571795543,1.1321138907410988,-0.45454152593743713,-0.34922674584976504
Detective Conan: Full Score of Fear (2008),-1.7027699432121328,-1.3654444619269226,0.6804855469320876,-1.0203383707983802,0.05213112771618069,0.6709139382356116,-0.31063554630754897
20th Century Boys 1: Beginning of the End (2008),-1.230934262743781,-1.6172727680677723,1.0708491756986205,-0.7095857792039709,0.9017890879757308,0.010526934439315044,-0.4640012842300502
Me contro Te - Il film: La vendetta del Signor S (2020),-2.2975340977485375,-0.7311605113557113,-4.199853214611371,-0.19901184793537693,0.9556732896566763,-0.48932382424058773,1.9464335848714212
Acharya (2022),-2.012106334436753,-1.443494369225881,-0.7094444497911616,1.212886548390941,2.4279538091903263,0.7819197872761904,1.0825344770306802
A Complete Unknown (2024),0.2287364126810007,2.00083895886873,1.5586223981013823,3.0208850671771166,0.027814506834481705,0.06307897187293421,-0.6485031442853074
K-20: The Fiend with Twenty Faces (2008),-1.7419760056368303,-1.535136668069356,1.0611641889367158,-0.8171284083073821,0.815524700293979,0.8737845582247846,-0.2684394390082291
Zombieland (2009),1.7174358124499072,1.9181683724409635,1.2292537639082983,-0.2937536174584866,-1.5103964812554909,-0.3894127104392437,1.5541021848135401
The Royal Bride (2020),-2.0028183274897,-1.5910957868897928,-0.7258689732840327,0.5081278311507812,0.7143137385611922,0.5283844972401054,0.6878482825068912
Glass Onion (2022),0.5456361643276505,2.1108720460707557,2.012755016810303,2.378124891385531,0.04486488151557462,0.802485386963175,1.4002244921584863
Ready (2011),-1.3542644371671284,-1.7984260087019446,2.020122069703589,0.0074846796697513995,1.2220907223446058,0.7079302488782623,-0.54547873881934
Secret Zoo (2020),-1.4753785126577,-1.7364034069369307,-0.13738090112023035,0.6122303722035181,0.05424083965541156,-0.2670905942864244,0.1676469982517031
Green Snake (2021),-2.2331379247541903,-1.3851942423448305,-1.2645264037397927,0.21157924669308156,-0.8649280154297533,0.8794534084756583,0.6248137702316116
A Beautiful Wife (2007),-1.742447295214119,-0.9516256635711685,-0.7378599205561786,-1.4064186930858358,0.29462270212322844,0.19170557575358232,0.20944061475336467
Dune: Part One (2021),4.203166722426405,-1.7702993470683812,2.0514893305586384,0.9571805221315154,-0.3049294696120358,-0.4593161557738849,2.133149304694677
Pokémon: Giratina and the Sky Warrior (2008),-1.279648766564947,-1.181190569185444,-0.3400216343544262,-1.174757339758484,-0.041845166099194385,-0.37581279497557685,-0.18876464599415052
Boys Over Flowers: Final (2008),-0.7028170809278506,-1.6039077886273132,0.7426558785067815,-0.7838608811795509,0.4523778557284512,-0.7572405979026948,-0.6951059430458627
Suspect X (2008),-0.8222448732902955,-1.6073076566224518,1.1406146244068318,-0.7911604583478689,0.005858456303694073,-0.5331101966247548,-0.8256473982690616
The Rite (2011),-0.016106879792506024,0.15294236898719987,-0.06586232793225218,-0.09964083424243725,0.3322949051827643,-0.5567761635973679,0.05103125902430363
Silent Night (2023),-1.187216633898186,1.5625912771301553,-0.5750913770647693,1.7775905292334282,-0.4565457773907854,1.0804007654717986,0.38225913061984146
Hitman: Agent Jun (2020),-1.1739107037995267,-1.7065924477794323,-0.22773146255157536,0.5745384142891959,-0.3722693590409593,-0.8220943592605728,-0.007034337063729995
Biutiful (2010),-0.9604162634004674,-0.9562575331686826,1.9486407906207817,-0.10647367106553256,0.5690186088847246,0.6026371522745876,-0.2956256240291874
Boonie Bears: The Wild Life (2021),-0.9857297485481098,-1.594220251501632,-1.9100215232242899,0.4835558488346532,0.35498564458372656,-1.171054106251039,0.5063196421777674
Vicky the Viking (2009),-1.2649017257742323,-1.016349364710667,-1.0295737965644371,-1.2120842142358017,-0.2876617422565507,-0.5284051391480155,0.03118403891312643
22 Bullets (2010),-1.658821704181197,-1.416563022506919,0.6106366275116137,-0.7849703707640819,0.05557419518670677,0.7105479308638633,-0.029296725041639247
OSS 117: Lost in Rio (2009),-1.751649589144417,-1.2350055158561781,0.388861988245758,-1.0619917141282185,-0.5032102541682942,0.7722186889003747,-0.16052773290549102
The Blackening (2023),-0.6011414802485668,2.515039403927868,-0.3310495691966851,2.255894890682362,-0.3520970542013457,0.691909230356,0.1084689630988507
The Hobbit: The Desolation of Smaug (2013),7.299211969109046,-2.456262227261366,0.5564301249494786,-0.21921602129904547,0.7019003701550961,1.049866879241877,-0.1328110688496849
Downton Abbey: A New Era (2022),0.39330797270240886,0.04072961346916221,0.6168817149986162,1.7903187723420657,-0.4524634975702161,-0.8190824883797232,-0.5821510758057751
The Invitation (2022),-0.18974921843895284,1.245291338273231,0.06880791135535493,1.612371760254524,-2.0364847292691364,-0.39058916831904295,-0.6429268332751457
American Underdog (2021),-0.02474173114899219,2.4418402347384567,0.6864682201075143,2.2865449294859577,-0.46885150361300404,0.18133895702391511,-0.4661910452425922
An Education (2009),-0.7448120685086782,0.892584668923139,0.9352055319661365,-0.3146175659880139,-0.717112830792237,0.7788667887296531,0.002798721004172146
W. (2008),-0.4534945260794443,2.3315816625885666,1.0498111400530052,0.46508487096232154,0.8952916033054389,0.8467174447737946,-0.31263158335814123
Homestead (2024),-0.9902143839856545,2.9459164461729928,-1.9288238442251837,2.152516869977466,0.12450906955366549,0.6145824662229429,0.7591707676915928
Whatever Works (2009),-0.999825525684296,-0.40526036496195267,0.4054690568966863,-0.8385494319640313,-0.9362378610534635,0.16505336108533614,-0.1324881275273511
A Walk in the Woods (2015),-0.6658016775827735,1.9486329266641984,0.2673775795989599,0.9945332705238105,-0.1574800739630953,0.9915392609013093,-0.14545459714232495
The Extraordinary Adventures of Adèle Blanc-Sec (2010),-1.4820189900861998,-1.3122574619694876,0.06904364307512328,-0.8740270699021887,-0.07150496251250964,0.21440842190110465,-0.03791651078080216
From Paris with Love (2010),-0.42007574294665473,0.8830550598897887,-0.007744457674424274,-0.29972567270537187,-0.5326108496112313,-0.012785401128678072,0.13961987640775622
A Nightmare on Elm Street (2010),0.2749805821930393,1.2874203502099846,-0.969305352642268,-0.16255326392012984,0.30220677144399316,-0.6073909652496841,0.2698170463063597
The Best Movie (2008),-2.057300136547933,-0.8662118886292827,-1.9075863306295493,-1.242867325471245,2.0245221152380073,0.2157215693677916,1.0614760305951372
My Bloody Valentine (2009),0.08365635552698375,1.1351358438375265,-0.7111319169512211,-0.23074468969428674,0.4179742091776298,-0.6532693841966621,-0.0013000561483452534
Paranormal Activity (2009),1.3996597561483102,1.2348849157836543,-0.4737375065958213,-0.4281670196286523,-0.6437152637060172,-0.6472416717166732,0.2955249691840103
10 Cloverfield Lane (2016),1.0313055311148418,1.1877865023816574,0.766621617485587,0.7851297790350051,-0.9366358354510069,-0.10457335075574888,0.73651780757563
Doraemon the Movie: Nobita and the Green Giant Legend (2008),-1.4870518185765362,-1.2869150025523715,0.41730851069145836,-1.0329554265982983,0.0006916262306003366,0.25103075260074736,-0.28932543517716675
Rurouni Kenshin: Final Chapter Part I - The Final (2021),-0.8584031846424609,-2.1612724501645073,0.8682881901916016,1.0104191155214766,-0.008064557452082457,-0.6726802106643892,-0.38562704537309206
The Beekeeper (2024),0.27269681930806783,0.7011519819391699,-2.085654234408221,0.7816008331611687,-4.027809396973799,-0.7336596754683858,-0.5408145357994915
Honest Candidate (2020),-1.4690693628841651,-1.6201183651940692,-0.4100520028291638,0.47365858712865305,-0.43389666224504564,-0.3719397166421287,0.15033833889064244
The Banshees of Inisherin (2022),0.13446348760453006,-0.9584091449097928,0.9696989612027176,1.1382678423465256,-1.181404815246392,-0.764823016938603,0.5436797805101019
20th Century Boys 3: Redemption (2009),-0.9486741047051135,-1.791544153124776,1.2026941326601204,-0.4102758864024181,1.3548929580203188,-0.40856679219511016,-0.5247208199054203
20th Century Boys 2: The Last Hope (2009),-1.4665297350468014,-1.5813074927873383,0.843032740876437,-0.6413627054567956,0.9528328293771056,0.2871211865068849,-0.26510529991928766
Pokémon the Movie: Secrets of the Jungle (2020),-1.1176729420975724,-1.6329830687293123,-0.5058035414549451,0.4545649401145508,-0.7194772348561244,-1.0338415524315583,-0.033971895381551306
Devara Part 1 (2024),-1.0293357133778163,0.6665187229235091,1.4955382683648735,2.812370048044308,2.018487500805672,1.432907676468395,0.06255450418400518
You Will Meet a Tall Dark Stranger (2010),-1.2314725240839561,-0.62938079718532,-0.08169739660615608,-0.7644528275001152,-0.34812206338616647,0.15179308960173216,0.07992147633845739
Rab Ne Bana Di Jodi (2008),-1.0228899202898154,-1.5837630413480979,2.1823915005395613,-0.32902905982976954,1.3487830616719136,0.3607785286839259,-0.4754038445596625
PAW Patrol: The Movie (2021),0.13633061718872408,-0.344646164053921,-1.3067526036447892,0.872342098074371,-0.8465291200353798,-0.9755309122556776,-0.18319048638715488
The Girl on the Train (2016),0.4349044788565774,0.3944257422037505,-0.9480057213184223,0.5494636767356285,-0.2217218118584409,-0.47295892736301737,-0.40611804964665943
Orphan: First Kill (2022),-0.8174730715400955,-0.8432979322162555,-0.806753167754173,0.9305780846686487,-0.47724470312180206,-0.7795180105038244,0.4048482984614253
When in Rome (2010),-0.5587458677373262,2.250787964959098,-0.4907895984085116,0.1223842617397423,0.08620959735286446,0.459296560782447,0.18232932049473907
The Divine Weapon (2008),-1.8273183831198117,-1.4378029573684616,0.7347093493590698,-0.8574470374479874,0.9626913361000458,0.8910787128767305,-0.08358107461519772
Star Wars: The Clone Wars (2008),-0.22289767937178726,1.196996027589024,-0.2656528725131941,-0.38182071412431773,0.05310144837927053,-0.3333821539745181,-0.03750291187187101
The Creator (2023),0.49593807900759157,-0.3955683617619444,0.5125885346574757,1.7335849917768715,0.086485696283224,-0.6496959099178518,0.3105864318399552
Ninja Assassin (2009),-0.12017771628511324,1.541086736773919,0.05212055746968834,-0.06424916494884829,-0.15272518089103204,-0.20114554499444426,-0.17297979176962883
Agora (2009),-0.8962879473868857,-1.2574628116188384,1.0805996456359441,-0.6566552484741074,0.0683725197018995,-0.10517537311333873,-0.22533841139522423
3 Idiots (2009),0.5420330330151308,-1.711209572176611,3.3442436294382185,-0.2608433207353797,0.46308279390619805,-0.4499420637530762,0.5279318198483335
Girls to Buy (2021),-1.9380783788892624,-1.9315083834787947,0.10443507085658493,0.9333516989527165,1.373594514434838,0.8211932349142737,0.5644832167053996
Pandorum (2009),-0.9143963373004853,0.9483561912273937,0.9023543499519798,-0.2642530073139112,-0.18747576243874856,1.1262743789742578,0.30814911040952386
My Name Is Khan (2010),-0.5634063647572285,-1.6451311069590049,2.5394301946993934,-0.04139429018189499,0.7840769986276078,0.08272877973252328,-0.49794641448000276
The Skin I Live In (2011),-0.8594278671528991,-1.223693843733182,1.4185016693974606,-0.47092056229904256,-0.5199679996488292,0.3249507578347094,0.044905772194380786
The Lincoln Lawyer (2011),0.7542254382559835,1.34002777344045,1.2466845018080295,0.4068596357587828,-0.31000532394134395,-0.18369867669927545,0.1254324015455691
2012 (2009),5.07541317767974,-1.966814744308097,-0.6417124076108536,-0.6434857424766807,1.991087689188345,0.2621075474368181,-0.4033769059869157
Hotel Belgrade (2020),-1.8262557109420394,-1.6188267749675933,-0.24658981097224295,0.44413699878317714,-0.3471350061295972,0.45623440856590325,0.27689630709252333
The Chaser (2008),-1.0202255132424514,-1.5764461803890595,1.5606527959589476,-0.8693740083369891,-0.35430749593585353,0.12450950922511582,-0.5200573182677369
Tokyo Revengers (2021),-1.0083621452488116,-1.92279516506849,-0.016256332436019445,0.7887775042893218,-0.14881413042483327,-0.7611617043501587,-0.1283302745760629
Rango (2011),2.03963848875934,0.535239868599088,0.45520513438005084,-0.0207781382026313,-0.6586621994175671,-0.6143780118080535,-0.02849242163953464
Up in the Air (2009),1.538933691011952,0.6842464515298534,0.9335640708537847,-0.2604022121676634,-0.6609699652442413,-0.6826576606918642,0.26817239851218255
Recep Ivedik (2008),-1.865967319931281,-0.8904210656473649,-1.0861293572543051,-1.3849012836659471,0.2926284925645587,0.37821538186871256,0.5420369025189152
Step Up 3D (2010),0.39115461902371296,-0.18699140737311484,-0.3796523446924747,-0.3917243334696513,0.06638870891844749,-0.8747185222607333,-0.370130629283667
The Bourne Legacy (2012),2.115535433659111,-0.1490105108459333,0.5291564124652152,0.19441290943495923,0.5553418802192835,-0.5688885552887728,0.21183052279904954
LOL (Laughing Out Loud) (2009),-1.5228682791995645,-1.2019103667128435,-0.06808263129864045,-1.0200037483579476,-0.08994006583381409,0.15802098563620148,-0.07405186322053736
Easter Sunday (2022),-0.8287576674946407,2.725856963991543,-0.7525951981129939,2.1129412641267615,0.07391285702933992,0.8099422996998946,0.2848134309547563
The Five-Year Engagement (2012),-0.2633544109169538,0.8445156190197314,0.5245377648541679,0.4229328408801946,0.5360002418412121,0.0374953748666341,0.06087663472776177
Diary of a Wimpy Kid (2010),0.19751279469402597,2.463322191771096,-0.1393293909383025,0.35235864342538803,-0.20103990625354948,-0.06805787311302529,-0.2753588822741704
Law Abiding Citizen (2009),1.2746783428572135,1.040832290378772,1.046031403089278,-0.12206511919496024,-0.6439525087961745,-0.6523066283085128,0.2415399364794544
Observe and Report (2009),-0.7416927646375577,2.8448109785305795,-0.21216890943535358,0.12395202204663727,-0.16661032223641625,1.0024129081915416,0.09858460416900382
Obsessed (2009),0.14866867783652335,2.8682922392850645,-0.5666329466742687,0.4653679346749066,0.9934124129073892,-0.1520530734000617,-0.04122758859497017
Rurouni Kenshin: Final Chapter Part II - The Beginning (2021),-1.1082726894964907,-2.1451933969294386,1.0759001055808695,0.9908294790928112,-0.15476928352648955,-0.2545833543750663,-0.36498282640509677
The Color Purple (2023),0.47608990810623814,1.622411254764207,0.8420365793352105,2.687842665672136,0.5062913461846502,-0.25894003186062076,-0.49980300512219444
Violent Night (2022),0.414241447253932,1.0049030383563726,0.1473863946572891,1.85057810827703,-0.41957003225726586,-0.6003646908243514,0.021548279169884964
Funny People (2009),0.43983880361860334,1.5338174610601791,1.1707349166571985,0.5803996288257391,1.2883761032531558,-0.2870161272504024,-0.1906250927276428
Harry Potter and the Deathly Hallows: Part 2 (2011),10.137048182818974,-2.7475550473881625,-0.5134476671191822,-1.1766644797736416,-0.31273212611591106,2.275555755755032,0.03050976249460865
Furiosa: A Mad Max Saga (2024),1.478180859201699,-0.7872116252396338,1.2135029225131708,1.993401347636359,0.02007761886396316,-0.836288599230758,0.16875389254658965
The Muppets (2011),0.9702814728331354,0.8662758970610557,0.22011849777686499,0.13368101305465205,-0.5575201926393625,-0.5578765271493457,-0.592490677072111
Last Vegas (2012),0.5028929585979378,0.42045593966549655,0.05556188019861517,0.07872731903024298,-0.26823598597333004,-0.49216537493338675,-0.15909830330153996
Gran Torino (2008),3.4796658553864024,0.6128195018940106,1.949134039347199,-0.5531495181850369,-1.0746219269073727,-0.5202524200846124,1.6856115720632314
The Rebound (2009),-1.6793104105735848,-0.9112484046242952,-0.025466569596039237,-1.0996311895760817,-0.4318347530400677,0.7040182755120403,0.22055102351683406
Jack Ryan: Shadow Recruit (2014),0.40071833105807836,0.158160838529801,-0.2983205887852147,0.21591324059410516,-0.153504768836436,-0.5648601559055774,0.11668553209270688
Streltsov (2020),-2.215649853449804,-1.4565000446449052,-0.9519535651521818,0.2965015454299813,0.05815324412428149,0.9144337722733348,0.7182268815372979
Rambo: Last Blood (2019),-0.04805127846600507,0.6714976738776939,-0.7031334069618799,0.8828843514697473,-0.7126252008798696,-0.22216656183899602,0.32070835260962993
Playing with Fire (2019),-0.7516201906194613,1.660507965537212,-2.5060546972534543,1.0104176968854561,0.8692275876699425,-0.05422563038869115,0.8767565351382484
Detective Conan: The Scarlet Bullet (2021),-0.5814677574355027,-1.9178325237897322,-0.6449445920228543,0.6590680339741399,-0.2578716913069386,-1.1280698557836153,-0.18407420741745512
Brooklyn's Finest (2009),-0.2743912242744442,1.7305389780519496,1.250671932578644,0.47738839366058106,0.6733731702440238,0.4697420092675724,-0.38002109533405976
Moneyball (2011),1.5520239714883715,1.198615927650337,2.004867637027486,0.46763483397700756,-0.15632410517520182,-0.25486572234677346,0.807778070875039
The Lone Ranger (2013),1.7972649514249277,-0.5752349488177142,0.6231317028534938,0.4255981758004645,1.1219520314518527,-0.6955486641012288,0.013104130910033221
Doctor Strange (2016),5.6633766301458515,-1.2450538101395383,0.15023921875770654,-0.12282480597132599,-0.8450924053503882,0.49665353771413034,1.28181154008424
Escape Plan (2013),0.5632696053521706,-0.773291856251515,0.3569098518587795,-0.1487288400121852,-0.23796371547445083,-0.8060781810532677,0.4219018011782071
Hereafter (2010),0.21241928018184564,-0.16545386214171734,0.5460457624491781,-0.08527055412923691,0.5314345230343008,-0.7341137582996424,-0.2660628479323251
The Back-up Plan (2010),-0.2855860715117935,0.9887418889101308,-0.6498588018302706,-0.12327435823146997,0.5297267720833725,-0.37922267483414407,0.11456733670251079
Lawless (2012),0.32227652526306844,1.3817583062337968,1.2461188638138638,0.5072953073890346,-0.3477247737746282,0.1311932508110614,0.2855830990527401
Bayside Shakedown 3: Set the Guys Loose (2010),-0.7763297027688091,-1.6497096770789101,-0.0315858139312989,-0.49357008228565863,1.5128801390944235,-0.8179802809531624,-0.19886642048101386
Alpha and Omega (2010),-0.8225519090184159,1.2271790520191952,-1.0027257176064792,-0.259007817259555,0.24107361173630334,0.02565356086843468,0.18072746826870006
First Man (2018),0.687999943921235,-0.19564346276172967,1.2937963618048614,1.2299769657071546,0.13998817164357222,-0.5243083037411536,0.04293949036925763
Disaster Movie (2008),-1.5381371983273746,1.3360239604476776,-2.8729533018645332,-0.9258988242002987,1.988330918268179,0.2680089789159603,1.7673953019366955
The World's End (2013),-0.029846385324687183,0.9819934980854017,0.9696848425031306,0.3223845745129818,-0.47943301882979694,0.45249951897532537,0.7442499285139809
SP: The Motion Picture I (2010),-1.5377809140170358,-1.1657863461410225,-0.5236217683349835,-0.9572659880182326,-0.02874229154962045,0.04665219603236823,0.05073673946027993
The Yinyang Master (2021),-1.0843126011295274,-1.8378531999787848,-0.2678674128371754,0.7219013965969768,-0.27412942958463987,-0.7258918036931744,-0.029770212879606874
Cars 2 (2011),3.5726389393952704,-0.5685910042727929,-1.2726421914761943,-0.46990881540019674,0.12056007798140995,-0.02638817144141076,-0.5705388934543535
The Girl Who Played with Fire (2009),-0.40540266138886366,-1.1362899054462448,1.0519565246206701,-0.538627019252629,0.16650564257733513,-0.574406955210443,-0.3483459025419797
Leap Year (2010),-0.45739578474288517,2.208338667461504,0.43301125959811987,0.2730307840140136,-0.17855556277755405,0.7427261454009318,0.054124823083663516
Battle Los Angeles (2011),1.1834030268893339,0.20640798594421722,-0.4625229779825112,-0.09194582529779904,0.5759862477376833,-0.778407956292373,0.16684166237319625
Limitless (2011),1.919399576660068,0.5680554810041067,1.1894349128031378,-0.24803319234410934,-1.028303945807773,-0.5392054849840163,1.4766473509137743
Legend of the Guardians: The Owls of Ga'Hoole (2010),0.5194264312723255,0.4183034189663559,-0.00595497596689936,-0.2728868859947287,-0.6371128952135535,-0.711966951047399,-0.46969994387976755
Whitney Houston: I Wanna Dance with Somebody (2022),-0.05430266472413017,-0.3395270742353434,0.628260546474768,1.85270423570332,0.5942471702869558,-0.7988281062130904,-0.26179983043645794
Wonderfully Beautiful (2022),-1.260968785781336,-2.041610788904027,0.6666705668874584,1.0590664871067756,-0.08713466918434858,-0.16283670883886414,-0.13756133568004045
Ghost in the Shell (2017),0.5190768971371051,-0.8977077567263303,-0.27095045694278,0.2687082291978994,-0.3165173493029364,-0.5359967112864576,0.40848788393109564
No Escapes (2021),-1.5778767645759117,-1.9565264085435141,0.44826019862776234,0.8638055135594787,0.20321899470105062,0.3100959001340929,0.0634940361639347
The Fourth Kind (2009),-0.47695188341905886,1.2568247884696064,-0.17617038570135785,-0.24085146971904178,0.01817184640873924,-0.03980640145346529,0.09482749365371075
Resident Evil: Afterlife (2010),1.4112233472356281,-0.6041108711020872,-1.1488068214293399,-0.7814997148186964,-0.06242826521658337,-0.8617766779080533,-0.03268675772570714
Ip Man (2008),-1.1651628282637434,-1.3982283121524306,1.6178980046105735,-1.2105094885131356,-1.1431317210101046,0.8856002021176741,0.2657830496577246
Abduction (2011),-0.8385091261833861,0.5615141524283749,-2.1352921819685857,-0.2513464295518204,1.8909855524399306,-0.5011117825655919,0.7673901310552713
The Road Home (2001),-1.8312769106169469,-0.005930732991376589,0.21591578198052816,-1.9225945977859946,-0.2624736781218288,0.8657588447237093,-0.30919414358912317
Chimpanzee (2012),-0.5352035031081624,2.420258558402282,0.16130523227833302,0.4687181892680045,-1.2437333875740428,0.654674669587592,-0.5616062228894644
Zookeeper (2011),0.5764054979949489,0.8067081645530522,-1.0994809365271008,-0.05640194190663018,0.517256848912675,-0.6697091403084121,-0.010907599705528171
African Cats (2011),-0.8982578922548121,0.9593932603020322,0.6076525728605999,-0.03856411229480283,-1.2005822867228624,0.6907722094857116,-0.5992731111458077
Insidious (2011),0.0019071140574024963,1.1530406615460687,-0.48852742982829556,0.0873352998019516,-0.15280151439692852,-0.44203137605678977,-0.4367692372080507
65 (2023),-0.25912221285438947,0.7552656184519532,-1.1372329150848235,1.5059160526582882,-0.3118286445579577,-0.49583622524465054,0.6328651364095361
Get Him to the Greek (2010),0.5218895406739439,1.5608043406542904,0.29973111966107985,0.17654009210620908,0.07103281952306313,-0.34272035905794046,0.17170891607738914
Pokémon: The Rise of Darkrai (2007),-1.3208113039253742,-1.0834131898966262,-0.25355556071030805,-1.3944291868802154,-0.5501052936034659,-0.2978291303281777,-0.3070331642861179
Edge of Darkness (2010),0.1573520684876686,0.9249480914373016,0.5439555211184219,0.1316667255344598,0.15961802761304708,-0.34826893768192413,-0.23857782140717915
Beautiful Boy (2018),-0.89775116669161,-0.6671302709518101,1.0780589807918128,0.7321752854841598,-0.5587537974564726,0.6652490514786844,0.06919559000265146
The Post (2017),-0.0747328010701858,1.4228453842305182,-3.7471175336521636,-0.3908331554495003,-2.6962950099143534,-0.3648658396515229,0.2177402885337017
Iron Man 2 (2010),5.848894551170964,-0.11825396547623197,0.41843014209295276,-0.5639455066302236,-0.07279048227680161,0.45439340507352105,1.6976637658722677
Let Me In (2010),-0.7008457416615234,0.5787878691018453,1.159550621134977,-0.056841205671132405,-0.20586161141123885,0.670278851028106,-0.018509585726091477
Mission: Impossible - Ghost Protocol (2011),5.222384936752226,-1.4082835838359586,0.13807734275753925,-0.47387079920283226,0.08755714980370666,0.29184573569866523,-0.13290180457613018
Anchorman 2: The Legend Continues (2013),1.4049263437077182,1.5473187622971332,0.20605658464823146,0.7570496885949978,0.32280180791687657,-0.3581885016602736,0.05119567666809701
Jane Eyre (2011),-0.6968272468421481,-0.03243247909444217,1.1943065897818153,-0.026413837586836096,-0.2458835549933251,0.3855834480378375,-0.2160865372342013
Jonas Brothers: The 3D Concert Experience (2009),-1.6648733466023977,3.1479505117255013,-3.180286921210919,-0.2775087562461255,1.9728673122391582,1.004520721661015,1.533001823180975
A Turtle's Tale: Sammy's Adventures (2010),-0.9581401140760664,-0.9409372055576699,-0.7912882155807324,-0.9708138883632534,-0.47751033760317085,-0.6314198006873415,-0.08633352869742933
Wicked (2024),4.424919710216616,0.5109494441605601,-2.4382344872295123,1.9346453802425554,0.6598638498177197,0.7860846215306073,-1.014382541066713
It's Complicated (2009),1.4209359993336461,0.6938909989113514,0.09684287596008805,-0.01809977336977528,0.38976963051168195,-0.7048055106576145,-0.5976922246515148
Alvin and the Chipmunks: The Squeakquel (2009),2.5109896247240835,0.8091202256403159,-2.525802757618425,-0.5690147313532812,0.6418797426646268,-0.23538747925038023,-0.4466642305192494
Due Date (2010),1.640021224531227,0.6902063630529621,-0.10701296827001314,-0.3998838784873132,-0.5924308479868474,-0.6008976424055872,0.6216586996999098
Hot Tub Time Machine (2010),0.25152045694652375,2.128424424799094,0.3160626044569757,0.22708361908773814,-0.2673820782890828,0.05566794366076794,0.2339551180444333
Forever the Moment (2008),-1.5871433125596588,-1.3892551634650177,0.6156296441240185,-0.9230684898995781,0.47713049871812024,0.44502863117335917,-0.24048684333414105
That's My Boy (2012),-0.19095229822614462,1.4262519059781509,-0.0019771209183552726,0.4662915024527379,0.6625272123778454,0.025325702326057457,0.2925398321718374
Pearl (2022),-1.1321973491564148,2.661212224252407,-1.1250267322817553,1.9662687668427068,0.23685737627480902,1.1052807334905568,0.5317926263063886
Sorority Row (2009),-1.2560665828897655,0.9434068638548488,-0.49344772604696635,-0.3997021208146613,0.5281802589736394,0.656607332074356,0.31328573945640814
21 Jump Street (2012),2.4920936080749283,1.324448229522011,1.0669516565148092,0.21483365705753926,-0.7474520148268683,-0.32475216289273034,1.3967136225247594
Crows Zero II (2009),-1.3457341353057686,-1.6276042738635,1.2848057568806937,-0.6613279482809546,0.24551737923056696,0.30428918835231655,-0.5679944727004927
Saw VI (2009),-0.25363770568372807,0.76172878599721,-0.38471009841442927,-0.5335275061073705,-0.34956382066104047,-0.4194305442223536,0.23355602253624824
My Love (2021),-0.3655149092178432,-1.9760433991629278,-0.44823140374659237,0.6916171309511828,-0.4320863194982573,-1.1095933940762284,-0.35756737723141885
The Men Who Stare at Goats (2009),-0.09961746426657551,0.9627050850152261,-0.13451322868153912,-0.3884689312739842,-0.3310584117679549,-0.3993893715750609,0.1595202209221766
Red Dawn (2012),-0.24631214448614971,2.6633914902774856,-0.6247628950354519,0.5800572569071419,0.2209507266584511,0.28832354679998584,0.27801398758544543
RoboCop (2014),1.2817483341587366,-0.7065949725427875,-0.32916483144155023,0.027579684824464785,0.22132044092664288,-0.7455593656969204,0.29697048402519177
Dorian Gray (2009),-1.5488869782366363,-1.0588417339041636,0.30720605095186976,-0.9287737743311096,0.13450326486444175,0.6259560549824852,0.271927590885183
Broken City (2013),-0.7679352848147813,1.1131161230388975,0.22411938157313235,0.41483710364967347,0.12912995893902987,0.682489278870205,0.19376294296854038
"My People, My Homeland (2020)",1.6939767756126523,-3.026035037276499,-0.4836116440523553,0.8336490296761467,1.1986235496548125,-0.9818457172373667,-1.2681873354716415
Into the Storm (2014),0.3395587802304758,-0.1475713516179741,-0.31791899413644836,0.015046774055402019,-1.4101928272845095,-0.6478383504597961,-0.8891832227876225
Belle (2021),-0.8283381060349757,-1.0876841778760908,-1.441951350270166,0.614498220036386,-0.32058828898717767,-1.0470857573628014,0.3109732281231654
Drop (2009),-1.8497994495695995,-1.423270015696232,0.6336964521242573,-0.8544273346116347,0.38196837704493247,0.9054225273710077,-0.161028587756993
Hypnotic (2023),-1.4602151842761149,-0.15988777706522458,-1.2556343639550123,1.0669666235221087,-0.4308007470661025,0.3049384533280626,0.6843042484667934
Soul Snatcher (2020),-1.1913015580053807,-1.7509493580412028,-0.5923753442385016,0.6993862958749529,0.6910174976720503,-1.0254995901951474,0.28595168323249687
Your Highness (2011),-0.7935377678054385,2.159809540093743,-0.08895962821903484,0.32903510782673856,0.3746514354129774,1.0178165646190747,0.4326246925191991
Sonic the Hedgehog 2 (2022),2.661752238558621,-0.3121415688208135,-0.786366898035332,1.5278628106555423,0.11387082506472361,-0.2192635601787404,-0.6371588930465862
Kingdom 2: Far and Away (2022),-0.9235576289994943,-2.1021563518287123,0.40114822910611475,1.0872455545000599,0.12852170387419878,-0.8207435331204066,-0.21136955405017716
Sarkaru Vaari Paata (2022),-1.447985304376984,-2.1557254834889,0.5159725310576514,1.3001865160520896,1.646112607877277,0.05673465732413782,0.3559267725722178
Cell 211 (2009),-1.5936106107842376,-1.4368012785064148,1.2928436618496366,-0.9281214667928261,-0.6243670796736781,1.031497863373293,-0.2319758989374264
Taras Bulba (2009),-1.9282874896121733,-1.383329314714173,0.3876388491093743,-0.784821099675751,1.0807185192659998,0.9657124736657678,0.14109654633444157
The Tourist (2010),1.5385666936755173,-0.46268539777188883,-0.6731419875720128,-0.6686207492326556,-0.015814839728404695,-0.8107021291161515,0.24557656575349376
Aloha (2015),-1.012652908890783,2.11009240813575,-0.17906837821989013,0.9170932049620766,0.4331790244179831,1.4469938564400704,0.477462615820693
This Is the End (2013),1.546414211785531,1.962381745456395,0.6451296915683303,0.6063569435800218,-0.37654959645860575,-0.2719511035957494,1.0624675493840952
RED (2010),1.5901055335856666,0.4168910212487392,0.5570694713434392,-0.20728967818930683,-0.3808946930771568,-0.623324801721374,0.2883374997030291
Snatched (2017),-0.6062245013385239,2.1672896554408854,-1.9024537052989443,0.9161570721570491,0.28963067593334946,0.0868001796341145,0.4897154637856122
Escape Captivity: The Movie (2008),-1.692951719214935,-0.8079196242958187,-1.4755656851715162,-1.5549108383565327,-0.49414452007559256,-0.10255930054263454,0.23222232546675192
Decision to Leave (2022),-0.8159562906391196,-1.770671382851983,1.0926490490740381,1.2818303537723381,-0.06780698733120738,-0.4161537118535691,-0.14722553412715636
The Artist (2011),0.06352935168182874,-0.15370104263541087,0.06333122360093552,-0.23060250313778854,-0.6402683247406629,-0.5044249802620806,-0.870159558509204
Intruder (2020),-2.006027935080015,-1.3598266174116527,-0.32408445643917566,0.4173874328957985,-0.4274051575550963,0.9844698415008201,0.4358876595198099
The Real Exorcist (2020),-2.1023882230846884,-1.605940872395673,-0.5783004849663042,0.3915016344489571,0.10925145101666107,0.7930971223708568,0.5218884152454314
A Little Red Flower (2020),0.44528658852289277,-2.3044059310206944,-0.45549168391211214,0.6554893536455597,-0.051682048710157094,-1.4060010507886724,-0.7724939588849747
Kick-Ass (2010),1.388546062077366,0.6075487428502512,1.8151489128559646,-0.19698531819390702,-0.7549125653587551,-0.41687312942832266,1.4284479873988598
Chickenhare and the Hamster of Darkness (2022),-1.7381256592924017,-1.367627295691493,-0.6061921326281173,0.6042097669035911,-0.9540318511746323,0.41019358619616886,0.36195555067874247
Spencer (2021),-0.7214421918346546,-0.4698943353919087,0.20323700613082654,1.1887885593129335,-0.2166892235080095,-0.26443065698507406,0.2503108346633137
300: Rise of an Empire (2014),2.1536547846816947,-0.41415411847134154,-0.730197019086624,-0.10998568514501313,-0.2797119842155657,-0.49897292163764906,0.3921787896335988
Immortals (2011),1.2699382944754996,0.0901762881520408,-0.47417910578384015,-0.18213236000633837,0.22357328997392895,-0.8033132943460268,0.009267887718785894
Chef (2014),-0.8796313633756807,1.684350878335512,-1.248413335705312,0.5393343588862052,0.7642947123871716,0.38079780336521724,0.397503328480991
Holmes & Watson (2018),-0.9718533393832385,2.103060456968545,-1.7865332712209845,1.065438944394042,0.7434484316788287,0.6400776425770744,0.9113350200951235
Men in the City (2009),-1.798268785139181,-1.2372749235910356,0.1837432060063575,-1.0020709906838101,-0.012813329321481727,0.7060617398256929,-0.04899370700923159
Go Brother! (2018),-1.425506568160307,-1.555620897898066,-1.0963860297816133,0.13875588843117234,0.29530875244936666,-0.2018444832194924,0.36501536467591894
Okay Madam (2020),-1.4834774438682252,-1.6389080287912172,-0.15457137011608693,0.4458691581742544,-0.8441042575196657,-0.2007058105191575,0.003065158596946199
Bergen (2022),-1.4777225489602979,-2.142085403017486,1.0004778488627297,1.1606237822796839,0.3753058345713997,0.3864033202110589,-0.05148941265602425
Twisters (2024),3.006116952441979,0.8300990097454202,-0.5935451973606244,2.1803483834659536,0.05334759487581971,-0.0034388695938726804,-0.3141484139707645
Mesrine: Killer Instinct (2008),-1.3337910344250399,-1.4135397880280316,1.081040012880405,-1.0209375885617487,-0.5255409304307026,0.3714925144786363,-0.4734666345002803
Bullet Train (2022),2.3111543610051344,-0.4164827778073655,0.7951678865177286,1.400158123719744,-0.5379635451672012,-0.7131691706776294,0.9525258373069707
The Cabin in the Woods (2012),0.7076446041572382,1.2614281754916288,0.8438485997887529,0.0268044148302867,-1.0319465515438848,-0.04977512589904954,1.261513450483067
Den of Thieves (2018),0.31750120447576724,0.44072149773738817,1.1540578528300296,1.4409073396408394,0.36322850459545575,-0.11772352698384637,-0.08533727210647099
The Twilight Saga: New Moon (2009),4.816775532477149,-0.4050648360617227,-1.829807073335234,-0.5437786298871466,1.7732851224770565,0.4731471386177249,-0.16799331002301288
Doraemon the Movie: Nobita's New Great Adventure into the Underworld (2007),-1.3179087122421986,-1.345090404718092,0.755923614936414,-1.133015390213216,-0.27785144908809734,0.016794975872985562,-0.5802605265687117
Two by Two: Overboard! (2020),-1.4615017646732877,-1.162713302892109,-1.124480400414585,0.31482284371850394,-0.801977281531795,-0.504282209950339,0.40071917204402
Parallel Mothers (2021),-0.9890960009079408,-1.5409709983887654,0.6089979254814999,0.9755539553522977,-0.39005107056009547,-0.30274539388271066,-0.11941075910357686
Sex and the City 2 (2010),1.4110872252766147,-0.30804556968834035,-0.9123859456843688,-0.03422753250781989,2.3121150779002058,-0.7985505585241557,-0.09010454067998061
Scream 4 (2011),0.20977746229847904,0.36486407842384627,0.11625911356634881,-0.09214010078600661,0.09010447339802409,-0.5151523810047748,0.2734808750933642
1921 (2021),-0.8767973887246898,-1.9228086369609612,-1.1446659582082743,0.8947720022142155,1.6655305481832692,-1.162010209259236,0.4784812124961359
Coco (2009),-2.1755755156336756,-0.8323974789514822,-1.9205933549277694,-1.280688934924309,1.229041593548975,0.4416573398703089,0.9780412895618081
Coco (2017),4.016525337825028,-1.277781306983031,-4.432650581866069,-0.10492194382644915,1.4334245256216636,0.6041778887730652,-0.8933268781447492
Rabbit Academy: Mission Eggpossible (2022),-2.229674085618782,-1.3488141466576433,-1.4509848372420309,0.30731587986104975,-0.8631878639489908,0.8312055594965008,0.7417522135904904
Crazy Heart (2009),0.10398836302732734,2.2085184236449584,1.1115713164894487,0.42103417102474844,-0.2260149442183474,0.2042170487057903,-0.4847834373768349
Doraemon the Movie: The New Records of Nobita's Spaceblazer (2009),-1.6987467409109671,-1.2789180432671525,0.2618727583121168,-1.0266976755904311,-0.3216804075077114,0.5244611232985034,-0.23983730989995217
Little Nicholas (2009),-0.9172873835379525,-1.2648612575632896,0.04199329192542739,-1.0895438127538781,-0.9887241158145027,-0.5870951362626734,-0.5232809021131266
The Roommate (2011),-0.5510974725693908,2.9571872181469887,-0.9322082561133073,0.47889848867407525,0.5204842214635187,0.5147885140691772,0.31122885030122877
The Three Musketeers - Part I: D'Artagnan (2023),-1.161225449051597,-1.9987470266079752,0.16248693503410963,1.0235423553847298,-0.30491111691083295,-0.2931957725091759,0.05330937708574417
The Three Musketeers - Part II: Milady (2023),-1.6205190865115728,-1.8797145656863081,-0.05210697126521552,0.9212663139988525,-0.30314307952385766,0.298452795361604,0.24124273831252233
Hercules (2014),1.1443531799138644,-0.26856738039627726,-0.9130482970964061,-0.04574563825820877,-0.23867964566553848,-0.6878949749508826,0.062408622869723034
A Very Harold & Kumar Christmas (2011),-0.34765890345041306,3.00420862392961,0.038669913355774604,0.5828008469187173,-0.32520522459820883,0.7439673221279706,-0.06566590495231074
Don't Be Afraid of the Dark (2011),-0.7535667223441767,1.6050760355429474,-0.39229618139716016,0.14717384165115358,0.26962763502382975,0.4288827832469898,0.1929423253615344
X-Men: First Class (2011),3.6289626299753674,-0.32527658921233665,1.5457435836204345,-0.22331183673323288,-0.40875760201380146,-0.3976994287934899,1.3456647663349512
Norwegian Wood (2010),-1.8161335801252805,-1.5519865298177824,0.8116914392718697,-0.6208090334557905,0.7377451700396932,0.9468114702094187,-0.07335677616903677
The Untold Tale of the Three Kingdoms (2020),-1.0699574761861859,-1.6253402744405658,-1.2330841167721087,0.5388535423880862,0.5830187155806867,-1.3458962008953321,0.39583873672080755
2 Guns (2013),0.9306989590292027,0.958058662769297,0.3467958180778522,0.41258028440512207,-0.2962152003806384,-0.4772675191708874,0.2059126693090624
Kalki 2898 AD (2024),-0.004624741779936611,0.36271315692987705,2.0017739361985085,2.91889280427471,1.495394230641979,-0.10116388972014065,-0.33613474658584785
The Spy Next Door (2009),-0.7858451306977288,1.1386336388728595,-0.5461497884560839,-0.3465530493874918,0.1770964860883719,0.09484933223790713,0.09116889576428662
Jeon Woochi (2009),-1.2214233192194692,-1.5807837444261799,0.8866521253504652,-0.6286146993402857,0.6913787099495208,-0.037882271088209206,-0.399269281749655
Looper (2012),1.9006984645688016,-0.11114180621296876,1.3749948443971873,-0.1432305260899081,-0.6460849988157938,-0.5984782918779754,1.412983173115654
The Confidence Man JP: Princess (2020),-0.7605963116994294,-1.9251977934046824,0.16906769239602323,0.7507012823481285,-0.12257377126991287,-1.2926238318112433,-0.2948473411918151
Mama (2013),0.5694680540033594,0.41468757577803333,0.2954040327062154,0.6738708504823758,0.7475120445875102,-0.5834811547273947,-0.7102596922449818
Umizaru 3: The Last Message (2010),-1.2306588280963187,-0.4443134074063665,-2.9328946272583742,-2.000838009847543,-3.0927581481711024,-0.7492951833233018,-0.007964678714445372
Midnight Swan (2020),-1.643442999235233,-1.8937909025420006,0.5486979416590603,0.6608013132914284,-0.1616410707366957,0.3798613279550732,-0.05839018697989583
Madagascar 3: Europe's Most Wanted (2012),4.595484510123857,-1.1470303034985945,-1.752669366210471,-0.6345088448335006,-0.5459099454987967,0.48088187565538676,-1.2495351706267235
Belfast (2021),-0.3915042208317374,-0.7929756700819033,0.07295156749836083,0.8879564091002815,-1.2412079839722094,-0.7601063024668122,0.04029454397021994
Date Night (2010),0.9755220491070291,1.6204293625115505,-0.4075890404155159,-0.07386180482881366,-0.548272820036409,-0.4838316627816344,0.03601274258143719
Easy A (2010),0.9056507236323468,2.10168404680212,0.825706255782564,0.03415247276780478,-0.983560904380976,-0.027828465167156365,0.9735415085949088
Pathaan (2023),0.0570233734870579,-1.6460198407950293,0.10487266011000405,1.42519905975308,1.0068415744512473,-0.8315857907068134,0.5219370806072468
Bad Teacher (2011),1.2738908391775239,0.7257425694755185,-0.94944120233684,-0.2623073947512276,-0.15924921136405026,-0.6994022129690924,0.3323505141618301
Les Tuche 4 (2021),-1.7585599344891871,-1.4600242663452954,-1.606110161783051,0.44603184536945106,0.43016947458915583,-0.21641880495121174,0.8312473042964384
Maison de retraite (2022),-1.6515490791925973,-1.6135435608424997,-0.8030109314754774,0.5976886609216117,-0.534623806771644,-0.033767703218602826,0.37995663868522
Shinchan: Crash! Scribble Kingdom and Almost Four Heroes (2020),-1.3533243729018887,-1.6677058042023059,-0.26154303369897186,0.4766390797632195,-0.6479544865843886,-0.5436894113866617,-0.01047540137272583
The Strangers: Prey at Night (2018),-0.9857654061232859,2.143485225939397,-0.9172926075262727,1.1192936629277117,-0.2041043165547656,1.0457569892729937,0.4427228058522151
The Social Network (2010),2.7751247205326752,0.06581661276371595,1.8162290168100126,-0.4096821653002972,-0.857930487010457,-0.5954189805024008,1.7649046797082275
Break the Silence: The Movie (2020),-1.3251829222085842,-1.7162799095937638,0.6308006706972283,0.40528596928658017,-2.106905781998987,-0.08330377275898819,-0.5442594523504648
Natale a Rio (2008),-1.6969976081977514,-1.0688271382631052,-0.9768792493499917,-1.1220210107799076,1.3362254139022502,0.016956593718611763,0.4792794456872737
A.R.O.G (2008),-1.5046602444835404,-1.5003367692068519,1.4401707041025211,-0.8875396120847407,-0.026529300470839404,0.8167558233484747,-0.3595334960275357
Sight (2024),-1.0116065855185228,2.4468015031664803,0.30618462705373856,2.469552339218728,-0.5104502432810923,1.676468505493665,-0.06406760452668937
Cats & Dogs: The Revenge of Kitty Galore (2010),-0.30670997032802433,0.8394317727961634,-1.9545887894573695,-0.527158404437018,0.38309024385111795,-0.7324244194451102,0.278326458882974
Project X (2012),-0.374603899301672,1.8922337427968403,-2.365651720768741,-0.817860546358734,-3.4170129120222708,-0.285880509774283,-0.3071796880374301
Evil Dead (2013),0.39652737416692835,1.1152405354219883,-0.10238393965897934,0.1976288630594649,-0.7313264908349558,-0.33885502262426526,0.32779886515982065
Il cosmo sul comò (2008),-2.1873334390275874,-0.9597049502618119,-0.8613410754337933,-1.304462198376465,0.6837359651884033,0.9337681070861713,0.5299292224483085
Ghostbusters (2016),1.7757086490849412,0.5738372188649953,0.233868952230845,0.8255363896858283,-0.17911257688351984,-0.3675440194685341,0.10067701110625626
The Guernsey Literary and Potato Peel Pie Society (2018),-1.4813452103599014,-1.6589784565699486,1.0127031116769187,0.4183690972998934,-0.40864286308295694,0.938424585373108,0.03376635778775996
Teenage Mutant Ninja Turtles (2014),3.067040045743828,-0.22048492920086035,-1.5189035133593347,-0.02650522875602219,0.07899191659555556,-0.07956403019971296,-0.18707594522241194
Raajneeti (2010),-1.1254356178886418,-1.6855110441444565,1.9016136776239463,-0.11772008762501542,1.2366646648276256,0.299959631463132,-0.5209679155732355
The Exorcist: Believer (2023),0.25297896975866246,0.36572892148041963,-1.457600008491646,1.6173565621766341,0.6391174455900668,-0.6837194409621268,0.407990232084449
How to Be Single (2016),0.12574782135185233,0.261876078023451,-0.26338291175828,0.6164643021257326,0.026584661788527145,-0.36639004055121277,0.0744044442591361
xXx: Return of Xander Cage (2017),1.2944133273951295,-1.330350002278727,-1.7467493207410787,0.11817575316613875,0.4648409620791635,-0.6931746828976958,-0.08750150464487443
Take Off (2009),-0.9153819891471014,-1.6357160046552557,0.9324849816665778,-0.5830418101892315,0.6060263784281181,-0.48193311479004586,-0.5755849032090162
The Watch (2012),-0.20073097916935215,1.025103718920323,-0.32050530466766014,0.12431648062695246,0.1289216655052317,-0.14549782464116162,0.39004497156099305
Pirates of the Caribbean: On Stranger Tides (2011),7.136580493597761,-2.387626206229028,-1.151874400341981,-0.8428048944798895,0.8352427024211875,1.1716763371269026,-0.48060376108498065
The Blind (2023),-0.46984716345648614,2.5264237289024836,0.39476871709767153,2.3015852292095307,-1.354935208545562,0.7952859247805154,-0.4797134495257026
Iron Man 3 (2013),9.297892859526096,-2.1579894800379322,-0.9602069913013179,-0.7493901743020377,0.17447305186542378,2.021248344740039,0.5136597436674328
The Door Lock (2021),-1.4006524333224248,-1.5719631047997593,-1.5295369827472518,0.5476941237382321,0.46649698105528997,-0.7386682602733042,0.6172678801469446
The Fable: The Killer Who Doesn't Kill (2021),-1.5883685463438604,-2.028628648431282,0.7148556087036912,0.8811409392774495,0.08464885420231028,0.42343363129279793,-0.05941507806690256
Kung Fu Panda 2 (2011),4.2962988630169905,-1.221231517423858,-1.096761144734216,-0.8764285729407754,-1.0324587933372569,0.1442979564002631,-0.7575227855074901
Yogi Bear (2010),0.6096691783434336,1.1601509312260732,-2.1021263131623686,-0.40751064529489883,0.27079157287166516,-0.6512175090035415,-0.010876556879482727
Stigmatized Properties (2020),-1.3402568484544926,-1.5312051240149225,-1.4554521974809258,0.48861294683621315,0.7495504130746844,-1.1148217058133225,0.6204749429757608
Our Family Wedding (2010),-0.9948677107687152,2.9590858373152087,-0.3111449429333503,0.5069420073194351,0.7865635431451872,1.2779088371577227,0.11302428533448061
Mars Needs Moms (2011),-0.9334893928757684,1.3784980283607227,-0.7819227528178707,-0.08382901321164983,-0.01684494793136922,0.35090029862176664,0.1793697377901375
Broker (2022),-1.1351533757730572,-1.8246912396063557,0.7057412789195854,1.1112532045708943,-0.24052544943860635,-0.20237992185394582,-0.1625528376106081
The Secret in Their Eyes (2009),-0.47196160321509245,-0.9423615242993321,2.1637186079897495,-0.5010794896467274,-0.540879192253174,0.27422138990624784,-0.06897631433796338
One Second (2020),-1.7577660864200153,-1.3113914044914874,-1.8369362890080794,0.2253063352694064,0.025874926094271656,-0.48685004384042996,0.779083836029177
After We Fell (2021),-1.4167342295039285,-0.8332063493263269,-1.4382839327921706,0.6527557678277826,0.16891380383385363,-0.3013785813233167,0.7958482793721317
After Ever Happy (2022),-1.5162279331708324,-1.0075657298600056,-1.6271110169771763,0.6869892837862106,0.09380405786947658,-0.34449925137532,0.8523880322157648
Concrete Utopia (2023),-1.1951319944055816,-2.0699685053361376,0.30274245634943603,1.1445525261664895,0.04350789099113418,-0.2789333638673103,-0.010965674074839345
The Happytime Murders (2018),-1.0779932307675313,1.908475524289278,-0.6468613664952285,1.1304457521798938,-0.14126473221216987,1.1765347956798415,0.36517195639558997
Kaiji: The Ultimate Gambler (2009),-1.6241828473438358,-1.5028042975458449,0.751395711847653,-0.7472932147831229,0.6212832358086233,0.5362569332990185,-0.2337532670785751
Paw Patrol: Jet to the Rescue (2020),-2.3626166929425625,-0.8388068070396398,-1.9332671110679438,-0.12902126381251777,-1.3148631969258264,1.0216344339828487,0.9009075467139711
Godfather (2022),-1.2477665497642263,-1.8570452587915498,0.06516954426945333,1.3021226126796182,1.692490953564189,-0.3694506997220122,0.49054527731580455
Vikram Vedha (2022),-1.3497775032346253,-1.53188260453929,1.6495601132387656,1.5967727348900878,0.7959093837267803,0.888653937359166,-0.1249213365280269
Did You Hear About the Morgans? (2009),-0.3954301913872341,0.5026353310701706,-1.0102854332120232,-0.48005571968442545,0.7304688425033499,-0.6471433439686006,0.20934787631298896
Devil (2010),-0.19441497605070937,1.31970815181413,-0.3044467871626979,-0.3328506860019427,-0.84283553855486,-0.08027892108910895,0.3012802388621095
¡A todo tren! Destino Asturias (2021),-2.0862196833257074,-1.4224633454746465,-1.1959282055574434,0.33814743920114954,-0.35158046285956684,0.6226377447465359,0.6890434271527787
Krack (2021),-1.3550262667912412,-2.2152298270037907,1.7592930623280312,1.0805276596981728,-0.33875099708735085,0.48586580467322305,-0.533746333947978
Peter Rabbit (2018),1.4555013614695305,-0.172288359499184,-2.096694099798196,0.20126332101011613,-1.527438267799664,-0.3130832831710985,-0.7991648272738717
The End of Endless Love (2020),-0.8164368518513516,-1.689046347500506,-0.6679315765821688,0.5133953849008099,-0.5304782132357653,-1.4275919158736126,-0.09861136369647173
A Single Man (2009),-0.8867732269837617,0.40662729181129575,1.0412407004574051,-0.4722720476401294,-0.9418313027038459,0.7704536065777441,-0.1311984143532791
Rise of the Planet of the Apes (2011),3.979649551399024,-0.4957225953413974,0.3204347827570791,-0.5591884238968032,-0.9906775118926978,-0.10449466029416685,0.5580488315448178
Mufasa: The Lion King (2024),1.8541005617507655,-0.7823346059345083,-0.7499872898897167,1.6528139727149198,-0.2078135523396948,-0.5229074118160555,-0.7513325918415787
The Concert (2009),-1.0574360760573105,-1.4589405137121911,1.0720789769130659,-0.7652216425801731,-0.361807172341972,-0.08833233890159173,-0.6247727072897897
The Last Exorcism (2010),-0.288154099446314,1.5537850667423982,-0.6971352416630993,-0.12715215151871034,-0.19385096571022736,-0.19107502301333268,0.008287975929479925
Gulliver's Travels (2010),0.5610837194776876,-0.3635568786698405,-1.948450286439252,-0.8778255731504517,0.15305952651258836,-0.9524602250868565,0.05464399986995511
Samjin Company English Class (2020),-1.2653474784261458,-1.7208284071351616,-0.05973118806958086,0.574823297834737,-0.48543634620271287,-0.6108697067372366,-0.050053468275322976
In the Heights (2021),0.1827126390342067,0.7618040346614229,1.2358634590989528,2.1252444861428796,0.3046541084527323,-0.4478572149898723,-0.4360325980101752
Gangster Squad (2013),0.5240973157771367,0.3798899896616983,0.4663547409062225,0.25400122239655204,-0.21825205552545868,-0.5296648702583534,0.28401420245503783
August: Osage County (2013),0.06546370888424452,0.6016457652790222,0.9619629959088262,0.5460881423240983,-0.16404712138106842,-0.10387528967274987,-0.357978981783263
The Fortress (2017),-1.655701990881045,-1.6518904348119867,0.43203954415643747,0.05513510911485964,-0.8873552358049647,0.7314749563203801,-0.2532596659946761
Despicable Me (2010),4.623671056444788,0.01701405412798281,0.009316337234708085,-0.675248038547841,-1.2255263048604028,0.1684845333939527,0.49523266137582683
Twiceborn (2020),-2.0287015044161407,-1.7206639927054976,-0.7096908347505497,0.6467629038988147,1.569482893233588,0.48832624854873985,0.8155787780801821
Life Is Beautiful (2022),-1.806021703974856,-1.9215331676686134,0.34447406201195685,0.8776522840014565,-0.15585897569574916,0.7244732735040295,0.13234924053156383
Past Lives (2023),-0.29942726866048375,-0.6940271646794227,0.7184049248787435,1.3155903531316453,-1.4443417076948166,-0.3382434165112505,0.08051854457152222
The Family (2013),-0.4735024347338166,0.8371135775169429,-0.9389370631894709,0.2629119384241567,0.5828022759838625,-0.277338812156809,0.06359333116084062
Lee (2024),-1.257988259892311,-1.296620381663961,-1.0085751164335282,1.413889383606363,1.3256551927448619,-0.5611764333473003,0.76444678752132
The Twilight Saga: Breaking Dawn - Part 1 (2011),4.6454004236665645,-0.49925849542001877,-2.2051513245010774,-0.428650590451485,1.2803599116642013,0.4209427134520111,-0.3220893363814987
The Twilight Saga: Eclipse (2010),4.7221353414369025,-0.3390297218018226,-1.8285511826311247,-0.4092719798533475,1.405033386247548,0.4609891219885692,-0.3727801696482423
New Gods: Nezha Reborn (2021),-0.7630999421250623,-1.9655200368615549,0.00916471850191475,0.8052486863635795,-0.3483909686313239,-0.9990889793396729,-0.27277879820526746
Red Cliff II (2009),-0.03615057828750047,-1.9223392394948369,1.2055332123944784,-0.49874257421144774,0.38831321250691003,-1.121574185714266,-1.0119326234216433
The Lucky One (2012),0.3327319913461104,1.2997606143220681,-0.017164349737225814,0.30779005937583176,-0.2609974399353426,-0.3060692729968406,-0.07485294268010016
Sun and Concrete (2023),-1.7314082487143734,-2.010856462432852,0.7683807094178948,1.0012634408241907,-0.7362674985261464,0.8886517479962509,-0.08136038226575629
Poupelle of Chimney Town (2020),-1.0882267837204018,-1.6449727569497317,-0.49661195025932015,0.46867572769820043,-0.6875404705721991,-1.0776179532248458,-0.05434832677797712
The Butler (2013),1.413699723494086,1.0167746784609908,0.9198752022119646,0.8814504084260966,0.23229981158547966,-0.4277780629251858,-0.6247843642690428
Napoleon (2023),1.2740660355483067,-1.2588384045751293,0.40193023696668395,1.7722658059480068,1.1189713676324302,-0.7881921296480767,0.06664814426203636
Mobile Suit Gundam: Hathaway (2021),-1.5313794605561262,-1.6679388547348581,-0.3597892810588673,0.4882980394777364,-0.9706181149058278,-0.0544043745477532,0.04678314595517532
If You Are the One (2008),-1.0320946991041937,-1.5342234470970164,0.8076651975521718,-0.7893614891613985,0.4453048356504414,-0.3999791617007364,-0.5414975196154117
Anna (2019),-1.594815482692842,-0.17431352105872774,-1.4188480005758386,0.5776258745915565,0.5468335886940671,0.5266243158712443,0.7622899142992179
Blood Moon Party (2020),-1.4958895631404712,-1.866879879259427,0.8260251195612096,0.6581223963475615,-0.7391921210978285,0.2887789302846343,-0.2732348154889276
Movie 43 (2012),-1.3156522949878253,0.27987272543643144,-1.2459649369115045,-0.4258608228037218,0.5759235234395116,0.39369069925964406,1.0815598541202085
Arthur (2011),-0.40694174131538324,1.713698491598114,-0.0596311632663102,0.3795660038716813,0.5048202169139516,0.1880321835108874,0.01860873231907626
Evil Dead Rise (2023),0.6837140026335845,0.1860350848658748,-0.598198350550326,1.4303229935575643,-0.8760863403955376,-0.6095962421231078,0.2482737444720028
Bath Buddy (2020),-1.0792822928394306,-1.611526477695873,-0.8889911350816514,0.49122509045051277,-0.2145055586951151,-1.2173932422890226,0.15295844203574716
"Good Luck to You, Leo Grande (2022)",-1.5772258419872374,-1.5259380067104606,0.18133672785083288,0.6814924121860902,-1.3134154599320182,0.5861211399733459,0.18864349451345858
47 Ronin (2013),0.5804384179876073,-0.5551873725067664,0.18898897663787154,0.12733732881652718,0.5344063574153723,-0.7854093731407098,0.14504071106821542
The Revenant (2015),3.0262844262177717,-0.7638647803927028,-1.316567861280888,0.33530012879894,0.4025414213346,-0.057389890069242847,-1.3769731134117402
The New Toy (2022),-2.0928140895140355,-1.7480198831511322,-0.29149391919289336,0.6923838683791061,-0.056781562776258884,1.037127246222267,0.48508225409801675
Firestarter (2022),-0.6187309041381492,0.999060297230481,0.9140278602221208,1.759082242244524,-1.7112375025599609,0.44457475028224486,-0.68884005078898
"Hi, Mom (2021)",3.820973190907583,-3.8086511180537097,-1.7682384783385563,0.43006357779707466,0.35725752930388,0.10099729177365194,-2.322145233797443
Rock of Ages (2012),-0.14525785027748953,1.3630667568425798,0.2997942993543878,0.5908456688117116,0.7266179471822996,0.02005593059659513,0.024666991949502927
"As Above, So Below (2014)",-0.9491149785376044,1.1026574132991267,-0.350910794723122,0.13465578624648153,-1.5222920312995052,0.6066189396979174,-0.312039611328958
Godai - The Wunderkind (2020),-1.991285934809223,-1.715987975147994,0.027825139264864757,0.44506282721930907,-0.3798319545996539,0.87952133033026,0.19363977875923813
The Unbroken (2009),-1.1414431460540264,-2.201463695984879,2.5199022316966975,0.06241010868883162,2.6541825508951202,0.2791037955963451,-0.6027680215811658
The Pope's Exorcist (2023),-0.27158304043316905,-0.5507293166459555,-0.6327566915124503,1.241451281138413,-0.47817550183842916,-0.7063943509065814,0.37971497602676985
Nodame Cantabile: The Movie II (2009),-1.0648191648518344,-1.5060042274274004,0.8441694692906024,-0.7308515237716824,0.01315142656007747,-0.24929496832860532,-0.5770991301887268
The Tower (2012),-1.7134993652663717,-1.0988990569548878,-1.2561718701226403,-0.8216954700952184,0.11299114661100436,0.014908903597658146,0.40512814735794433
Simone: Woman of the Century (2022),-1.2005970006703086,-2.111957257128921,0.6972493239607443,1.1246039582701621,0.2595441184786488,-0.2771064431108592,-0.11684370391026945
The Crow (2024),-0.9718668638012402,0.0951810018947613,-1.2130809244202008,1.616071561441834,0.6048776458585735,-0.34870749511913535,0.7597566157656469
Terminator Genisys (2015),2.6942046289868276,-1.3986863523127426,-0.5125861736726517,0.06136592779304453,0.41227695704842976,-0.46575015164531486,-0.022041003988145146
Insidious: The Red Door (2023),0.6869387198320577,0.04459507378175536,-1.2538806647425862,1.5070492460579639,0.11707745686260286,-0.6142058181671324,0.10184600360849443
Black Lightning (2009),-2.164334064649352,-0.8400187766216405,-1.2482353152072871,-1.359059354130352,-0.07873826446769275,0.7694824768716771,0.5068231919967439
Tinker Tailor Soldier Spy (2011),0.17276333079767683,-0.2527761094781791,1.0748675747195369,-0.05464198232829152,0.0602941018517222,-0.4112059136816663,0.182882319487728
How Do You Know (2010),-0.47540068339861874,1.4181471165842487,0.008790999020137896,0.250515421591143,1.0282282441305337,0.1637958885451018,0.10918689983706817
Sword Art Online: Progressive - Aria of a Starless Night (2021),-1.512454748263438,-1.4427244995271489,0.1525700200453411,0.6373627758483084,-1.2308999599083037,0.29216460715129616,-0.16477786303227107
Stand by Me Doraemon 2 (2020),-0.46906692541866507,-1.8203214694391183,-0.06280546306155194,0.4864756479618787,-1.4353587564405688,-1.492367428334643,-0.5996236973259397
Collectors (2020),-1.310801215692805,-1.7244654579438852,-0.1540448523215132,0.5993625749494431,-0.18853020799296147,-0.5768500007123564,0.05634075855720768
Detective Conan: The Raven Chaser (2009),-1.229995616891924,-1.442519999368513,0.7049404411098722,-0.8781450910012234,-0.4291966634667756,-0.053538194710789105,-0.5863474905284755
What's Love Got to Do with It? (2023),-1.744556016703597,-1.5683394738327436,-0.21076101507002537,0.896925577519364,-0.46557007094424735,0.6365966957911077,0.3996165459067717
The Great Gatsby (2013),3.356781129241321,-0.4746891193871588,1.2554540377006755,0.21302126144705513,0.26660356617040737,-0.4065553035707611,1.029527357678509
The Girl Who Kicked the Hornet's Nest (2009),-0.6756424429795798,-1.268266315215913,1.6790251671092735,-0.33014316755117656,0.6159675776418063,-0.15261746747695595,-0.46481975784041796
A Quiet Place: Day One (2024),1.6857878724247577,0.3112559176093472,-1.028022609404212,1.6688383190559344,-0.622596641860181,-0.5164392205475477,0.005922361016043531
Dredd (2012),-0.29593248118231247,0.164730839258617,0.7111813638489748,-0.2958571466827034,-1.0654746627879288,0.1750413643041923,0.7637750396129822
Paradox (2017),-1.2796284478368998,-1.261059933856114,-2.041377930002323,-0.2523818300762274,-0.01140628798782974,-0.5587619292081271,0.5353823901156444
Rabbit Without Ears 2 (2009),-1.2402487158770386,-1.3546372933647144,-0.08385519312135063,-0.8022666599708949,0.9038239649654075,-0.32874352506260857,-0.009632014889278371
The Medium (2021),-1.7369375278018448,-1.9175463041429082,0.5020382749872343,0.8237544500630571,0.1766092254348744,0.7010704009100517,0.19175383243969082
Jug Jugg Jeeyo (2022),-1.4200677274137956,-1.7288487956528364,0.6496640636461204,1.2774958829039484,0.9593760757539477,0.381912573936555,0.32295921529527033
About Her Brother (2010),-1.7104720087086591,-1.566974125933849,1.0651461323152152,-0.6456906799138801,0.12345904256313461,0.8495737246685802,-0.376247402239079
The Dark Knight Rises (2012),10.937270501892542,-1.9872500687208299,2.3835390338108655,-0.8592619263815522,-0.20326186903766807,1.8941874434545443,4.2130598331024105
The Battle at Lake Changjin (2021),4.281394134880172,-4.275537527324989,-1.7879105091641612,0.8213676299310464,2.6878082418543845,0.2092472836939035,-2.1422901396196363
Her (2013),-0.9616099407133466,1.5322739798038298,-1.3825670634399967,-0.2525258051512996,-1.8488370201169733,0.3132432879469404,-0.06314029343482404
The Legacy of Dr. Death: Black File (2020),-1.9284181690866768,-1.7000624744580712,-0.46149828021084727,0.5435257741136386,0.6171695973025869,0.4490460433060515,0.5164773539321735
Smack Dab Kakha (2022),-2.5101601842158994,-1.2344394772232408,-3.160528708601656,0.49598508922622564,2.3768111017990057,0.4238136166508835,2.0202479385340637
Neuilly Yo Mama! (2009),-2.017637239282841,-1.0051361892827295,-0.7135638128794075,-1.2448449833620878,-0.07972248755963926,0.7282741729991777,0.2928035286133484
Jack the Giant Slayer (2013),0.9421483743558549,-0.18045459993620558,-0.2061430604240284,0.09897503562382483,0.10616055921928585,-0.7132315782997881,-0.0875277401761698
Beau Is Afraid (2023),-0.5651248406826587,0.41572917255116953,1.9775261919512677,2.6539904171001254,1.6384387708938468,0.8780717648172712,-0.008928758294685625
Signal: The Movie (2021),-2.1482114931848444,-1.7725161306387516,-0.32942043755270434,0.6493861945080401,0.5708614062757223,1.04027769377688,0.5672187967525136
Warm Hug (2020),-0.331563554080785,-1.8601797791153452,-1.3384933956525762,0.5284808139867626,0.4014950713540475,-1.5382600662778503,-0.001232333445439656
The Wandering Earth II (2023),2.8762420308692476,-3.7663964176386706,-0.3895091464999377,1.315959024149385,1.6553853595769994,-0.36955826489248467,-1.7631553725068987
My Hero Academia: World Heroes' Mission (2021),-0.6378056797140317,-0.7578236249476482,0.01724752056585409,1.009130619027836,-1.0029697004320317,-0.6499312686371475,-0.40530096308517877
If I Stay (2014),0.17081811950098738,1.30327273113001,0.38518125957701155,0.682349911265315,-0.3163379390908149,0.007920903405642178,-0.027449940812248712
Black Mass (2015),0.647165002594263,0.999273294390015,0.7647043007519475,0.9277685726914707,0.03867898285207933,-0.23686863364793284,0.12080953518717
I'm Still Here (2024),-1.694562411571773,-1.8059920034463666,-0.32543666521515324,0.9756551166862374,-0.4333408626093174,0.3424104943510256,0.4358434844634617
Upcoming (2021),-0.7993681741173801,-1.9339156453722117,-0.056182362148134435,0.775043233466438,-0.4389894445994669,-0.985419941433609,-0.2710239134277023
Masquerade Night (2021),-1.1388260829240555,-1.9575767958405033,0.039677698997278195,0.8634931943556956,0.3011309879861091,-0.5955596422869186,-0.007365814659890904
Sultan (2016),-1.6628185548017516,-0.09787162930149436,-4.358060664885924,-1.2143120262126181,-2.008960024459048,-0.40332122883983224,1.006558484907003
The Soul (2021),-1.7183030715161531,-1.9777940194162873,0.5512076350533174,0.8262568601871622,0.11074862009511859,0.6037149894719509,0.05330606074877616
The Last Warrior: Root of Evil (2021),-1.2718337020658577,-1.7995868759793405,-0.3241102756431809,0.7710035263533291,0.24753027739110783,-0.48403644171342664,0.1992491805287152
Scandal Makers (2008),-1.1744332767252639,-1.3556845405183398,0.6431694588617347,-1.0235000828722431,-0.4841842376236364,-0.14870938444745674,-0.5852301767909481
Tom & Jerry (2021),0.17399088622489972,-0.11287953855499687,-1.3879037186827197,1.073657120630593,0.06842447653102306,-0.9657283917951685,0.20107486375954509
Takizawa Enbujo Zero (2020),-0.9372334992544374,-2.0610337792633584,0.8041154044956531,0.9128581294498495,0.16276641691098176,-0.8944954726359798,-0.3595493091931036
Moana 2 (2024),5.825951657715726,-1.069240755032464,-2.495116618861352,1.2757633335787049,-0.5327097731234407,1.3022453506521359,-1.7424494021815844
Crayon Shin-chan: Shrouded in Mystery! The Flowers of Tenkazu Academy (2021),-1.3416512416417543,-1.8081423106244354,0.13326027804583537,0.6219797132706163,-0.9853355701439013,-0.20047239529251218,-0.193808989744105
F3: Fun and Frustration (2022),-1.7638124447456984,-1.4339583977388712,-0.2621407313598251,1.2615508126188255,1.7870373233265109,0.5620706294646459,0.7081475943473303
All About My Mother (2021),-1.83943414603304,-1.845752635056031,0.09443989362383573,0.7185345614811304,0.013162918787152613,0.6394785163009956,0.21217466042906127
Break Through the Darkness (2021),-1.0498897874802635,-1.7475975454691959,-1.0080153642327088,0.6680184442733823,0.279849934325255,-0.9790746745333299,0.26264261532104843
Tomb Raider (2018),1.414110012709088,-1.1005962329836971,-0.3808775609480195,0.5143401392259126,0.05769486842499726,-0.595894149967789,0.21932803462181952
The Sitter (2011),-0.6134221084949948,2.7523724005225305,-0.5758174360919334,0.30239684758016205,-0.281636760313384,0.7277033767201618,0.22831881938956436
Women Talking (2022),-1.0625975232707923,0.8207997479225969,0.4077954783286895,1.6176220272179673,-0.7500189575965889,1.0005238333083628,0.06469458870344877
Chinese Doctors (2021),-0.015454216782373218,-2.146438156685108,-1.5277768236570866,0.7557005484085622,1.2813030360869384,-1.2918962426073932,0.0452610320033115
Cloud Atlas (2012),1.1104617941489465,-1.2237591045546705,2.3173097488832317,0.33907891786490674,1.0646570188601845,-0.7635772868945397,0.4598519638248361
This Is Where I Leave You (2014),-0.35270778035538297,2.143011392036381,0.4633412145918019,0.9022101087562869,-0.3024159930494488,0.8053300940994834,-0.04301423501817457
The Witch: Part 2 - The Other One (2022),-1.1370967104567635,-2.0161044545977442,0.2869820561163552,1.1053430547250505,0.4563182354995642,-0.5515752138445061,0.03967016597969238
Coming Home (2014),-1.7260976817251021,-1.2631206541321538,-1.6736741511868867,-0.3586973225304573,1.5708706483688535,-0.0503418966943111,0.8298276128106503
Recep Ivedik 2 (2009),-1.873080077577204,-1.0397089854001416,-0.9946129901128813,-1.087867220615629,1.0171126634178158,0.3707986509280594,0.6436090859818926
Doraemon the Movie: Nobita's Little Star Wars 2021 (2022),-1.2904517901601593,-1.817387929275839,-0.23278537361847257,0.7815332567725187,-0.5525515134071981,-0.49046423396767685,0.006649316076416292
Inception (2010),10.474486321297812,-1.8075533027908923,4.0579264031805495,-1.732895860686124,-1.5006153288271462,1.0162957042417704,7.683141030693059
Grown Ups (2010),2.117064094717262,1.1557395799940742,-0.4982110825590547,-0.13159212851949464,0.017224679568898366,-0.4177887022666954,0.3339634075672169
The Last Warrior: A Messenger of Darkness (2021),-1.4072280724242692,-1.6334040216319738,-0.8725091137211273,0.6057242289006857,0.07885803447222861,-0.47395086805435604,0.39189822577991507
Superwho? (2022),-1.728508076725386,-1.5099680625784058,-0.9256125354354391,0.44078902784740914,-1.1676571740473047,0.11301759286200583,0.3414159103756099
School of Magical Animals 2 (2022),-1.479654401475633,-1.6529288195990128,-0.7123925413489912,0.6984782452705545,-0.3417417684388325,-0.3055244879716146,0.3132696439068429
The Round Up (2010),-1.527503332784283,-1.445420414475589,0.7359489150345991,-0.7529052302801699,-0.2224742102884558,0.46623379364984074,-0.3245767781913268
The Whale (2022),0.24736707624535123,-0.5834216770862728,0.9363848536492548,1.3359788546562403,-0.9787218727841601,-0.7625036696590034,0.3717624235306855
Men (2022),-0.9657366024635847,1.3285444484899656,-0.2179287533757378,1.662379025303244,-0.3456587192966968,0.8126242005402518,0.45237118905872425
The Adjustment Bureau (2010),0.8181972308341979,0.5006981307770106,0.6062578016087108,-0.21334901126146136,-0.495566246579854,-0.5286099279847599,0.2085447026481757
Cop Out (2010),-0.1274640602075519,2.2943343569600603,-0.16275320361494358,0.3727559594186115,0.5714008482363782,0.13831241420549825,0.1549174945771385
I Can Do Bad All by Myself (2009),-0.1513093958167903,3.1645539931333833,-0.47643440044033175,0.6233633735122802,1.2983740548784082,0.1534091730880661,-0.03278173127922209
Railway Heroes (2021),-1.57017899634818,-1.81277997253076,-0.3846574363596306,0.7684493102912038,0.5304874711626396,-0.09582269244400253,0.35454224009905705
The Other Guys (2010),1.584117700700751,1.5929314517484294,0.4065409534179924,0.14955455106506374,-0.2560268106751528,-0.4446220746064307,0.2740935880362117
Suicide Squad (2016),6.011425217856511,-0.7616120266968267,-0.9882782644981696,0.0643033875751214,0.4416357487336049,0.8197717898330272,1.322989975421225
Total Recall (2012),1.139155528798256,-0.3220477280983463,0.002972242079913175,-0.1226763778813879,0.23143430573999907,-0.7615915060986874,0.4101555095088581
Detective Conan: The Scarlet Alibi (2021),-1.903118357673377,-1.6061640696433022,-0.4890297252571869,0.4153507300190756,-0.8488849638136712,0.5567583676885358,0.2517673016793864
Downsizing (2017),-0.3335211158712352,0.2226677763658485,0.36452039627117666,1.0179386488428979,0.9026619419862512,0.01694219336472387,0.4489960267085942
We Bought a Zoo (2011),0.8384736195340184,1.1301552178115422,0.9039046320976423,0.46653428083738746,0.11628809527702684,-0.3641965135407625,-0.29233891884539426
When the Bough Breaks (2016),-0.7465772352411347,2.7650671115476024,-0.4005486318379376,1.386357155821321,0.6626190512344174,1.0548324214846523,0.1645587713556262
Playing for Keeps (2012),-1.5042132161904878,1.4853351966926054,-1.8441038456704242,-1.0212523094755674,-3.6309816035983324,0.7534395262611874,-0.07827935241150918
In the Heart of the Sea (2015),0.06327067064245671,-0.5090211294100164,0.6325276576178108,0.3919798128731884,-0.12397859287732482,-0.4117181473363563,0.05365080105639198
Bodyguard (2011),-2.2141927402353425,0.03600204422839711,-3.2320309962333993,-1.8499450493163072,-2.502746432124047,0.39090799981441426,0.7174237000455524
Why Did I Get Married Too? (2010),-0.06461515996611986,3.0165149602487777,-0.4219890145875341,0.8174586880003006,1.5700809597793866,0.16685413145006073,-0.0064399474346250275
Gokusen: The Movie (2009),-1.5447233021798488,-1.32991031288356,-0.05382797470612663,-0.8896199120440756,0.6559452652159931,0.10093460346198897,-0.020676129714286444
The Hunger Games (2012),6.938499350446059,-0.04916592638284803,0.9945156648653544,-0.07263009907299649,0.20103938209842473,0.9069151930800526,2.039674538570203
Mad Max: Fury Road (2015),4.536787661550314,-0.557979578233926,1.9401739835204959,-0.10858886249711744,-1.3617997614918957,-0.1943269678037185,2.9763154080128245
Marmaduke (2010),-0.5832261641647989,0.908841152455924,-1.7847715721866513,-0.4582170237735439,0.5881247242786897,-0.5425895092247762,0.3930932427155467
Prisoners (2013),2.351921063739201,0.033346513639109836,3.1767564758526166,0.44610872737166224,-0.24928334812283814,-0.46913121995409396,2.1385404190942867
"Dad, I'm Sorry (2021)",-1.3570670226435155,-1.8370631913956437,0.3775505156788783,0.8953812864269214,0.06102751940838797,-0.056030846433687186,-0.017857772197266177
Salaar (2023),-0.6340659683815554,0.5900330883376023,1.8850256794253668,2.673633615399701,1.6256515349282203,1.0197497058884797,-0.012232198205713606
Aftershock (2010),-0.3220148530970442,-1.8531102811920233,1.0830687663175618,-0.4374404439138639,0.14530643617680167,-0.8946733191105655,-0.9495794626976796
Dumb Money (2023),-0.585890863706705,1.1118379717695541,0.3214117453673583,1.920649132517095,-0.7415050780926348,0.4029942141873334,-0.009130916438190063
Mr. Popper's Penguins (2011),0.750925738514136,0.2880051935861375,-0.8151401819930796,-0.30089730814195215,-0.2404268622738476,-0.8012168451906617,-0.13518612503913727
It (2017),5.846461692163669,-0.819948365438823,0.14058372739482353,0.5421127078237901,0.014103926337120279,0.794079505889514,0.4903451196561479
Taken 2 (2012),2.5187450408669263,-0.04358196454655273,-0.9759402431295607,-0.40782052523970397,-0.4951109460461843,-0.4062906567044509,0.30197098451340176
Journey 2: The Mysterious Island (2012),1.6505966473412164,-0.20870683327233538,-1.4584362958601602,-0.35225046893265016,-0.039837856216408195,-0.586965806014251,-0.2980781722046385
Straight Outta Compton (2015),2.174804676429096,1.3156963405552582,1.7047233845028502,1.480969425094477,0.25914770717957125,-0.25147906530262454,-0.495430010703958
Transformers: Dark of the Moon (2011),7.709777244945666,-2.138725118508007,-1.3815260071723499,-0.46673341581378924,1.7590238086446692,1.5588150911795833,-1.08134622582013
Family Affairs (2022),-2.142063175014311,-1.5279799383374906,-0.7308416630563889,0.4523210819789898,-0.9294874727943512,0.9937165655632747,0.47663503008077235
I Give My First Love to You (2009),-1.5729159611143977,-1.5065703156660648,1.0256430917996946,-0.7999159465065099,-0.029381736973622855,0.5936537925095924,-0.4602604679324792
Happy Feet Two (2011),0.42885559968770937,0.46795483563756046,-0.7780285819814966,-0.1438059288518842,0.0971204984055004,-0.689381081870765,-0.253458294237808
True Grit (2010),2.5121044261001275,1.2880216725072218,0.8925986581564822,0.12786770881467271,-0.7003144226462122,-0.32733931221157814,0.0462583267536772
Drive My Car (2021),-0.8383586199022082,-1.9176540309868422,2.3003396682299435,1.6212138404099932,1.0860345840804804,0.1828206730214515,-0.2840974831951503
Remember Me (2010),-0.22167026010491117,0.12753329895222276,0.8944740768261966,-0.23093980927745522,-0.35096478401852804,-0.16032274120329817,-0.010319039099037485
For Colored Girls (2010),-0.19446684427617292,2.7443355447069195,1.006397334634836,1.0076386652408804,1.0166067982165474,0.665112095982836,-0.5446894084202152
Blacklight (2022),-1.0259150659290366,1.1201338217943986,-1.0765290735803257,1.5910597942202698,0.4695378055242135,0.20876053342225687,0.6565312101549665
Just Wright (2010),-0.8096888097770822,3.1084566480424956,0.16103755395910754,0.5906440688818816,0.2408821597070342,1.3074516599957446,-0.16337618741881538
Flight (2012),0.6015075012160804,1.094119309298838,-0.7059493888880479,0.44429371851688804,0.867551506488395,-0.5312009716217503,-0.3725795086494359
Star Trek Into Darkness (2013),4.125338628474811,-0.20500433098935872,0.8873215844317108,0.26886533635516197,-0.21105859533602953,0.005160883728352316,0.1690146316050296
Ride Along (2014),1.159338078034841,2.35286613074577,-0.38230071057340165,0.9282215024402681,-0.12670599458654777,-0.15676382029347932,-0.07327641878075151
Tarot (2024),-0.6307052733493419,0.21015198306932947,-1.7276978530568887,1.4350735988427603,-0.03566791937300045,-0.8551887476002732,0.6569598279660487
Men in Black³ (2012),4.383623829895129,-1.2033219034966303,-0.9524508750487665,-0.5924950649382256,-0.32660549828792834,0.1999254957986294,-0.29832756640358676
Beauty and the Beast (2014),-1.941273591449294,-0.9876228014805521,-2.568034716282098,-0.690019160081852,1.1497261948848085,0.020232062760702402,1.1609547799875755
Beauty and the Beast (2017),7.35851429201746,-1.1162810120202913,-5.9438250661530905,-0.17592433763220133,1.7667106852632628,2.2239279584144858,-1.622566658731562
Ticket to Paradise (2022),0.7006770666830633,-0.048727518131875716,-0.861717628975981,1.3407868120456508,-0.325177880396978,-0.8672874475476088,-0.027309736947879033
Dad (2021),-1.9688735042766599,-1.4662343759453647,-0.6157420673248224,0.23695102219337402,-1.598035172031515,0.7186811601536817,0.2227712381707216
No Strings Attached (2011),0.8833671917751768,0.6552920287786914,0.007197464984262374,-0.057388626188747974,-0.0032728968403707027,-0.5289616493445948,0.40873504494617957
Riddick (2013),0.3354095145266307,0.3295116539535647,0.3727719836161955,0.3156793356370815,0.1631351844505037,-0.5012963017626519,0.22336765678081977
The Hangover Part II (2011),4.613230827623539,-0.17145131066164987,-0.7662738886420766,-0.5645570115177411,-0.3541357996737408,0.2196936133443884,0.5951833609832372
Character (2021),-1.6386093652744556,-1.9240246678436543,0.32991469717755867,0.782591762134736,0.013331797349162278,0.3641069279451306,0.060414451076226526
The Best Exotic Marigold Hotel (2012),0.5762197537026712,-0.1883558301439046,0.7448351125950723,0.19374157534456152,-0.07129745979601702,-0.6948466767512416,-0.5253479916928372
The Great Escaper (2023),-1.758525611880516,-1.5366430724778324,-0.019323176469998538,0.7972035317423989,-1.2341869314959866,0.7914823440169063,0.17923676463593044
12 Strong (2018),0.06323315477880558,1.1110895941570356,0.6685720190434459,1.5100769340536186,0.40660389740331426,0.15012158600387848,-0.030236419551407916
You Again (2010),-0.6546249366960469,2.282575388424093,0.027339325172065037,0.34050786742801326,0.4205130319649478,0.7471663574493622,0.0630602841999314
Lyubov 2 Morkov (2008),-2.1981706422588134,-0.9591952390637337,-0.8600159133495526,-1.2953123462013358,0.6851620061076312,0.948695018765976,0.5267665548861461
Nanny McPhee Returns (2010),-0.1813528182824274,0.11025935333468091,-0.18639228165537916,-0.2773585999157912,0.18456211586848406,-0.6448854579005032,-0.2556644688833131
Amalfi: Rewards of the Goddess (2009),-1.3809701868747997,-1.4451396091136988,0.3319049633158409,-0.7868870419710138,0.6388257891882263,-0.01010328031736836,-0.21441431788464765
Torrente 4: Lethal Crisis (2011),-1.8638015212200496,-1.100291021102369,-0.8159920105970716,-0.9294131563447156,0.010683403229939383,0.497687925240193,0.3348320781317876
"I, Frankenstein (2014)",-0.6866838504076004,-0.02961426309540505,-1.1896158044169378,-0.14114881010767463,0.06560331248391324,-0.2946102962039,0.5679185936143529
The Fabelmans (2022),0.1325578916906928,-0.5583443741029008,1.5516944427244346,1.8837995023736445,0.21258931640468862,-0.6885944820360173,-0.14961322731045656
Bheemla Nayak (2022),-1.423160068915722,-1.9409631313515847,0.21802166102817633,0.999258251653626,0.25808969068608084,-0.04423392461884805,0.16812087921707497
Cocaine Bear (2023),0.33676002612571126,1.4984467255029796,-0.7528501340505741,1.8466992192221021,-0.4833184595580042,-0.354144462941985,0.38539039070055814
"Me, Them and Lara (2010)",-1.8277625143492662,-1.2903596073985655,-0.00018499861164705833,-0.8097486763335369,0.4959783247292726,0.6422228051793774,0.11913356935416823
Guglhupfgeschwader (2022),-1.7301798451189405,-1.653907054110192,-0.4250486644251906,0.6204317049534293,-0.8078870176156226,0.3026462114523272,0.23889881027955065
Asteroid City (2023),-0.09705569516690483,0.5068797100920602,-0.08820811146875905,1.6607735822365919,-0.6020256260273775,-0.36179171859007686,0.34280518418808587
Poor Things (2023),0.978588399460154,-1.0355477763575351,1.5154804576127328,1.6300802265727699,-0.4230340623578486,-0.7414210080880445,0.4757949553147556
Liar Game: The Final Stage (2010),-1.4989879964790398,-1.6481266807975563,1.229946558006147,-0.546221269836017,0.2757990552919238,0.5298606894897189,-0.4817234306760604
Ballad (2009),-1.9729447592557459,-1.3802113116161485,0.24443964735764975,-0.845648353431701,0.9995006511453016,0.9395237168770357,0.12751791297264758
Chinese Zodiac (2012),-0.1308727749027364,-1.6538787956765362,-0.6924606351089817,-0.5841628507586385,0.16282099229990943,-0.9703512943184499,-0.38826744512309413
Predators (2010),0.6866352990334792,0.43757475253163813,0.17751503723791992,-0.2769070845906556,-0.14833117322500614,-0.659909991395168,0.38281935886670937
Speak No Evil (2024),0.06220602253616579,0.33642729460464715,-0.4818569989047816,1.7130622760675782,-0.9010512309808195,-0.7990812716497439,-0.02760338298227433
Hansel & Gretel: Witch Hunters (2013),1.0110969087619024,-0.346636893879773,-0.9355109769466741,-0.3852264118943373,-0.628689958043749,-0.7556313992700289,0.3031106771527658
The Wolverine (2013),3.2506654855534043,-0.7772842443057052,0.20136675803915957,-0.10482062896808271,0.11704877924357122,-0.4065779599645501,0.690175754178973
Arthur Christmas (2011),0.4037380063123514,-0.008048410997024878,0.028062308615276164,-0.2592179606568721,-0.7884889020022963,-0.6369756344050977,-0.5751263060623648
Brick Mansions (2014),-0.7141436869900857,0.10344862389603064,-0.9333894513183005,-0.05355884374688661,-0.24985052458641652,-0.20858747761665053,0.23090632384077736
Big Miracle (2012),-0.8527131420983551,2.149007316368857,0.5670866571048607,0.6748270356577011,-0.011625998974837832,1.259762821693306,-0.2625942555667214
The Pirates! Band of Misfits (2012),-0.010958151013471982,-0.14748265856939444,-0.4320381726157371,-0.3265822594038579,-0.8820027558524445,-0.651746150571063,-0.36164963508362763
Deadpool (2016),7.424711011090293,-0.7864094036568605,0.5741888646108377,-0.25282922886312664,-1.5096577923334324,1.0926308489078336,2.399976662193055
Honey Lemon Soda (2021),-2.0651937543900027,-1.69315757261585,-0.48387217839123453,0.55511749864355,0.11359569795368125,0.8258537637777289,0.49672418349568426
Another Year (2010),-1.313453388904526,-0.718715298269816,1.4753129323903988,-0.29333982765907135,0.004717157792680541,0.9466845984553679,-0.385835936417186
My Girlfriend Is an Agent (2009),-1.8222094184237438,-1.299510157279122,0.3131056495704481,-0.9470223860900793,0.13651565916877206,0.7589829125035737,-0.08084901051558911
Fury (2014),0.5371868263067465,0.5165178210316247,-1.918474543000823,0.037405142651617096,-0.0563397224552563,-0.6028327100035463,-0.18674162345617962
Peppermint (2018),-0.26463526748480504,1.263742444912949,0.7228544691881025,1.1080897294763714,-2.110868784449672,0.3793038964792962,-0.9252280292828623
Jujutsu Kaisen 0 (2021),0.5351260163115195,-1.3769905991491953,0.3480100127008731,1.0260442243395387,-1.0585141476626976,-0.9892602035512886,-0.8565286828922668
18 Years Later (2003),-1.9491627381150545,-0.9586805363192891,0.5964842961296328,-1.8482906348364083,-0.3335560225779519,0.9509921499610887,-0.322005207551318
Hubble (2010),-0.11003395378099665,2.208309277708037,-0.4680952138462509,-0.2752444798507167,-2.5146585327244555,-0.04303609595325876,-0.822453020803558
Mother's Day (2016),-0.5085554834295017,1.3539440497105077,0.12093391487659631,1.0530136157263488,0.13777247105722515,0.43038220025157914,-0.15153578764510084
Cabrini (2024),-0.03839133198444271,1.8151576745187934,1.3790448529226542,2.9404599052812626,0.23440268039506557,0.21423259637424774,-0.5827878199275496
April Bride (2009),-1.4642990014657908,-1.482696147647743,0.5280175182649407,-0.7475790812063438,0.7043575448662046,0.1764090792651992,-0.2263544637265999
Firestorm (2013),-1.3197923743846116,-1.1221692966441752,-0.7532049634438798,-0.9530804793778599,-2.323013106976698,-0.14563853134797802,-0.3955769627167114
13 Assassins (2010),-1.4690685339346894,-1.590849870308786,1.8612116030375063,-0.44692201051125696,0.26404916007302864,1.035128883758346,-0.31851997787174235
Trolls Band Together (2023),0.8658034948969672,0.36465291441088676,-1.3905539694374969,1.470030167767195,-0.6131123727872582,-0.5412622215527196,-0.25923921069902545
Laid-Back Camp Movie (2022),-1.8024997798331734,-2.0384510115884034,0.9898470594784303,0.8765700449426544,-0.7979171283247308,1.0343342714600292,-0.22123133164320222
Rio (2011),3.0765787809519565,-0.6515937725723909,-0.8253123990445975,-0.5929043215371561,-0.6580846515280913,-0.25587581037712503,-0.5254800450515349
Shin Kamen Rider (2023),-1.6372198565810383,-1.9293407132903515,-0.10387548256346658,0.9840930576689005,0.05567915775021901,0.22643538272975902,0.2550376377411714
Bait (2012),-1.6307108784646633,-0.9067655223452048,-1.0115686272931077,-0.7414295269559711,0.06295434271047018,0.18039441168032477,0.49587593154710186
Fright Night (2011),-0.5596567132470485,0.6880193947946438,0.32542825560860256,-0.037757667845232455,-0.13512270815945326,0.16769164422386018,0.1500640313141375
Charlie St. Cloud (2010),-0.39439974712981274,1.6144696083458896,0.18033924580329133,0.09579143017963329,-0.22349713452649106,0.24716452683950407,-0.16240147153788048
High Security Vacation (2009),-1.901360041210526,-1.2746113706981583,0.29008721183099745,-0.9496605478779386,0.23824996428022113,0.9217797402724057,-0.00010863456124339187
The Monkey King: Reborn (2021),-1.7972558811072274,-1.598588390012158,-0.6588139560499916,0.4592497442896124,-0.6433802833582246,0.28022152452129423,0.30793745215087287
Hello Ghost (2010),-1.8587974419653885,-1.3680037652438748,0.40657801926661324,-0.7956298353454365,0.11079883530999725,0.8738573824892218,-0.09024859963279697
Battleship (2012),1.7261791660657375,-0.946227463770981,-0.302272569831452,-0.17592331673304915,0.9014720773001886,-0.7690033210970568,0.24231173219016583
Empire of Light (2022),-1.3924004845142601,-1.216935955225191,0.2519359235289203,1.0301104804192909,-0.4353933783263029,0.387263713766741,0.1846411607441253
White Snake (2019),-1.2048459799525315,-1.5583958917448202,-0.861179391011378,0.1243378889682902,-1.044612147266303,-0.35339537219070233,-0.03759387659971769
Never Let Go (2024),-0.921917233901322,1.0784533501000078,-0.848192077050327,1.8920362471139023,-0.020818874152264785,0.16522781167640832,0.42065341836531844
Quartet (2012),-0.597516405848597,0.09575860084595848,0.08615382460445416,-0.10774756199530527,-0.6194658296105092,-0.191631555925549,-0.3633802269035124
Salmon Fishing in the Yemen (2012),-0.9155051357031094,-0.14814802537456195,0.47820144474772847,-0.13478754164042475,-0.3893623482549694,0.27072717223390447,-0.0615266084094507
Man in Love (2021),-0.7697740803470526,-1.964940806586577,0.14738919137910006,0.7875498449789328,-0.6148061300909522,-0.949060952070384,-0.36261377021359825
The Farewell (2019),-1.2622042456473295,2.2282578975099825,-1.0178709251836662,0.8523763960764862,-2.194988532429939,1.3766695243693092,0.012180821848539324
Father Stu (2022),-0.13279842335438247,2.2253742393231675,0.5567698425338901,2.4602332829489817,0.19816892114322204,0.1498834800109091,-0.19893799315792002
Oblivion (2013),1.3589723497378132,-0.32956155634037804,-0.4565856081183854,-0.040028195146646024,-1.0375374204550467,-0.6631078837023046,-1.2620069969602974
Tár (2022),-0.258829595130114,-1.1859589923371257,1.6300763866759744,1.7408335760881768,0.45389888914474874,-0.5869720435479095,-0.11044090942757973
Rookies the Movie: Graduation (2009),-0.6402590868758322,-1.6554944976552404,0.33843184566594964,-0.6267084127606162,1.017211578774722,-0.8736114771777849,-0.48839741016132465
Rise of the Guardians (2012),1.900597321410654,-0.23842406009396538,-0.22788703181295505,-0.23825204468621336,-0.8796353674168831,-0.5674413142046716,-0.4560566284762463
Once Upon a Time in Hong Kong (2021),-1.348941484479712,-1.6537423067927062,-0.9934813063860651,0.5846884925009825,0.003188192138580234,-0.6171639989800869,0.3443080107812391
Prometheus (2012),3.499751209481655,-0.7759586205463522,0.6408940505487434,-0.3532874417375388,-0.200050300570951,-0.40192020975319354,1.2610222576321801
Thanksgiving (2023),-0.16210447771350978,1.2111126045722076,-0.2433640420704228,1.938538282776865,-0.31399096395386505,-0.21261162837415273,0.17270365970162932
Killer Elite (2011),-0.2484232845065555,0.5502807541541082,0.49473959329903655,0.05871559817930506,0.15797907078097576,-0.08681596656763504,0.14234459359548463
Winnie the Pooh (2011),-0.6007683317392706,1.3667631292417575,-0.32438800801013185,-0.2710665506050377,-1.7741706146767207,0.15906114812616692,-0.4058274803273878
The Call of the Wild (2020),0.8509480204705943,0.19073310669576343,1.1977095022258248,2.0309353456229924,0.6672461818857217,-1.1166989699887622,-0.937249188249568
Monsters University (2013),5.2713653489834895,-0.9630512682907265,-0.9732706115747977,-0.36702917579840305,-0.5945430030061037,0.6160038901936705,-0.5597457044589952
Moonbound (2021),-2.2344988757510458,-1.3356821558029581,-1.5449201478047063,0.25211651404848157,-0.2666600821351052,0.7543885011392361,0.8674833103018749
The Master and Margarita (2024),-0.868298368853549,-2.392995831026037,1.2107303752041145,1.624957780535283,0.49774692238508456,-0.5846179852492918,-0.31264523412909334
Godzilla x Kong: The New Empire (2024),3.4354551675930143,-1.1709272267815987,-1.730397790405235,1.3783019561605627,0.1180995187676865,0.05398853178701384,-0.7152774953012799
The Help (2011),2.915114075143989,1.3470835906240386,2.3258098228808497,0.7609399029533139,-0.0023151949755232885,-0.3608383945600837,0.4112262113667167
More Than Blue (2018),-0.18837182023315188,-1.9785079645706485,0.021179528891829027,0.26556013044463067,-1.0021676337775869,-0.8682631579154664,-0.8037996424705205
Love Will Tear Us Apart (2021),-1.0212358543924842,-1.7790096006145604,-0.49200107227485657,0.6420238637854807,-0.5161587998972053,-0.8546563126670702,-0.05387937917049627
Harmony (2010),-1.2751427690465917,-0.7421301872931876,-3.4021464806073185,-1.3713525260288528,0.9768422676193473,-0.9863051350704762,0.953360603970616
Moon Man (2022),1.703350143366612,-2.912016170876023,-1.3214230719925149,0.720637699491811,0.20960318328231686,-0.7243965835777385,-1.198550696519361
Legend of the Fist: The Return of Chen Zhen (2010),-1.628737962030405,-1.2554442761815061,0.010124841655655439,-0.8650498528602767,-0.0238367542286379,0.361891953583767,-0.014237780062486348
Radical (2023),-0.778675070613136,-0.497192296392014,1.161553221839676,1.7469493549627917,-0.6827255977252759,0.20050699021442187,-0.5442974920270798
The Conjuring (2013),2.9806682255759487,-0.07651537036900209,0.8001166826754182,-0.034964706350693785,-0.8453564367699681,-0.4133114842419646,0.9314515505808161
The Next Three Days (2010),0.10781154242071775,-0.20718761283111312,1.483276668810408,-0.073403438107201,0.10773056557919838,-0.30864487057509576,0.0363987583778626
Anita (2021),-1.458122435450768,-1.6311819751597065,0.32456801524670337,0.680390404302395,-1.0701871418103206,0.21120368311104712,-0.18141827862475898
Brooklyn (2015),-0.4211627092156338,1.3863137733266273,-0.172751928570205,0.5657421107135642,-1.2749684151548795,0.24063770157460518,-0.490649624535194
Overlord: The Sacred Kingdom (2024),-1.6066784507932264,-1.3133183509006965,0.9657830331771425,1.5955489951731925,0.009632104288899757,1.1083847609959099,-0.08604449341049789
And So the Baton Is Passed (2021),-1.460494158833505,-2.0570521713731424,0.6933492064479834,0.936391557047321,0.262912411220772,0.15911074625012256,-0.08196942096524709
I'm a Cat Stalker (2008),-1.8813024151011326,-1.0609014680125384,-0.4913037543421769,-1.2097102809659914,0.42309760254994033,0.537206302709416,0.2307867667979502
Dragon Ball Super: Super Hero (2022),-0.028101457208304214,-0.10833133786162588,-0.10069344145841266,1.3938116775440474,-1.0066884427820004,-0.7408661108821583,-0.5221948424067175
Dream House (2011),-0.7279423748161332,1.221466347022355,-0.25808681839630704,-0.05457444224845835,-0.27552446639452327,0.3156524700142064,0.13062722195545712
Vanguard (2020),-0.9264176456530219,-1.3723668120602803,-1.67561954494236,0.2986482478297754,-0.5548460610700938,-1.5299442576946447,0.25060988588260946
Buried (2010),-1.392300488224725,-0.8187703240917167,0.6150426535084953,-0.9429579167846366,-0.9295262615079608,0.9594862803657405,0.4912945379618047
Indiana Jones and the Dial of Destiny (2023),2.8031295234258904,-0.7059793505089328,0.12457563531291678,1.90808379536507,0.9754943523017375,-0.23389179096241036,-0.1852216434946933
The Odd Life of Timothy Green (2012),0.06917843801963648,2.6036105758402885,0.4221252714409679,0.8750897250716172,-0.12853432642474302,0.2697979306258329,-0.4090153927505535
The Grandmaster (2013),-0.7725530705668578,-1.3327202224380166,0.5579564224718886,-0.02621438467274745,0.41858250709570755,-0.3152316967940897,-0.28797160784450804
The Eight Mountains (2022),-1.3010997137081366,-2.144498268272957,1.5775879102089103,1.2506998957142084,-0.02363341483702274,0.411335739053845,-0.32064305477166105
"Big Mommas: Like Father, Like Son (2011)",-0.43690503844816736,0.8997915009537251,-1.177944146973037,-0.029753831739286307,1.0637055576770986,-0.38374355396485604,0.3330928943564426
I Am Number Four (2011),0.7674508030897208,0.1832664825202544,-0.038674586142983684,-0.19188634466800206,0.11699740329831283,-0.6712099941962023,0.46046476449833834
Heartbreaker (2010),-1.1828015127168485,-1.3229823953289024,0.20435387236508917,-0.8474052126277197,-0.36399351649142847,-0.10418190784872337,-0.24110719956304394
"Lyle, Lyle, Crocodile (2022)",0.1693224325987619,0.09790764071224406,-0.7208974909500766,1.449725761252661,-0.2470243596453456,-0.8810841377024047,-0.14668096164600886
Astral City: A Spiritual Journey (2010),-1.8366100957936522,-1.2429651072523535,0.13606454972633406,-0.9085516602312511,-0.2232721581356378,0.7744473435352198,-0.04364790683512498
Pokémon: Arceus and the Jewel of Life (2009),-1.2125746718337878,-1.2075011575572403,-0.3799690269876533,-1.0862985707374866,-0.34203069162152067,-0.4381493872935988,-0.24334968042746502
Baywatch (2017),0.7133802770465372,-0.26398008879541335,-0.6338603666950452,0.5499580101751504,0.45595846105895704,-0.5621203007175605,0.618900663939915
Abigail (2024),-0.19065995705677158,0.8969233797125064,-0.0958821544634315,1.870032604585082,-1.6093465982161934,-0.5231676569924578,-0.4695394169467097
Arashi Anniversary Tour 5 x 20 Film: Record of Memories (2021),-0.6657005500646569,-2.300568262357967,1.596832810216078,1.176171528270178,-0.22935006762047816,-0.693033102654017,-0.7495443237976082
Bridget Jones's Baby (2016),0.6294957461692386,-1.3663525800508363,-0.2397279333619121,0.28292554922039514,0.22245970357372183,-0.8490619115822914,-0.3171922787365402
Aladdin (2019),5.328570824961537,-0.4461818455967896,-7.223419792873099,-0.8724475799489865,-1.4026546590990434,1.6036807420928079,-1.037797568171227
Mobile Suit Gundam SEED Freedom (2024),-0.9606054573322446,-2.0937828376072103,0.10626187616036817,1.2395660074032469,-0.2412706730159252,-0.8220921152864027,-0.13954692151316486
New Happy Dad and Son 4 (2021),-2.408907628413861,-1.269889196930388,-1.983780540123399,0.1700335313763537,-0.10859424947478305,0.8590553938123169,1.0638692514997128
Kamen Rider Decade: All Riders vs. Dai-Shocker (2009),-2.0336674375558323,-1.0522207452411716,-0.2005364755634854,-1.31313658250983,-1.0512160880531383,0.9857995699494496,-0.10228437855709785
Saw 3D (2010),0.20202553758812924,0.38066967010616365,-1.0305948277474566,-0.5330897276661026,-0.07500357681221063,-0.7595037303103076,0.20035690700105693
Space Battleship Yamato (2010),-1.151312980728325,-1.6176404052409197,0.4711802988451706,-0.5162902536312155,1.0609975066803226,-0.2509944692881963,-0.2249903530508297
This Is It (2009),1.3235227579541233,-0.47153261639402794,0.03357279037590275,-0.4563468931172724,-0.289839588463289,-0.8194133839069974,-1.1288124236014438
Never Stop (2021),-2.0230019330595286,-1.5341816996657436,-1.061509916523816,0.4359073434268968,-0.08443436039433858,0.49699604144839216,0.6283607734389421
Aquaman (2018),7.95981834064435,-2.5865535879603754,-1.4017373480141677,0.2258807168792605,0.8048415847653757,1.7321600518086362,-0.7735565183299963
Bridesmaids (2011),2.5182797594963753,0.7443284046361153,0.4739849147177848,0.25242558626882594,0.21509939623555152,-0.4362129693148499,0.056989180341697684
The Art of Racing in the Rain (2019),-0.4023351556684562,1.587858681626285,1.0152893954825153,1.6292971635983355,-0.8419096818136486,0.8177379181039547,-0.47194859491846647
Escape from Mogadishu (2021),-1.0739294330845757,-1.8986625980480254,0.39459972075539645,0.8404895598667396,-0.40064171872400817,-0.47079836201364367,-0.2128402233723391
Niko: Beyond the Northern Lights (2024),-1.8051516381019874,-1.6124346914446022,-0.7976410634000018,0.7619301133749641,-1.1515412328374455,0.31920627513106475,0.3586608020690814
The Lorax (2012),2.414442145025791,1.1765516516446117,-1.0904629144530744,0.0703533407194527,-0.6268002255035878,-0.163043705559589,-0.5078444163751364
The Lord of the Rings: The War of the Rohirrim (2024),-0.7233823430687932,0.0897377966492345,0.41223314153534746,2.0765475144854593,0.41979229009611674,0.024305038495322204,0.07967905408149825
Logan (2017),3.421318865645131,-0.6252532189319984,-2.3776370760220824,0.31370909688780446,-0.07645049703514398,0.31373135037001193,-1.327613900120132
Forever Young (2015),-1.1182323685925308,-1.6405749237284348,0.17952894231154698,-0.165037018715882,-0.7351482889310967,-0.12610411249229736,-0.4204440073247856
Forever Young (2017),-0.3810952365689328,-1.6000435686987158,-0.11582623957766501,0.15522268267755973,-0.8190805353259277,-0.7121403717254564,-0.5373061482854911
The Holdovers (2023),0.18161841261328948,-0.21798223455472493,1.5326494930970096,1.8750524690851766,-0.6216413746756029,-0.31757593748830915,0.0688737895682173
Sunny Sisters (2021),-2.062924356506926,-1.750850352804952,-0.3605135039048429,0.6444341936809153,0.36170882739046617,0.8688924020004762,0.5085221362653721
One Piece: Strong World (2009),-0.9633140067650413,-1.511441633485661,0.8750516396225931,-0.8272052762389124,-0.5466322571605324,-0.38034489387466996,-0.7467059092485447
The Greatest Showman (2017),3.1752984167870704,-0.4662770964981259,-0.14789091648729147,0.4611557614064334,-0.9694459171737574,-0.07869269740659801,-0.2132884486831661
Blink Twice (2024),-0.1384776845510317,0.4082775361178777,-0.2646144284326754,1.7653205390713276,-0.7203759681109153,-0.6779826733940156,0.2269089710740888
Father & Soldier (2023),-2.1412084895896544,-1.6630882438845047,-0.6445308501336374,0.6708628100490599,-0.5177747037316973,1.032138589642955,0.5466948765521095
The Raven (2012),-0.8153881271689452,1.0012937890644977,0.4920276673267837,0.2619253027521973,0.006657969859936265,0.7544639791574477,0.10527999903068375
What Did You Eat Yesterday? (2021),-1.6145968132019455,-1.9431459284043588,0.613506601044274,0.7557970295316169,-0.4858183336307635,0.46057415417794173,-0.1379273703790236
The Day We Lit Up the Sky (2021),-1.7957263490410242,-1.4401491697317672,-2.1424089565852302,0.502648242107997,1.2526045825806076,-0.4366305070949479,1.1285089896385254
Khumba (2013),-1.8718494681765447,-0.9116734011583449,-0.9046646836153998,-0.6974729103435551,-0.4302492363626854,0.6759640365046531,0.4126643960105495
Adventures in Zambezia (2012),-1.5782176493455142,-0.8721557051398529,-0.9515521322299091,-0.8107896876512214,-0.5258317895834255,0.11409962800140322,0.27499609007113984
The Change-Up (2011),0.11280800577636178,0.7806043759388225,0.3695479805067835,0.051976143508833464,0.07164629436439714,-0.2138330498323301,0.3667583042962616
Booksmart (2019),-0.44555738207995116,2.2179165651364787,0.8030088883934617,1.6332131140658763,-0.786280376657463,1.27370929482176,0.13351535659599675
Central Intelligence (2016),1.5445126295424438,0.8581328749057793,-0.3038013622300174,0.756466360070005,-0.1760295209364574,-0.3599726839775595,0.21933900486030816
The Lego Movie (2014),3.898057390231658,0.35210484432148037,0.017209797530565035,0.21699887428329517,-1.142498988203955,0.17186303414207374,-0.1286854530278104
The Pioneer (2021),-1.552472381320759,-1.7650679494655912,-0.601631402406412,0.732740099813828,0.5528639893403866,-0.2188211803543637,0.41794078034127524
Hostage: Missing Celebrity (2021),-1.7521441678250593,-1.5954547308690141,-0.5212553347892414,0.45571398149727493,-0.8159095326719235,0.2806085152231571,0.23831224735075285
Tad the Lost Explorer and the Emerald Tablet (2022),-1.2391776968543133,-1.5648050871631183,-1.0391526589184252,0.5877871724865097,-0.8052632342597397,-0.7535263346052767,0.23181722241664116
Red One (2024),1.6107643350032494,-0.7814501413471957,-0.6221418799009815,1.6260757805753883,0.0820995242775121,-0.6917797524457256,-0.10805307049337176
Underworld: Awakening (2012),0.6345221378844234,0.4131023821606317,-0.6008820652243443,-0.21715841701793698,-0.6696349331900396,-0.6208565894036084,0.10158284456054073
Late Night with the Devil (2024),-0.544433422519157,1.065609091720347,0.16372164091267466,1.8529378683503563,-1.2514942296314613,0.31809038288178954,0.2807198861398805
Memento (2001),-0.17837221810233297,2.040468237707998,0.8734021457582739,-1.208805582618487,-1.8975655182580067,-0.3169524984744515,-1.3303374171847917
Hard Hit (2021),-2.0815871959104557,-1.5934438379012095,-0.406214179520217,0.410779701573675,-0.8050926565244092,0.9840976647567723,0.34095103143743694
Horrible Bosses (2011),2.048701564745994,0.9451694097366373,0.3780530653166642,-0.15479964082267142,-0.8180167076946049,-0.5288926151840683,0.9394624856576115
The Beasts (2022),-1.3500272558566018,-1.9030239747618978,1.238810345094691,1.1554187215645475,-0.2485296420629927,0.4932046435235557,-0.12852202295314336
Argylle (2024),0.34426660483816746,-0.01167849703078612,-0.20019800298984017,2.0755428377289245,0.9469045987237451,-0.9331966160705522,0.30866859028529764
Bad Boys for Life (2020),3.0802573214093245,-0.22262262539969246,-0.6334274748965129,1.2555742377039196,0.1931561554157411,-0.31203405550638424,-0.4053091124525433
Drive Angry (2011),-0.9329842073178888,0.06408623406517489,-0.4475078570711732,-0.3831802427377839,0.3360786921477758,0.03061466218139827,0.5503930399032938
Camping 2 (2010),-1.8517416933362008,-1.0241193047106218,-1.35079643581902,-1.045955932893695,0.7972583304904483,0.18085820888387238,0.6027064987420919
Your Turn to Kill (2021),-1.5843363068718046,-1.9267454746996324,-0.24761796534254313,0.9186519865868197,1.339881145563041,-0.07266124020266887,0.4667501502221511
The King's Speech (2010),3.825350544750051,-0.6977185673831263,1.2450842226363148,-0.6320097821096508,-0.9222247814393252,-0.39540686645589795,1.019536318081215
The Bodin's in the Land of Smile (2021),-1.9639376727104159,-1.4815535409866605,-1.2633717871849672,0.40786907122962457,0.056683403892177374,0.3300435877305555,0.7323107037565322
Deranged (2012),-2.0438875448445897,-0.7673432372035667,-1.8931025138080158,-0.775791290554986,1.1598347798526996,0.4446790717224502,1.0381653182054726
Haywire (2012),-0.804763763972015,1.2625065247899225,-0.3222261528916785,0.07818701318875619,-0.16953103455342802,0.4668841654010367,0.33649709280274487
Pil's Adventures (2021),-2.074075294523039,-1.5192337488061658,-0.6816280659120254,0.33621580198180473,-0.848863534302391,0.8583136831747866,0.4260997764461914
Agent Backkom: King's Bear (2021),-1.9353442755903412,-1.6739173712271471,-0.1303349190417246,0.4647814649265876,-1.040073719354959,0.8032344562419315,0.11732441460210395
The Visit (2015),0.18893403841693784,1.2057908284456422,0.09561598164658044,1.1393496805083099,0.9133148108669478,-0.2187585320612762,-0.3798392277159648
Immaculate (2024),-0.5592917701890672,0.14961352053223195,-0.40580789958880054,1.8379024705231712,-0.01955410790010106,-0.5543548143262873,0.06523022493864389
Sherlock Holmes: A Game of Shadows (2011),4.230230559807325,-0.9000064538612144,0.4197249990240433,-0.31659969666306953,-0.04548122842910671,-0.009189547687464557,0.014785599965973369
Strays (2023),-0.4809925399839795,1.2473512662319202,-0.4644685273975763,1.7823257347944301,-0.7528982041700395,0.012235515995496314,0.08922494945291413
Barbie (2023),10.505502708115428,-2.0612057967715507,-2.864207594303607,0.6430669852942752,-0.1212070427510035,3.1271203644208394,-0.8125143387488406
A Star Is Born (2018),3.732036222977736,-0.37006552117931274,0.759213315813585,1.0145961725973085,-0.15841617447424375,0.04056032454628835,0.11524164882082451
Spy Kids 4: All the Time in the World (2011),-0.6328381299444068,1.1234528821552194,-2.1740652235063123,-0.28479888690215477,1.0318151010211074,-0.4187199213248979,0.7099025002906056
Hot Summer Days (2010),-2.0185940386330445,-1.1587796195148052,-0.2876256220369108,-1.0370892691196958,-0.333915980716808,0.8932090291026786,0.08731503748508347
Tonde Saitama: Biwako Yori Ai o Komete (2023),-1.7097243942779263,-1.8830189987435455,-0.20599552486810274,0.9261318478008963,-0.0939630977366345,0.32297645901255156,0.26955768531015406
Second Act (2018),-0.2995237706205522,0.7031586481773747,0.03651634046544309,1.1856010299651005,-0.0018960583173734916,0.02594980625815008,-0.3020216179746243
Potiche (2010),-1.503584506195039,-1.0773596711608004,0.0634774782964172,-0.8325812708195082,-0.22919296997518035,0.32548531988896473,-0.11644446535503926
Dune: Part Two (2024),5.9987545782154355,-1.910455711755045,1.267912272023601,1.748972943557727,0.06238846039450191,0.6367488752454677,-0.0691106736203277
Candyman (2021),0.19113375886039,1.9500450685652928,-0.8303162326294328,1.5890512635588534,-1.3527890461600611,-0.512904770459126,-0.3698357789665694
Contraband (2012),0.46026361641701924,1.5775405585549176,0.2227751202337813,0.5146772778267624,-0.0011693395782527327,-0.2446259753665617,-0.07032596615102948
The First Slam Dunk (2022),0.20743247301268183,-2.405614463783952,0.6827837452178709,1.0134273559194775,-0.9291408093381389,-1.0946137854551967,-1.0437280645415765
Gantz (2011),-1.2581024098083697,-1.6113081284991142,0.5681963431620409,-0.46013844350514344,0.549113385612654,-0.05999527937579172,-0.2698609709380324
Gantz: Perfect Answer (2011),-1.405807791445696,-1.6778699854363435,0.7409776254920326,-0.3634619216594075,1.0064364165729358,0.2011496861752144,-0.19270352989149808
Cado dalle nubi (2009),-1.9062239982066385,-1.143993561822303,0.06984436102049787,-1.1365309560595531,-0.4899996752852874,0.8878195218897142,-0.05604963117053829
The Man from Nowhere (2010),-0.9383297195097815,-1.5588833997612621,1.2628594107673048,-0.6581317372623208,-0.5403068931138667,0.003156172232234591,-0.45085878968353815
Exodus: Gods and Kings (2014),1.4882844291272033,-1.0336619520531023,0.18952368342644108,0.41067149235506306,1.3439223088870942,-0.7718920318453948,-0.07908302130317708
Nothing to Declare (2011),-0.7008487090674176,-1.4920287890171955,-0.18710587241126841,-0.6928692928035601,-0.11194162542998053,-0.7129040108846084,-0.3554255520901401
Daddy's Home (2015),1.6052050861313405,1.1316614011452093,-0.7854462104480565,0.6083690578734959,-0.3467657502913293,-0.38240854903256827,-0.17704682453396453
Welcome to the South (2010),-1.2750432672311824,-1.3038752217854055,0.05679986439489379,-0.8772937531919597,-0.37424779715069634,-0.08552710297927713,-0.254357553854833
Fall (2022),-0.719063061953498,0.21278041621673363,0.0564050680603547,1.3948483216559247,-0.477867262893324,0.05957567780010634,0.4918037561795442
Let the Bullets Fly (2010),-0.3213615793650536,-1.8134335528394405,0.8776412966671729,-0.48400469077256947,0.16876663677569392,-0.9164232962530515,-0.865675932307622
After Everything (2023),-2.0887322118421676,-1.2530674781559477,-1.5600550882791213,0.6467825541154906,0.0032221347161006638,0.6838504725784652,1.0401786116971847
Orange (2015),-1.5991086637309702,-2.081728210206831,1.5291034836353479,0.3650431421752576,1.2436799540495571,0.9414067038574311,-0.2328464848782581
Shaolin (2011),-1.0995016588066924,-1.6548671369619739,0.7950441968109253,-0.40856392667316477,0.37185666457818806,-0.1927814508257132,-0.3692245995645568
Captain Phillips (2013),2.3227210465832155,0.1099035915398207,1.6977186487378473,0.40478849421143054,-0.32968321227614866,-0.4956248572312191,0.6692996980495701
Secret Reunion (2010),-1.3323179329845969,-1.4774441394173485,0.6451145168832286,-0.697306905063552,-0.09618968235487425,0.1171352814655646,-0.40227913122876763
Jawan (2023),-0.29262735172192367,-0.2769474780984707,1.745544811114579,2.332391029145707,1.1945677024404717,0.11272773908272633,-0.031249932292860143
Paranormal Activity 2 (2010),0.7779278368678854,0.8957980268656555,-0.9624871392480981,-0.30177448561192705,-0.10346235778903759,-0.6965224536286967,-0.02897226862857681
What Happened to Monday (2017),-1.2546019805283084,-1.568119284936174,0.7683680701367553,0.21221157773706842,-0.1755610620602768,0.6567346094324125,0.49523047294716943
My Spy (2020),-1.4036826412028425,-1.3008748658147031,-0.5850551654418542,0.4313271389967174,-0.8127894726910028,-0.37651197951300264,0.20155093661066176
The Mortal Instruments: City of Bones (2013),0.0578609626418427,-0.11701334339852645,0.1552022227263055,0.27529118347925957,0.845993090167499,-0.5582310094732035,0.28933943844982174
Oppenheimer (2023),8.022223104900755,-2.7397995667294026,1.1470867375460387,1.339804611271994,0.6064061862778568,1.3342342102345708,0.41198378319157397
Blair Witch (2016),-1.002991227298083,0.8514812478226444,-1.1811423299189372,0.40404908243327603,0.04573211551693806,0.34608540957548595,0.5872276350360186
Eiga Sumikkogurashi: Aoi tsukiyo no mahô no ko (2021),-2.0066317190069336,-1.327444060638736,-1.0089724163316995,0.13144200588043015,-1.8055836165995265,0.6294043914190415,0.3156917188949571
Cloudy Mountain (2021),-0.9772546302419454,-1.7661761387635484,-1.0550928949417815,0.6872223974948134,0.3996754069153568,-1.0782422383890993,0.27066671861284214
127 Hours (2010),0.2458400572498331,0.06990210648667014,1.0396827622560603,-0.6382742406754207,-1.3402978043617073,-0.19567209886420378,0.9326406220505398
Dunki (2023),-0.7909119841150811,-0.34504875611168195,1.3398569166491394,2.1245214343038423,1.1541078385366357,0.5449619312464672,0.15587107954075655
The Snowman (2017),-1.5588945415696267,0.1733983232779724,-2.190314777691947,-0.7598576878785197,-3.871122631307236,0.2789902266229419,0.08673464540727832
Ride On (2023),-1.1556707506231532,-2.0113894773440784,-0.05435710488547979,1.1040045121653836,0.12190714135354716,-0.4606116039062938,0.06748054251564675
99.9 Criminal Lawyer: The Movie (2021),-1.3665209712002346,-1.8354344039728603,-0.2335298946249143,0.7457169145372184,0.14105503255155608,-0.36659053721081714,0.14220644733004162
On the Wandering Paths (2023),-2.0802515581165864,-1.7135304816061678,-0.25544241492337866,0.6708867485042844,-1.0137929198297806,1.1161866625330956,0.3045810116820224
"My Country, My Parents (2021)",0.4873335796410633,-2.6113889838054445,-0.07840957414693861,1.1215538351921044,1.3434014080685253,-1.2939210568314543,-0.6289677256189937
That Time I Got Reincarnated as a Slime the Movie: Scarlet Bond (2022),-1.489747135172248,-1.3511276132218175,0.36160905380914665,1.0223007683543563,-0.5483997731434199,0.4320978758698691,-0.08321559498386458
Premium Rush (2012),-0.6828708531922716,1.6216035792449426,0.20647761085878696,0.21430273825218527,-0.6208932974283209,0.7972037235886195,0.1982507445953781
Trick the Movie: Psychic Battle Royale (2010),-1.8846810545292005,-1.4025350067906286,0.33478648245595927,-0.7691024162715124,0.4304870912263364,0.8465841172094536,-0.02261027525451646
Die drei ??? - Erbe des Drachen (2023),-1.787191428726211,-1.6398461565442142,-0.9196229587884193,0.7438150159140169,-0.28401267851013956,0.2168388841617908,0.5325889543198062
Rheingold (2022),-1.6507646345863747,-2.0615646149792783,0.7450624086957833,1.0591232959867862,0.2794618985546442,0.605712251832776,0.0595857948419426
Under the Hawthorn Tree (2010),-1.6113170813477269,-1.465516364108605,0.773290326283611,-0.7393863175458003,-0.27582098665189814,0.5813294700879115,-0.3798292525771684
Finnick (2022),-2.1772723877618123,-1.461527904612693,-1.046628487636694,0.420540554734115,-0.7548027646117186,0.9055318536090631,0.6177767404726264
Little Canned Men (2021),-2.136071823304338,-1.5758946096979745,-0.6373884246241383,0.40153210589672067,-0.6046632583996968,0.9507953084760123,0.43875339642787514
Country Strong (2010),-0.7199319049335811,2.8546969365943164,0.811232150220449,0.7697305856480151,0.5257169658431994,1.3666079653866212,-0.3337221069695164
Mary Queen of Scots (2018),-0.9741743926318462,0.014899838354536421,-0.4419188728561229,0.8851033507766839,0.6703070045921533,0.19198598607040007,0.2236077566193164
Elite Squad 2: The Enemy Within (2010),-0.5884041707817937,-1.6077764551146752,1.2551535161436813,-0.6885464340483517,-0.8386124123824694,-0.4141214764597902,-0.5825394569833577
"Like Father, Like Son (2013)",-1.4066241096431322,-1.2837397247273485,0.44934844615129477,-0.8141453059663876,-2.8295186965355397,0.3957593864369669,-0.8226136528821553
Beautiful Creatures (2013),-0.49263277366415864,-0.05205315268141043,0.3155557445853857,0.23472622782648472,0.5124143182412808,-0.06997194482102238,0.14193540919468411
Zombieland: Double Tap (2019),0.7268467202120962,0.9102572483841523,-0.03270881630513835,1.1203454940026225,-0.778554827877768,-0.2767384753693669,0.35119273909775306
The Devil Inside (2012),-0.29927869244083255,1.3558478924279882,-1.978640304428703,-0.08163645456815034,0.4885768795681051,-0.43025170337591767,0.494064438053818
Ra.One (2011),-1.3057731114677662,-1.3537642186912697,0.31691727481717963,-0.16216136854559268,2.2506110145905582,0.11520480154703351,0.4161623365489038
One Day (2011),-0.32002472037973995,-0.29590114561215747,0.62931420580325,-0.34411626887223595,-0.5486363223220422,-0.24377721239095837,0.16023727181348826
Overboard (2018),-0.004882098695383967,0.775900102639987,-0.2990602745356487,1.140888395197401,0.14562397155848983,-0.24903734521296259,-0.05560473635908961
Dolphin Tale (2011),0.4227364568145785,1.811027636531123,0.48269238017797683,0.6128209811424233,0.005816096272710983,-0.2081595548697856,-0.6931968350129657
Just Go with It (2011),1.610977052388388,0.48180169849662896,0.15311081246033828,0.03049354345619695,0.16701487250361788,-0.6736566149313573,0.2406227165763613
Skyline (2010),-0.7207731281442402,0.5115934340133469,-1.3863513241319494,-0.5803645240459809,0.5502089538988703,-0.3385299086778943,0.7128104992004477
No Hard Feelings (2023),0.37462280225133027,0.7307971175239704,-0.275506366006772,1.671951536766787,-0.5597803561900674,-0.4498912542008645,0.5589930409329483
Knock at the Cabin (2023),-0.01638813492672813,1.1037537612978892,-0.40930640525688905,1.7724171209044512,-0.4909104093566769,-0.32447978879417305,0.46910864920046713
Man on a Ledge (2012),-0.44366109408620286,0.42305580177631535,0.34142856231461516,-0.050969537455976,-0.448804181360876,0.0807697773542179,0.2910088973621853
War Horse (2011),1.3125661400739161,0.06213700980674321,1.271838759382841,0.42294289252575984,0.6384107529161621,-0.7059782998328077,-0.4821841990677421
The Secret World of Arrietty (2010),0.22788089542386852,-1.0600961411630216,0.3018432252905958,-0.7791288689304786,-1.2070939225303672,-0.8402552340424264,-0.662655934216873
Nasha Russia. Yaytsa sudby (2010),-2.070941972852256,-0.8967833466141454,-1.3999803630965564,-1.1825648036669991,0.2098110069991652,0.5343926395503957,0.6079824324855762
"Crazy, Stupid, Love. (2011)",1.833214488235467,0.8680987226843392,1.5322325469279983,0.058322779073281907,-0.583731588811499,-0.3482605877604418,1.3047750907042663
A Dangerous Method (2011),-1.1399409620059793,-0.29629305860175403,0.14867985378018087,-0.5279124698268705,-0.41736231481824176,0.4663925966002968,0.32530243811014287
Mortal Engines (2018),-0.2278842353300735,-0.8868480206346814,0.1604550577975109,0.6980009026124119,0.4058559551427025,-0.44188081501770915,0.4369941423164418
The Lady Shogun and Her Men (2010),-1.616947213861083,-1.3967453950932014,0.23798669394926605,-0.7668701037837996,0.2742902119141,0.34285063474828537,-0.13108116295073283
Texas Chainsaw (2013),-0.6602380364832994,2.0556582614791195,-1.052294597537108,0.44106207517057505,0.4217386125065515,0.394145515971334,0.48371949061490843
Weekend Rebels (2023),-1.9380666863076979,-1.884645513395923,0.3840170195800479,0.8651778606824148,-0.862962898235264,1.1191252004363836,0.07630749292204031
Freelance (2023),-1.4224861141998137,0.6266924951529229,-0.46297018729223643,1.6189230488942883,0.1485340953581462,1.0965074855417534,0.5566676329417578
Fireworks (2017),-1.4126015926313789,-1.6614229751593073,1.375097528067293,0.48225119741437017,-0.20395689460476443,0.8492659072329826,-0.3739413659777096
Recep Ivedik 3 (2010),-2.077941770076464,-0.939403028430138,-1.3840136414916073,-1.1080884116370249,0.7351600746300125,0.5752286213350466,0.8097541607689953
Christmas with the Chosen: The Messengers (2021),-0.2955488615088376,2.2506094650758777,1.5389190284952372,2.4227097891421794,-0.569212325374102,0.821383060681763,-0.7983467466678966
The Dilemma (2011),-0.14182539752725498,1.7684021043076943,-0.3875238872110236,0.39341955717338895,0.7698662912234089,-0.07862632385409588,0.0987941674456553
Nice View (2022),0.2521115068184072,-2.2308480832741657,-0.835375732029888,0.7302790849039713,-0.6052360877682025,-1.1828826036815925,-0.6341561019670382
Elemental (2023),2.97031750050757,-1.138445300716645,-1.2022646910721821,1.1093562564430233,-0.8642424435398571,-0.10740837294460405,-0.7457138044036719
Barbarian (2022),0.5274352049663185,2.0780495398392733,0.4727779368562824,2.0544219624751263,-0.9051785895245107,-0.2706700580581708,0.3559707612906804
Kick (2014),-0.9191174060639531,-1.8712787413822598,2.030655753104882,0.37331620544331034,0.4152279468433689,0.21877765107935007,-0.7995343942594488
Saturday Night (2024),-0.7634910909519309,2.3960035801917714,0.23259569305932917,2.347650609178332,-1.217826795525601,1.1187413272513993,-0.27304147639538917
House at the End of the Street (2012),-0.47872572583155976,1.8922107269300534,-0.34007445665090114,0.41727842458910325,0.302483711860028,0.3322742240267011,0.27794343220901313
Sword Art Online the Movie: Progressive - Scherzo of Deep Night (2022),-1.8749402077717237,-1.7637589559169078,-0.06078312887194696,0.6435019579901917,-0.8655797459843219,0.7055093519973986,0.1289694808589027
Larry Crowne (2011),-0.2502933401045519,0.8721173158713184,-0.2567375049203923,-0.05294886594512302,-0.1626347638725348,-0.2156356195020016,-0.035708219059448064
G.I. Joe: Retaliation (2013),2.177321090215596,-0.3958322621454388,-1.13518856566943,-0.09072388423469152,0.39455367159510984,-0.5179310407634342,-0.11286310607552585
PAW Patrol: The Mighty Movie (2023),0.5097984896214182,-0.35506753974199595,-1.5876608099527065,1.165881724009438,-0.6857418594159476,-0.67752737733146,-0.2092596102517888
The Roundup (2022),-0.3924062718803184,-1.968450197978079,-0.2664065833083911,0.8037376756628247,-0.8711744275115499,-1.1191366736763693,-0.3910184326113955
The Attorney (2013),-0.9679160255071408,-1.4285105238254594,-0.5151563551874322,-0.47723165692129577,-0.17472161038574255,-0.5446269616955784,-0.19786579373642782
Diary of a Wimpy Kid: Rodrick Rules (2011),-0.384789871856993,2.264420356386384,-1.421755499388898,0.06606164003174493,-0.20188009216300354,-0.03310091666082619,0.03702178541325978
Vicky and the Treasure of the Gods (2011),-2.089464107066303,-1.1281623450902485,-0.6046902507636707,-0.9163293677839375,0.05544887319674702,0.9412419236419838,0.3484931381539035
Veda - Atatürk (2010),-0.9720625173183235,-1.4937050207019997,0.6484940865434822,-0.6947565130852849,-0.35374465533054406,-0.32456268066538563,-0.579399994027905
What to Expect When You're Expecting (2012),-0.09765950658046373,0.8133492091971977,-0.3085134515640311,0.2105476804676588,0.40666969523823177,-0.3593750246500947,0.0797656914885764
Beck (2010),-1.6224408660252625,-1.729767149363827,1.4237267402942633,-0.4426637589089182,0.763092654574266,0.7967582290132539,-0.3997062540388025
Maleficent (2014),5.187232512538274,-1.1620041412745932,-1.40325795358144,-0.41444403495339127,-0.6698831237470445,0.5434738187501772,-0.42928506761097557
71: Into the Fire (2010),-1.6486495884527048,-1.4812732541108649,1.047499032772356,-0.6750133550519037,-0.17085356565712612,0.8053749319394548,-0.3983210773709336
Warm Bodies (2013),0.7768925310111945,1.0380029523592729,0.2382713961202742,0.2786590927364593,-0.7100961457403985,-0.42657117597136807,0.3165865273073572
Of Gods and Men (2010),-1.045237493357442,-1.1969068137883432,0.9503596916335307,-0.5133553522282125,-0.10127623458118865,0.05983049060086479,-0.5298148261101661
Bang Bang (2014),-1.2311039466886848,-1.3396259011472016,0.7164086966642844,-0.20317341885222134,-1.0882557904483652,0.3117734092406009,-0.5834818376031808
Isle of Dogs (2018),-1.003224256050587,1.0675665175324962,-2.332952673536028,0.7003533418257549,0.9271052478772772,0.048604766814542226,0.8901447162779574
The Commuter (2017),0.014873475807414138,-0.4555508161004541,-0.3261731480900321,0.4323841196811257,-0.33014209509504655,-0.4304158884104258,0.1556307421677233
The Mermaid (2016),1.7446773760225525,-2.215776452246774,-3.55559317971728,-0.7358318099257585,-0.05462281370241125,-0.4708719031110231,-0.8123326472423157
Act of Valor (2012),0.374667985206861,2.245086918771297,0.2901334846365144,0.7988516445788446,0.10716687939245036,-0.02851673574834116,-0.3092445394477588
Norm of the North (2016),-1.4915311047428093,1.4268832372591125,-2.1029348633100113,0.4816786621197652,1.0588269602968898,0.731378188070877,1.048933459070638
Fast Five (2011),4.617439793541414,-1.0735329194666139,0.05004564453753432,-0.3223501679456896,0.13214951331604563,0.1520035634629981,-0.43345981676410783
Soul Surfer (2011),0.035567180118494086,2.5587782479595993,0.9218913384027482,0.8388889981035129,-0.11525963720328711,0.4035567182340815,-0.5528659982658142
This Means War (2012),0.6833399482062741,0.11031184021081797,-0.22126589436081837,-0.13536689419152464,-0.24346203073888753,-0.6637276474592887,0.21142552064760514
The Big Short (2015),1.6347827223049285,0.33876682917435147,1.8263085954826292,0.7030086918660116,-0.5433099336346752,-0.4270611079525297,0.9269071312119858
The Woman in Black (2012),0.5145120109420592,0.5185509689193177,-0.21960426324518492,-0.0999880522276345,-0.5385206619328318,-0.5420677268369224,0.2485401428840952
Bounty Hunters (2016),-2.133131755528377,-1.035680531944313,-2.4118866340580882,-0.49481313147263273,0.45945466735345364,0.3137260210488211,1.0722574156767901
Astérix and Obélix: God Save Britannia (2012),-1.2015797352923177,-1.360152754444643,-0.7346934823284159,-0.6037957257626889,0.5413906935485195,-0.41685356973620263,0.2052881024861825
New Year's Eve (2011),0.35452217493094973,0.26896396134448336,-0.38058482558115614,-0.015976868435493386,0.7265317907856704,-0.6099559501003259,0.0007026894307192479
One for the Money (2011),-0.8916933940527058,1.754343081301371,-0.6725082356924732,0.08753506974867913,0.1897023736494132,0.56411819454371,0.2103687871969822
Safe House (2012),1.6791047490349464,1.0006525375904713,0.3060985523399864,0.3726947557154713,-0.0471541034847612,-0.4486102441882042,0.02830004813935536
A Hard Day (2014),-1.8805599942495304,-1.4940140555057733,0.07171788035044464,-0.3248772773138191,0.010862675761112238,0.9230956297146512,0.08167588608735102
Amour (2012),-0.9162133865222193,-0.8284946994437232,1.740468693384563,-0.041954028601795805,-0.4340088416034725,0.6661909136160846,-0.3353617169326391
Hustlers (2019),0.5519127369349851,1.3661073826316643,-1.2760899857209094,1.2592975972696367,-0.03565326340507347,-0.32477001268190675,-0.17031781845101357
American Reunion (2012),1.286308166338783,-0.6313948899718704,0.024396237456342607,-0.22545594156431584,-0.1782875718763443,-0.7647244436920276,-0.012798023455825031
A Good Day to Die Hard (2013),1.4313394832055186,-0.5939233020157332,-1.5255167682243724,-0.3986556807630965,0.2350489376931379,-0.7682864575510239,0.4036990346393414
The Vow (2012),1.5047792399846016,1.2378296422719233,0.12852264438765074,0.3286364999585186,-0.41628032554105704,-0.3751779025163717,-0.09149486853012696
Zoolander 2 (2016),-0.6803892422167233,0.9626258094336264,-1.1179819763464236,0.589816485302476,0.5831498772502738,0.08989288363389328,0.6964864497596959
Harold and the Purple Crayon (2024),-0.6518634973827705,0.8302125416080258,-1.0653843678858033,1.7103921076088062,-0.5552591846497293,-0.40077333448455627,0.25184292777648687
Abraham Lincoln: Vampire Hunter (2012),0.19102620168931042,0.0841060788334305,-0.3549330638122305,-0.14705440068013234,0.045659693303653166,-0.6132943674220729,0.33813101881156177
Go Away Mr. Tumor (2015),-0.875251849655381,-1.7166847199480393,-0.040541808423121606,-0.05092023341837251,-0.014231300824643585,-0.4898137505312748,-0.3350253140692758
Doraemon The Movie: Nobita's Great Battle of the Mermaid King (2010),-1.5343429121942902,-1.2878078016528978,0.004445695582081737,-0.928648675802803,-0.4202963445565087,0.1996735876914012,-0.2284665031710332
Kon-Tiki (2012),-1.5643062881536487,-1.2798164728996253,0.9712371236395352,-0.3921510272964555,-0.24134076437351476,0.9872249238694114,-0.10808214175001848
Alvin and the Chipmunks: Chipwrecked (2011),1.5016539034285705,0.39783128778513027,-2.516797950996204,-0.4514677425673682,0.5995756485441679,-0.5615296056329344,-0.15571119344815812
J. Edgar (2011),0.19390819229408768,0.3067032965723435,0.9052489680461542,0.30042596217915196,0.7519596465741405,-0.3713557895429782,-0.06426515329265597
Jupiter Ascending (2015),0.7417100439441072,-0.5691301906105398,-0.5388383422749194,0.30871569652645264,0.9621366973661546,-0.8277523046778433,0.5393456860758951
One Piece Film: Red (2022),0.2007262759255672,-1.9177365136650812,-0.35060013496714615,0.9405451935782374,-0.4373269420841152,-1.1195143382418757,-0.5405004420618812
The Last Witch Hunter (2015),0.17960096368633796,-0.6750790304278045,-0.6556582425844204,0.06962215914463633,-0.009917508244930998,-0.8015116842239989,0.15208356648305313
Jackie (2016),-0.96289746194427,0.6213787264213557,0.2501469694807938,0.5723215339550836,-0.5597781448256047,0.8513123747598101,0.18806623834971484
Water Gate Bridge (2022),2.6410080252258745,-3.486689374311228,-1.5616766174789982,0.8988041222532338,1.725767604126079,-0.3725672092991855,-1.4078948807760627
Conference of Animals (2010),-1.46398897855123,-1.043201667789021,-1.2815579400269996,-1.0477419146619633,0.3344680507883975,-0.29966328385276797,0.3553841669490642
Nightmare Alley (2021),-1.2193964830085913,0.1593273195127161,-2.692351243256119,0.7840329630546886,0.7998215462258301,-0.6740778300876872,1.116922120668474
A Wrinkle in Time (2018),0.441229331873557,1.8223312279001265,-1.519890099370577,1.3365990355609916,1.1034713386844626,-0.33174855315871776,0.42620897707339633
The Addams Family (2019),0.7883736972177589,0.603786246890384,-1.433023535139796,0.865087573856826,-0.541775570149292,-0.46899862681803367,-0.13030888079291159
Free Birds (2013),0.040025175832150955,0.9790337133179291,-0.8700765332795967,0.20127478570793086,-0.22053955600252056,-0.4950684605179597,-0.1658890278365251
Think Like a Man (2012),0.6911295634710238,2.55469284301433,0.5800814757179987,1.1115980589518726,0.4633608909454755,-0.044563786747583926,-0.542172194891096
The Purge (2013),-0.30137666408960834,2.3383255209492386,-2.1382172001789486,0.12614805628380849,-0.6107520505843607,-0.18027338971440074,0.18959073409618332
30 Minutes or Less (2011),-0.28334187373612235,2.8501991081741296,-0.2625157225190622,0.3982041165194454,-0.4657287260793941,0.5256056491691486,0.16060109587496532
Final Destination 5 (2011),0.3667966150649588,-0.04473166863829248,-0.8261491156269731,-0.48445120276948284,-0.29494631299956664,-0.7756380529401629,0.10706312662055358
Oz the Great and Powerful (2013),3.526158058569059,-0.10956199847301092,-0.5262704194606884,0.3251969248432077,0.734324470004591,-0.004690066905481987,-0.5304665653350379
ParaNorman (2012),0.36026071534492804,0.9485748437115248,0.09446787248834757,0.11381710138086988,-0.9039536929091367,-0.3973765976822293,-0.2781826632102976
Young Adult (2011),-0.9253141692933424,1.9029745906083995,0.23526964420864874,0.19306438895391848,-0.33864000031988917,1.1907422757269535,0.14808747174173925
Too Cool to Kill (2022),0.2174015182264987,-2.203147758197035,-1.1696968199537916,0.7294226974452838,-0.16192936045155093,-1.2014458473336684,-0.4407483329312705
Magic Mike's Last Dance (2023),-0.4660695573790559,0.31395504030268206,-0.966053389186437,1.6435144454061221,0.41610700929698724,-0.5617653594324675,0.35891093827557624
Independence Day: Resurgence (2016),2.093170949188493,-0.8669832423393332,-1.3673148619131812,0.2660768959050208,0.8870747607966818,-0.5033275160580787,0.1165802841789143
Dogwood Tree (2010),-1.3701038362881264,-1.5393389356996674,0.8359394747622405,-0.5888254362410946,0.31130593030868464,0.22945369381603997,-0.36432820473278077
Avatar: The Way of Water (2022),15.572030426993514,-5.303206457224377,-3.008071673756995,0.6150535792306662,2.4286382104336317,5.339851531706874,-3.640082449321487
Courageous (2011),-0.1699541919278558,2.6234526831215943,1.301535825954995,1.0934972811226389,0.5026708043827225,0.7536807878659749,-0.6540095310365124
The Immature (2011),-1.9016161328036079,-1.3030840440726648,0.03503382222106976,-0.7556942738049311,0.07840136229592125,0.8688795700488375,0.08908745037001327
Edge of Tomorrow (2014),3.4390732985083408,-1.015222751444117,1.112648611251684,-0.283065878277505,-1.2099472701469576,-0.4507470152490365,1.4743363504891704
Creed (2015),0.8693360832570848,1.3319637437075191,-0.5530761908204305,0.581394507483206,-1.44759968473844,-0.4187397252054781,-0.8941943903482416
Friends with Benefits (2011),1.103652884077728,0.1645007174260371,0.39971987589772495,-0.29028220640496666,-0.2767590372043067,-0.6083952145503789,0.967313752537492
Shark Night (2011),-1.1146038657265587,1.1393669519997949,-1.6287549679738567,-0.255956639075291,0.7662590622969301,0.08793856025171704,0.6762635882453788
Bloodshot (2020),-0.3254740928522346,-0.14035177192594944,-0.6025559287148949,1.0324640511742333,0.025637608729104443,-1.185379207918157,0.4202209045495032
Johnny English Reborn (2011),0.22794872329653085,-1.117071409807257,-0.4435163372511967,-0.7136570941773333,-0.31806678373189456,-0.989347047962379,0.04096075657993307
The Intern (2015),0.3814623440943219,0.5527593555046754,-2.062380531463555,-0.022242351392974393,-0.8852558901107163,-0.6520437286510019,-0.21711008128559517
Venom: The Last Dance (2024),2.627910309399424,-1.1986330814974082,-1.7053033147294863,1.3041668036145742,-0.023889976360018182,-0.2910620785275588,-0.552348973696579
Detective Conan: The Lost Ship in the Sky (2010),-1.4053990884766658,-1.3715828452966845,0.3345119786789445,-0.8602506886818947,-0.5310585222738555,0.11777707930517396,-0.39776314017710335
In Time (2011),1.2504787154264814,-0.581345772615768,0.4583708366096649,-0.5646193709001445,-0.46143975855171954,-0.832084323350697,1.0931188177114708
Our Idiot Brother (2011),-0.6188562319617761,2.949034978597541,0.2958751166205222,0.5362961520856447,-0.4466710741223445,1.2796159828756186,0.018441350019011878
Ted (2012),4.563023651893142,-0.42905182185155183,-0.18151937266952034,-0.49743671642114606,-0.6021972042863438,0.12857916323032575,1.0567626675302837
"Love, Rosie (2014)",-1.3984247101264378,-1.2866616707493883,0.6605681331610257,-0.4216865906663384,-0.9060891315317446,0.9695805355029865,0.50111891837134
The Man from U.N.C.L.E. (2015),0.8241563513932905,0.09584036539842904,0.9389000269487708,0.45253581031540435,-0.5614212647780142,-0.4777498072123133,0.6316699009144208
Jumping the Broom (2011),-0.39245935974213103,2.8966859404398972,0.11825693403189565,0.8511669251844026,0.6813063862469325,0.6685269891345373,-0.21326446245940742
Downhill (2020),-0.3362972651489501,2.2983071666190127,1.0775920944651787,1.8266654069905912,-2.1668014027256106,0.48061617537479767,-0.9734115067372486
Crayon Shin-chan: Mononoke Ninja Chinpuden (2022),-1.3571718636830936,-1.776589795062484,-0.19635990386188978,0.7010371461165825,-0.9687884372934386,-0.32157514929364833,-0.06009382664595277
Air (2023),0.5988689761410875,0.5536352729455273,0.5867515816618938,1.8292756376645785,-0.94430358091506,-0.4452955496878963,0.08702733964847657
Challengers (2024),0.6860131757849042,0.10797596879645606,0.6793041489204654,2.1089637362578557,-0.18789920093569573,-0.8224153933651115,-0.009223265327942497
Suzume (2022),0.125990952918648,-1.9642404947893226,0.47801692287110087,1.066140387259917,-0.7207081491412554,-1.0283406715541017,-0.6395341663267589
The Last 10 Years (2022),-1.0707236462450915,-2.0170366109155093,0.3525668317694823,0.9815236391832574,-0.29442126897042215,-0.6236752338030673,-0.21271563403087426
The Dictator (2012),1.064296450829975,0.14664936108453483,-0.4102099280186902,-0.47526276680410146,-1.064734015795469,-0.6588062869417011,0.7615486202055735
Father There Is Only One 3 (2022),-1.6830315490841534,-1.5496633535231406,-1.1496565572861377,0.6127262459667028,-0.1198444176024119,-0.14040775452564774,0.5803396353939128
How to Train Your Dragon 2 (2014),4.281881427061012,-1.2423817902069842,-0.40176356852804923,-0.2745286605825249,-1.0946874375389513,0.19566990869884407,-0.6098345742247392
Wrath of the Titans (2012),1.5376218574083407,-0.3559361231590045,-1.1470520339635164,-0.38951579511560463,0.0341444455319877,-0.6638318484430062,0.11132920977709362
Million Dollar Arm (2014),-0.24594749931522172,2.3894675125750306,1.2076372792601364,1.347033522335868,0.17436529824171831,1.0147637691443245,-0.4524050427617248
Here Comes the Boom (2012),0.02430642903408407,1.3418889312809301,0.1586806784703344,0.37634604746960043,-0.1294063181121856,-0.11861317913216071,-0.08773061339872844
The Dark Tower (2017),0.1417731326796557,0.5442173265382627,-0.8710211574863364,0.573722293321755,-0.20238608739462588,-0.3703951823392825,0.5334169624148155
SP: The Motion Picture II (2011),-1.3080242192247533,-1.5900103526002638,0.47523196013659486,-0.47257689676019554,0.5822685907203815,-0.03218494002883611,-0.25978394411946176
The Impossible (2012),0.9808208317132397,-1.3092172161316094,0.6449887069414937,-0.4035129636849492,-0.6848685340322567,-0.8987732872411911,-0.07946091564101812
Super 8 (2011),2.230451508641072,0.42981973095851167,0.4292061366692008,-0.058669451981100865,-0.37431931286366293,-0.602231151987316,0.32841202487495386
Turkish for Beginners (2012),-1.9286073886989215,-1.2908572896090085,-0.2529739464297803,-0.6738770291772518,0.11988515898864659,0.8487280719548963,0.25049339117002506
Kick-Ass 2 (2013),0.026826663286718032,0.6967945921536004,0.43756614465215493,0.12404597158492969,-0.4515548190751081,0.06031262637687714,0.8275861080243825
Pushpa: The Rule - Part 2 (2024),-0.23937232005403725,-0.216651806322265,1.9200310179276503,2.93128169937875,2.5764203211298864,-0.12829369545156805,-0.09319215001499637
Chebi: My Fluffy Friend (2022),-0.746239331161845,-1.8578075733026402,-0.8315317316818976,0.8192857045454401,0.04106431776281247,-1.0939288882132414,0.08373126348290838
My Week with Marilyn (2011),-0.7541302462759024,0.5807539529791798,0.4931391572170264,-0.13164222358280772,-0.6283535719137746,0.42708284093895565,-0.06338738776428372
The Age of Adaline (2015),0.2759497794983611,1.1819296734560851,0.9651551293843242,0.8365239093874329,-0.5432049118767825,0.14556355094423923,0.19745055513497636
Bestseller (2010),-0.972141249952837,-1.451825322629824,-0.05400055649116864,-0.7111072414524205,0.37374693038195317,-0.5536383465479293,-0.2846358567131211
Colombiana (2011),-0.1047633532981554,1.1891275038208675,0.30420944217112184,0.20178317820688518,-0.028505477890193368,-0.05405095771754689,-0.016195225083644647
The Perks of Being a Wallflower (2012),0.3841377766020408,0.8210419060165836,1.9168733369892248,-0.0479443156540019,-1.3931811776297311,0.6227738458823668,1.498719472047201
The Animal Kingdom (2023),-1.8372470209834166,-2.023798619720861,0.5430169868237048,1.0380433093561554,-0.06755654325355091,0.9645085238851846,0.18687997716728197
Grudge Match (2013),-0.4487816997498297,1.4348830730437887,0.4484130365199236,0.6490855109513709,0.11904053658008815,0.4915261188665238,-0.105441429939592
Polisse (2011),-1.6670818420101743,-1.5855582986567618,1.2676896586511177,-0.499425573080272,-0.05304929160449976,1.0108362783526945,-0.34751671206296203
Pacific Rim (2013),3.1901153524956554,-1.1852090226809948,0.4759690026977832,-0.17971382959329585,0.11503495842200644,-0.49371958001129174,0.7530680001017398
Pixels (2015),0.6733796686442021,-0.03316546616153772,-2.088922981925744,0.1801727843152166,0.7735869937926194,-0.7605843486672643,-0.06022723820405054
All Eyez on Me (2017),-0.10211373257509958,1.6776911150848002,0.5153597881736162,1.6854103129540672,1.1411666748965759,0.24788696836520788,-0.16507585970083358
Vampires Suck (2010),-0.6682236523241759,1.276676937850547,-2.382497151665113,-0.5047156567199051,0.9481704623716212,-0.45230368457706155,0.8815566594668549
The DUFF (2015),-0.4055216119777314,1.9304641477349322,0.25030295145239884,0.9130369763098299,-0.3021159865218923,0.7861497887544352,0.1303542588797489
Mirror Mirror (2012),0.6202424070747594,0.1495722032954589,-0.8290415741083719,-0.07122679655404016,0.33529904416522094,-0.7154911243832324,-0.03686595593975914
Ice Age: Continental Drift (2012),5.055293979279485,-1.8941871979729838,-2.39110155814377,-0.9911884340962978,-0.48335376892638415,0.6171383483194602,-1.345927166810029
Sarah's Key (2010),-1.1848415266586199,-0.2021538879860102,1.1162984701739587,-0.31263429740231863,-0.5470091749511028,0.7479188450453989,-0.5751569024091081
Now You See Me (2013),3.2821173162880433,-0.5756707673031176,0.7666781710237334,-0.2882260125299367,-0.6841444213057928,-0.4484592899426996,1.5954741717250172
In His Chart (2011),-1.7914138079474566,-1.5091220681470452,0.3479005788979604,-0.5443540806897805,0.7890936716299451,0.6935670772360087,0.02349591485540424
The Twilight Saga: Breaking Dawn - Part 2 (2012),5.3666938269494455,-1.023132045037989,-2.134486947019426,-0.4372057818162262,0.8342945631113649,0.7845656469301567,-0.7677449910247977
Autumn and the Black Jaguar (2024),-1.4941445255983579,-1.6965607103030855,-1.0579639444902045,0.8956787317809874,-0.3373642197977503,-0.4030263764713271,0.4733341362211303
Heretic (2024),-0.46682062172559824,1.2517472108901961,-1.4971635722007643,1.7979094779813702,-0.32801685175489853,-0.5932154429025365,0.3282209216666793
101 Proposals (2013),-1.7479969887517313,-1.4319576113781847,-0.29010884826353595,-0.3762516751988092,0.7854317845767332,0.4843871979086654,0.28880706279848734
Entourage (2015),-0.41399514231897605,1.3897015216340163,0.2607406991139269,0.7903074170171428,-0.2924159211379381,0.5183246442646764,0.01432881763811359
The Floating Castle (2012),-1.4158662447979973,-1.765035730488029,0.9147484519132583,-0.1922966990010804,0.9538687901687434,0.28529193650845586,-0.2528859355526536
Vikram (2022),-1.2624922461859576,-0.7875013116805081,-1.3634112450507538,-0.1664862423455126,-5.047321044605201,-0.48866749473745386,-0.473626248363128
The Intouchables (2011),3.649928891751079,-2.4821094813021616,1.6183260299353441,-1.3035387083162704,-1.6343030887939418,-0.5817211962623727,1.8422847272209226
Divergent (2014),0.971152798751764,1.6725190438474158,-3.8407030252014587,-0.6956331199442229,-2.650924447977644,-0.329357157682949,-0.21078644160739352
A Ghost of a Chance (2011),-0.9578134583109704,-1.8029140413873483,1.0765439179073728,-0.29089978314057247,0.634935233403571,-0.28899346719473484,-0.5840121131153583
Dark Waters (2019),-1.4028596936459998,0.7965753335262542,-0.5050337582597149,0.755941314501099,-1.2721880717565512,1.1412742948046393,0.06708657676036123
Ready Player One (2018),4.274559628034713,-1.900953332267143,0.3430937052812112,0.4876198592537346,0.056594200593647975,-0.00499259417758796,0.1523207097770193
Trolls (2016),2.001721125034287,0.16937150418028774,-1.184543422478884,0.3998187972005782,-0.5841489579522556,-0.30474527475352825,-0.5587224244820317
The Santa Claus Gang (2010),-1.6891962407330285,-1.1758141789425889,-0.3426991124785007,-0.9447600032795589,-0.027716373539664992,0.31664839805328454,0.08129415361900616
Qualunquemente (2011),-1.926341915708624,-1.1946633046929327,-0.2465320638059809,-0.8823272955299086,-0.2898077347900328,0.821348328148673,0.11347410588624926
Table for Six (2022),-1.5461358265549074,-1.8672794639888595,0.9058304914199831,0.6977133201561642,-2.0785711770598354,0.6006544532558615,-0.5036471876040562
The Fall Guy (2024),1.396668943698352,0.030269746540980337,0.21347826672367604,1.950381255211197,-0.17377284354936587,-0.7313820795276158,0.19902087884079736
Act of Vengeance (2010),-1.6459024436381031,-1.1026071356075327,0.02268576714507647,-0.7070756276016649,0.6395810288771051,0.5002986703768835,0.22774669081454219
Pokémon: Zoroark: Master of Illusions (2010),-1.0392140380635886,-1.2866609463001413,-0.5290372999945114,-0.9509251637648617,-0.27762355317582077,-0.586461827220608,-0.2553314839032891
Despicable Me 2 (2013),6.870780784777651,-1.1898406134442612,-1.586828713457891,-0.5463354650096076,-0.7357328784299519,1.3437509269061823,-0.9089125877589974
Neighbors (2014),1.7274536823567812,0.6136251117342795,0.1162394952978057,0.6287953635810487,-0.8225552457840181,-0.36809761603930796,-1.37945256255148
Planes (2013),0.9418770349598681,0.24669878195730738,-1.3515459026876342,-0.059476249764500055,-0.15379715824083212,-0.6444988174129711,-0.31764484177607016
Moss (2010),-1.486422904260204,-1.851755199735364,1.6692474843714158,-0.23700599321585167,1.4346996505767626,0.63504360383966,-0.3681415040316359
The Guilt Trip (2012),-0.38818478362268755,2.629363075991012,-0.2623307087271087,0.6568540600971712,0.022255214403484436,0.4672110408332516,-0.04569029262489206
Haunted Mansion (2023),0.43841646958692754,0.5504235732401676,-0.3201416270287291,1.959818056539457,0.3302728455399574,-0.5564964706932644,-0.0484728302729757
"Alexander and the Terrible, Horrible, No Good, Very Bad Day (2014)",0.1317240101697,1.6675370194762364,-0.7259001963498868,0.46752649757875364,-0.759988874154654,-0.1846624505403332,-0.1840151995171016
Skyscraper (2018),1.0411357563501722,-0.7929338641924047,-1.5681219228427548,0.3460942328924041,-0.544744796090162,-0.5530503121855295,-0.6508459558472676
Beginning of the Great Revival (2011),-1.5152173681362646,-1.205511336697339,-1.8184317260409522,-0.6608637328949388,2.312944992887751,-0.498788798743503,0.8950507595734741
Kokowääh (2011),-1.1376680134732624,-1.5307205037464022,0.2796504452670755,-0.4966180432504757,0.5556816842205994,-0.2551368481748924,-0.18313286654721078
Gooische vrouwen (2011),-1.88906578497516,-1.2821121284000043,0.03089026934529664,-0.7720079995754733,-0.0749983670699114,0.8555630178031121,0.05193128593550759
Sausage Party (2016),0.8781156735709241,1.5923373826506644,-0.5548709018856902,0.7357305348242257,-0.6092407132293367,-0.19010031043053777,0.47558398243117805
The Confidence Man JP: Episode of the Hero (2022),-1.224060011505826,-1.9179953229408782,-0.036633105953591406,0.9091546075768887,-0.12696392390360456,-0.5493305258488974,-0.0015842326460651576
Anatomy of a Fall (2023),-0.4233157600201012,-1.8167638310623089,1.653113957610801,1.5166402288257659,0.04126217146848119,-0.2585592815057492,0.15343302456451707
Safe Haven (2013),0.5883583288760619,1.6168672682527634,0.5120982402495511,0.7946046281320482,-0.0061898510685027995,-0.24541644883353264,-0.2303061795722773
Justin Bieber: Never Say Never (2011),-0.24494968524503843,2.3740265779411427,-2.9072058230497255,0.20424017483859513,2.6752550946697635,-0.40169322357104464,1.4164214185629003
The Equalizer 3 (2023),1.1362900323101115,0.08537548911715764,-0.2487498236201354,1.6177133542995321,-0.6156325508741335,-0.5348058287128001,-0.0563191621909903
Hankyu Railways - A 15-minute Miracle (2011),-0.4578054090035564,-1.6969696237942782,0.1031726606607231,-0.5543038030439185,0.12939028457264715,-0.8214631810216312,-0.650362559338901
Tarzan (2013),-1.5689729021043095,-0.9346686483838015,-1.3374523768948468,-0.6139078214896414,0.3011279960662374,0.03391055314007974,0.5906570367524624
Chronicle (2012),0.7785717412282172,0.9276995524523421,0.06211579269325927,-0.09858925446305662,-1.2469267810159708,-0.4256839653416049,0.33881498911254565
Snowpiercer (2013),0.17446163519208613,-1.620974456359676,1.2141735873342856,-0.35896053638364234,-0.26393866543942224,-0.5244445057804163,0.9660445391809873
Joyful Noise (2012),-0.5393819026999407,2.866105628530335,0.28487594511701086,1.0545003797717845,0.8431390528528393,0.9475952341813942,-0.1774075048953136
21 & Over (2013),-0.6558170090353682,1.1472196079658834,-0.4449829225425339,0.20199369074390097,-0.19566967576392275,0.277967116114833,0.2623902532938608
Office Christmas Party (2016),0.15835885731923866,0.5900303800477452,-0.49330792622498315,0.6504916102300705,0.010476424437814436,-0.32644673570234,0.11701016140740345
Alex Cross (2012),-0.746553425038456,2.075141371305967,-0.525372591931728,0.4725266230079025,0.5171502067375676,0.5390968614224801,0.2281621156303493
Triple 9 (2016),-1.1159808618911715,0.8299880587731089,0.5011578093731217,0.8101542919925655,0.10642637490513847,1.3219846313576895,0.2684925589140855
The Inbetweeners (2011),-0.5022462081411038,-1.188355523372946,-0.12781149126720007,-0.762440784825629,-0.6832124448983559,-0.7131085295027304,-0.0794119399503918
The Empty Man (2020),-1.9149013001970665,1.7934483736863134,-2.364930425024044,0.7654218625760632,-0.46025848903045985,1.2982565526155554,1.035717730348947
The Monkey King: Havoc in Heaven's Palace (2014),-0.40477783234783143,-1.4472413904732755,-1.925844064230769,-0.5837975215946254,0.17130761424609922,-0.9359622986686119,0.044484676163237494
StreetDance 2 (2010),-1.4915126670237335,-1.0394192199975687,-0.9745607220842613,-1.1078852509818744,-0.31706966272434844,-0.11285210409983552,0.16310730358429312
We're the Millers (2012),2.4776303650328333,0.4744956533670593,0.5578700702417871,-0.0044083026390223275,-0.502699028939721,-0.2882770211431581,0.8459396781442253
HOUBA! On the Trail of the Marsupilami (2012),-1.3715958811362832,-1.313129542775032,-0.6789048251797571,-0.6458682103372763,0.2784108065654288,-0.21822092464857534,0.1463895678444939
Reagan (2024),0.05499356871368556,2.1496779976166134,0.6087872039124511,2.9638023886137344,0.8514524769830033,-0.05401790741378532,-0.23548704918299831
The Way Way Back (2013),-0.4710354978565284,2.0185653118878144,1.210250227664675,0.7110943415385343,-0.7780498115238886,1.3158587728377231,0.011452323260629463
Jeanne du Barry (2023),-1.6408926055656652,-1.9300334630931273,0.21914484229737838,0.9455425507124176,-0.4159531629435786,0.4719898597070827,0.16714775321367764
Bohemian Rhapsody (2018),6.512959591585573,-2.485082831502601,-0.15709160033700337,0.1890121290512823,-0.30546990848515443,0.9097637973225937,-0.2966501465600022
Civil War (2024),0.9956734360179431,0.3671598524296871,0.15231662675784607,1.8353249235875209,-0.8381797046386076,-0.7643173786420342,0.3524056531006871
Bol Bachchan (2012),-1.526670840226196,-1.5645971744887657,0.7222303125130916,-0.0476299967512061,1.803785948735804,0.5239895025095792,0.10769737664129828
Hollywoo (2011),-2.127324716614388,-1.1973390017590781,-0.6082485118698022,-0.8382120468303056,0.6137887309433113,0.9774145977934334,0.4751729230417312
The Zookeeper's Wife (2017),-0.776038379220047,1.1214248582644373,1.1556876107446492,1.3324300441548087,0.09179429610943643,1.1945314095361146,-0.21129582537138156
Ender's Game (2013),0.8328979870749668,0.5839017641290442,0.4240251895283994,0.31927603896915063,-0.12846648823909804,-0.5412406985659121,0.3842167344421864
Saltburn (2023),-0.21477618305384436,0.31790694292898775,1.1695485824184815,1.8934674850865205,-0.1622027548396066,0.28267484267752735,0.6804554983227522
Snow White and the Huntsman (2012),2.803936572588114,-0.2888198386671838,-0.331038184785432,0.0032158546669119946,0.6646176423923299,-0.37025085745717645,0.10083585130610147
Christmas in South Africa (2010),-2.1353270649691574,-0.9252017042082106,-1.8652473571467527,-1.030668683352476,1.6328500513789639,0.36873791048455634,1.043017881958524
Secret in Their Eyes (2015),-0.8874985324453663,1.0394589007781765,0.33060164809052606,0.7277909966645825,0.03991138186806182,0.9581207584500929,0.062455374198788376
Jersey Boys (2014),0.05714594561899417,1.2709525287151369,0.9943779174096774,1.113358028841759,0.525804989736015,0.11151176891562685,-0.5055841358231948
I Don't Know How She Does It (2011),-1.4013099364926054,0.45250375575399626,-1.0576967391739183,-0.4640023325758631,0.17912712197837297,0.43391043105662536,0.45127207995603297
Top Gun: Maverick (2022),11.619657695781545,-2.135703618972847,-1.4666073090074188,0.707616219673303,-0.49111955505035276,3.4666134319036157,-0.7867684146984152
Moonrise Kingdom (2012),0.6753819674633501,1.4610213573887254,1.237648927008477,0.21593041639612018,-1.444069922888124,0.06821308537795201,0.563977192532357
Scabbard Samurai (2011),-1.913739711538279,-1.377892667423175,0.41107352664942676,-0.7874568820226159,-0.4945679475104713,1.0328179942976505,-0.1877598210058188
The Pirates: The Last Royal Treasure (2022),-1.7444931904589194,-1.9035820819642846,0.08472240331221703,0.9064018157892683,0.24932171604829576,0.47743235674981305,0.2927285432188023
Decibel (2022),-2.0698473301208096,-1.7258721795758882,-0.19060069124939816,0.7111819685845773,-0.22674008681885793,1.0523258734747076,0.3977185015298151
Horizon: An American Saga - Chapter 1 (2024),0.30224440930414576,0.7467263670702764,1.7091044741974293,3.0600361505909444,1.6973202158740135,-0.4700297305837129,-0.3791926649697929
Lost in the Stars (2023),1.8484102705669894,-2.998899297382846,-1.3709602992127161,0.8276069279161741,0.10726674598907616,-0.5878285082009991,-1.2638407998631063
The Substance (2024),0.44612751007622237,-1.2878477337719236,1.1138010540508674,1.688052623847233,-0.16207323330390905,-1.0188029741954436,0.47112086864630537
Bottoms (2023),-0.7266871745720986,2.2957880148506904,0.07331407902669138,2.111755793476678,-0.96832257854524,1.0742431031014898,0.06380760207224187
A Dog's Purpose (2017),0.8682143443126421,-0.3997901567076342,-0.1119676445728105,0.5269463165110108,-0.9835529046202325,-0.540845924799473,-0.5891350395242809
Eternal Moment (2011),-1.7750332913430007,-1.2425300536293404,-0.5363368440278895,-0.8076141142858224,0.19514888442708128,0.3756473208667492,0.18150242328406566
Welcome to the North (2012),-1.5789296473993988,-1.3021147041092906,-0.5441044740933094,-0.595609395168764,0.5030637122912033,0.06314195184353488,0.2434157722956466
Pegasus (2019),0.37753464927325164,-2.1624388156043755,-1.0715680794959423,0.26179893744649263,-0.3644563367431616,-0.9252234757893635,-0.691818142600704
This Is 40 (2012),0.5974556965772989,1.6900512043693718,0.7547311516680828,0.8726070540193271,0.8822557122358703,-0.18448874961043538,0.03503222382853518
Walking with Dinosaurs 3D (2012),-0.35560646753012043,-0.05028850864961933,-1.4627511211787112,-0.40344122684698425,0.01805569843164515,-0.6161657878234892,-0.02199243308032984
Arbitrage (2012),-0.9746467845485339,-0.28507075580586944,0.30665997874120643,-0.1926334757960417,-0.2781128100964123,0.17822606916165878,-0.03088729432099334
Killing Them Softly (2012),-0.6701204719740902,0.5468145962242545,0.021125024948395785,-0.12287224058753894,-0.3677176562494174,0.23298164018543746,0.47770242765189075
Tad: The Lost Explorer (2012),-1.3623481874692482,-1.2217971380495352,-0.7001834557330673,-0.7503741715043672,-0.3477634514754596,-0.19120695122936213,0.057655938690096525
The Expendables 2 (2012),2.0181808679418043,-0.5592101350059401,-0.344119921909691,-0.40008272272369416,-0.4436770183052854,-0.6450243751770536,0.2622713413632968
Scream VI (2023),1.1597878320408241,0.7681876669702445,-0.08265480076457112,2.011774954314072,0.051818071767252595,-0.43356973908831575,0.03889149023657542
Bad Genius (2017),-1.4467459312739377,-1.4806523422164526,-0.54160313408462,-0.04691923174180997,-0.5483234788836584,0.05287101386276869,0.0712763988491579
Apollo 18 (2011),-1.1473872193444221,1.948867356076627,-0.7283777870032161,0.018712829790249342,0.06077743781148187,1.0443817599137837,0.4513880994466234
Nerve (2016),-0.31833708310010533,0.632586723451489,-0.43822986185765167,0.4781735630653118,-1.1419431850460324,-0.14175587741259613,-0.426730447730764
Wreck-It Ralph (2012),3.767045722223922,-0.31251296794859645,0.14245067791465485,-0.3282067111984793,-1.1271465428234029,-0.08484926623738524,0.11300598418668556
Paranormal Activity 3 (2011),1.0006073287703834,0.9871428923706609,-1.2020452135374116,-0.21874732334344898,-0.4116321466257728,-0.6303572476130728,-0.13190874832743132
Anna Karenina (2012),-0.34319600302687486,-0.6984864424985703,0.6863243126834612,-0.023293769803895026,0.3566016353116874,-0.4054739593940151,-0.015374579837676308
No Escape (2015),-0.415575336338721,0.729152820107132,0.27920337538535156,0.555549719962667,-0.49343647469022656,0.24840356051850163,0.017440568225859897
Six Degrees of Celebration (2010),-1.7839153864267092,-1.1107070615159935,-0.3358686837303931,-1.0430310303157928,-0.5054133431504462,0.5002334447443759,0.028713953140908913
Conquest 1453 (2012),-1.0595658684584257,-1.889641037832814,1.3349090995746953,-0.003524276271775085,1.4798692318221334,-0.0031969697001707716,-0.06637633464259318
Widows (2018),-0.2974526681250937,0.9012611075620041,-0.35854849624402224,1.0554416609988342,-0.3689560227452752,-0.03192369338687675,-0.24612814859466697
Madea's Big Happy Family (2011),-0.2436008072469695,3.082693278661447,-0.6934782415109183,0.7755670981991509,1.0203350522113759,0.30209606347199386,0.04915413355492103
The Watchers (2024),-0.5882019992499735,1.1279568329796277,-1.0322040858547148,1.415956129661627,-2.518049861037441,-0.33338847054737125,-0.19784873488666294
Unbeatable (2013),-1.8131911456783623,-1.360198572015754,0.23455943308001873,-0.6099574123997158,-1.0537849954797853,0.9197161807119464,-0.2087140344610723
Pirates of the Caribbean: Dead Men Tell No Tales (2017),5.037116803269051,-2.14368932407834,-1.206295657240679,0.12217084989202404,0.4877714435157321,0.5616960633515742,-0.5963054100781495
The Maze Runner (2014),2.7170493654353054,-0.7208637423208311,0.15473213453418264,-0.13725342084624217,-0.4253342509203104,-0.48149990043308516,0.9695997710592555
Zero Dark Thirty (2012),1.6236608544980355,1.1025945108455704,2.100823436016639,1.0033140236225744,0.7800571015745007,-0.34778761658262614,0.1348931797978131
Unfair: The Answer (2011),-1.73310655367036,-1.3678660642032543,0.005864451738736725,-0.7309932613763733,0.09024876658091273,0.5309729833405246,-0.031176267538647506
Cirque du Soleil: Worlds Away (2012),-1.0345065137784475,0.44001711752981093,0.02123131632577594,-0.12046638039699904,-0.7513954158037864,0.3938174664826631,-0.2553799269507821
Friends: Naki on the Monster Island (2011),-1.9722326176318177,-1.1783004094878444,-0.3007784975658484,-0.9758768077776382,-0.6975243324413415,0.8538437026716066,0.014227130570965321
La vérité si je mens! 3 (2012),-1.5086106926972414,-1.3365327924986765,-0.601329656931602,-0.5855537131316895,0.6088910689353935,-0.05259032723008591,0.2354945432165123
How Not to Rescue a Princess (2010),-2.019063869407222,-0.9785776275516411,-0.5495664393869536,-1.2202452417257323,-1.0174673051290628,0.8643804855901603,0.08373850131172715
I Want You (2012),-1.7045176172784557,-1.5253979896960295,0.6685616283875364,-0.465274693313805,0.04990736941662799,0.8441749044542609,-0.0994722443910229
From Up on Poppy Hill (2011),-0.8954181588793615,-1.3455722120161597,0.2911947694616508,-0.8251363356656091,-1.2469903074789594,-0.34248228254242646,-0.43647759279153275
Bad Santa 2 (2016),-1.1854146089141175,1.9084806116003337,-0.46770856148774104,0.8527325730616176,-0.1051138535077015,1.3566260778134718,0.3047319897498496
Andalucia: Revenge of the Goddess (2011),-1.8193091993444828,-1.4926794002046142,0.354054338356253,-0.5755737511898199,0.640307332289285,0.7606694884484062,0.0037576335250980725
Southpaw (2015),0.6685371944939869,0.7004128219939545,1.2242334589030286,0.826703567706456,-0.28201803533149883,-0.13374773763913264,0.27007636741936336
American Hustle (2013),2.6886875263729673,0.5795125488268017,1.3518282364806986,0.5754315238755446,0.1799656230721674,-0.3855051416668303,0.7967258802812422
That Awkward Moment (2014),-0.5975496138431997,1.214267401627773,-0.17566936040497919,0.384687608998938,-0.37773552017461604,0.4696596512932748,0.30929029589852075
Step Up Revolution (2012),0.17653928640736077,-0.2536706534645275,-0.43466925250848953,-0.2304085893703312,-0.36922980593031696,-0.7754886075339436,-0.3140045383497713
Eyyvah Eyvah 2 (2011),-1.7162373854076418,-1.3420523937324702,0.2958677311077467,-0.7411990284791387,-0.2844180837202722,0.7045755915336603,-0.07058254798480398
The Women on the 6th Floor (2011),-1.604141649880874,-1.2790192087728882,0.5060770168393587,-0.7329477577115845,-0.6994684180417668,0.6691184572823411,-0.28768206593165524
Son of God (2014),-0.09353540983163326,2.4024721481717966,-0.3524640255503791,0.7668178765849062,-0.9456616199648148,0.24681766225956758,-0.4847522332883561
80 for Brady (2023),-0.15957624310855267,2.5119824268905044,-0.539304390857532,2.303472006481317,-0.26364105568643326,0.09520211384745941,-0.005781327708109442
What a Beautiful Day (2011),-1.129964913176559,-1.2937461636729617,-0.36871545833223085,-0.8026209304047206,-0.3811474990045219,-0.38529883293134165,-0.19560332574999933
Never Say Never (2023),0.529771065286944,-2.3167874126484556,-1.971194158854339,0.7048311656347737,0.11157645929461152,-0.9544047117230016,-0.34676791317052064
If You Are the One 2 (2010),-0.8934755591101579,-1.4631514003751174,-0.18301397067443181,-0.6723150563197187,0.6099212382573862,-0.6881111880372726,-0.2549981538212643
Cat and Dog (2024),-2.037289713251611,-1.511961190310013,-1.4822404614577018,0.6729936861368311,-0.5235788372817847,0.43020974002014783,0.7898473377588648
"All's Well, Ends Well 2011 (2011)",-1.7438499123087445,-1.2763799949338366,-0.6156330892515081,-0.6674254312798896,1.0720676050342988,0.2671739115946886,0.3965285064511758
The Crown Jewels (2011),-1.4185677720979668,-1.4125658147657432,0.0187006948904608,-0.5817400371187801,0.550511773673708,0.03246233344366741,-0.022084023607357974
After Earth (2013),0.9862278358162816,-0.3330036480195366,-1.5582545143806084,-0.3213021574064159,0.5066140518362714,-0.797249537287167,0.6683589182647091
Kaibutsu-kun: The Movie (2011),-1.6284113787624968,-1.2181700857034052,-0.8679535974526169,-0.8202672634322308,0.48068440223358233,0.00631695937490703,0.2684444622149397
The Place Beyond the Pines (2013),0.07917398963534515,0.20608666994195943,1.8558176621797682,0.5234960347031193,0.21126680949980306,0.2969259942479355,0.5045816627264391
The Nut Job (2014),0.10588434818946174,1.1040928880543546,-1.1105432253756637,0.29364567749114207,-0.3683426567599954,-0.42431518720186867,-0.0968193503116874
RED 2 (2013),0.7137226247326642,-0.024859410729149097,0.24229760660868369,0.17853855756218992,-0.04410898679253863,-0.66432014988004,0.0537268394874266
After Death (2023),-1.2068755259473278,2.6734552474582793,-1.5224550571878221,2.1918587877871207,1.1566114338963642,1.1056285258858332,0.8853026937340103
Always: Sunset on Third Street '64 (2012),-1.1217470308038942,-1.8399361747394725,1.244773118492809,-0.16013832701256556,0.48525883154791144,-0.028394998784477602,-0.5688394910512039
Annie (2014),0.5002298076860775,1.2248547975735746,-0.5597986571457506,0.7748767486465854,0.8425009121471153,-0.4060198511388539,-0.10838938763506
Chappie (2015),0.4357267569524453,-0.3268893990710273,0.6685170559184265,0.354392876897378,-0.19383347944839574,-0.4977784211004166,0.5476698161142574
Black Panther (2018),10.898377117439761,-1.4552918202606044,-1.2832541634169334,0.2750462682372881,0.1345593860306933,3.0145855944515887,0.19491281683209205
Just Call Me Nobody (2010),-2.0218741419395783,-1.1781216215906998,-1.0413220565251904,-0.8371917748677848,1.6161563685292426,0.4623113512826992,0.6945304074000258
Sonic the Hedgehog 3 (2024),1.46924098466507,0.7291805327561942,-0.2856996886286332,2.098827271664893,-0.6223807963272463,-0.5526050348439728,-0.6053967246691261
About Last Night (2014),-0.23743420374997942,2.7922638402801914,-0.09257709858104995,1.1019194062198858,0.03270409496194301,0.6035349742065894,-0.18426426747779864
The Gambler (2014),-0.5211254396920153,2.2329562746929534,0.4709833986015293,1.0257133270307575,-0.23053168204970997,0.8855599594886813,-0.45951267328137946
Detective K: Secret of Virtuous Widow (2011),-1.5420073734107504,-1.4147915650431815,0.1493773654480132,-0.6314763789238453,0.21865559662313103,0.25338466747671967,-0.09651830319814945
A Separation (2011),-0.6693920823271894,-0.4435439563553255,2.2645427381453276,-0.17006219993638666,-0.8202736344342929,1.0614327868114215,0.17402570569211784
Dhoom 3 (2013),-0.43722570959404394,-1.647875840577995,0.680140923380208,0.35570593934103784,2.403105287044514,-0.6783710710921131,0.0024913523362635505
Winter's Tale (2014),-1.1280469725308122,0.34690652767320873,0.357392179253824,0.3971755399043489,0.34977190014941234,0.9503439750437545,0.19819471039070818
Honest Thief (2020),-0.35450025076554315,0.5005337784100529,-0.5752982252060915,1.162996928730596,-0.39719857360876076,-0.963936580700907,0.20733670855908679
Detective Conan: Quarter of Silence (2011),-1.2729583949633634,-1.444214443926445,0.1920362169075157,-0.6670097816357857,-0.2074415972062349,-0.15242258716845217,-0.32685778315675557
Tiger 3 (2023),-1.1867489909384117,-0.3051857408186078,0.7315554965943765,1.986657813854877,1.4796962641842615,0.8715805887835572,0.4205776908808126
Alien: Romulus (2024),2.2660379963634147,-1.1624388024847587,-0.2709182431703845,1.4528263540419772,-0.5381885881616447,-0.5329999272143,-0.15389031227228284
Captain America: The Winter Soldier (2014),6.286854620441327,-1.3361136047257212,0.8421078596651965,-0.18388044143018853,-0.29058624042986797,0.5656096006757121,1.385681630364278
Hunter Killer (2018),-0.826716406315499,0.46518540778252204,0.6503204068136423,1.1104112934400916,0.03357732231125175,0.8249012924083781,0.1251888647558407
Crawl (2019),-0.5899223302899466,0.6629391447068347,-2.049618739417922,0.6841809881839069,-0.06505137145499754,-0.33021703036615463,0.4591276470241075
Agneepath (2012),-1.2484792883539035,-1.7418525395614755,2.0422421035483893,0.25988609665154716,1.6333605872313728,0.6822859172461234,-0.35101683179953486
Man on the Edge (2013),-2.0135050365400273,-1.3605675007344191,-0.491939774923402,-0.48375147862819323,0.682204007264752,0.8667058492012931,0.4187512559219074
The Dream Team (2012),-1.657867016765395,-0.9632427927746476,-0.8013222091128407,-0.6824152105344614,0.08177327661116597,0.2713881921200473,0.35642378440284816
Doraemon: Nobita and the New Steel Troops: ~Winged Angels~ (2011),-1.4088818305825592,-1.55991852076093,1.1160811331251017,-0.6420954511480066,-0.9857810177518574,0.4606885154083161,-0.7018619574517737
Django Unchained (2012),6.2522728174961975,-1.1239914179721142,4.0228721889449055,-0.4478400461103179,-0.500477714080106,-0.1513333941257285,5.029836441767465
You're Next (2013),-0.8097671788132814,1.6798773282880732,0.39724528051514313,0.42833339388948394,-0.5683084288807756,1.1707083217615493,0.18817531478977959
Percy Jackson: Sea of Monsters (2013),0.8174834204492128,0.015058206551190254,-0.8004821666012882,0.014393175539059614,0.22579712206595198,-0.720037116315356,0.06542174694055464
End of Watch (2012),0.4514656140794025,1.6842594428310016,1.404143829143563,0.5424051512881565,-0.7869283416767162,0.21458335594434927,0.21987179074645374
Resident Evil: Retribution (2012),0.796201895943157,-0.6117668412275824,-1.4219606580078992,-0.552155811130064,0.11446782409213906,-0.8762133311542073,0.2507554981587134
"Little Brother, Big Trouble: A Christmas Adventure (2012)",-2.103042993199656,-1.0214264104341233,-0.9732054313226411,-0.957270952252077,-0.5556526271793151,0.8935140171407225,0.3708474611212862
The Boys in the Boat (2023),0.3579006226750323,2.04836956900846,0.6543314327856746,2.5971301543496357,-0.1503367747956501,-0.1325545066249393,-0.4774419311260758
Blade Runner 2049 (2017),2.9173776517304977,-1.029896561559254,2.4961151115948805,0.8935477478552545,0.20260169551391607,-0.5012848651945222,1.3687185505671944
The Sorcerer and the White Snake (2011),-1.7713495383338944,-1.2657270942616583,-0.3820337331664502,-0.8088369739572384,0.07530005767162727,0.47431565392539915,0.15568401402615126
To Rome with Love (2012),-0.3936361210329743,-0.340682215815452,0.08366848892294972,-0.14591997614563187,0.03334414864020411,-0.43253471090462237,0.042500855146286334
Dirty Grandpa (2016),-0.06954412789304669,0.2212660024455377,-0.46834253256878394,0.43849239945749496,-0.1479514841292853,-0.3572440763554612,0.40025327721544407
Turbo (2013),1.3784172487017647,-0.3278651631601771,-0.8570240873864807,-0.1631532523598048,-0.448194755878755,-0.6821599716094929,-0.40931237695534584
Deepwater Horizon (2016),0.6567979476648573,0.5308674279597971,0.4322846307222031,0.7134347593458096,-0.6784172787909221,-0.34830382436889135,0.03591698537620471
Thermae Romae (2012),-0.9291588730081083,-1.5182390304420628,-0.13660491363471478,-0.5485042845630799,-0.14578062135279157,-0.5651560464321569,-0.35572899708842365
BTS Permission to Dance on Stage - Seoul: Live Viewing (2022),-0.2536638568896752,-1.910288524952814,2.651781707044684,2.1300972714690674,1.3625837166782586,-0.6537903471743293,-0.8171596456301511
Default (2018),-2.1502110565659143,-1.2182664062117408,-1.752385122917514,-0.12508553612084164,0.21708332500112945,0.6877307594632583,0.88799364583041
The Amazing Spider-Man 2 (2014),5.192645383812219,-1.6399353236907168,-0.24721968869201047,-0.06976305933498357,0.7561796890087573,0.36583406172998306,0.25977412414650003
The Batman (2022),7.048392713412329,-1.5075872673061081,1.3487456857638185,1.5046413375888124,0.712227561646052,0.9970466136610003,1.0789551950109293
X-Men: Days of Future Past (2014),6.0588617914853735,-1.6273985726463225,0.5559984171365993,-0.2175313981515373,-0.4146100010692378,0.5529659937291175,0.5830301236472554
Operation Mincemeat (2022),-1.2039844299321414,-1.7459033899822949,0.3838916098220632,1.029564534771337,-0.026043586416504068,-0.1339256022749157,0.21887639373056175
SPEC: Heaven (2012),-1.7139464063795578,-1.4771359927852639,0.07073617000396382,-0.5022896487318554,0.4799521091024606,0.5076031696573904,0.038651551331813014
Lesson in Murder (2022),-1.9378083803700696,-1.966307032322014,0.33302289122020956,0.8989233871654595,0.19880559008671783,0.9429280914703642,0.2303007630030003
Good Deeds (2012),-0.41238736895161676,2.9051375133361526,0.04346193971642673,0.9746503164488047,0.590484036525452,0.6411294490197381,-0.19677707432243047
Spotlight (2015),1.2485378362877295,0.06149852567700833,2.113825069296241,0.5920800691599168,-0.7855621248306938,-0.2971765970685178,0.986635219926545
Fly Me to the Moon (2024),-0.14645212830143697,0.08242811952883312,0.42404205562567554,2.106392812082251,0.16810091543048528,-0.6549805978373658,-0.07211442517830964
Kaiji 2: The Ultimate Gambler (2011),-1.8571577742383152,-1.5962159321456746,0.7688227462199547,-0.4882485812378588,0.714652137967092,1.0028966954332668,-0.09090664681058414
Parker (2013),-0.5848151584830005,0.215824466129134,0.3968817932093448,0.21355395896376902,0.25825767447092973,0.2328456081539846,0.33194131612874217
Fast & Furious 6 (2013),5.517734619619971,-1.5709112135150602,-0.6228470806695935,-0.23778626474022632,0.32091942835909354,0.6024489583265596,-0.5935305473835503
The Servant (2010),-1.8611577249111484,-1.448387812861306,0.5809160216487868,-0.697640674403556,0.47590977420416597,0.9375657128392103,-0.06905860890997792
K-On! The Movie (2011),-1.7000420896043535,-1.5435563919453246,1.128996009131473,-0.6599699775146479,-0.803030721582108,0.9604890006130913,-0.5503304248341849
Penguins of Madagascar (2014),1.852309991449063,-0.8401281354520136,-1.1394835799912009,-0.22233437674178996,-0.6802838822041614,-0.5920695974138422,-0.6887371917507529
Magic Mike (2012),1.136783812611365,1.484030908948461,-0.16299410092909275,0.4721266039334997,0.2106472339866526,-0.3974819115263583,-0.04249582322996459
Love Strikes! (2011),-1.6200907075384314,-1.5257762361223262,0.6689854033079347,-0.6005866370397044,-0.039357809399878305,0.6000780312038073,-0.30197971629273607
Joker (2019),5.765092463908908,-1.4952310499826222,-5.601342283176733,0.13688721911493992,2.3726140582544457,1.4457383533312727,-1.0372296200966895
Big Fish & Begonia (2016),-0.8245540309682544,-1.6941675054415095,-0.12191987536126032,-0.08037977361025947,-0.8298953829967994,-0.4873907524443938,-0.432205067683414
A Tale of Mari and Three Puppies (2007),-1.3537564115261578,-1.4747172171826723,1.1931279106305928,-1.0064083113754054,-0.021527240795922335,0.2528615602532532,-0.6587755840230626
Pompeii (2014),-0.10500751765817007,-0.4807234154175558,-0.7881678028411012,-0.07277892043682035,0.20850815633137337,-0.7090610910905075,0.3899241486973872
Sinister (2012),0.5577642786579683,1.0699042440650686,0.7492343210484012,0.2677277059780155,-0.3464338327151137,-0.2114980753720952,0.5479813325381468
Cry Macho (2021),-0.8882585028548138,1.1428740592266977,-0.4391394187199173,1.5278814154895268,-0.01637835875819359,0.33565887439414716,0.333301870777829
Let's Be Cops (2014),0.7460976085992906,1.094425525418291,-0.11396014174401548,0.5599337092780335,-0.23921048510670073,-0.3916524884842377,-0.02081839298997639
Letters to Santa (2011),-1.5840931605203044,-1.4473441813622796,0.737352937807543,-0.6519734808141944,-0.5034540113112348,0.6421921935368852,-0.3632243288606053
Heaven Is for Real (2014),0.42719052968880067,2.51367969219979,-0.4508141189066397,1.0159011881434756,0.04281393951176426,-0.04214259402389472,-0.2805312583306255
Triumph in the Skies (2015),-2.171800851646453,-1.2076571931648454,-1.4446679654293528,-0.40961686892257193,0.7486870374975109,0.8246361222648032,0.8481336420986159
The Big Wedding (2013),-0.8689216283030492,0.9418467813714666,-0.7080547591655287,0.060991149389553224,-0.20372306976370666,0.3173129815973003,0.2819384782563026
Better Days (2019),0.1878081172973203,-2.028150823147292,-1.0318614762876432,0.23960732496647513,-0.5893253618277017,-0.890522058852039,-0.6346786972523044
Seven Psychopaths (2012),-0.4034673192769916,0.7957412977452311,1.202765691255213,0.12945140279016262,-0.5301975860719156,0.8199502148982835,0.6453750553385965
Drive-Away Dolls (2024),-1.4927375350034304,1.275685019858059,-1.0381822601090396,1.6501885462256114,-0.5257606448315295,1.251590567656507,0.6495194952228249
Miss Peregrine's Home for Peculiar Children (2016),1.7502404853974705,-0.7999182432113031,0.0340374860926976,0.5077674050984776,0.18853608024227847,-0.5193512363697906,-0.21327452880986855
On the Other Side of the Tracks (2012),-1.9212739425062646,-1.2216239612154183,-0.4857086560380026,-0.7780470616265696,-0.16679568752006474,0.7325728869371295,0.24741989400978448
Cocorico (2024),-1.6003825090896548,-1.6414486453834916,-1.0709254483577075,0.8065018022006538,-0.6974579873018306,-0.19458616732188536,0.46358190543291844
Carrie (2013),-0.09165802329710274,0.5441694414376645,-0.4188619473394055,0.07402842609916602,-0.05792009843221846,-0.3368918799629624,0.43522445227446827
My Own Swordsman (2011),-1.893965430467121,-1.1067644167244097,-1.0118170095524786,-0.9391850789926836,0.12068446427607923,0.4056228207715465,0.36387912188580573
Begin Again (2014),-0.8394179633590986,0.024780106134498398,-0.4990327823293849,-0.2399321867216685,-1.7727507313423776,-0.007976818063458678,-0.3912468037802419
UglyDolls (2019),-1.1324440499128965,1.4129325583799817,-1.1764846613582625,1.0353574112128734,-0.09444808304815572,0.7169466954273012,0.45470015778202716
Ford v Ferrari (2019),2.5168903626431063,-0.20065517384720558,2.1216126456273696,1.4313938565621258,-0.13619073543614488,-0.35226896249541517,0.6801791125452094
The Hangover Part III (2013),2.314899767733587,-0.38145453919025885,-1.044844033479923,-0.3157633577434449,-0.08274666024052858,-0.5378886984309725,0.5540926865118332
The Hunger Games: Catching Fire (2013),7.359508471397411,-0.8837044253839772,0.35290909638310675,0.049605434045588495,0.37967791855799893,1.2470757604647862,0.37995977145823123
The Hunger Games: Mockingjay - Part 1 (2014),5.824405333664111,-0.6815420974951998,-0.808856765508902,0.00811821652668832,0.24597562520384827,0.7677976394905187,0.09916125618234414
The Hunger Games: Mockingjay - Part 2 (2015),4.897511939698164,-0.7662307665489275,-0.43837017019350577,0.4017953930230444,0.6735470559560056,0.4404337725183219,-0.24100057698959182
Aftersun (2022),-1.8228856145989774,-0.3601909970622126,-1.1530114120572308,0.6366904263071227,-1.360325466729426,0.7874587101362647,0.4805556683293032
Sex Tape (2014),-0.008254188559051941,0.11269201156858863,-1.273874529835369,-0.04774676045984767,0.1361610781016039,-0.6413764662356427,0.5180339767997361
The Hitman's Bodyguard (2017),1.1882226139722365,-0.08055534318725949,0.38007877159989945,0.7478681381023135,-0.29785453350120134,-0.4712345537812894,0.24062837692311617
American Assassin (2017),-0.12851178499923804,0.7773642120388002,-0.00691851353685689,0.9588272871789182,-0.01531253008089703,-0.16855544701842948,0.13508551512907221
Ice (2018),-1.7211015266645453,-1.6759251026218376,-0.0815337408950639,0.28015423841026094,0.21435372689532112,0.6191521435537612,0.2137534687433154
Love Lies Bleeding (2024),-0.7765173840820476,1.0352843279308555,0.1070769671234117,1.9869764310537952,-0.6371136958077643,0.5012621861075436,0.16712472271738754
Tomorrowland (2015),1.3789335831159988,0.07378650794930229,0.22590484800953578,0.6888960916358842,0.48047872975484635,-0.6186189210028336,0.007412452382856267
Father Figures (2017),-1.1309149914450174,1.4549798134419936,-0.1388887008992129,1.1284706559830169,0.5512479394089033,1.2309996982472209,0.286267770742265
Stalingrad (2013),-0.9884671857785354,-1.5756614361230847,-0.04513630603572765,-0.18701555407859158,0.9459021470511607,-0.3876317855597091,0.002361752723023265
Tag (2018),-0.470967288507594,1.818067219993108,-1.9211995649722093,1.0620288668454057,0.6697225528413866,-0.01761379993283991,0.5344097226717411
Ducobu 4 President (2022),-2.457770451153526,-1.2753162306233523,-2.241988680925861,0.3115494509565644,0.3598543595208102,0.850140652526358,1.3145283908905703
A Most Wanted Man (2014),-0.747845197650948,0.5113813512804078,0.8369041064347025,0.5739009793770687,0.1257174067344286,0.7319891326788212,-0.007913921928684545
King Arthur: Legend of the Sword (2017),0.6889564734967039,-0.7151279968901408,0.4610025678918893,0.6148141308246332,0.017686161854701135,-0.5883134505609873,0.3557521737011303
The Best of Me (2014),-0.5102547954896909,1.4346771153234448,0.8171140434521152,0.863277154931499,0.06899686490422692,0.8284330951873273,-0.10317501898711008
Golden Kamuy (2024),-1.3575685585329802,-2.047123498661694,0.04955321217663817,1.2208014987178373,0.08386961744615208,-0.25659613400680437,0.1197307612189431
The Taste of Things (2023),-1.3797515908090172,-1.1434205741698762,1.2374584305065948,1.5353605335938412,-0.18904777305018436,0.9838915707704181,-0.18944481124236404
Victor Frankenstein (2015),-1.361190459432461,-0.5951338583112009,-0.0301980136374901,0.07291808812893484,0.05712608897634924,0.7372729292392345,0.37765633274639115
Detective Conan: The Bride of Halloween (2022),-0.680020561291417,-1.9847396639230734,-0.19091730985752706,0.8364002864130111,-0.6173990942870098,-1.0073265995233156,-0.3086064591060805
The Break Up Man (2013),-1.896668800288199,-1.3588091834492186,-0.3265230508928347,-0.49222398924687355,0.3602931348620905,0.7588863317650164,0.294878779249721
Rurouni Kenshin Part I: Origins (2012),-1.0970893419591983,-1.7959990067468616,1.3122357819311292,-0.25142122129562766,0.04628367240063081,0.029225405784805748,-0.5225142868665571
Rush (2013),1.0359177764059309,-0.5288617605461098,1.9976285951945507,-0.005115760442600607,-0.9662387383404336,-0.4684300552847017,1.073570605872001
Toy Story 4 (2019),7.354290401513305,-1.4883789868933435,-1.9891100017057577,0.3462712520031608,-0.8859232631474885,1.8623764125314346,-1.6576856658899968
The Good Dinosaur (2015),1.9128798714878739,-0.14670438237662115,-0.88246760663227,0.16757207442328445,-0.7444495332048513,-0.48448762544981944,-0.5170517985972213
Pain & Gain (2013),0.5080680305960613,0.8501911008088079,0.780611302466549,0.6053064708365075,0.4732985318881912,-0.2780621631665844,0.40426848170377944
Housefull 2 (2012),-1.6749295146697054,-1.3239660636637434,0.430830112616537,-0.13750800165129984,1.6201540145742683,0.7568822751956513,0.26013313328253607
Thor: The Dark World (2013),5.1109623887776205,-1.0630683348057302,-0.38494174608046405,-0.5462140809762996,-0.341907270482459,0.28246032539818516,1.2056889129120272
Wild (2014),-0.6546676774340207,1.866025119086012,-0.8460475704082363,0.7666148475759789,0.8880698444203328,0.36828103740137685,0.21646849997732526
Geostorm (2017),0.5744000637824078,-1.0316551537525525,-1.192781414430129,0.2493896792697822,0.4507684179089693,-0.7432217391740519,0.2849971811550514
Pitch Perfect (2012),1.0098913287048035,0.897043743839165,0.9151318051058305,0.24891523010869543,-0.48120645173456916,-0.36285467279828243,0.5186957951862285
The Innocent (2020),-1.817969731767817,-1.5951456544744202,-0.06673231716716446,0.3835859152480239,-0.8498682985392966,0.5727679802609745,0.1315478806148516
Masterminds (2016),-1.346834446201562,1.414430530546384,-1.2794230656569927,0.5837088595278076,0.2930562016604263,0.8932032723573409,0.5319015929172854
The Angry Birds Movie (2016),1.8180132793372554,-0.5176484878665364,-1.1830563688700388,0.21393468622698564,-0.410649972499991,-0.4763526036450222,-0.48289793669158404
Cloudy with a Chance of Meatballs 2 (2013),1.5434339674659026,0.35293025822288615,-0.8627960729626721,0.051364840016800695,-0.39202623329460023,-0.5397055196438666,-0.3613821714370392
My Happy Marriage (2023),-1.4380115055992515,-1.9685692877472363,0.2302733035413406,0.9736152514159705,-0.5925315340551273,0.04603965426826439,-0.06424461969663318
The Upside (2019),1.000000264517254,1.767564217226392,0.6480943958206514,1.9374895030546495,0.044773618774346116,-0.14262251974110016,-0.5366483065386876
Kamen Rider OOO Wonderful: The Shogun and the 21 Core Medals (2011),-2.048291727820794,-0.6143690156953213,-1.2549863185750334,-1.219184770736121,-1.2440347566275005,0.8173162664913826,0.36212685875867556
Chernobyl Diaries (2012),-0.974849300189902,1.0996486592398693,-1.0863849378624473,-0.13217240483937398,0.06875315405524313,0.2396345940074867,0.5664769415347554
Pleasant Goat and Big Big Wolf 3 (2011),-2.1925661417249667,-1.0245121288388364,-1.2104456027005264,-1.0223740290001049,0.1763931023530069,0.8321932894509491,0.5582086251277295
We Were There: True Love (2012),-1.5637380904899523,-1.6066553491901276,0.7571086661182248,-0.4295902302683628,-0.03749289550165084,0.5488506958126483,-0.33423663175911583
War Dogs (2016),0.454284986356389,0.477855933222075,0.84456859448604,0.7212452213157792,-0.531123833300965,-0.13213672474573523,0.47018981476998106
The 33 (2015),-1.0545131044115437,0.2530071718354052,1.0537473350284632,0.71192104199296,0.15167285625022578,1.119848175736503,-0.15856952900375157
Quick (2011),-1.9565630522354627,-1.3442363931488448,-0.04968649716640835,-0.6947054732621794,0.5154300943401936,0.8820354473501869,0.19352992770959093
Hotaru the Movie: It's Only a Little Light in My Life (2012),-1.9934255894483137,-1.3554820570710466,-0.21047887304683235,-0.644112066296935,0.2940351356859533,0.9020854278452497,0.20446439554960652
The Wind Rises (2012),0.1742875937820354,-1.776220596524921,1.0658619309221362,-0.28608900404099985,-0.4164082619479657,-0.8610224180074161,-0.683615106764649
Guardians of the Galaxy (2014),7.581430115820188,-0.997407428583074,1.0918062234651966,-0.49278130439875995,-1.1337114031299786,0.88271015370476,2.7776096850882555
Alienoid (2022),-1.5292835309906925,-2.0169372967461223,0.5474633084919838,1.1228713806735189,0.6240118095585939,0.27763029107027415,0.14347563716488881
The Smurfs 2 (2013),1.3981351885350077,-0.8131995076903843,-1.6647978406452872,-0.25791522255830895,0.5233685174894502,-0.7115407744518361,-0.4539019944102448
Journey to the West: Conquering the Demons (2013),0.19435204421961946,-1.8945140685593025,-0.40293197262812835,-0.4125594853187731,-0.20087726641954237,-1.0262279334653635,-0.7891245823532191
My Fairy Troublemaker (2022),-2.3573190384847043,-1.3648745216992337,-1.4496339194952592,0.32324718926379414,-0.6198620035984335,1.0843278068305324,0.8372804600505709
Alienoid: The Return to the Future (2024),-1.6549284889020899,-1.9676858983491243,0.16906085289949244,1.1612758035435082,-0.1676827329560192,0.38982300121269564,0.18080322754303438
Conclave (2024),0.29282267290470093,0.30304996427547104,0.6858153677372038,2.073226654906973,-0.6800292524556211,-0.7879155242380335,-0.19091322685141138
Emilia Pérez (2024),-1.712448135615968,-1.9720857199356434,-0.13524614243980898,1.1333694196302815,0.6688597114092799,0.5358040483253055,0.8500541976581587
Diary of a Wimpy Kid: Dog Days (2012),-0.0915529394981356,1.5181214868079276,-0.2576606677728086,0.3196146166374948,-0.36098002817652486,-0.15243310694640788,-0.3063447545832822
Wicked Little Letters (2024),-0.8229056732462413,-0.8840234238342545,-0.08371940427123188,1.3120926943956464,-1.12658093567771,-0.45664552436321054,0.029317622468997655
Identity Thief (2013),1.2649663383294134,1.8765503676929316,-0.4230322586910443,0.7405960421136543,0.47161474931720454,-0.3386876889776017,0.06345563110673885
Non-Stop (2014),1.5486623906925998,0.10371993914922532,0.10926247411991713,0.20812005653389748,-0.5701845714221294,-0.5663456871739327,0.20177333200665643
12 Years a Slave (2013),2.3273380110700064,-0.724720166876501,2.2674743253398133,-0.030495170129602983,-0.732918559707946,-0.6518288579571329,1.7201914513031296
War of the Arrows (2011),-1.0139757376969516,-1.5930163342279615,0.7763609595280484,-0.4843072945243897,-0.09454267088978295,-0.2378249178725221,-0.5136732259291624
The Finest Hours (2016),-0.37825178912344337,0.6814105432814059,0.5457026654952766,0.8972448664740458,-0.07438954771593324,0.23615950981723585,-0.10183831747250142
Twilight of the Warriors: Walled In (2024),-1.251228313205499,-1.9898993436250183,0.48416169640997425,1.2841287715494214,-0.33462004120966926,-0.15787623757164584,-0.06586386861060296
The Crime Is Mine (2023),-1.9054339359522918,-1.719213608295084,-0.1970913307793945,0.7748439290251525,-0.7456429415680733,0.8236957461229529,0.2949071744111367
The Last Exorcism Part II (2013),-1.5812591507792058,1.707459014767206,-1.560159987934547,0.14572080177106378,0.7643327087767022,1.2223531779034178,0.8289958302156276
Dearest (2012),-1.6591737858270532,-1.502249271506372,0.5260544695858386,-0.5527806825113083,-0.3743464619208512,0.6324937324253438,-0.2869163961635528
The Great Wall (2016),1.4292634320489577,-1.2849587762927623,-1.2537889736950625,-0.035905267305731126,-0.07082833472861308,-0.6974702687648392,-0.11772400862809163
You Are the Apple of My Eye (2011),-1.4678544406025134,-1.519240213498524,0.86020045991679,-0.6442614041508097,-0.6966155133040006,0.4844132674230107,-0.48638012302734995
Flatliners (2017),-0.9385586982176359,0.25345704410446196,-0.6791902227560981,0.6356327598191984,0.4834447099981849,0.20249711312400018,0.5068771638571816
"Manta, Manta: Legacy (2023)",-2.093430386649218,-1.6508558195483154,-1.6054629058483965,0.9100233356178291,1.7609013648056446,0.3885379883311696,1.2794555953502378
Dancing Queen (2012),-1.8356579744013244,-1.248140403880213,-0.2668993564491484,-0.7679209891684455,-0.5710786733723765,0.6626307166258528,0.017937429058471767
Alibi.com 2 (2023),-1.353002709462237,-1.6760059966284007,-0.7465587093594361,0.6699102181799793,-1.1872073518087933,-0.3092633105367558,0.1326894763661683
Inside Llewyn Davis (2013),-0.6275517589981181,0.3345077909359934,0.9966681645859959,0.12475157748638278,-0.8799741076089144,0.63099001529041,0.1359103362255968
Beetlejuice Beetlejuice (2024),3.3946099621356773,0.5478864007883589,-1.1164275509274164,1.8683719240161614,-0.5510257103292382,0.16831939773818388,-0.5547586896517918
Brave Hearts: Umizaru (2012),-0.714490255576677,-1.6401114130688268,0.035339110029363935,-0.4559122472421342,0.05046785324343119,-0.6961974347323279,-0.4898923143422335
Rust and Bone (2012),-1.3558072825473597,-1.300494261003682,1.1944062522017893,-0.35490483051162225,-0.37648260750083107,0.7820906143091698,-0.18455096752231057
The Railway Man (2013),-1.3997155560911878,-0.6140728706899096,0.9264482415757112,-0.04732031742793333,-0.31317205647322977,1.0983442804458605,-0.11486304483327198
Point Break (2015),-0.01690426592942038,-0.5286418860297251,-0.8702826775465206,0.20505857128747762,0.6132085267673824,-0.7984356826807772,0.19270366004223463
Rocketman (2019),1.4054014290281442,0.1134094131278971,0.5523208409842535,1.224379984775071,-0.44252989688823596,-0.45894591265097506,-0.1342444802696162
Silenced (2011),-1.2331656838082299,-1.706958520636035,1.5722768944473768,-0.4495254677311227,-0.5306379312044364,0.38587923970675775,-0.6838047901691064
Temptation: Confessions of a Marriage Counselor (2013),-0.27420333848133477,2.9141358454991586,-0.5561765837190943,1.0729015802163417,1.0493439346843791,0.4325950831679623,0.08431117261796184
Son of a Rich 2 (2023),-1.1882188879978428,-1.8296203751735671,-0.7343986869685905,0.9424909724174685,0.09193215589990786,-0.5786917037996832,0.2865788255682692
Attack on Titan Part 1 (2015),-2.000426638814559,-1.2543752995183317,-1.0123303207756735,-0.3935170158809539,0.26148074060442933,0.779411912281028,0.5948885027093715
The Liquidator (2017),-1.8800939326942339,-1.333448732011221,-1.438259796567461,-0.15587563810574556,0.22137813085665664,0.3156582656899905,0.6367505861141122
Ip Man 4: The Finale (2019),0.04918345734676962,-1.950591572618787,-0.2947145387731709,0.3705490419959754,-0.6998323297978275,-0.7975254743143864,-0.5263638304135583
Chaos Walking (2021),-0.6786923755169659,0.5887828105863446,-0.43267326616163243,1.40641902099016,0.07993502295952659,-0.16353573092263154,0.3940171983191328
Book Club: The Next Chapter (2023),-0.7503902713715306,0.9641156576958958,-0.6156293515366178,1.8181938589188276,0.08128733350657782,0.08189859995935451,0.25423040896616367
Rowdy Rathore (2012),-1.532287359842464,-1.516800893853567,0.5185943671333509,-0.23113021707064713,1.2133845160955798,0.4905046291448389,0.13767469295057846
Liar Game: Reborn (2012),-1.7689572002542293,-1.6146427823228624,0.5869824739031358,-0.37416328956705414,0.6776973425318822,0.8041073072726749,-0.059680133356262904
Steve Jobs (2015),-0.5466042799278252,0.5691732508117391,1.315799097780038,0.7110902008781899,-0.24622668268468154,0.9875343132793819,0.25817079785945773
Nameless Gangster: Rules of the Time (2012),-1.3333966640535897,-1.7193028735222282,1.0675153442912506,-0.259279839700321,0.30214395795878835,0.28132244688355434,-0.3951724728963682
The Best Man Holiday (2013),0.32845207326629844,2.5675777758568654,0.7037665595910564,1.2880779744693391,0.42823036501729045,0.21801099831478502,-0.6250393977671425
Trouble with the Curve (2012),-0.17328004917051498,1.7197542636881606,0.6783263589620143,0.630293626521908,-0.13033335544542,0.2928013743672914,-0.31011899212896665
The Imitation Game (2014),2.849507379564975,-0.26607606529621436,1.7469396048465804,-0.06276121801761338,-1.3321453351005224,-0.4936365331040077,2.0760630152100568
Unbowed (2012),-1.8972980494116056,-1.339268829743042,0.21146379977503368,-0.6812699232528288,-0.5436935298024409,0.9926554212813796,-0.07900292681006318
Kleks Academy (2024),-1.671247492010818,-1.8306785061380078,-0.9530849605879678,1.1742583045619024,1.1768935694780496,-0.13678828058669554,0.8093945964100676
Il grande giorno (2022),-2.071343275808729,-1.5520422298932484,-0.685410300152587,0.4888783720495198,-0.8347728665599193,0.8657270060657855,0.45200372678457285
Babygirl (2024),-1.0780442592692283,2.6822861834539196,-0.6216748468079949,2.206089454244314,-0.8449787184512497,1.3854434162792864,0.18526109451463013
Kokkuri-san: Gekijô-ban (2010),-2.096155121048536,-0.19894293197502472,-3.103436734504725,-2.0531210484013553,-2.6859500753724794,0.14140690433349223,0.5723495269185823
Captain Underpants: The First Epic Movie (2017),0.27604488467229255,1.125639768031185,-0.771854051128746,0.8318796734217874,-0.6142701191883501,-0.27867907297246075,-0.2219373077346712
Assassin's Creed (2016),1.086068977811206,-0.7704710529788787,-0.7937328647256882,0.23582043393905636,0.4014457190386498,-0.7328806670960654,0.4255218521528537
Grace of Monaco (2014),-1.8066818538950107,-1.1322137828857852,-0.4272404846810566,-0.38672917063148404,0.02492728542040476,0.8115091407944037,0.4252876741875694
Dumb and Dumber To (2014),0.8185182809007667,0.7190837081709603,-0.6371892170525374,0.4232617640401547,0.36202285998141476,-0.5075770047806696,0.23759902592167553
"McFarland, USA (2015)",0.0010783173642629278,2.3648162131563546,1.4996988947417078,1.6057686438531606,0.07296126941130474,0.8589733988373325,-0.6533001406233592
Spring Breakers (2013),-1.0320293103457328,0.8368754718487297,-0.5533887191081901,-0.0255111407015768,0.05421038207604365,0.7302496210914414,0.8777801561590406
The Physician (2013),-0.6532282755219675,-1.7874387611774667,1.525284818686957,0.1687457047406966,0.7627826150519055,-0.2827029494694039,-0.43180386239785934
Tammy (2014),0.22973734077733923,2.409945892358645,-1.1107151312868888,0.838772634777603,0.527508829844966,-0.08377764749532848,0.2284296280952154
Dawn of the Planet of the Apes (2014),5.2089995104808775,-1.6011266805461397,0.03221109081391249,-0.09588915213716369,-0.14930890184071507,0.4031699728066822,-0.32634412943582913
The Iron Claw (2023),0.2825135473685414,1.1888692598293007,1.3293024539334108,2.4071959747197966,-0.3208341428950203,-0.07709056435327856,-0.31704740553179045
Paranormal Activity 4 (2012),0.08408117847663782,0.5752114512969296,-1.7076335807867842,-0.25047472350627126,0.30486143714612257,-0.7105168656767694,0.35767485714099023
Transformers: Age of Extinction (2014),6.989612249582797,-2.8028902681137855,-1.727732960898123,-0.08365493837516012,2.3972531209549004,1.2402141635075004,-1.2528530529468564
My Big Fat Greek Wedding 3 (2023),-0.5627078063650226,1.6620658904011352,-1.2138909494784493,1.8387259768782152,-0.11193658605815492,-0.05635991934814682,0.36142929661920703
Hansan: Rising Dragon (2022),-0.7222689728708326,-2.018724139680434,0.15884427502515655,1.0719417351889795,0.08476817549707473,-0.9543009601838484,-0.21999742637997718
A Moroccan Affair (2023),-1.9978990472802123,-1.530092025285344,-1.3995722017053402,0.6648437385189068,0.028505434654421773,0.3989396099271126,0.8295746657863383
Even If This Love Disappears from the World Tonight (2022),-1.313772153996033,-2.006967668725886,0.5728723608623465,0.9379178044235309,-0.5551020584310066,-0.12422372959788537,-0.2324407523019121
Absolutely Fabulous: The Movie (2016),-1.4468687356323457,-0.586192744822507,-1.0378845686139098,-0.045542305856171715,-0.19955583651020356,0.2426892287114887,0.43494424523485
The 100 Year-Old Man Who Climbed Out the Window and Disappeared (2013),-1.032101107017535,-1.5152464839210908,0.5258365084136583,-0.32316501850885687,-0.35272091054199595,-0.09928086426555982,-0.2557081786320409
Full River Red (2023),3.037704988745935,-3.7717358727202255,-1.059230699074191,1.1042071721026971,1.4398441109354452,-0.2636166925335219,-1.797994978657607
Vysotsky. Thank You for Being Alive (2011),-1.4801528206083323,-1.5323507826096712,0.5701185071589023,-0.486107998751403,0.5104704034834854,0.31521557373123704,-0.16732702591769516
Special ID (2013),-1.8529947136750393,-1.2493299360951977,-0.6771515863669415,-0.6006160889059703,0.07912430893396154,0.5491196578907428,0.33452305023447226
Lisa Frankenstein (2024),-0.7889790394296169,2.465102840504803,-0.11756792615962106,2.4211239008966845,-0.3149778032662481,1.076280575192891,0.16515563120725948
All of Us Strangers (2023),-0.9212039344223415,-0.8888867023804622,0.595158004263467,1.235565193017461,-1.2968720329781351,0.13251748965576093,-0.020525836560885892
The Legend & Butterfly (2023),-1.3509386676151134,-2.403652433140906,1.1994000915400778,1.5192656424610935,1.266002436241302,0.15868691885040898,-0.04915562884526036
Hacksaw Ridge (2016),2.0934828305229822,-0.5648642379569375,2.1658610703998673,0.6041541168499552,-0.5726021053798812,-0.47739660424761593,1.2566988792831637
The House with a Clock in Its Walls (2018),0.3902103694828299,0.6524831939419666,-0.5365562900196174,1.0161084649322984,-0.131733288017884,-0.4625438503542349,-0.11953958328856608
Surprise (2015),-1.9803677773042325,-0.16648277870951617,-3.552792462102048,-1.367555460097024,-2.6335341447699507,0.09786016432943574,0.8511798330047067
Alpha (2018),-0.29043744529344717,0.061801678819192664,-0.8898809100144092,0.8989143331202158,0.7073401541334668,-0.5557123729681531,0.08397923000145802
Home Again (2017),-0.6816059193777072,1.604748765218209,0.16960255517963033,1.199078340194189,-0.28327154612593597,0.7310594966720921,-0.2565901268952175
Doraemon the Movie: Nobita's Sky Utopia (2023),-1.1846838718411359,-1.9064906900391516,-0.19652629603651647,0.8990598381693327,-0.7217947135691579,-0.43477065968968526,-0.07326659671697283
Ghostbusters: Frozen Empire (2024),1.2420748561983166,0.40254781373614895,-0.6906116025109851,1.9400936678956406,-0.004484995986226676,-0.6632937938319883,-0.05973582003420087
Bayside Shakedown the Final (2012),-1.0176893674710947,-1.580134569807663,-0.2980875993508604,-0.4012303438879938,0.9290184510365159,-0.5504037756062836,-0.07658395797683866
Yolki 2 (2011),-1.7682121486768232,-1.215449152012362,-0.2339200926109655,-0.854508757638815,-0.3492254217287619,0.5745475634521037,0.03100664297478305
Re/Member (2022),-2.132843542607565,-1.5835771533720924,-0.9821637558660841,0.5799099641199751,0.04042135781065333,0.7833189428556361,0.7360201885722595
Beasts of the Southern Wild (2012),-1.0329515743012965,1.3428114660025738,0.7502944837833544,0.18569678855644706,-0.9467871880085263,1.4155037131908839,-0.09277354974847192
Cobweb (2023),-1.6767495511270472,-1.8483656619764894,0.6029931255299629,1.2002283831310645,0.1978051781795136,0.8011633553652748,0.1934849568345326
Back to Black (2024),-0.5327052430282553,-1.3042359850768368,-0.2149690111443913,1.4480692904772727,-0.05673781708464435,-1.0356600466690866,0.08376069412192934
San Andreas (2015),3.028029186725186,-0.7279549735153257,-1.004505417913426,0.12715647181600825,0.2261545346726193,-0.20184883662443312,-0.124162360109417
Matilda: The Musical (2022),-1.3607623027601594,-0.6424432899928088,-2.526350547602149,-0.2800079078948008,-4.101332162915499,-0.768223739384529,0.180861457264255
Detective Conan: The Eleventh Striker (2012),-1.3131059569606616,-1.4759464602543104,0.05847062032152146,-0.5412941234929411,-0.09102802080814294,-0.09970020817927604,-0.22818881348301687
The Kids Are Alright 2 (2022),-2.3656516213137726,-1.365030426356544,-1.5446765533556743,0.3512730050799598,-0.3309952125983105,1.0571787732372007,0.9554744229609642
Happy Death Day (2017),-0.4187902523912243,1.3595556212177418,-3.071749853279104,-0.3511522193074074,-3.186716933828091,-0.3342627285114806,0.057769449160342184
The Bremen Town Musicians (2023),-1.5479133056564136,-1.6889154755110276,-1.3439200459117822,0.882908977864024,0.7554437357683274,-0.3547111539596793,0.7611608864409233
The Roundup: No Way Out (2023),-0.7090799637636594,-1.906924676689047,-0.49003638967355595,0.8998704409128275,-0.701191801146857,-0.8228127283199483,-0.1566403878557568
Kamen Rider 555: Paradise Lost (2003),-1.8648499155908824,-0.8829801582484069,0.4708418289876456,-2.0130848545776256,-1.2120297372120437,0.7434747346225565,-0.5276112257532564
Wolf Children (2012),-0.7868663382766524,-1.754815748406134,1.3140060459050822,-0.40238103972499056,-0.8909267427908732,-0.24503964427588582,-0.7257673392368271
Saving Mr. Banks (2013),1.0470399220901934,1.3124680232532113,1.236386014015112,0.8748149380415791,-0.19880476002838168,-0.3407625594752042,-0.38331391507848683
Self/less (2015),-1.0043815939869343,0.17112541466971956,0.6143047545790643,0.47003744376394846,0.018213315082898047,0.963614698627594,0.2817938412803098
The Accountant (2016),1.4108253526853618,0.4777341447401318,1.1544322617765173,0.9241823093140518,-0.218734834546865,-0.3127492599759277,0.4118633537222485
The Broken Hearts Gallery (2020),-1.1335140863068494,1.987512231002238,0.3227572695535897,1.7761491023346323,-0.07756548124522092,1.4793800839288733,0.01935258653498312
Inazuma Eleven GO the Movie: The Ultimate Bonds Gryphon (2010),-1.8347569421385632,-1.1617816913206231,0.013984614810539956,-1.0313826691380499,-0.7913305866662116,0.7349781329992587,-0.13222310391683845
Ivan Tsarevich & the Grey Wolf (2011),-1.9194410866856535,-1.0193654378171144,-0.6888452742458605,-1.086547454746749,-0.9916108484398292,0.6835542291159963,0.10582154776856002
Viking (2016),-1.6686893690759506,-1.5594836077016807,0.17408276094421876,-0.08931388708782369,-0.6096899044187511,0.6420301235629983,-0.08927528626302489
The Bikeriders (2024),-0.15328752742869647,0.7092044307781143,0.16487405822943654,2.093700158684135,-0.30031143929946796,-0.486646781587555,0.023940508618272672
Helter Skelter (2012),-1.709865567700162,-1.6004138963466745,0.6148985824885964,-0.40336929937750793,0.43564073929408603,0.7218391029633917,-0.1210768116631053
Silent Parade (2022),-1.2679801220331446,-1.9856120695601622,0.08144778683614073,1.0001352651995077,0.2970345511583819,-0.4442658724521602,0.06052624221619532
Phases of the Moon (2022),-1.9769237132762814,-1.921550913641516,0.0699583576040302,0.8813693514431964,0.4297782362764681,0.8854135656587355,0.3704956453722974
Drug War (2013),-1.7719260414539257,-1.4654399108462441,0.5391531456208914,-0.4563111813945533,-0.5409280673790247,0.9808950194931743,-0.1614011084752096
Gone with the Bullets (2014),-0.8540878458223263,-1.836042176000282,0.07948681327427994,0.03716204532833883,1.1564270040285047,-0.5588128873962223,-0.16929673633441603
Kung Fu Panda 4 (2024),3.1346862347856606,-0.9062187667216262,-2.0803222313869987,1.225050646945352,-0.6182401761428348,0.02993893673868754,-0.8867296993833751
Finding Mr. Right (2013),-0.7722010600643977,-1.7042898936506516,0.10947104310117953,-0.2575952527972794,0.19963262468631304,-0.630123571297103,-0.41306294506707725
Horrible Bosses 2 (2014),0.43500060576789634,0.7192195517582372,0.048086136317826406,0.43194359858207043,-0.1256441137741888,-0.3898206091698546,0.304283079124931
St. Vincent (2014),0.028605339347430404,1.9761144035126268,0.7439980268667082,0.8957269804936856,-0.7032666606333092,0.42512995642241125,-0.2482498562433685
3 Days to Kill (2014),-0.349748305828648,1.0075938390245482,0.34623926497192625,0.6631537734301258,0.2763916234744024,0.2761109249034326,0.12529902720031263
All About My Wife (2012),-1.5656985094043228,-1.5512327827826975,0.5475835162179495,-0.42890043545229695,0.1413459925505183,0.4776235242076236,-0.2007551931133479
The Monuments Men (2014),0.8018206310307792,0.5703314107173704,-0.08000826344149693,0.5431447813099507,0.342703997449519,-0.5118302277529214,0.04567379637376926
What's in a Name? (2012),-1.4237178548554374,-1.5173918998928666,0.7152156227698049,-0.5466653074354981,-0.6491283788606169,0.4043128991794085,-0.35190443448762176
American Sniper (2014),5.058209528171329,0.4210694442065152,0.5221077092382538,0.5702796896662479,0.05930607519104825,0.4987305287490346,0.3736735812610818
There's Still Tomorrow (2023),-0.7699363209004909,-2.0994491429150215,0.6209818743989355,1.077152608618761,-0.9516623417580233,-0.6375184980633728,-0.4380417309593775
6/45 (2022),-1.1725529356710593,-1.896764013199251,0.18787019203185862,0.8753931707411018,-0.682594221143807,-0.49832277718995555,-0.16548244718775293
Into the Woods (2014),1.4379776084418152,0.8926994944971709,-0.18209006620982837,0.7455479207379004,0.7203722422429908,-0.4302126278723225,-0.03730997569147992
Saw X (2023),0.4051054061522469,0.11706298411940069,-0.010946353674159772,1.758674377670316,-0.22593714434973655,-0.5814396221186896,-0.04177095560277536
Jungle Bunch: Operation Meltdown (2023),-1.9882104517211598,-1.2572010171243941,-1.0694511664860233,0.689241306669647,-0.603608126533716,0.7115394462857032,0.5996336904538893
Malignant (2021),-1.0535632463390354,0.47161765825001334,-1.9869167235260436,0.9509338932278183,0.09980854222204517,-0.4643325640536655,0.7078808143489612
Legend No. 17 (2021),-1.2713240456926662,-2.0656747080517643,1.0320316303748245,0.956867856294164,-0.2236235259747559,0.03943958466634064,-0.2792119005782787
A Real Pain (2024),-0.8562026314858342,1.8514163821842395,0.2770964499133262,2.1020718802240084,-1.2904510593243437,1.193810860263114,0.024263474698078758
Earth to Echo (2014),-0.5401397026479458,2.449081006092004,-0.5100118721165244,0.8159576358144353,-0.098136074842717,0.6311810465389401,-0.004884720634310578
Confidential Assignment 2: International (2022),-0.7656036676572575,-2.0648900372098673,0.14007012245224545,1.0393879241792185,0.04819004494565797,-0.9562020318883847,-0.20220046634380465
The Tatta's (2022),-2.093845379028553,-1.54129376418769,-0.7519756457491076,0.48813917091702774,-0.7778953193532826,0.8746479795335564,0.4943104185304414
Championext (2023),-1.7429655825448742,-1.9186952996503839,0.01432738201380941,1.0250344180160287,0.19365648839055208,0.5100679096342308,0.3175312202608163
The After-Dinner Mysteries (2013),-1.6291472695238896,-1.5643275398154217,0.19390657565631342,-0.33770096340967887,0.39379843740184567,0.4498245368571511,-0.03187095191284897
Living (2022),-1.1598763315103144,-0.7325241793344399,0.6688896635849921,1.3352429540798485,-0.5455999798704532,0.37817440800049795,-0.18346432350825323
Grown Ups 2 (2013),1.5051860253262896,0.8984519695872583,-1.1019971744967223,0.207732155500722,0.28776884125215235,-0.48781472651781016,0.2360398118518766
The Counselor (2013),-0.532003084458707,-0.2801397539734635,-0.3600110124229301,-0.009409030926941127,0.6698613257465039,-0.3267966850681715,0.46663756741800927
Dream Scenario (2023),-1.0526032662906666,0.27067760959337256,0.3045147465806506,1.514119057501256,-0.9071924069733426,0.8198409731452188,0.28009540987631265
About Time (2013),0.5500864217841915,-0.918966988822586,1.6250842301397783,-0.10519745729728246,-0.7457147163820318,-0.5013844508787652,0.7468692359031888
Kokowääh 2 (2013),-1.7867620866659335,-1.4375917294715195,-0.2817599472058874,-0.3658032696639719,0.8986957939037629,0.5414692665518014,0.34205848267461547
Hunt (2022),-1.1180826239461426,-1.885021728972624,-0.485072484042391,1.0146915798541019,0.8333523640865198,-0.8357733539742845,0.3242953141140984
The Neighbors (2012),-1.5284946791180556,-1.4888261055492347,0.32094042781094734,-0.49077964976141913,0.013555999953370302,0.3316681843301858,-0.16976208796426168
Run All Night (2015),-0.22927556990858952,0.07000214503259206,0.3492234635770161,0.46717316570303985,-0.14861707522835507,-0.128064052744819,0.08472122464173729
Inside Out 2 (2024),11.151503447304272,-2.7518490513538736,-4.06179260242268,0.6100777187003016,-0.7205949905366557,3.7928164497164194,-3.163054615820174
Transcendence (2014),-0.37365312933747047,-0.3476528551365884,-0.5982491789729891,0.006105217483594182,-0.3316151799153405,-0.5764719244166895,-0.2964485069971751
Fragments of the Last Will (2022),-1.2867672857487837,-2.08398209267989,0.5981268700176612,1.0610365444819327,0.0754539652570266,-0.19177484676874287,-0.1364031005967538
Priscilla (2023),-0.4186364844851171,0.9127463771392179,0.13088554035245192,1.9520614608786844,-0.27209634587730414,0.028285649927226986,0.023534654128475906
The Four (2012),-1.5590683281313977,-1.1867117434057355,-0.12569240147988917,-0.44189401170011366,0.5536183470851825,0.3327065793309379,0.18851363085645573
MaXXXine (2024),-0.45255882473465103,1.2056048440009537,-0.1880351102272914,2.0382289097982893,-0.4995548341907268,-0.05832054985288592,0.22224904201283296
The Strangers: Chapter 1 (2024),-0.3442346148743233,1.6830873696347541,-1.737065988050011,1.947013675158222,0.1578454263853826,-0.5747930457588135,0.5766760537889528
Yolki 9 (2022),-2.391703212790643,-1.298459895057901,-2.273269724414258,0.41393303358379857,0.7919594749792045,0.6805752551836727,1.3830675434616944
Madea's Witness Protection (2012),-0.0040444728318027885,2.925832483462388,-0.47229057626733495,1.0013067928299957,1.1163495369277476,0.18857924608287321,-0.048639597815481724
Katy Perry: Part of Me (2012),-0.7606426346826826,2.166996820084637,-0.18809469702837342,0.47142186233724104,-0.16657704028758194,0.7336470938132189,-0.12320110267361695
We Are the Nobles (2013),-1.6533636092949873,-1.5274493601443109,0.7300160383858806,-0.4296516068316704,-0.6927374003588609,0.8408618018147622,-0.29537039899673484
Draft Day (2014),-0.5087304692702782,2.6190561242009016,0.8776153608502896,1.1791983687998397,-0.14234709904056012,1.3764902159926962,-0.20186808218305252
The Jungle Book (2016),5.813286863669588,-0.95581847337693,-3.110241724094167,-0.2468254947270996,-1.530247616603596,1.3712453665804394,-2.4871214732598896
Insidious: Chapter 2 (2013),1.0124434731675975,0.7177327127953343,0.048436305582142944,0.3019692906747557,-0.30924341166336905,-0.5321384927878111,0.04811891629049387
The Mountain Between Us (2017),-0.23019377461850915,0.5199006376617145,0.1264914968998414,0.8997160875254344,-0.1109826879183666,-0.15834380660876407,0.052619288143009965
Don Jon (2013),-0.3388901149206486,1.444677274340432,0.2760228609417964,0.20865228263900437,-0.7779514364625449,0.6420227987504364,0.7387662306782798
The Internship (2013),0.3713304452875702,0.5569152926594291,0.4091400474161289,0.3596214811314293,0.21100844599749152,-0.3683989868328758,0.4182352783843847
Epic Tails (2023),-1.811725227597274,-1.5356365353476928,-0.8827265866545498,0.7113133497230575,-0.555671453373687,0.3462786031882496,0.4816392928923469
Skiptrace (2016),-0.40994221484190535,-1.460660967376597,-1.002045927786697,-0.040456959919665185,0.1677307184892238,-0.8112459404931306,0.018572207234724462
Valerian and the City of a Thousand Planets (2017),1.0750540863791465,-1.2644155883539294,0.18036809547511884,0.5727862862103401,0.5389469560420754,-0.7046179040114935,0.10670074881775705
Think Like a Man Too (2014),0.0205609021015414,2.620141478354869,-0.2709889405870792,1.1172515478010616,0.3817405483691138,0.2729374829107583,-0.1608674690457956
Kinds of Kindness (2024),-0.7000128777772772,-0.9021199297912845,1.2054632502948555,2.129810938907486,1.1513602056490353,-0.035015057652622486,0.13350285979717907
Money Monster (2016),0.0010773529520563341,0.4544142271579302,-0.18365772902115085,0.5382053506500813,-0.5815141642725118,-0.2627625957439287,0.058448186160193975
A Haunted House (2013),-0.5332923303668798,1.8358409811408938,-1.1606099646456836,0.3115494455129778,0.10967883403340577,0.16299128632851181,0.37203482764067775
I Give It a Year (2013),-1.6924389624290352,-1.0327440446127854,-0.5396738780869442,-0.576836116014832,-0.14305636446380451,0.5796757766985611,0.4624537977256309
Big Hero 6 (2014),4.931224135257363,-1.042949825281239,-0.2763862817896277,-0.2994775447128163,-1.1613900149136205,0.39929235073738123,-0.08097446853748262
The Kiyosu Conference (2013),-1.5982632111295623,-1.7470133694026617,0.801572535551464,-0.14635707418432342,0.7422109708219041,0.6024730424240078,-0.16292900308835223
When the Game Stands Tall (2014),-0.5711402943474845,2.7350094192203103,0.7997664352641346,1.3080621511683983,0.17030750981510412,1.368370325719164,-0.37199255054512376
2016: Obama's America (2012),-0.7142231851386787,3.2796447686786863,-1.010789357069397,0.6906771943216021,0.41193066039824777,0.7972397151083358,0.23096712423468593
12.12: The Day (2023),-0.29728580711365404,-2.42401963730241,0.9004265857408097,1.3244955016709865,-0.17092559218872821,-0.8968874672940562,-0.6889723027915492
Spider-Man: Homecoming (2017),7.008535618345848,-1.5617094350238134,-0.18433825568567996,0.2054071094415653,-0.09804680753418422,1.1254310502814207,0.5157272356916947
Fading Gigolo (2014),-1.7292126813366284,-0.38584987690840644,-0.2875584034592606,-0.26387249087613013,-0.6152351256545427,1.1217286298717668,0.26431242832149854
Leap! (2016),-0.8519411029052051,-1.428588006899683,-0.4501745963301316,-0.1715862232716241,-1.0536121575055724,-0.42634538828150187,-0.25519230191935593
The Book of Life (2014),0.1826153786765305,0.7436336820339539,0.2197726396852261,0.39772660133852566,-0.9760650419247942,-0.23528390863798757,-0.3988331591031009
The Founder (2016),-1.303444682491002,0.8738944967588869,0.017182255184831338,0.754806337570704,0.11100289584227492,1.1975266435596705,0.06636302956519657
Dragon Ball Z: Battle of Gods (2013),-1.1758978906893314,-1.1719265781694324,-0.04572262566239568,-0.5909560675975662,-1.2952735197589125,-0.02294661231620231,-0.30509264562144567
Kung Fu Panda 3 (2016),3.137702685842155,-1.0373843660023754,-1.0509237960068938,0.028500353840848494,-0.9098495334345756,-0.08117072125401631,-0.7753337067831777
Gone Girl (2014),4.620315037459081,-0.5327001578113078,2.604356065249858,0.19195938623530442,-0.40638456590433714,-0.20924485704380716,2.698502165852741
Magic Mike XXL (2015),0.3178299372122625,0.821212272816627,-0.4931309245795086,0.733704308355707,0.5584172074351993,-0.4664351089155633,-0.003219916368272155
A Haunting in Venice (2023),0.3422727755705382,-0.307608136099934,-0.44595049820584703,1.3624225718781613,-0.6875758454811145,-0.7311200528287364,0.2168271305293489
Doraemon: Nobita and the Island of Miracles ~Animal Adventure~ (2012),-1.294465684420841,-1.4214481062279152,0.014579130283931385,-0.6327222833573097,-0.569904923734124,-0.10760556273580983,-0.32241938785296426
Serial Teachers (2013),-1.861474752186044,-1.134576909557768,-1.151267359771835,-0.747059747514307,-0.09823514729152533,0.39360091954213344,0.45126267129070147
Finding Dory (2016),7.331402530490834,-0.820809138294067,-2.064999980581224,0.04937086405508387,-0.6847728431705525,1.76645753617149,-1.3661684770396578
The Grand Budapest Hotel (2014),2.38303228191353,-0.2571644501861777,1.739221639366279,-0.3186556492494447,-1.936455072722346,-0.5081731182948827,2.5338486487448657
American Dreams in China (2013),-0.7186257761597893,-1.6726683884083573,0.1487481526320528,-0.33367180386019046,-0.306987059709048,-0.6486482108869006,-0.5462552133730806
Love the Coopers (2015),-0.8008076702368567,1.2973398603521682,-0.16006773592408766,0.7538764759805089,0.2323913881984501,0.6890717837883629,0.08998109813365542
The SpongeBob Movie: Sponge Out of Water (2015),1.8523592052153517,0.5576318374115407,-1.3784033126976802,0.3775060416349568,-0.29790419116962674,-0.34942045497170576,-0.5328417792632081
Noryang: Deadly Sea (2023),-1.073198802184921,-2.208242488867578,0.5741914883007729,1.3904416152459373,0.8989193871758107,-0.40289442785924373,-0.020568780844768493
Muppets Most Wanted (2014),-0.026190248357542658,1.3096668992287588,0.05177294308582615,0.7158635259763357,-0.08471266395380872,-0.03857093023033929,-0.29778089905606714
Platinum Data (2013),-1.8360835633141788,-1.621535532559632,0.280111667502094,-0.25104620908218683,0.9977430917918615,0.8160212093010869,0.14334975932649383
Men in Black: International (2019),1.1985387189208812,-0.5071590684443583,-0.9995365459587042,0.787244761831134,0.3422398460194719,-0.6273602493950576,0.21167481580425543
Jumanji: Welcome to the Jungle (2017),7.0459804350679285,-1.263566490783631,-1.3465654142572026,0.24172416636121832,-0.06756814593927832,1.446230689815483,-0.5812635638571287
A Turtle's Tale 2: Sammy's Escape from Paradise (2012),-1.3166183669424083,-0.9711372876160375,-0.9118506116384725,-0.6993518432279874,-0.1877024828219875,-0.24958324215492622,0.18195154017000711
Minions (2015),7.217725043893726,-1.9399295015443272,-3.124462204173733,-0.5810383663566957,-0.28466106273336345,1.7443446185527607,-1.651124064591279
22 Jump Street (2014),2.933410211357612,0.6230845462866231,0.2567209874116675,0.40422826328782363,-0.44217379463451273,-0.1724633750262179,0.4551411301043227
Lesson of the Evil (2012),-1.626228050935999,-1.6426396279649154,0.7785018285288187,-0.368904882905834,0.37812275016311225,0.6505695814730005,-0.19969874754183264
Concussion (2015),-0.6933181404111868,1.7884918572347963,-0.5758721295813396,0.7864495898842565,0.050260821151430685,0.5594568225867426,0.03535452348328549
Head Over Heels 2 (2012),-1.819726849890813,-1.375130882837701,-0.06562387198716725,-0.5456709244366573,0.42998334875845107,0.6793477072711318,0.16427884599488934
Sherlock Gnomes (2018),-0.3770598251923145,0.788941849478196,-1.3948374944754083,0.7278347908245836,-0.24871686864978157,-0.2876880706563439,0.1947074364147909
Olympus Has Fallen (2013),1.4060128660070221,0.8710101076728933,0.4244969013534715,0.46744609102643403,0.10029857232111504,-0.4661510689026493,0.43920518665753117
Mandela: Long Walk to Freedom (2013),-1.0187519532795957,-0.38272303116139633,1.4540800804574563,0.42637184674878126,0.4900859205559453,0.7825366286443373,-0.34340510964562343
The 5th Wave (2015),-0.14400445508715318,-0.24282982156790303,-0.7737531064219216,0.24098276017548229,0.6189899310248805,-0.5536384336302326,0.46256379783802043
The Gallows (2015),-1.2511833109412627,1.3440440767573445,-1.8154646243853243,0.25677168944036716,0.33912609781688446,0.5950308946317131,0.7656432836486156
The Hobbit: The Battle of the Five Armies (2014),6.893489578841638,-2.296719575632987,-0.30035392654745013,-0.20852344859545388,0.46613318446669166,1.0069337255258697,-0.4610760869658957
Homefront (2013),-0.5142700489497872,0.5148586854180052,0.18285594713741576,0.10153647579513414,-0.45852236673603974,0.16849335516812572,0.25201956443309487
A Werewolf Boy (2012),-1.0539384093663147,-1.6736656209836795,0.9435227822732303,-0.294075484530286,-0.028559676545716783,-0.13274251540092386,-0.5319389137585565
"Me, Myself and Mum (2013)",-1.9464652844886403,-1.2537819895299438,-0.21950431967276796,-0.7423435637218119,-0.995851422390675,0.9930858680648021,0.04492460944859134
Alien: Covenant (2017),1.555829288326431,-0.6140993470516053,0.040795865143809985,0.5330055439042909,0.06773847556654632,-0.5680403719678985,0.593781749907364
Mummies (2023),-1.048833360769561,-1.3123443028581705,-1.1939301867663876,0.7861529253098385,-0.810419171649404,-0.6502825560425067,0.24984841453827078
Endless Love (2014),-0.8123195085066673,1.5495548821308527,0.16219808828495091,0.6705982732518684,-0.054804604403554016,0.9393792865623214,0.027715823968506418
Tokyo Revengers 2: Bloody Halloween - Destiny (2023),-1.7373275409280386,-1.6589198844408435,-0.7528305802850097,0.6574310163016794,-0.9510787282062083,0.20196055091634654,0.28920936869232866
Fifty Shades of Grey (2015),3.4917357417635078,-0.9619062949076251,-2.127467320053373,-0.015652452679249824,1.6559024793770951,-0.08980097795541253,0.6537470754869776
The Turning (2020),-0.0007308107780455302,1.1891049341123703,1.251119606302103,2.5713648747947007,2.342245088084108,-0.5658503297002621,-0.2787092875545685
Godzilla Minus One (2023),0.6633179864609258,-0.2241674998240372,0.9674394680053163,1.7930611717491658,-0.7136569771483399,-0.49021555371564224,-0.24309149380056022
The Thieves (2012),-0.5790623986952561,-1.7820758593445527,0.6801154808841197,-0.21460864168551594,0.4585927736636612,-0.6832177506627202,-0.5717522769335122
Blind Detective (2013),-1.4479224674992488,-1.6429167860312517,0.5462077261850877,-0.20491998921712093,0.5075817575429267,0.3237069328587999,-0.13632548070616574
The Expendables 3 (2014),0.9591821936098072,-0.9900605603483126,-0.12882314742368106,0.07580429748278714,0.4957876226755505,-0.8384333848678918,0.1749068413574839
Blue Jasmine (2013),0.34691488103633755,0.039102617484242846,0.48057124470192614,-0.024289904430094433,-1.0492612456490158,-0.5501690064994663,0.11654676204306529
White House Down (2013),1.293245806549409,-0.24244362626095017,0.2909375064271175,0.2616170786358903,0.5774572595942522,-0.7035565177829295,0.21331388299602658
Architecture 101 (2012),-1.566548544816969,-1.5868212543508773,0.8953863655825725,-0.4404209491565078,-0.2980005269249602,0.6466325701331245,-0.37833785543186277
PK (2014),0.26105902580872714,-1.792532358540808,2.14111229681383,0.3307795217943493,0.13376805018541102,-0.5292497623459176,-0.298879591895282
The Woman in Black 2: Angel of Death (2015),-0.9237282492440149,1.1657973100364285,-1.0795936700536621,0.49715178667787985,0.509545252662986,0.4059072632866913,0.4842773936709926
The Mummy (2017),2.0754294865113674,-1.2044812205813675,-1.538746913500863,0.15702077829233071,0.4171440573938338,-0.4758481408766031,0.14004750662894777
Longlegs (2024),0.8535350259701039,0.6681678883110109,-0.3531134031955378,1.8317730435753543,-0.8017334019728263,-0.7511144555390524,0.2667039113889492
The Best Christmas Pageant Ever (2024),0.1369644742336389,2.45439369389233,-0.02477764731975144,2.5521870247178633,-0.7832276499997023,-0.23476713174914954,-0.3952822952926237
American Fiction (2023),-0.020608230672183044,2.008212601254618,1.1361946864412356,2.4539701004867145,-0.6782477753186957,0.46653608007656533,-0.17293974190941522
Jobs (2013),-0.707206965618378,0.18729632087167009,0.4933045945246059,0.33401125579162405,0.7012472219699073,0.3602266880329217,0.2901206032679646
Rio 2 (2014),2.716644116433174,-0.9277123609573913,-1.448813600618455,-0.14723219334876483,-0.15090065110088463,-0.23743233680046466,-0.8995117770716275
The Berlin File (2013),-1.173008378964173,-1.5611600134097283,0.3705787132986942,-0.2643559218555127,0.077518455328768,-0.09098898957004091,-0.2742306149892963
The Great Beauty (2013),-1.2417108703164574,-1.4082317125387074,1.9262169390247985,0.04835269344546938,0.07374516045134644,1.0670620979801015,-0.19099273806304884
Unsung Hero (2024),-0.18830157365714523,2.1591636967605448,0.5270555241796138,2.6314915454274455,-0.47598909203575607,0.19815004993664026,-0.4099830851117543
Runner Runner (2013),-0.7491852575685278,0.26568232061139563,-0.8730903995689734,-0.18627660230889168,-0.2896967688483794,-0.13068597210957172,0.3206355134381643
Need for Speed (2014),0.9550787405334332,-0.9187842271405042,0.21914096725422808,0.22180721933311315,0.5205622673488352,-0.7948250989762989,-0.005871599672089924
Carol (2015),-0.8036625956941089,-0.2963935379259475,1.4684175615944686,0.525562352897401,-1.0401355973980195,0.6118279827592584,-0.845411967269579
The Wish of the Fairy Fish (2023),-1.3700156227147657,-1.8625602072546739,-0.29504665278131165,0.9642186108167137,-0.16841272334798482,-0.20331863993958274,0.18544986861707585
Onegin (2024),-1.4865203104200837,-1.9939704077650577,0.9952786236997401,1.4376999357975078,0.055289259716889486,0.5809955484972168,-0.011321854387405305
One Piece Film Z (2012),-0.7293701099303478,-1.6637317775401697,0.70665533181394,-0.4868951265883969,-0.9030093058822265,-0.5125055818424361,-0.8031307163055715
Un mondo a parte (2024),-1.9138814855003108,-1.8882865796831656,0.024552012980529725,1.0188497884803196,-0.42492120675022016,0.8704463649548085,0.2851618955123361
Instructions Not Included (2013),0.182442121962051,0.0415295134439052,0.9399480728128718,0.4674476710277126,-0.2621955964067508,-0.46613953784700185,-0.8573455418333462
The Glass Castle (2017),-0.7987739391563706,1.5593302688285469,1.2963107121029973,1.4950301670796793,0.07523013127266114,1.4866296240651056,-0.2919412471943775
Guest from the Future (2024),-1.401597688233243,-2.0923613115600856,0.17986030940745734,1.3660717934370492,0.707057400638081,-0.13462559903356136,0.2537682370804822
Spectre (2015),5.983780256291736,-2.385477886372417,-0.5931327836889478,-0.021660961589778115,0.9328754653361351,0.7297187310434635,-0.5376837273211715
Mission: Impossible - Rogue Nation (2015),4.844670985781443,-1.6103735350877166,-0.13937767075561483,0.08815060362021163,-0.002334314325421079,0.2971295115430796,-0.47940090461454155
The Huntsman: Winter's War (2016),0.5016912077322735,-0.38511547997164614,-0.36396792079998197,0.4421877024519555,0.1203302055754636,-0.6147761008411387,0.05895340291253092
Parthenope (2024),-1.7629965619692232,-2.141737854155568,0.7674299799458228,1.289970514993336,0.13432992709180125,0.8855179861624991,0.12686677774782149
How to Train Your Dragon: The Hidden World (2019),3.2309665494184476,-1.1082082833134,-0.8005580610856399,0.6140242695771296,-0.8713925255324146,-0.04041156672997494,-1.0018906279867954
The Night Owl (2022),-1.124813665580917,-1.9176562084090036,0.08147487926874383,0.918606861134857,-0.35482702065522675,-0.6094507199035945,-0.0955793368559996
Dark Skies (2013),-0.9281661363979572,1.4412622554785086,0.16535322915843456,0.36576730958247894,-0.33189117744948016,1.0413093857272113,0.17266704718877773
Keeping Up with the Joneses (2016),-1.0349574393038763,0.7732905111517521,-0.09588920458405335,0.6446940281635549,0.016726475396359682,0.8292242546908801,0.3576078415854182
Delivery Man (2013),-0.389465066272696,1.153425151054816,0.14146332303823503,0.4244605000005263,-0.10826094841378406,0.21905573093404884,0.026894800245839397
Oculus (2014),-0.3935856415308162,1.2896511095971581,0.3831705637438416,0.5680507427242063,-0.3106151752044119,0.536624750014867,0.2634322158463914
Mai (2024),-1.2806071150993477,-1.8442212718222912,-0.24627633536496366,1.034692650088473,-0.8095451096049313,-0.4274319020212983,0.038255608713596276
Enough Said (2013),-0.9256984183552045,1.6815127706347777,0.5724540742710603,0.4565012708595566,-0.825936730637821,1.3490252225123345,-0.1254729363230369
Avengers: Age of Ultron (2015),10.553779292693791,-2.74555544402495,-1.0928155896343024,-0.5122089386132488,0.41784893464774564,2.6394064114760027,0.1654408727815956
Gully Boy (2019),-0.9695971949715375,-1.4646083640189462,2.0568094179194207,1.183693769344471,0.2389970600965806,0.6748332010655612,-0.4807923432142359
Clifford the Big Red Dog (2021),0.0960115321096811,0.40060918985829724,-1.0112215378458875,1.2516204880773918,-0.3980009064445453,-0.8234924717884997,-0.061844950315297104
An Officer and a Spy (2019),-1.7023082113174457,-1.9825174108414194,1.0817136999888086,0.5662622966806367,-0.10593393954287932,1.075791832941219,-0.07818007562448406
Smurfs: The Lost Village (2017),0.3415387480279776,-0.526165133308265,-1.2579467275075529,0.25528673399945556,-0.5271411332768494,-0.6638898622499269,-0.27290799185533865
The November Man (2014),-0.63883227588261,1.3177259003616602,0.28316877244560984,0.651735621294116,-0.021225812009728624,0.6794261068123746,0.05345796174906924
The Fighter Pilot (2013),-0.5731452633464631,-2.0075487946606505,1.1908491049224257,0.014752769837756004,0.409248077270805,-0.5769606053095613,-0.7941674539646456
Gods of Egypt (2015),0.18101412703647973,-0.9468396223510522,-0.47689840832354213,0.22696519212851826,0.944357802126257,-0.7636613684920599,0.2982451308630298
Woman in Gold (2015),-0.21959967034596503,0.767325677590667,0.7359993314717204,0.7366134652199889,-0.6235286153697958,0.20051395840245204,-0.3915134962770565
The Magnificent Seven (2016),1.2731646249853856,0.5734992963204462,0.829111389242799,1.0447270240300526,0.2098522618082615,-0.3422827954228652,0.10499034495657643
Atomic Blonde (2017),0.46934684265342064,0.5416420408830264,0.44443353917240835,0.91381436829548,-0.2527335261790763,-0.25130512860959997,0.34028876443979117
Dr. Coto's Clinic (2022),-1.465179351356069,-1.922519049061464,0.005535406481975366,0.9173922398774047,0.11681662245119989,-0.12531890617290006,0.12864593300810404
Cats in the Museum (2023),-2.3632565931856924,-1.3769420471769707,-1.7537099039327977,0.46995284205169685,-0.2667611376677683,0.9697694194720272,1.0258032315182477
All Your Faces (2023),-1.7847203287467153,-2.0247559248710334,0.8228899001864773,0.9724963563960736,-0.8333369954574715,1.0111966279227438,-0.1008595564749977
Midsummer's Equation (2013),-1.4946898644967583,-1.693374891083016,0.6870513209016236,-0.2225203961096272,0.34817863201491495,0.40986085135354755,-0.2431249480538596
Midway (2019),0.24404383454703243,0.3410340741570122,-0.2815362466501627,0.9176595637163772,-1.5141448560515827,-0.447791326005697,-0.7142436359669205
Philomena (2013),0.24463997237149968,0.18241187340889814,0.5285040938244974,0.12561355598907445,-1.1393326155631978,-0.5333855217159713,-0.4644805690575308
Project Almanac (2015),-0.7921609498708251,1.4559208862577655,0.3836623132741079,0.7937546770768269,-0.1634745056270895,1.1195835629261033,0.15158654889614132
The Boy (2015),-0.5113983161021435,1.0232044885777758,-0.4639451296510538,0.7341688500931081,0.5224146280472783,0.0701397796837082,0.00456061083919642
Taken 3 (2015),1.8026952870171686,-0.6556394347888435,-0.9038053742689351,0.087942039491438,0.04491046254845957,-0.6292263954712047,0.03552386065900535
The Grand Heist (2012),-1.6024916412327053,-1.5077266830341174,0.2825647643941371,-0.4466075360898254,0.3729151683276363,0.4215468894761376,-0.06349307516909647
The Peanuts Movie (2015),1.4267479370585225,0.7170317440510761,-0.6175174320821958,0.4747987749327277,-1.0226773165663596,-0.47114439501264754,-0.7810612730804565
Respect (2021),-0.08986257995913513,1.125466124417037,0.9476303148006292,2.238801923992776,0.7579652848351977,-0.20161782497610198,-0.3405744103718091
Isn't It Romantic (2019),-0.17179881369544076,2.8466821717908233,-0.4790153748023462,1.6521020708987806,-0.43098376376589603,0.5988603005593034,0.20223081039007884
Afraid (2024),-1.2655301802724548,0.8353513311294117,-1.3552835555717686,1.5247989255056749,-0.453457866476901,0.36323712949391124,0.6249857164439603
The Ice Road (2021),-2.0824640117306936,-1.0162874942623303,-0.9255679808776145,-0.002845393932596245,-2.8101580822386243,1.0569875974018315,0.20401551210368446
The Last Tycoon (2012),-1.7849466923300095,-1.4221549233213087,0.18108910556904798,-0.5964232914157498,-0.20211088964693075,0.7185169153055688,-0.08150166602694073
Evangelion: 3.0+1.01 Thrice Upon a Time (2021),-0.06529553721716806,-2.445951771627725,1.519358351585591,1.2588643670667707,0.08892154573368789,-1.1107591804064285,-0.8773766027181463
Lost in Thailand (2012),0.012589135826323199,-1.7343745270786028,-0.7900328773670308,-0.6139805915654797,-0.02943543683666493,-1.00279519248358,-0.6319900243066127
And So It Goes (2014),-1.3168647354734873,1.3706617747925354,-0.23760616895348197,0.4243552320629158,-0.18291279549093542,1.35222343180708,0.1396773789545106
Left Behind (2014),-1.6232153938836702,1.1781483699076054,-1.6858873271807668,0.31049609119371274,1.8827845378441743,1.0854531826174916,1.2565193019052643
Confession of Murder (2012),-1.7609993538857798,-1.5685872389698512,0.8655383763300689,-0.46667637607404755,-0.15193681699102643,1.0023006967221875,-0.21908258761872323
Paranormal Activity: The Ghost Dimension (2015),-0.8743778618209064,-0.043346197750738766,-1.72013110981271,-0.0700073261841346,0.23098012178925023,-0.3379164025075476,0.5708648953235143
Get on Up (2014),-0.38067168963009257,2.147028258275016,1.4775238069511563,1.4648611748304552,0.6996572512364171,1.1410009799758947,-0.5099648306571454
Paranormal Activity: The Marked Ones (2014),-0.4982315458552801,0.48076196895335715,-1.4434939494089123,-0.03143710902411998,-0.1199899987502437,-0.3664712440312371,0.343949924602333
BTS: Yet to Come in Cinemas (2023),-0.7841879628492265,-0.915598125571512,1.041356321181072,1.3805128155255177,-1.7676175348262655,-0.0035867879278358474,-0.764011038926155
Star Wars: Episode VII - The Force Awakens (2015),15.743600208218362,-2.9320351046473303,-2.4952695749355134,-0.6602793321368264,0.35581459620657635,5.253827671245116,-1.064699626331006
Burnt (2015),-0.8877734707535656,0.24603540629651108,0.31284224875403105,0.27379674179366714,-0.5569840714340427,0.7587606859317269,0.3906756188128685
Hotel Transylvania 2 (2015),2.8469325692887417,-0.3978799576447135,-1.4000215475704725,0.007686160996727538,-0.7491705561180292,-0.1450545357005267,-0.7042389724281674
Billy Lynn's Long Halftime Walk (2016),-1.423958003781365,-1.1333808695264016,0.011499937139613772,0.11719839632520238,-0.014772596533302028,0.42605822181278635,0.19250954378978108
One Direction: This Is Us (2013),-0.7783344689634398,0.8266575002208769,-1.5914652036563943,-0.0026199929835752523,0.5878724560150728,-0.18069695237689473,0.5189016847403677
Star Wars: Episode VIII - The Last Jedi (2017),10.257288844239621,-1.8513171375931181,-1.3251161533228806,0.33550237046280595,1.0554519800559574,2.7366394608051188,-0.4759610871214324
Star Wars: Episode IX - The Rise of Skywalker (2019),8.078443875392386,-1.2986957423305088,-1.5127159272045323,0.7296237941384417,0.9286160351711266,1.9786235569585846,-0.39921243094581904
God's Not Dead (2014),-0.14590087714802602,2.723874542394055,-0.7503749240721898,1.1329024319795424,1.2216088507396696,0.3309472932914564,0.3341739006218225
Blockers (2018),0.21571799607693062,1.215884696765707,-0.3106179814598008,1.1526763421482145,-0.2814545091356006,-0.2118718049463072,0.04892394974009985
A Guilty Conscience (2023),-1.4420003626345963,-2.1371907946780118,0.9068441605111341,1.202954644466701,-0.13465897978736643,0.341494991372663,-0.14334922693551266
Kingdom 3: The Flame of Destiny (2023),-1.101853800183373,-2.105427632442889,0.30592783792773687,1.1366548183056782,-0.04779786972021485,-0.4292686872418627,-0.13116328244037856
Arrival (2016),2.6589260836679673,0.15198717323214114,1.7479334574530851,0.41048200983407374,-1.2370326290633573,-0.34464525902952087,2.0505735510602046
Wonder (2017),2.150775463385669,-0.22495362902328436,0.46034420431757667,0.7753727458075781,-0.9216133875311675,-0.3084610277992589,-0.6808555402381496
Deep Sea (2006),0.14193743499151976,0.8517733591351995,0.3710245137498117,-0.45550120667626404,0.12636695343730783,-0.6520830567341824,-0.8178090715034486
The Light Between Oceans (2016),-0.8494786161105142,0.31488973079837373,1.3815182702538875,0.9892819382222995,0.1255803101313755,0.9998990678554129,-0.20738647499267537
Crimson Peak (2014),-0.15254289189101738,0.04651053450867753,0.5012002026173836,0.3658481256100355,0.10439793988758157,-0.08423019442926523,0.20516607714414017
The Second Best Exotic Marigold Hotel (2015),-0.1497521244908923,0.06227278546984403,0.28883850107808484,0.633715327641327,0.21462372608231714,-0.32215891610598896,-0.2966372027750814
Iceman (2014),-2.134324573948688,-1.2451464905627736,-1.0455948462493947,-0.4818555103477423,0.6702051918891294,0.911897355375219,0.6919279336993555
Pacific Rim: Uprising (2018),1.1821157752864497,-0.9976820272380232,-1.1975936157712277,0.4398378709891187,0.29099421302395856,-0.6070974499625993,0.04731157865631038
A Million Ways to Die in the West (2014),0.20797028917286237,0.6451896286354063,0.20752634105355577,0.47470306565751175,0.21724632243724382,-0.21662033848814954,0.4924024420286845
Get Hard (2015),0.7064333075487702,2.065201534011581,-0.30863645232879644,0.9530844632310668,-0.11903471820465385,-0.20590216218436358,0.19595280513628122
Birdman or (The Unexpected Virtue of Ignorance) (2014),1.448707899110876,0.01939574804306308,1.857658109909928,0.1537661403866255,-0.9475894176210815,-0.35924981772277714,1.812841177696036
Alice Through the Looking Glass (2016),1.438959097154266,-0.7837119317420314,-0.7235229480331841,0.3162767793780608,0.08788407737460438,-0.573597709365462,-0.28225256808567795
Going in Style (2017),0.017320500611298348,0.8020423465524189,-0.1562997221646571,0.798221288054647,-0.7025150085016999,-0.195774122579369,-0.014589083806177384
The Outlaws (2017),-1.683944417273366,-1.1477429083645108,-2.2066817587458925,-0.33440023804648045,-0.00557950502731212,-0.18788435877594536,0.7600363899707295
The Tale of The Princess Kaguya (2013),-1.410196520746634,-1.7997104633325685,1.9539923608459093,-0.08984615065077184,-0.23752240834856034,1.0370969834660821,-0.4772404953064302
Hell or High Water (2016),-0.04064714839252937,1.46771088359399,1.2192471414206338,0.9144280442165689,-1.1237662496044787,0.7747113023564037,0.3959619725412544
The Fault in Our Stars (2014),2.596251471035974,-0.32911058608966437,0.9465526033043052,0.3269225844016557,-0.40803831612655045,-0.43762461003488423,0.23055014942520086
Jojo Rabbit (2019),0.8026799410038241,-0.2395420559943889,1.3169454524730773,0.7693981130300394,-1.4334283561383183,-0.2389940802505448,1.0669747020394258
Three Heroes on Distant Shores (2012),-1.8899683094131041,-0.8555540349256457,-1.7324672101209322,-1.095646585086501,-0.6988912414773131,0.20664761021804598,0.49375002997278106
Resident Evil: The Final Chapter (2016),1.0591147492175752,-1.4564548429081925,-1.4408632692680075,-0.05008566108101743,0.29053567312352446,-0.7926344840514874,-0.11540569254036397
Police Story: Lockdown (2013),-0.7828199063686853,-1.5587864688217326,-0.5547035902316896,-0.4115417417250953,0.20783937248062004,-0.748740271184046,-0.16612105382267453
Anyone But You (2023),1.1047221404355239,-0.1848532250270333,-0.953471601313566,1.3781185177777706,-0.3997696194960881,-0.6067833980333186,0.15754094798764567
A Madea Christmas (2013),-0.29016739421930654,3.0177825717683824,-0.6832710497203214,0.9771869524928652,0.6012617753443668,0.43869013695164966,0.01799759453430407
Kevin Hart: Let Me Explain (2013),-0.598516485873458,3.126616743807241,-0.06763741104224472,0.7723772154803238,-1.0831878659758982,1.0833845945345326,-0.3877280620986794
Bonhoeffer: Pastor. Spy. Assassin. (2024),-0.4933921878824097,2.216498000803747,0.6527656402815486,2.837752141402365,0.5647302242469049,0.7535680573494762,-0.14993032630034892
Step Up All In (2014),-0.5354244428390521,-0.6261596256649361,-0.3703656980166909,0.03824502543746902,0.22795644806243778,-0.466004004017973,0.0027957204629562235
Ted 2 (2015),1.3337309343309929,-0.10115329091044137,-0.15313071046855925,0.37549312121045814,0.031851042989566335,-0.6622084374291164,0.28996800846111404
Ben-Hur (2016),-0.288829972054114,-0.34781880180274716,-0.2860523002239651,0.5652994206922904,0.6426568537069793,-0.45220442302449326,0.07862063764178662
Greta (2019),-1.3403261189257523,0.9758884320607129,-0.12882876493506573,1.0582387085129086,-0.36485567212257497,1.3989956554642542,0.31924823562543786
Gekijouban SPEC: Kurôzu - Zen no hen (2013),-2.5339865312360526,-0.34909746910667616,-3.02671330054594,-1.7229447698185163,-2.7890870304860758,0.9533757158759673,0.728470493749112
The House of No Man (2023),-1.6009697707510282,-1.711640486317216,-0.5909914646097942,0.8093642341880739,-0.5132795253658746,0.04393091266884588,0.3079679064960622
The Count of Monte-Cristo (2024),-0.1381982691292708,-2.7433438957396965,1.7614799164440573,1.8469915522142484,0.892470868354981,-1.1257887508564268,-0.6109643236210421
Badges of Fury (2013),-1.6928355915471023,-1.1961345274018913,-1.485615930111825,-0.6348476069112662,0.6446033282576554,-0.012438194196048993,0.5761036136168654
"The Chef, The Actor, The Scoundrel (2013)",-1.5467491924309873,-1.4031324698549301,-0.5398357063001424,-0.4711123477309824,0.315717779283662,0.09232077350795004,0.1489730483382691
Let's Get Married (2015),-1.4704036138706567,-1.7528326006186183,-0.18621124503770634,0.23000083743681746,2.1268124821017094,0.08486338232007502,0.3949365437732599
"Crouching Tiger, Hidden Dragon: Sword of Destiny (2016)",-1.4518643614276472,-1.209811387606044,-0.5097813857387744,-0.14704503264148433,-0.4919127064035636,0.22062632176379815,0.24635241899440397
Buffalo Kids (2024),-2.0550997439556493,-1.7167607419238429,-0.33650002507174326,0.8047188012709963,-1.101494291653912,1.034703416718148,0.3225398512037375
Demon Slayer: Kimetsu No Yaiba - To the Swordsmith Village (2023),-0.5704725948908494,-1.3301069731100539,0.43934169558763175,1.25395473791967,-1.102416541927791,-0.5936022703526698,-0.517551070254265
Letuchiy korabl (2024),-2.0267595560643064,-1.4686586313051115,-2.110119096357335,0.7942080249297023,0.7271197302414047,0.05614197150686529,1.2198155071099321
Tokyo Revengers 2: Bloody Halloween - Decisive Battle (2023),-1.8030420695185392,-1.7104928841320788,-0.5857475250657584,0.7121470425296803,-0.7647044635014174,0.37614029715974956,0.2984867721910715
Star Trek Beyond (2016),2.5490244847110612,-0.0936317564138587,0.12674808191364512,0.6785135097630959,-0.11866977191820988,-0.27628036760707875,-0.1745893449428108
Thermae Romae II (2014),-1.4928923252378146,-1.541933682183046,-0.10537592176359013,-0.29400794255027984,0.08568290027721212,0.1981473059965326,-0.035777681612445336
Imaginary (2024),-0.43069638337477445,1.1832153977181656,-1.4050490541492524,1.9568405554006794,0.4742232937725853,-0.6027257057516386,0.5295224327159329
Spy x Family Code: White (2023),-0.636457031355094,-1.483728527378687,0.2044955295895573,1.1773447311639447,-0.9357727685912148,-0.6711459399605949,-0.43398224759500076
Fences (2016),0.448692586089879,1.9226873230934667,1.5189072701966515,1.6928636227256195,0.3868415257908793,0.3523128940140865,-0.3288821590479052
The Forge (2024),-0.03366960715546087,1.113793200400398,0.35521045597887296,2.4063223451525233,-0.0388429695196108,-0.4633977975727747,-0.3383449930168833
The Best Years (2020),-1.9572050963320062,-1.346844379943902,-1.542865217142362,0.2648322705835109,0.2651639401214763,0.08110284945568438,0.858807656424163
Monsieur Aznavour (2024),-1.264984383237708,-2.1899470664972442,0.9022927888830172,1.3267833879660136,-0.3644126042099347,-0.028236068384263534,-0.2287211526130584
Me Before You (2016),1.332792501715281,-0.6850118117325792,0.4861020155640814,0.2959524297730302,-0.8597997950119539,-0.6305408550670151,0.2295819694758927
The Wailing (2016),-1.3229933066578803,-1.513079991879463,-0.2761423391204171,-0.03316309495787877,-0.1791307633328841,-0.029256738388641377,-0.035918758282440406
Vacaciones de verano (2023),-2.2774689564984225,-1.5647870418072678,-1.1633648666412422,0.6632565069478943,0.07297289037893057,1.0386583548124875,0.872809023037543
Hitman: Agent 47 (2015),-0.45589097533433964,-0.0793887418811907,-0.7449504646680232,0.09485003730332921,-0.1918268274067919,-0.3301132570320758,0.38541851160689417
Shin Jigen! Crayon Shin-chan the Movie (2023),-1.489856459684064,-1.7414550426954283,-0.49204712176182147,0.7278719778703003,-1.093481394673594,-0.0999805402517202,0.07814982461641717
The Bad Guys (2022),0.9252713968139724,0.0013404333306414125,-2.163344202189469,1.126005029792189,-0.08992760610525773,-0.8054200437271776,-0.11235249211373499
Night at the Museum: Secret of the Tomb (2014),1.9710106370863527,-0.418309117333684,-1.1481133433234019,-0.05157289017262713,-0.27154817846783214,-0.48119556587971146,-0.3995504552856973
A Smile Doesn't Lie (2024),-2.018712402135867,-1.6587107837351207,-0.905183714588037,0.7946717437497016,-0.5023272997326076,0.6483751975706719,0.6008763407611446
The Secret Garden (2020),-1.5710448554443694,-1.269671176840625,-0.8689436696248698,0.42777665314951757,-0.2571376867965422,-0.17008707617413873,0.5192064052459568
Game Night (2018),0.8403701484252066,0.8922553590222809,0.2208520598513035,0.9750746761583734,-0.8702621673059641,-0.36272590156345147,0.4586693061302504
Chantal in Fairyland (2024),-1.4231937040513984,-1.7532019715243803,-1.3334432111015158,1.0622042234567635,0.8043162482110947,-0.6274941500098471,0.7495682226706996
The Grinch (2018),3.318483731969,0.3367525799770517,-1.809977549924021,0.6394265000262281,-0.7658366381088723,0.29920572375539034,-0.7981237301171114
The Secret Life of Pets (2016),5.788267223100603,-0.706214668851397,-2.4966347527109205,-0.060487636900606524,-0.641575639471635,1.1621028896217205,-1.1592768976765595
We Live in Time (2024),-0.10219254878110398,1.4281839532097689,0.31603037612041707,2.2847179667397772,-0.7126352895600656,-0.2003076693966129,-0.21943709119078164
Ruby Gillman: Teenage Kraken (2023),-0.7888665657418565,0.012301994676482839,-1.1102070636215922,1.2694506846333298,-0.5463921490701339,-0.407462342113076,0.3037938123076546
Pretty Cure All Stars F (2023),-1.9356743662266411,-1.718965447781924,0.28425213289742013,0.5248589474220572,-2.6165311307535846,1.12661689903875,-0.27847116920368287
Cells at Work! (2024),-1.6714152597587664,-1.9172957079093895,-0.003203332578498624,1.0145382622064638,-0.6906169896543294,0.3296688806189234,0.10286955369202652
Small Things Like These (2024),-1.5559648198838754,-0.8613277375369773,-0.058306314579386447,1.2030574912118532,-1.0469843840585948,0.7738342750366203,0.23499689883575653
Everest (2015),1.1365851903463948,-0.9414031795269308,0.4584427995882698,0.23508174879738336,-0.2919040305603132,-0.8122806733480251,0.018733197611890098
The Longest Ride (2015),-0.05578480500329907,0.8930427353380342,0.9062156313677945,0.9412896313528427,-0.023065866456009644,0.1613723567217385,-0.24293610496492019
Juror #2 (2024),-0.9511436169133909,-1.755411735040905,0.262240714786104,1.1475593401725905,-0.7841149877176925,-0.4311634538126271,0.2944586148486081
Tokyo MER (2023),-1.1632549241420584,-2.118033228775805,0.5096591463697215,1.136305982334555,-0.2515429882419961,-0.2797364567901853,-0.2125949296719951
Lyod 3 (2024),-1.2983521504693492,-2.0351776029740676,-0.02722239049146262,1.3048963331252568,0.49036207639930135,-0.38043138832087975,0.22902874699360848
Beating Hearts (2024),-0.6867419413464649,-2.5047840247088784,1.354139627487954,1.713616161359958,0.7576494138567713,-0.8250969197991469,-0.39308667919424495
Shotgun Wedding (2022),-2.082435515234328,-1.2306642540192014,-1.3654549094826243,0.5289914915355935,-0.16398500171476685,0.693324560103715,0.8743014410120141
Perfect Days (2023),-0.8446056605959265,-1.5814259416703114,1.1945752233967144,1.304356753655869,-0.9016460241675834,-0.018464269550330974,-0.24703025539361723
Detective Conan: Black Iron Submarine (2023),-0.45522024078939943,-2.129861910396125,-0.09462474153814573,0.9391070745811261,-0.9210914530268846,-0.8804153624580429,-0.5037250310159859
Three heroes and the Navel of the Earth (2023),-2.094161540380136,-1.4194158176035967,-1.66573659299933,0.529227245030463,-0.33081069992607276,0.48032357072700194,0.8803364460470068
Devil's Due (2014),-1.426718260406718,0.9041700446200021,-1.6146486866691176,0.05700620938571155,0.5893540830082254,0.6446433016873361,0.7675649218248257
Sinister 2 (2015),-0.7051904032670482,1.0223986279824238,-0.7824114049476982,0.46714259977899314,0.15952093728971634,0.23730900016036868,0.4172649811793942
Don't Call it Mystery: The Movie (2023),-1.2344416169500776,-2.044657465243623,0.050663060488779416,1.101253551549531,0.15396119303947559,-0.3401942009925701,0.036067188042194304
Face Off 6: The Ticket of Destiny (2023),-1.7304943356752571,-2.010565722590493,0.3831428522833308,1.1140454503191244,0.24132282625535867,0.6405065963172051,0.19988190269699246
T2 Trainspotting (2017),-0.8731133935326107,-1.3316922456168379,0.7329449864599641,0.2797654988359264,-0.517700853904464,0.18480152739257547,0.2707509748001199
Running Man (2015),-0.9811494931319212,-1.7662428862443462,0.1320084259799706,0.0572553158505575,0.43444976013099923,-0.38099113952644725,-0.24420116022183885
Bring Happiness Home (2013),-2.547412985996501,-0.8645487754376416,-2.561242628127959,-0.9166811477645332,1.0938986771243908,0.9459247988048434,1.336669887398869
So Young (2013),-0.4305022895757459,-1.8501105572019907,0.144163131969431,-0.15295215937653117,0.5762878426648224,-0.905569300619816,-0.5236746263521915
Doraemon: Nobita's Secret Gadget Museum (2013),-1.3957364004600488,-1.4920326602639062,0.22606261824165608,-0.5055157144415315,-0.7719268764120354,0.1968738706633183,-0.36111934688503605
Only 3 Days Left (2023),-1.938145689562072,-1.516249964657604,-1.3896953738595446,0.5920298360579198,-0.3689971614773217,0.30443312737281997,0.7270711032411101
Rehragout-Rendezvous (2023),-1.7704021071046143,-1.7002537166395209,-0.4455262031550437,0.7413847969387216,-0.8363636491369018,0.42510033918192786,0.27287293597698464
The Little Mermaid (2023),2.9443621415342096,0.9558663055127393,-5.015232971906751,0.3281486049239641,-2.6866256758247293,0.4645920746114339,-0.47470085340850954
The Invisible Guest (2017),-1.7557861508926176,-1.5097141285792046,-0.46791664064382726,0.01383332884247239,-0.010872274955853682,0.518397252101332,0.2778095914347175
Exhuma (2024),-0.2822613900368722,-2.207364299841687,0.27291470556577396,1.3883003341319804,-0.024716382977206408,-1.154708765565728,-0.3396289429091209
The Roundup: Punishment (2024),-0.5863998833654249,-1.9602211001444076,-0.46611256763576625,1.1007830525493085,-0.6164147610967945,-1.120767928948894,-0.1794989901554673
Top Five (2014),-0.7824569998675581,2.748169207872362,0.4189309376753137,1.091469188512933,-0.12639457170097484,1.5266741107643866,-0.17441260585045784
Pete's Dragon (2016),0.5532085196803559,0.7190088592646454,-0.17099115933593614,0.7569569313275722,-0.5003075719200497,-0.34520890337194104,-0.38195342835894974
IDOLiSH7 Movie: LIVE 4bit - BEYOND THE PERiOD (2023),-1.427316119038976,-1.8253880867809396,0.037980104122326844,0.765680419422224,-1.5559152924673703,0.008659089681233382,-0.20263112042960646
Terrifier 3 (2024),0.38753226726616424,0.6347649239572606,-0.04903104675076113,2.203178613513265,0.1786320687890268,-0.7767547429154334,-0.11958658918742343
Annihilation (2018),0.2700568106379796,1.5368786008001842,1.0770142979637691,1.2801437152999355,-0.3875539759959682,0.63140412684902,1.1196169444744604
A Beautiful Planet (2016),-1.2358453170276926,1.6142231998918868,-0.5398900618673377,0.2759113353764441,-2.5224963544237746,1.1827945765778438,-0.27595468374642423
Serial Bad Weddings (2014),0.014808836772905284,-1.7655518925228495,-0.36918298373668434,-0.4433938255092601,-0.8707600056905327,-0.8763969942783749,-0.5901017202028888
Kingsman: The Secret Service (2015),3.806553033266314,-1.0663341430014586,1.1832546590618878,0.06343316103132011,-0.5902988888596193,-0.3099905803767006,1.3451478405939263
No More Bets (2023),2.1828655415823217,-3.23634705332806,-1.0963623828452043,0.9040563868989409,0.23575732841164587,-0.5070495156918677,-1.5145565246499386
Maison de retraite 2 (2024),-1.9372869790311988,-1.6468611712075365,-1.201589339886833,0.8480209227356273,0.023521841722483262,0.31858321725799876,0.7638337820201148
Smugglers (2023),-1.1548017785046654,-2.028521479183533,-0.026694631975477782,1.1245037066201122,0.24860787471311013,-0.4591718098023965,0.07678546664148858
Yolo (2024),-1.6249148293966662,-1.003696580182998,0.7635227613725655,1.62371559876515,-0.06655023525263022,1.2149698148001227,-0.0088611590223274
Furious 7 (2015),9.75498513497431,-3.4654088631117173,-2.3588938959860197,-0.478497575929606,0.8188195067020089,2.628963899598754,-2.249804412247444
Rock Dog (2016),-1.5537309860227184,0.5370594703269123,-0.40987406832439766,0.36214333774715934,-0.4792867285516312,1.2579460977050443,0.21080140153891438
Mike and Dave Need Wedding Dates (2016),-0.1241148618672828,1.1859789443993585,-0.3804681296140652,0.7523897553356947,-0.2434242723007777,0.018055615191194186,0.20367512104156302
A Haunted House 2 (2014),-1.4264573944106425,1.9189061408832313,-1.1392470088530247,0.3968964494987886,0.2855776278157497,1.3671002910390015,0.6078953995606633
Pitch Perfect 2 (2015),2.1854651543964136,0.9853319044782131,-0.2928909696322211,0.818801348154414,0.11905595213064614,-0.28197453308202763,-0.2373043778663884
Ducobu passe au vert! (2024),-2.458566809295687,-1.4159301350121267,-2.072024059629141,0.6183399691396836,0.3044306587167471,0.9612653248498856,1.292966179671331
The Croods: A New Age (2020),0.9718297422055374,-0.6333110552584489,-0.7329215714345213,0.8199038656524995,-1.0019447127192025,-1.109903803289164,-0.5340317944689911
Anora (2024),-0.0864924986928448,-0.17796697562454336,1.4226616056431531,2.161162728684664,-0.2934158039919083,-0.3689969730974874,-0.2196689757899449
A Million Minutes (2024),-1.611982417107882,-2.0115479277439468,0.2819753817120829,1.190896581840992,-0.12870762161030194,0.3556200062763523,0.14276980739868383
Honey Sweet (2023),-1.8454840666668604,-1.9085597166677262,0.09022191651708282,0.9516009495108781,-0.19325809863926438,0.7374698059082857,0.23894475109091656
Blue Lock: Episode Nagi (2024),-1.5013098122587716,-1.2175634234806665,-0.4633337495102122,1.025260083501725,-1.1512397149118976,0.13961534415083585,0.10833351957327607
Ride Along 2 (2015),0.45801462885515604,1.5120100622306,-0.5157409254406613,0.8412123780387939,0.06406366751353496,-0.2351166781510619,-0.16059932623462841
Magic in the Moonlight (2014),-0.8707819783531929,-0.3581277782323472,-0.08898817235365943,-0.08184493082164579,-0.6002872297904798,0.08357378477300169,0.10762088683954386
The Shack (2017),0.22003855330353,0.7651156225285819,0.37196290670862625,1.3053587405165652,0.6325919252938055,-0.21765688605392522,-0.2844369869494697
Nightcrawler (2014),0.8799610355493129,1.2261206718425537,2.1963140344853547,0.5509081704286491,-0.964551811551211,0.596088832460576,1.7050105718523085
Shaun the Sheep Movie (2015),-0.20104067365357148,-0.5740952216190403,-0.18674409270885553,-0.039822354264742704,-1.4388316866312552,-0.5893140731862949,-0.4531031050863978
Red Sparrow (2018),0.8022170359920852,-0.6747866993620045,0.6369141142915427,0.9876482869460332,0.50324071399513,-0.6615090357209907,0.22662431509191608
Taylor Swift: The Eras Tour (2023),2.244641997673487,0.2509222096105777,1.576458489446926,2.711280852914506,0.6902714577390273,-0.2509641802361359,-1.3532653083145363
Ip Man 3 (2015),-0.0073151051575390666,-1.749842821383781,-0.13872914818004525,-0.177423673173101,-0.6620174780719179,-0.898827915502677,-0.4829887449147702
Dr. Cheon and Lost Talisman (2023),-1.8267871088946699,-1.648960524038767,-0.7365456360616082,0.7391134573137518,-0.5210619325053126,0.3832907157160645,0.431523250725131
Keys to the Heart (2018),-1.8699344764240997,-1.5938615139240273,-0.06641775363647216,0.11937703927890057,-0.568112225725597,0.9108246974716425,0.0985255547228209
Love Reset (2023),-1.4606737990228422,-1.9703661133837327,0.2609707210020277,1.0203137418966342,-0.4044939691442833,0.11255066306543608,0.0010471937616918987
Dungeons & Dragons: Honor Among Thieves (2023),1.5880408462998492,-0.340974437630323,0.6741742931435517,1.786823187813086,-0.15469686592019702,-0.5482081861062955,0.15550275009036416
The Divergent Series: Insurgent (2015),2.0659383352718184,0.021654160005066037,-0.31054562359497456,0.4627845341855122,0.2554130279776925,-0.4898903177290602,0.19474859269224692
Wolf Totem (2015),-0.36600127368720614,-1.8783547317838118,-0.04190465318335337,0.003376139014432492,0.0936410235122959,-0.8890060831880104,-0.5308235534941184
A Wedding Invitation (2013),-1.7643056762200549,-1.361567976436018,-0.3527160934099528,-0.5455353330954599,-0.12899278282588492,0.4997350722896099,0.10021161767626093
John Wick (2014),1.3783402941816614,0.6085102024297541,1.5058530457359638,0.012883226592571276,-1.3639204407677388,-0.07982938770762087,2.3890265840469285
The Lazarus Effect (2015),-1.0060641502398215,1.8014745469021258,-1.0019184098392446,0.5210088114813178,-0.15144443857037793,0.8755306064261584,0.4676707581239595
Ruki vverkh! (2024),-1.9668399085750534,-1.6867935055144574,-0.8478559612968711,0.8770309018710102,-0.24743752681005998,0.5600902116456259,0.614331212656302
Smile 2 (2024),0.8379194534085385,0.0300411812458934,0.1821839205945024,2.0375579837749274,-0.08884829079175151,-0.8437852281509399,-0.20346816651534388
47 Meters Down (2017),-0.27483560364027876,1.7694402548409487,-0.8316964491301413,0.9683019880078283,-0.27111433575954436,0.049450862169235985,0.2492827692744922
Renaissance: A Film by Beyoncé (2023),0.3907543726959731,0.7239788891582584,2.6679503861635236,2.9146840088449766,0.29639349875787124,-0.07388074429318267,-1.19000773976071
Far from the Madding Crowd (2015),-1.0182298719521599,0.1697187469690453,0.9924694806202583,0.5813989081189163,-0.2288827578882044,1.04343309918299,-0.14924349622638425
Ad Astra (2019),0.7311386561836851,-0.15198902562092326,0.35148746779830553,1.0281436676352036,-0.018231523609732084,-0.5450109018856274,0.6194168220433376
The Transporter Refueled (2015),-0.8046739257637449,-0.2197736492974114,-1.1145549238545478,0.020706433835444564,0.11441113076149817,-0.27696426816567626,0.41071201540372243
Doraemon the Movie: Nobita's Earth Symphony (2024),-1.0632959642639315,-1.995470391573887,-0.14178396135112128,1.1329344070691458,-0.4595534847803139,-0.7445354460616335,-0.05806320943370915
The Room Next Door (2024),-1.8075982560504489,-1.7698810960093274,0.1748777363052387,1.0144977483962443,-0.8515278389873964,0.8622934029079093,0.19893962565220033
Zootopia (2016),7.422452324298155,-1.8481996690275095,-0.9682793944987576,-0.21767212597561397,-0.9919336928460896,1.4722295143845943,-0.7088035744354062
Kung Fu Jungle (2014),-1.932376413633606,-1.4104775455152967,-0.04611335742175964,-0.4350379504138202,-0.4230121565752415,1.0068582726279653,0.10252522841195282
Encanto (2021),1.8385939339593287,-0.40398044308223346,-0.15715089576246935,1.0275426360626878,-1.0873207585780704,-0.7511595183475931,0.17398085408012415
Spanish Affair (2014),-0.9323189097662943,-1.4875585983361246,-0.3515760309596894,-0.3994800082677592,-0.5705852557676043,-0.42908923066993254,-0.20131590439491182
Out of Inferno (2013),-2.0241278128309843,-1.340014624997558,-0.2951885938275884,-0.5296062978715573,0.2180429609658498,1.01671506497014,0.2900514387391456
The White Storm (2013),-1.2093802798851987,-1.774933247756434,0.8363198437350442,-0.07454604065385363,0.699304013231821,0.07921759232165385,-0.2983375640020802
The Wild Robot (2024),2.2554736971066545,-0.4206864183337986,0.046565743242964926,1.6284784514517694,-1.6175296986469099,-0.38067110546199256,-0.8379991089546104
Hot Pursuit (2015),-0.697505307852937,1.7513471091852229,-1.0659895649793132,0.572882850239027,0.01907008909388446,0.4487634804812336,0.4487835314150641
Secretly Greatly (2013),-1.2788495627739902,-1.6683663680404148,0.6276307005148348,-0.24285432255001435,0.08363628519914766,0.13577868994846398,-0.3221631638512648
Mr. Go (2013),-1.7260554596297695,-1.6349897430396072,0.4889369414304177,-0.2223561676618591,0.7407951849551008,0.7348981420559532,0.013150290851861916
Cold Eyes (2013),-1.3409837752152922,-1.6454446876199764,0.7452673200685638,-0.2891233819371165,-0.2460309488529697,0.2752403885744808,-0.3740953610226963
Kundo: Age of the Rampant (2014),-1.408737403952265,-1.7830875452404173,0.9590497899490219,0.02225233981245597,0.456276584107275,0.4753393143073007,-0.2834866978199685
Alvin and the Chipmunks: The Road Chip (2015),0.7252737321483467,0.20576764362675676,-1.9307844022893657,0.1710358612168434,0.2878643205267653,-0.6795130442356985,-0.06823784379569992
The Purge: Anarchy (2014),0.6013853803371406,1.3298880109980369,0.006373191261402534,0.6085172738021066,-0.28327381578730515,-0.3059402981211734,0.1372493021794689
Batman v Superman: Dawn of Justice (2016),6.947592836405979,-1.5891974730134448,-0.28054028031292255,0.21101268272375578,0.9912576827223617,1.0676562603848887,0.8590887400768994
Dolphin Tale 2 (2014),-0.30863437814950967,1.7040344275187185,0.16252358850903414,0.855813724576997,-0.04296055007158808,0.32899037388737595,-0.35844186230440517
Joy of Fatherhood (2014),-1.9516096727631114,-1.4025394776918194,-0.34299364036153845,-0.3708806773259349,0.33195768430935524,0.8936891493496738,0.33008935019332764
Believer (2018),-1.6603679627585248,-1.196113576398451,-1.283938378888562,0.19026526752875583,0.6970638828556386,0.20388852065502472,0.7293429534277699
The Theory of Everything (2014),1.1680847030389663,-0.5398133092007065,1.563333677362636,0.13344757374833718,-0.7287701067369723,-0.5675383445264258,1.0111197468808804
The Hundred-Foot Journey (2014),0.3549985851639104,0.9423245632429856,0.9841205334011227,0.8533278285644305,-0.1857198830191072,-0.1377076218734125,-0.48670761986138045
Planes: Fire & Rescue (2014),0.17602263618949782,0.5147992837419416,-1.1809465626886693,0.08486032608038133,-0.5633652401809307,-0.577041516427976,-0.23878948612317646
Father There is Only One 4 (2024),-1.7969632986369197,-1.5347489613185936,-1.4607999952759472,0.7640195730516973,-0.4005683078454778,-0.02807136633333776,0.7097912611983622
Suck Me Shakespeer (2013),-0.7469388182587187,-1.6853891277174389,0.4250125972290288,-0.2896760510862075,-0.13271301085045245,-0.46546120113121225,-0.3812422440626739
The Terror Live (2013),-1.481388459289208,-1.44019975390409,0.26421525648942995,-0.5305616673739959,-0.920125394901832,0.3545614484890337,-0.29716354674267637
Young Detective Dee: Rise of the Sea Dragon (2013),-0.5371490233701224,-1.84005416438579,0.2698267395200553,-0.11619871988132244,0.6583744276713236,-0.8567354823738528,-0.4701559168077876
Personal Tailor (2013),-0.6531888017572778,-1.5873183295133895,-0.9197068494478761,-0.3512331768032198,0.8743011739365752,-0.936003663026234,-0.050301470253584106
The Enchanted Tinderbox (2024),-1.8244245994706698,-1.7031373356052297,-0.8875292558300049,0.9274612070162307,-0.10111176247855252,0.25158938625457633,0.5969671819930972
The Water Diviner (2014),-1.1431274981916084,-0.8809277944870512,0.6388503016442592,-0.06991880981855668,-0.48818357016651387,0.5556963682827242,0.0466896157019002
The Face Reader (2013),-0.905554893143031,-1.815984757604904,0.8766553305664331,-0.036964304732190145,0.5793166408781787,-0.29565163163237634,-0.48165593873086726
Wild Tales (2014),-0.8867017109489307,-1.4098774841058417,1.8351094118418618,-0.09252699050890013,-0.8695248263276069,0.8164311149372524,0.20810692554069266
One Night Surprise (2013),-1.985574055058896,-1.3349152814616865,-0.5692588118222021,-0.5400410613312101,0.375469495516585,0.778171172188225,0.35389048311739096
The Lego Ninjago Movie (2017),0.15600398975490803,0.5616877942917268,-0.6066341364965155,0.7889865409007896,-0.21781190517048252,-0.37517566844512196,-0.19352539679879935
Lohusa (2024),-1.9780041780527466,-1.8075561701579197,-0.5840372658581794,1.0326760633023748,0.35922862547409096,0.678403218620942,0.6615899936891658
Nicholas on Holiday (2014),-1.908951324964822,-1.3637378928380894,-0.2616994868082495,-0.49594073855914983,-0.42594053233465073,0.8907202844950756,0.14756967963746462
"I, the Executioner (2024)",-0.8025941693230592,-1.9784609529696955,-0.37753456698624305,1.18553336649943,-0.18067998499136798,-1.090363315261179,-0.027207227104392755
Rurouni Kenshin: The Legend Ends (2014),-1.1796536857918167,-1.8996889164285333,1.311412593882942,0.005680614268561525,-0.0591837774218071,0.26156691852742475,-0.5534683326004881
Rurouni Kenshin Part II: Kyoto Inferno (2014),-0.9576970846669962,-1.9565487277771636,1.3340293056053931,0.06081682704504719,0.060746793767279914,-0.041518640638077565,-0.6144901419655804
The Marching Band (2024),-1.553935602685663,-1.923257887151519,0.3481473005785768,0.9858551763340326,-1.3367253424951502,0.338963122600995,-0.12777160924958125
Citizen of a Kind (2024),-1.5926429567988332,-1.941018599113253,0.08546367075443545,1.0875057654482287,-0.5322774424371518,0.2310716158854421,0.10358348853401127
Demon Slayer: Kimetsu No Yaiba - To the Hashira Training (2024),-0.4541777985694495,-0.3381243646553593,0.04086776306150752,1.6461043529108161,-0.9722026707946244,-0.6662379163568214,-0.38749603514707975
Crayon Shin-chan: Ora's Dinosaur Diary (2024),-1.3334515742286015,-1.8457674263775448,-0.2807840712256391,1.0292804538123115,-0.7172839023477683,-0.3545539669766301,0.09314317275847099
Tiny Times (2013),-1.3501742132198098,-1.2892253670881535,-2.015846760814648,-0.48083544315979015,1.897350741520993,-0.6223716904893728,0.811988213215729
Mortdecai (2015),-1.1244316170038926,-0.556341280339784,-0.5029896034977666,0.021306530381038313,0.23853743565737653,0.23119379645122673,0.5498183854114923
Haikyu!! The Dumpster Battle (2024),-0.30858618897876783,-1.7003429965889012,-0.2709614370643359,0.9692213040008106,-2.028126698250267,-1.0728192512507808,-0.6537432236850518
Jackass Presents: Bad Grandpa (2013),0.878307441861684,1.549576366486789,-0.3719356388373451,0.4527333017988997,-0.5804768585042434,-0.3982761622061862,-0.2838005806623926
Uma Musume: Pretty Derby - Beginning of a New Era (2024),-1.6509071254110008,-2.086946395291297,1.0675899406428915,1.0575441252833881,-1.6392504807840198,0.8366927645554627,-0.4247961241683683
The Conjuring 2 (2016),2.3213888142608945,-0.8689928228184814,0.6719823231594338,0.5689168889830352,-0.002052010040278922,-0.4700199174333693,-0.044719296624737705
Sole a catinelle (2013),-1.097481980145731,-1.3151673399558181,-0.6195885165681242,-0.6513183355299791,-0.8054755264928436,-0.3777859467927113,-0.17381476554807226
Suffragette (2015),-1.3384188597519828,-0.7435248689581389,0.437104582478336,0.051102166948329454,-0.5823419215408422,0.8063044184555139,0.010893397361168962
A Little Something Extra (2024),-0.5589516690569005,-1.9733913992600307,-0.46706009701337126,0.9719531831775884,-1.1612935509022568,-1.1186816199265786,-0.28712991287659007
Tiny Times 2.0 (2013),-1.7373330614388935,-1.220428973117576,-1.8024080422931301,-0.5171787773300391,1.6835202760568098,-0.1316192869793932,0.8816275712632927
Monster Trucks (2016),-0.5277937579185267,0.8531439490907821,-0.5245985181187748,0.7274539565259687,0.13901679976086895,0.04866002491459501,0.04684966517846239
Article 370 (2024),-1.0306281812544282,-2.1211890403490465,1.828918277173252,1.7499574740319148,0.2199628877873149,0.13815186323047826,-0.3798126807154687
The Inbetweeners 2 (2014),-0.9910012147872769,-1.2143250679705393,-0.3569241030408345,-0.39025094949587613,-0.6142570101939748,-0.2497350116203606,0.06722429078738713
Crazy Rich Asians (2018),2.025741868564237,1.203798251147581,0.27025999395844863,1.4201214852100894,-0.1264902887054129,-0.13176459865341955,-0.1590770168390979
Now You See Me 2 (2016),2.064543075633418,-1.326311777156543,-0.0709807660998864,0.24580765132787313,0.331399233846117,-0.6085097875761817,0.36344743867088364
The Birth of Korea (2024),-2.1501773847415113,-1.6780986348730886,-0.935137775072843,0.8369867083669752,-0.16613276352042292,0.8685060881445397,0.7086166368778131
Yolki 3 (2013),-1.6663873779102205,-1.253785151337741,-0.8697333710598975,-0.584175831311276,0.228098048464868,0.19809499444685574,0.33108323559853364
Overheard 3 (2014),-1.1956765833057657,-1.6922018517832507,0.18568671306776727,-0.05288019055202451,0.7709686654702774,-0.13201884322978943,-0.08136053655263464
Don't Go Breaking My Heart 2 (2014),-1.782164361699706,-1.463960760213272,-0.4362202186539664,-0.31624013509661736,0.49865771982741064,0.5213117475764498,0.27265832870102696
Kingdom 4: Return of the Great General (2024),-0.5615125250368247,-2.366784609861892,0.7408590141598941,1.4984015920023792,0.17471999481854894,-1.1281924316711929,-0.4338340732657968
Detective Conan: The Million-Dollar Pentagram (2024),-0.36547825332598977,-2.142468671920731,-0.3859734335797989,1.091075775933889,-0.6656654322251739,-1.2094656575150395,-0.3810036573859707
Thunder and the House of Magic (2013),-1.0818604221635058,-1.045947504720436,-0.777724672061004,-0.6141527295146111,-0.7802069750121372,-0.3958702079535719,-0.033922364287787374
Scoob! (2020),-0.9103703509336154,-0.9319621581948729,-1.146288397994247,0.52485524622138,-0.4427398632610208,-1.1669802144019679,0.41468751867311215
Trainwreck (2015),1.1018096282797374,1.6819021984793754,0.26247051822145656,1.1975491655643256,0.5372007099306529,-0.30403597903042884,-0.03611614960125805
The Boy Next Door (2015),-0.4841059103831413,2.068980393421141,-0.16918362714740862,-0.08243892999517617,-5.273271526145353,0.6070110394198736,-1.229086594483012
Hijack 1971 (2024),-1.5094285301314576,-1.7580096991569687,-0.19398720428781574,0.978335862506396,-1.0190359674479554,0.03206809521857302,0.07779596143442821
The Last Dance (2024),-0.9884868214139326,-1.9549745686010087,1.015307612886629,1.3713902929366772,-0.8815347913367094,-0.2913026272146217,-0.39297342499006427
Gifted (2017),-0.8004042058374886,1.1804314861717464,-0.36400464036761343,0.7499814666527678,-1.060268078331667,0.48947597039334984,-0.2050461533412386
Mr. Holmes (2015),-0.9220043472665891,1.1520524835117956,0.5697497287106701,0.6932082552164052,-0.4651454472321471,1.1959671434933778,-0.010226772059984336
Look Back (2024),-1.4920903938759984,-0.9353214052124801,-0.39065797018002696,0.756868258187221,-2.8543256612423358,0.34601427189100137,-0.18535121276374844
The Boy with Pink Trousers (2024),-1.7328139617190759,-1.9413237725917274,0.2570448133499039,1.0730212076194283,-0.6316748997806717,0.6150192350972132,0.1021159418148772
Dear Family (2024),-1.813072324539076,-2.015577363048157,0.41930814087423574,1.0758639364220495,-0.641144568045642,0.8075519742140239,0.033498818317011125
The Stolen Years (2013),-1.835598897591133,-1.4696261989054564,0.05310107072396781,-0.4436725163137559,0.06472337120330608,0.780054375185543,0.04492075273624426
Fantastic Beasts and Where to Find Them (2016),5.832446432772229,-1.8778366739668195,-0.47875170637655257,0.07236333959550181,0.12160517822327778,0.7258850023685541,-0.2619058082037929
A Strange House (2024),-1.310972547429414,-1.8229781839295005,-0.9367067934764487,1.0166167680656322,0.02538896366869162,-0.6678067457851569,0.37813250293456235
Gorko! (2013),-1.911508004151838,-1.2654498241053775,-0.56510990671806,-0.5921000203655437,0.05846181103051542,0.707460482837853,0.31537745736833744
Insidious: Chapter 3 (2015),0.24963463983703768,0.6154234576204022,-0.49451302843178785,0.41047825806369537,-0.3475753115851099,-0.4922542677733929,0.15965896262781418
Kill Zone 2 (2015),-0.6796542524643383,-1.7849755991530478,0.15945029890888682,-0.011660728029128988,-0.025340079724863906,-0.5629339795040968,-0.41796725353860986
Silent Witness (2013),-1.552558200963347,-1.587981682957455,0.6588203625190311,-0.30716291468329043,-0.11610279695657437,0.5523966929641475,-0.2603965370480667
My Mom Is a Character 2 (2016),-1.5244311043758334,-1.414768415347968,-0.3257068805484382,-0.2503372331837959,-1.0507753650203648,0.2719421505050118,-0.06805565115606423
Those Who Wish Me Dead (2021),-0.9217502813095774,0.18343851510657805,-0.40886952653899483,1.1285723719412726,-0.4120532836844091,0.03807180956567479,0.470416842695867
Pilot (2024),-1.1886633560845319,-1.8784488278017257,-0.5011549908007802,1.0670702805151193,-0.3733911128687143,-0.6654216687626683,0.14495366682255237
Abudeka Is Back (2024),-1.9458042977916383,-1.895945366570136,-0.4037663359899199,1.0544107925786403,0.2896643022464895,0.6409875825428453,0.5229811194947607
My Hero Academia: You're Next (2024),-0.9046519024723324,-1.3552446562929625,0.0772639810326432,1.3314496208210735,-0.7976065944036499,-0.5649492718454434,-0.24100753762877977
Alter weißer Mann (2024),-1.9489933626138811,-1.8669937682178848,-0.14510495663010523,1.0195929945785451,-0.22527958351716312,0.8473475241218343,0.38687236553161625
Following (2024),-1.804084373840844,-1.571120416641405,-0.24852180154948716,0.9757176325549966,-0.7907315975862872,0.7123058110119396,0.3411798164928861
Face Off 7: One Wish (2024),-1.1236626792925457,-2.2099841559378177,0.9087114055139005,1.4145596410877501,-0.14335049834776017,-0.2789394196890455,-0.25602145070475596
School of Magical Animals 3 (2024),-1.353079501651277,-1.7692757595674526,-0.7758578385090625,0.9881113646508998,-0.34654027082912614,-0.512119211309315,0.31956665265496176
A Beautiful Day in the Neighborhood (2019),0.363374859964274,2.1322948621544673,0.6806309606512528,1.8057245022713255,-0.6080238737174891,0.24233318535786866,-0.3137988461275495
Last Mile (2024),-0.8649147353254759,-2.1769580538860045,0.44353915121296134,1.305554237281084,-0.34973724228097386,-0.8432842127308965,-0.30858191790888817
Cruella (2021),1.8372896971741879,-0.6928891389070245,0.6869044927634291,1.3849212510474833,-0.17795707822445245,-0.8468035147471875,0.09300802024007211
"Hello, Love, Again (2024)",-1.0399526346033183,-1.55537798455989,0.3045774126576479,1.4026525724274437,-0.37024683551193327,-0.39277604236593416,-0.136851051391215
Handsome Guys (2024),-1.577278540227972,-1.8022841416808868,-0.371015209188525,0.9487321799159967,-0.8180019264519667,0.026771553829194748,0.1847963096680793
Loving Vincent (2017),-0.8818238055298022,-0.7747748456568763,0.5978423043555471,0.2698022963487765,-1.5523960452066647,0.24550386147476655,-0.2546223664517862
The Firefighters (2024),-1.4040938540341334,-1.9061879945746059,0.03297164058799855,1.0383691602518663,-0.9557762902632486,-0.11487311082433409,-0.040821763065535185
Sully (2016),1.921578804215698,0.46578828511256887,0.16192809707450376,0.5121976908731533,-1.2126326934229243,-0.36621083410812766,0.15027945314745672
Hot Road (2014),-2.0157396992784196,-1.5184772364539776,-0.0957297617272692,-0.28901937609917794,0.5966549075130813,1.0150127157731805,0.27716669770675
Reminiscence (2021),-1.114621415543274,-0.557999328742409,-0.15228758514386084,1.065417915533697,0.09841524085344429,0.10073385609660153,0.5182104139585328
Doctor X: The Movie (2024),-1.42899788813254,-2.1804415007091555,0.9222777311251485,1.2674426898852829,-0.572513117678935,0.25627148770280195,-0.26105722142036114
Little Women (2019),1.8362710439356085,-0.11901989230821385,1.2022275129664286,1.3479530074007353,-0.33109793120409503,-0.4007636037071223,-0.16288057287662994
Jung Kook: I Am Still (2024),-1.3309499601301367,-0.9220400762463349,0.6417417729817062,1.2474217667000222,-2.0655712467570915,0.632882908184719,-0.4238509729563489
The Expendables 4 (2023),-0.8106189633204502,0.4034222247519315,-1.28590116783814,1.469672866301478,0.34600523138840283,-0.26121111939684544,0.7441066250470865
London Has Fallen (2016),0.8410534501047788,-0.2513793617661235,-0.8810409975155149,0.23865891473926512,-0.23539679367330985,-0.6338217114190831,0.27899661824298716
Am I Racist? (2024),-0.5474200978481806,2.472989526154974,0.18012529729044865,2.4933084883865253,-0.6875384356563784,0.7695302882917086,-0.14843039282068354
Detective Conan: Private Eye in the Distant Sea (2013),-1.5168624784084375,-1.5151631355718154,0.1676794760069299,-0.42782366846280295,-0.17721120717567093,0.2961331062218676,-0.17290078215388904
Heartsping : Teenieping of Love (2024),-2.4155635050022757,-0.9328243690660837,-2.1722671170737673,-0.18221013617682674,-4.186643032391687,1.0941620592932486,0.42964439346732014
Women Who Flirt (2014),-1.6805625205737473,-1.3191409693716185,-0.6437207953562004,-0.44871132856923773,-0.16385326597313682,0.34848438399158543,0.1679783006732299
American Ultra (2015),-1.1553013140647395,0.9993718220093261,-0.02246616591360314,0.4311011720312023,-0.34397418824742915,1.2713785936412982,0.4398490495251736
Still Alice (2015),-0.5124166441385382,0.3250530120628707,0.8574282747192914,0.39917338282897985,-1.0723818939457315,0.5466742269524472,0.027242009478218587
Attack on Titan the Movie: The Last Attack (2024),-1.379321081210053,-2.5383207237316756,2.5779589495066215,1.493973195654075,-1.0888821581822532,0.982024785212151,-0.8372578350011844
Annabelle (2014),1.235246497488417,-0.10544328885262001,-1.2112648649164575,-0.02768431707230916,0.08596717069398173,-0.6463324951822312,0.2710292406851747
Stand by Me Doraemon (2014),0.016330655860321015,-1.821737200781066,-0.272297483820358,-0.4233877242773844,-1.0800632807227335,-0.8775714739102944,-0.9101743696046408
Lupin III vs. Detective Conan: The Movie (2013),-1.4795292850611714,-1.4867984079348378,0.009967052891211612,-0.46271291048461255,-0.20981062966037337,0.21605825092927616,-0.15206334166845833
Maya the Bee Movie (2014),-1.8456775616360015,-1.026334053690851,-0.652746712880776,-0.5124122759141205,-0.5079983296597662,0.7701662909514819,0.3041891313766975
Les boules de Noël (2024),-2.280877919666299,-1.4595336159529404,-1.8566211475096275,0.6560186143199979,0.06815389185462703,0.7105881908436885,1.1106306274987305
The Four 2 (2013),-1.772626617757881,-1.4801771410704467,-0.14508489012408804,-0.38065840019777253,0.5656160303649299,0.54654201433713,0.17736494569321146
Dügün Dernek (2013),-1.4174969960369153,-1.477130794031999,0.3490377713955133,-0.4513778259112532,-0.5299464935451784,0.3237048594280561,-0.1716569944956931
Jigsaw (2017),-0.14335059326263597,0.2510345736295155,-0.9444147089029541,0.46277842841479566,-0.3438192606484105,-0.4033286281038441,0.3421877324243358
Transformers: The Last Knight (2017),3.4428584169936975,-1.862455028392009,-1.240867151256225,0.5617621486446609,2.020074082365484,-0.02695793023215548,-0.5217553260680994
The Brothers Grimsby (2016),-1.328890619927147,-0.08970456710167536,-0.4159631476714934,0.003774851702161368,-0.9332428522871489,0.8321374154053874,0.6142004092457438
X-Men: Apocalypse (2016),4.007486477460936,-1.463189571622857,0.18744497043073133,0.37026169840140866,0.6009048738198853,-0.04243198087681534,0.26563200665037445
Stan & Ollie (2018),-1.3858810673606718,-0.4986671658785527,0.4228096708452715,0.4817852850168367,-1.0724318361023577,1.0323825905753448,-0.010909109056214093
Scary Stories to Tell in the Dark (2019),0.3431999822799188,1.184583346847859,-0.22923307057315387,1.3709307494136664,-0.11971534089554542,-0.17179742936036468,0.03017098750815927
Jack Reacher: Never Go Back (2016),0.7109551464589378,-0.1358488236989864,-0.0864212822997433,0.5580136486750658,0.16304846513748017,-0.5268373488472246,0.25041137558686744
Sicario (2015),1.0634503480559836,0.5952121619154787,1.7590295016260502,0.6338911645199147,-0.7662753352202955,-0.0894210988964541,1.1184826370135905
When Marnie Was There (2014),-1.3877408304899799,-1.553487185157997,0.7937544792233475,-0.34013562280252035,-1.0839582830091326,0.5885182517906999,-0.30526148194743813
Samba (2014),-1.4214215095727163,-1.615193666872036,0.4482016871514062,-0.2177245263179188,-0.08359295855483609,0.38717896196584395,-0.13478820447303255
The Devotion of Suspect X (2017),-1.1308837268636898,-1.6484022108733676,-0.298214246860754,0.16330939862500443,-0.03502052174235767,-0.3409841544856236,-0.08328768711825119
Fist Fight (2017),-0.6558973729673513,2.047078618203741,-0.6347117428822378,1.070709718814012,-0.1750782125611807,0.667615820954004,0.2649963761560753
Tazza: The Hidden Card (2014),-1.4885406111665043,-1.8672461151752278,1.2262934932745941,0.11939257414392458,0.7656278627957048,0.6867552118606298,-0.27983762480831276
Murder on the Orient Express (2017),2.2594287989397763,-0.8203564167807716,-0.42639848862135915,0.38259372692924165,-0.16968711135884373,-0.4449052115422845,0.23983920799132635
Allegiant (2016),0.7161611487228061,-0.09083303606262456,-0.47482799422243066,0.5887491021571378,0.5519750971528022,-0.5631459310177289,0.20213694419275
Ferdinand (2017),1.4003141486147177,-0.694979975705376,-0.6128732730353085,0.5040751925268206,-0.3426426275031617,-0.5309634269206674,-0.6697497141347895
A Monster Calls (2016),-0.8367882718792101,-1.1625891666885477,0.6731787494156204,0.1309634042219562,-0.9018289683369858,0.09520067810957238,-0.041580038153517636
Ice Age: Collision Course (2016),1.7367089007066656,-1.2228952050747726,-1.881241896600889,-0.1039550906718087,-0.13782934461767532,-0.5720451961668397,-0.49804707755775735
The Divine Move (2014),-1.7394059774489339,-1.586608551196171,0.47536154171351874,-0.2186312275996278,-0.007116692013847451,0.8560768024274553,-0.09168593127222642
Listy do M. Pozegnania i powroty (2024),-1.8418314734218135,-1.907960216839502,-0.17050009216925877,1.124165041729953,0.22198401914604846,0.5934396307319835,0.43927215279845044
Black & White: The Dawn of Justice (2014),-1.6923745514908375,-1.5943268097980519,-0.08546091937436476,-0.16787134519607783,0.8388675938565455,0.48047982254485605,0.19175242346255042
Supercondriaque (2014),-1.3144546669460775,-1.4778489961202184,-0.3620340892638526,-0.3522710444974507,-0.0127946054493948,-0.07099715701740704,0.03419926117392891
The Boogeyman (2023),-0.07877337956763619,1.122730055826268,-0.7481307727739516,1.7899109991951916,-0.37971211273704375,-0.4012621325883195,0.1744442729581691
Mrs. Brown's Boys D'Movie (2014),-2.0086045800177748,-0.8871993929016627,-1.6428241489757518,-0.5431364218937383,0.6264464189725167,0.6149195717034723,0.912430783665556
The Man from Macau (2014),-1.0699772767786218,-1.296844789010642,-1.5768983834989947,-0.5235807916681182,0.22452112981667902,-0.6097833395555005,0.276919805145718
Paul Blart: Mall Cop 2 (2015),0.009249714506723255,1.6820307493508972,-1.658446013091577,0.645221631539109,0.6509497850649123,-0.34323387388228843,0.42310009775947216
War for the Planet of the Apes (2017),3.4365907961329136,-1.3616382612059394,0.37400729692888596,0.6437396616087999,0.1795820031427151,-0.09698944128373062,-0.46000287337825413
Detective Conan: The Sniper from Another Dimension (2014),-1.4271054323127108,-1.5899550386825172,0.2396365047657819,-0.2869263191758624,-0.3231890898690958,0.24716699536243872,-0.24297881968472712
The Hateful Eight (2015),2.108119276276129,-0.8285670600452172,2.7895520357378687,0.7132640538074392,0.46409568174553856,-0.6369213595003688,1.5461025455172221
The White Haired Witch of Lunar Kingdom (2014),-1.3414091794380354,-1.4128968747711506,-0.9539028369574235,-0.3894069982323679,0.33794159924195866,-0.24222140342238285,0.20964334686454938
Despicable Me 3 (2017),6.0959381325096045,-1.9624142510677771,-3.130402102370185,-0.26683927833555643,-0.3567016046434402,1.2649936058519098,-1.7338092392087676
Rise of the Legend (2014),-1.6399148843413855,-1.7248387476869573,0.5771997253233763,-0.08464063716497393,0.5284935638406634,0.6769864217509272,-0.07378738890224582
Sing (2016),4.313700286502645,-0.5774757005221007,-1.009257325845349,0.36418985493265615,-0.42335147129656037,0.46408992854854664,-1.0411039384171525
Recep Ivedik 4 (2014),-1.80658560606956,-1.2914399937694678,-1.3662341541961287,-0.3572822831678268,1.5173802028042336,0.24483365875816537,0.9009000169133409
The Fatal Encounter (2014),-1.6274608137825513,-1.7754077301032238,0.9081037137630802,-0.033053125439787626,0.45517278006550826,0.7942069157176033,-0.19140308089038463
The Pirates (2014),-0.9875696765448794,-1.747890837435459,0.4249714658571744,-0.039362533883366656,0.41509974021963014,-0.26232459030096816,-0.3126831871936421
The Nut Job 2: Nutty by Nature (2017),-0.6105701208383288,0.521400865860246,-1.0843173790916436,0.5713433782354179,-0.20158593359432941,-0.27811436011177815,0.13252369786706122
Head Full of Honey (2014),-0.7674497191113796,-1.8749418296549842,0.6219081405404508,0.054754090813287234,0.6398401584568122,-0.44034782587929233,-0.40400771373474215
Captain America: Civil War (2016),9.072432807546312,-2.3013231293889707,-0.12448425514487735,-0.040425603216560975,0.19005322542794825,1.876140935763323,0.24174879753965067
Assassination (2015),-0.4694087543154239,-1.9864987727322696,0.9448478220077574,0.24880286374474264,0.288833481762103,-0.6016257383834385,-0.7198546758831001
Thor: Ragnarok (2017),7.026792226221251,-1.6182590567933683,0.27525095142932443,0.12719709966555273,-0.5574222735033876,1.090418728797686,0.794905294188039
Beijing Love Story (2014),-1.1198827377161558,-1.6009875495366412,-0.27509745658391005,-0.16218835864033854,0.5723065821225896,-0.34123805254651096,-0.055484331569731614
The Lego Movie 2: The Second Part (2019),1.0350727498189065,0.5943276502805835,-0.40819627769536865,1.1986428286952064,-0.3144921820158997,-0.38884340759591757,-0.2994560632285219
Richard Jewell (2019),-0.2966207817000471,0.23244639975726,1.350295178935776,1.4109902041371742,-0.2324603840869997,0.3828781447335769,-0.19577998789935708
Miss Granny (2014),-0.9968047320838573,-1.7838647862416865,0.7644294623865135,-0.08016648872787267,-0.176956351255466,-0.14724314073634442,-0.5252564694493131
Miss Granny (2015),-1.0119288535442041,-1.8256453317569843,0.7023825465481076,0.05757155491149087,-0.18175042303182454,-0.12802789089890118,-0.500485867397473
The Disaster Artist (2017),-0.45962491817209444,1.433721131970839,0.9732634335019748,1.0866122033790628,-0.857208596492689,1.0571132401932615,0.1921610716481679
Moana (2016),4.7320927455158435,-0.8595724003589482,-0.46031114021882613,0.17159600846254502,-0.8803351363218945,0.4466195722773872,-0.402245919778213
Mechanic: Resurrection (2016),-0.15123945987625353,-0.6528306290528845,-0.9392882308722131,0.08554449500773906,-0.174342825136445,-0.6656243996465839,0.2918832700775316
The Night Before (2015),-0.19679336604884584,2.106156330432391,0.17669754080792202,1.0070289389381784,-0.2805702797378424,0.5368134669658,-0.009773224184680396
American Made (2017),0.6936342912431058,-0.12816136584859342,0.5312274927734968,0.7174007765195128,-0.5114222771423993,-0.4502036402188396,0.15720568044565666
Wolf Warrior (2015),-1.1551861979671143,-1.3640765357124929,-1.3885663997078068,-0.40552399811727463,-0.12151923755072035,-0.5126796807136941,0.2095707384697068
The Admiral: Roaring Currents (2014),-0.1346207000344935,-1.897322292482855,0.4824705451167137,-0.013952674782634263,0.03269785707797455,-0.8493324208319801,-0.7698573482063712
The Bélier Family (2014),-0.8383303771183368,-1.6545498166189612,0.37878861058149194,-0.3002202087565894,-0.8049154823054911,-0.324032000718594,-0.4446338128579731
Whiskey Tango Foxtrot (2016),-0.66498082349305,2.3695176830005025,0.721512973580551,1.3896592363433806,-0.03546314727466132,1.3982400784029039,-0.09560213611633953
Space Jam: A New Legacy (2021),0.5395066541588874,0.18951427979238897,-1.5754499610016828,1.287914615996707,0.9699596554311692,-0.9404236441196867,0.5329240577643216
Legend (2015),-1.079404301852644,-1.667035706636571,1.1888112998062677,0.5845773952960257,1.7174817926426802,0.2120529304136145,-0.13253759597503034
Girls Trip (2017),0.8728788411942612,1.7898953369590165,0.02306967999511941,1.5381318092887677,0.46122672751255855,-0.1236174968805315,-0.39117236636083863
Boonie Bears: To the Rescue (2014),-1.8041667010142264,-1.2313554649393532,-1.3477685057724431,-0.5316376031412304,0.34981158702487786,0.2246801707838516,0.5317367804822725
West Side Story (2021),0.4870812489622098,-0.0331656222078621,1.342630230579087,1.9968677372189616,0.694534449921016,-0.7564112696236558,-0.28602988678027325
Zhongkui: Snow Girl and the Dark Crystal (2015),-1.222164574025875,-1.5716857713144932,-0.6889240306798557,-0.09701152264766447,0.7350010507013935,-0.350524797286829,0.1741536652069829
Us and Them (2018),-0.21023056880436555,-1.6917162674270974,-2.1386334542902103,-0.1356493291264014,-0.30759171631476157,-0.9122699528441188,-0.07639636679717803
Monk Comes Down the Mountain (2015),-1.1637411533552195,-1.6522073772986503,-0.4513272433945402,-0.03643279687504829,0.770812380855173,-0.36733629487970654,0.08761427799064639
Prem Ratan Dhan Payo (2015),-1.1899151500237177,-1.5106352373844851,-0.05105301591706347,0.45710679738854093,2.6815675300270163,-0.06994260824264877,0.510294933835561
Cars 3 (2017),2.3214896369356453,-0.26669653697669743,-0.8607900622744802,0.535818186396176,-0.49852706230569965,-0.2422894615173943,-0.5942845324634646
Incredibles 2 (2018),9.02827135262985,-1.3321326508359026,-1.971871479266952,0.4464693524455183,-0.1869203372135995,2.5706808915571298,-1.7726719836403397
Helios (2015),-1.6849746197051947,-1.522599995118352,-0.3533076852519136,-0.13219014892452374,0.6026997154841572,0.460101573299956,0.28304590161929377
Paper Towns (2015),-0.1397493949477928,0.1625786051702163,-0.09376198322883858,0.41137852752700377,-0.06085141019545963,-0.30449723271923657,0.15908764457431246
Ricki and the Flash (2015),-0.8022272156762106,1.449758583796736,-0.14987633188316338,0.7421995666759568,-0.05647761237317998,0.7630903523275772,0.01902495141391227
Spanish Affair 2 (2015),-1.7299980430606794,-1.3290123625483214,-0.9153683009977115,-0.34965248632595697,0.12580321765724953,0.3796401742763492,0.42370366487537303
Barbershop: The Next Cut (2016),-0.09744587307226055,2.6511674131049188,-0.020010833122812564,1.5022225668833382,0.3697550161618984,0.4453342427828146,-0.19623698123461308
Allied (2016),0.47647260014232967,-0.33725817727141233,0.7338997445182383,0.6479391595752997,-0.19515442871258132,-0.4971517241886959,-0.019648535840229027
The Martian (2015),5.863913052862697,-1.3586232803990836,1.4540192086734227,0.0690501098861517,-0.31820750211609644,0.3482245242899408,1.5978002656783645
The Breakup Guru (2014),-0.9495297727490574,-1.4542527505523126,-1.7016512471699519,-0.3263882318883018,1.353903061562671,-0.8388697244240071,0.43098824307032196
Dragon Blade (2015),-0.4518544790567755,-1.856256538255537,-0.3183244720952454,0.018911571238250467,0.6712227405085691,-0.8761848182880956,-0.2126994771197119
Bridge of Spies (2015),1.5177623444057196,-0.16261709510218134,1.5843046128068858,0.7904644690393088,0.039769612742454184,-0.6157343498357831,0.20479665622510634
The BFG (2016),0.7288408186696268,-0.5230507132867227,-0.3075360485936622,0.4796576329433048,0.12568059069861193,-0.6691519377332993,-0.21449736733280234
Suck Me Shakespeer 2 (2015),-0.905119913131852,-1.6286616025044183,-0.4095616405392001,-0.11546736148885949,0.2732747353142814,-0.5069445522701699,-0.037015185263928024
Elvis (2022),2.513427368520264,-0.3381772329338842,1.0916212534923642,2.0248022197749913,0.6424383543143343,-0.5338695351786502,-0.21590559272446505
Unfriended (2015),-0.5524060245136481,1.0922833231513946,-0.9262809145532466,0.3188149489360669,-0.456447401085373,0.12174601407600025,0.3960495955732607
Serial Teachers 2 (2015),-2.296321702003693,-1.1557589161852682,-1.5254159691587932,-0.5242240033295044,0.43449117246460184,1.035089262503695,0.8744711572042181
Irrational Man (2015),-1.4957873218480904,-0.6050716653540705,0.06832853999548164,-0.10872789005855779,-0.7597280285510193,0.9854457584685096,0.28229904682955664
Underworld: Blood Wars (2016),-0.41001920065448993,0.33910073948535663,-0.7951316702109358,0.3370856764329158,-0.3958713881051688,-0.19652041630833103,0.3008359130233092
Power Rangers (2017),0.7131872814227944,0.8588131179620113,-0.11238453035082628,1.156368534873886,0.5883603260826464,-0.3225281246457489,0.07652253741197806
The Great Hypnotist (2014),-1.366118624846325,-1.5546119586885825,0.17035997777219075,-0.3198864967753314,-0.5923384012013724,0.14449101216635887,-0.2860793135206356
The Lady in the Van (2015),-1.0777194021191296,-0.325371227746087,0.20623913654070727,0.1915072182741008,-0.4949709628836841,0.4876868628327801,-0.06405092657282355
Kong: Skull Island (2017),3.8164988604263503,-1.2384294199148025,-0.7097954728709424,0.2875881261636908,-0.07843366344482744,0.10265295946402572,-0.11605324344562461
Detective Conan: Sunflowers of Inferno (2015),-1.304926362957541,-1.6135830085649885,-0.13585449444949155,-0.14883974078039314,-0.004420585738955705,-0.04393333996684809,-0.09980902206444589
Godzilla: King of the Monsters (2019),2.320073017745097,-1.0907620038933012,-0.6294676666817156,0.843815359058111,0.6832590940189835,-0.43142204991916655,-0.03038122998482454
Rogue One: A Star Wars Story (2016),8.630486272385708,-1.107511603518796,-0.38898350095162154,0.2587125811137927,-0.1681460799940405,1.9374434248139707,-0.12658857011381294
Ferrari (2023),-0.3699784971584388,-0.08307288872255107,0.33019934637810905,1.8206007003843772,0.23662062295193906,-0.3113987532994144,0.10760984438211338
Asterix and Obelix: Mansion of the Gods (2014),-1.4531036543327578,-1.3574657148873859,-0.20492210687798015,-0.5609772702641146,-1.2126720799626791,0.24608702031636076,-0.14556612869240979
My Big Fat Greek Wedding 2 (2016),-0.004211537678454147,1.47430817900412,-0.5945481533397626,0.850567507062785,-0.30625530079433966,-0.08966427355267265,-0.10408615662225162
The Equalizer 2 (2018),1.3467507682768194,0.41396086803905896,0.24932192211329274,1.1242521547432633,-0.059730620871039385,-0.4134144074165729,0.10564513074317529
Snowden (2016),-0.27511039097355,0.664176713466297,1.5655870550988307,1.1022877269877112,0.05386684377212986,0.678163229057199,0.07775822003653332
Solo: A Star Wars Story (2018),3.332226625345315,0.022265208267669433,0.3687941478683742,1.0988247945878449,0.233367684460377,-0.020892399447218445,0.29361393776143646
Inside Men (2015),-1.2017536303927456,-1.835934616867244,0.8146856239033252,0.0903543240519652,0.0906403878003213,0.1473951565476467,-0.37740486768351844
Monster Hunt (2015),1.220696225531804,-2.383224605260225,-1.202634014592497,-0.21365434456937085,0.40893646807390294,-0.8538994909211359,-1.0488228658840781
La La Land (2016),4.048634635476835,-1.0494494918256658,1.1932434664728644,0.24881493642455949,-0.7793245547088403,-0.1682169409223461,1.042983853984228
Sonic the Hedgehog (2020),2.1701310404850225,0.07514132836143544,-0.9339751747068449,1.0177729651087455,-0.6236221335950691,-0.6301277462541234,-0.1605733944277899
The Nice Guys (2016),0.5434464969002811,0.4792483028403823,1.318837487220837,0.6923569941002856,-0.7195563001634195,0.059086595132806875,0.882844060677315
Wild City (2015),-1.9731724710401888,-1.5378809394460333,-0.06358740995297875,-0.12950050151540643,0.5535217670740656,1.0384273507011241,0.3036564196453095
Ode to My Father (2014),-0.4207831541268862,-1.8563089131274046,1.0274805098183344,0.014428021819491604,-0.44438737138505063,-0.554992939412102,-0.9141495938474057
The House That Never Dies (2014),-1.473301021416064,-1.2004781506168796,-1.8013554576468724,-0.5778705210823034,0.37257418917856233,-0.33698569050933547,0.5239816077099954
Dragon Ball Z: Resurrection 'F' (2015),-0.9592036234416803,-1.031258135228034,0.0751978669368628,-0.11090723458298016,-1.052079379322101,-0.03780115419479688,-0.37187034064689295
See You Tomorrow (2016),-1.1750091087671064,-1.6597848811779896,-0.6807999970016002,0.11534879099942319,1.1682333915073497,-0.3452249858360448,0.2835560374715639
The Predator (2018),0.4307758686309539,-0.19938772376084063,-1.0395864627684512,0.6097723211286937,0.28848353752804645,-0.6646901162872471,0.5454533733800959
War Room (2015),0.2339949561044122,2.3454799679986933,0.4960065997811766,1.4417516859640922,0.31893913062475665,0.23654224838771884,-0.5104109495210352
Twenty Two (2017),-1.641195575843808,-1.765728311626312,0.7103106976288635,0.15499334080617005,-0.7276433431225665,0.7854234216658521,-0.3068699447297779
Krampus (2015),-0.22832625137118387,1.6210875439119063,-0.11351860997169382,0.7747201086680005,-0.2958450768931264,0.3082752562717027,0.09926457315819734
Tiny Times 3.0 (2014),-1.3281059413240677,-1.3889663569345236,-2.05178120331548,-0.27046991634218875,2.3183801983591925,-0.6352593089119987,0.9030029810928024
Dumbo (2019),1.860823250530504,-0.6834636573271228,-0.9629419804425194,0.8110169869914787,-0.025358973797945408,-0.410384461463715,-0.5483384929677546
The Perfect Guy (2015),-0.20079010384830753,2.7198808094026354,-0.4535470645394012,1.199162531754205,0.23685864948844162,0.4725150175912176,-0.09369789583175579
Bajrangi Bhaijaan (2015),-0.1652667422514641,-1.8590821994404214,2.293882079021027,0.6374990578663218,0.46966138090883486,-0.29716958879016714,-0.6429738587924996
Old Boys: The Way of the Dragon (2014),-1.8547056074835975,-1.4382788725883013,-0.5949837640464353,-0.3240553726205873,0.7040416447737775,0.571603214954969,0.3879372988594701
The Boss Baby (2017),3.0856292479836545,-0.7361503780560903,-1.6171290855246252,0.2614768026597905,-0.36748646308835137,0.0346392100001363,-0.6849819468342799
Baby Driver (2017),2.416078066262138,0.08144712255206878,1.0895309988094881,0.5543903134687596,-1.0149933963563247,-0.32855261176638473,1.5096854274430491
Breakup Buddies (2014),0.0202475957392528,-1.9015240714819852,-0.44926709528702546,-0.21436447427429986,0.12590987113905908,-0.9642377452611243,-0.6689372309074768
The Continent (2014),-0.7553430195747012,-1.6115020473207107,-0.463427007799494,-0.3170401818546154,-0.19846732725774324,-0.6625390819580057,-0.3185382129164637
"Tad, the Lost Explorer, and the Secret of King Midas (2017)",-1.5591693265362692,-1.1532982736531325,-0.7337218678938997,-0.12179425501937359,-0.9087797024889649,0.2806060761970661,0.21196739715419163
Guardians of the Galaxy Vol. 2 (2017),7.238325509488801,-1.1915440249316784,0.13055548988208965,0.3597283942895497,-0.14652277398100239,1.2578443990755837,0.6549052598248581
But Always (2014),-1.7366727823116546,-1.3043709726210488,-0.7235514246119659,-0.38215422427350904,0.385589650563934,0.41915633125742574,0.3529675117373025
Puss in Boots: The Last Wish (2022),3.2890311735492523,-0.8073092529969449,-0.5088057916125002,1.135961120680369,-1.2925112342636522,-0.07513509097666951,-0.8301133692870695
Pokémon the Movie: Diancie and the Cocoon of Destruction (2014),-2.103841105436324,-1.1239861620504972,-1.1684447479199236,-0.7520131827589227,-0.6656353675482465,0.8528799516345592,0.41064841518390327
The Four 3 (2014),-1.8510928743610868,-1.4072322564735176,-0.5106799217082818,-0.3918735975293407,0.22661735050027176,0.6189547568100594,0.27410480154209216
Teenage Mutant Ninja Turtles: Out of the Shadows (2016),1.1223119274182165,-0.29701165152690623,-0.8006191013513301,0.459888553917597,0.23668671106283865,-0.6380369612665775,-0.1628597185752439
The Taking of Tiger Mountain (2014),-0.19286198688066095,-2.033437988042023,0.2578499335190641,0.07559501985077885,0.8648931493087424,-0.9446716295343066,-0.6013338973582063
My Old Classmate (2014),-1.1865142515281604,-1.400865567533411,-1.0219115758801205,-0.4352529810576984,0.04072178100664654,-0.43697772791225203,0.09529087417905242
Don't Breathe (2016),0.4871964638821009,1.0374769976628937,-0.8418367583365833,0.6598280036519085,-0.7609456151072463,-0.3251232347285631,-0.5240277996083708
The Throne (2015),-1.3335105416328314,-1.7919505701675487,0.8086701254801334,0.031219392888168575,-0.11860132724981268,0.3593804187178749,-0.3649063434838077
The Handmaiden (2016),-0.7140596250725636,-1.9155166053395212,2.1497766633443534,0.39609759204920053,-0.22280996997543817,0.3854933985491826,-0.03599242866854397
Meet Miss Anxiety (2014),-2.1797362995763927,-1.2347468930397776,-1.1867305728397846,-0.5310846682682475,0.5366925118187565,0.8982629469726762,0.6745219452775955
The Bye Bye Man (2017),-1.1562425584309945,2.0251336789366023,-1.3051919662807578,1.0005637571266626,0.7383608678682131,0.980095310538245,0.7288374108716222
Manchester by the Sea (2016),0.7966886104788532,0.6354743536620708,1.9612391058410978,1.1308684986234592,-0.23883652108964754,0.015940784456732086,0.35767909222642097
Maze Runner: The Scorch Trials (2015),1.983057564824744,-0.9325722404880741,-0.04591833862088006,0.2897120692872829,0.5140663441753082,-0.6624302438760787,0.22016701077545142
The Shallows (2016),0.27523434293825266,0.6447434779687943,-0.6113428642623783,0.405832494367892,-0.8438550697607287,-0.3492047295113863,0.24880645867309303
"My Love, Don't Cross That River (2014)",-1.5457979643717965,-1.4684328526355368,0.525247054543453,-0.48958943816837364,-1.7432604574828745,0.6413775419962167,-0.5313421462437129
The Darkest Minds (2018),-1.0820023326053645,-0.05839641322605387,-0.5151567264094755,0.6385038551334881,0.00016784001434953547,0.3430327944140684,0.359090170091591
Somewhere Only We Know (2015),-1.6169649073235999,-1.3996805735798157,-0.8940438497139831,-0.21587003376780714,0.5776547355323035,0.15580143264377314,0.3785096892047739
My Beloved Bodyguard (2016),-1.3776525899537697,-1.4928695734078499,-0.7046179404793989,-0.15281567791936457,-0.23149919816976525,-0.1368718456616925,0.09412170007187756
The Dead End (2015),-1.139682498560564,-1.956494246799428,1.105542137872956,0.20464553300164834,0.27729050674726907,0.11904254780558354,-0.4901337454670698
A Man Called Ove (2015),-1.299123613783588,-1.2753674195235862,1.2206201978688123,0.06857951926526022,-0.7430953406820597,0.9139827088784235,-0.22690711935338562
The Purge: Election Year (2016),0.5115605128674525,1.3498289999973143,-0.2709229912669602,0.9666210661859127,0.08331794730449153,-0.20283828926316613,0.09441615018413947
Hollywood Adventures (2015),-1.5224057723361992,-1.4689256043984353,-1.0245986713300976,-0.18380776213827818,0.9008534380430859,-0.0666178401203061,0.4367898449196433
The Lego Batman Movie (2017),2.299272924498819,0.5127570619751726,-0.10847537988014463,0.8593623181083982,-0.813243394972548,-0.19384731516182707,-0.49063302550229393
Nobunaga Concerto: The Movie (2016),-1.5145250206296896,-1.7499491594754217,0.24664087092290515,0.11755264361801462,0.39214013244562396,0.3274048405886255,-0.03151310849965135
Fantastic Beasts: The Crimes of Grindelwald (2018),4.225528017386574,-1.8259564220463766,-0.8230853232057916,0.46997836856689873,0.5602939299435953,0.1579471832910536,-0.44519213483914877
Fantastic Beasts: The Secrets of Dumbledore (2022),2.405162996005358,-1.5939700600701927,-0.5096339177102819,1.290727865560795,0.7983078709754529,-0.5735254208711571,-0.2615760349935309
My Little Pony: The Movie (2017),-0.6772034579767855,0.1846300801107346,-0.4906351330227236,0.6041964332187786,-0.3189503827791272,-0.13023546801112149,-0.05099662045926141
Florence Foster Jenkins (2016),-0.4486051550359922,0.8564186468837198,0.49462218400316027,0.8861862050759727,-0.29888337548052407,0.36347704495574346,-0.16085855270497157
The Legend of Maula Jatt (2022),-0.7202083997287646,-0.9463874413476548,2.3807258678142347,1.8915486157608663,-0.2642428228920448,0.40857144296055314,-0.8692958570914823
Captain Marvel (2019),8.247845960231725,-1.8829314915459803,-1.6646604626275416,0.2550292377938554,0.08859593508718037,1.9176705875856443,-0.1815377801332585
Avengers: Infinity War (2018),15.458254658000499,-4.156794070719699,-1.5316520843452526,-0.5632821221947655,0.07662148048727921,4.7444583432759915,-0.2597799895273196
Avengers: Endgame (2019),20.263095425544524,-5.988825991346268,-2.690533034775927,-0.6401343014610319,1.402473982150295,6.991652061501028,-1.7130711439394268
Judy (2019),-1.1814800165105501,1.247598302059374,-2.1524013031713736,0.7457687107475326,0.03636209730260942,0.331906754663218,0.7599408502374244
"Yo-kai Watch Movie: It's the Secret of Birth, Meow! (2015)",-1.4849187407349993,-1.3986379624228447,-0.7791189694806144,-0.33361486285145214,-0.1712466093316918,0.035931576726007296,0.13319656069213598
M.S. Dhoni: The Untold Story (2016),-0.937568541187246,-2.184311158454997,2.883804539318662,0.8970849176540432,1.1425689822506182,0.6615668618793994,-0.513988772254799
Look Who's Back (2015),-1.6899973422826113,-1.6565042445556126,0.7450171924921039,-0.1427051830938588,-0.3568032390651642,1.0606237395481477,0.03961689890301621
Tunnel (2016),-1.673974534390493,-1.090020881496169,-2.1187044195955336,-0.3730488548584905,0.3937580976945679,-0.1559632977484249,0.8025450812244308
Flying Colors (2015),-1.6540248256403878,-1.7402583656372586,0.8776192282329954,-0.08593357857112889,-0.4841342561895681,0.8854611896015577,-0.34009879070556553
Jason Bourne (2016),2.8479441255624263,-0.49963965199590027,-0.3546318905944759,0.5288476678798684,0.17328791827875292,-0.24719306206766545,-0.24607995656916953
Molly's Game (2017),0.17271668452507447,0.1538049400462349,1.5783851674830913,1.1792882241530198,0.0982671534199625,-0.0188440739948759,0.07302902910205031
Kung Fu Yoga (2017),0.2354477244236077,-1.976460806633171,-1.6907459620004641,-0.03739474552802548,0.48100305200319793,-0.9247821619221803,-0.2615943562875077
Lost in Hong Kong (2015),0.33079267878190527,-1.9579253880696335,-1.3679506832319177,-0.18866717885896814,0.6480774695437655,-1.0532078320185243,-0.4598165266275084
Love on the Cloud (2014),-1.6309601826198326,-1.4929636467055427,-0.9942037060731082,-0.12170552572310074,2.0404579659289674,0.007412788763308226,0.6718886224663165
Hostiles (2017),-0.7413911457437604,2.3341770288819372,-0.4489130298601588,1.038587839558445,-1.1695279291311398,0.8769601694205175,-0.20252166879280037
The Last Duel (2021),-0.07057393257784227,-0.5948866145493701,1.6591670449208675,1.6531356200594094,0.34149026989561776,-0.3263751459481705,0.25861529424145924
The Himalayas (2015),-1.2541324964657532,-1.661695271470406,0.27777392705215653,0.021301824055736364,0.25996254186665757,0.06022231189233484,-0.17316809112595463
Miracles from Heaven (2016),0.1772140915743853,1.9578253214010188,0.5868964678916083,1.3323349371427606,-0.4308182936604521,0.2570536726581874,-0.5840965859270928
Shin Godzilla (2016),-0.7703480361732356,-1.744641440220893,0.3388016669178122,0.12188107364233931,-0.14976771232551575,-0.3602381190083407,-0.28075293589524025
The Witch (2016),-0.07603136730578458,1.246333249055869,0.6404680293604553,0.6017381005188943,-1.1533365577124761,0.5973228457724737,0.9282643585631115
The Boy and the Beast (2015),-1.0758293744460043,-1.7891583376588214,0.9817529173717301,-0.008026448225327443,-0.6137870863497624,0.1140306698812207,-0.5125128311427336
Mojin: The Lost Legend (2015),0.4928748828392408,-2.1396671612348945,-0.7627577205920815,-0.02427871748624892,0.7570358840633009,-1.0598563587780079,-0.6826040059524628
Fleet of Time (2014),-0.8557853002300099,-1.6124210563739425,-0.6376087947850856,-0.1954264315254902,0.6936011288839362,-0.6634597168369148,-0.05199529023947172
Kubo and the Two Strings (2016),0.24906226392470857,1.103428108900309,0.8527202459016698,0.8938988578981186,-1.1551850013706848,0.10395958955104395,-0.2595540886360892
From Vegas to Macau II (2015),-0.423439607262346,-1.6022152874752273,-1.6974982500213214,-0.24714412549283177,0.8882955711765211,-1.0196335790280862,0.12521064947582958
Ouija: Origin of Evil (2016),-0.24900346309861998,0.45478783356371943,-0.34766905498385464,0.5341618800146185,-0.3630779605327422,-0.16556869064240767,0.08705467213629517
The Peanut Butter Falcon (2019),-0.532390266205875,2.0223588250145443,0.9744179681815733,1.5451878288632783,-1.225996889019836,1.349105978505362,-0.10113778953459956
Ma (2019),-0.40263537894103224,1.8995545973600005,-0.9605851844100523,1.2380005060122574,-0.7313142200241055,0.19506253305678004,-0.03951690802911862
Boonie Bears: A Mystical Winter (2015),-1.6154437377301383,-1.3628137052200693,-1.0111416427359439,-0.3559814926637636,0.00282572385210785,0.12797481297953597,0.2984030460271502
John Wick: Chapter 2 (2017),1.8738551495760987,0.3613023517308085,1.2706514009583412,0.8307981270563803,-0.6193175410617829,-0.2988481433101852,1.1933586711263915
Paws of Fury: The Legend of Hank (2022),-0.5869697225824945,0.29496715436220283,-0.8613724494547264,1.3569360437488562,-0.33906489101984555,-0.6296240332103139,0.14617678936633463
Neighbors 2: Sorority Rising (2016),0.12626668968924895,0.883747779353567,-0.816727274382151,0.5253336203207818,-0.29231480365620294,-0.26242219701832215,0.4102839669889845
Lost and Love (2015),-1.6712888665377386,-1.541349331642366,-0.0031857049026733945,-0.18860635181515162,-0.20510910723031997,0.5820889788344601,-0.021529545886111376
Shaft (2019),-0.7009315224605168,2.5887387149313548,0.536572403194015,1.8646839081794013,-0.024818691879393655,1.546858354523308,0.05670500672961495
Fifty Shades Darker (2017),1.8384178050278948,-0.6361756156247211,-1.8933650981869967,0.451940955326497,1.1963025641207297,-0.43514300961724656,0.07482957421574057
The New Adventures of Aladdin (2015),-1.89284999055658,-1.3538766739744656,-1.0289442811052132,-0.3140848622268292,0.657708651199193,0.5433963556364692,0.6000103995015489
Paddington 2 (2017),0.9669749329444091,-1.1205160413096775,0.18159062353174593,0.3517016218557443,-1.2183841940350755,-0.6858338903201533,-0.7304545607838947
Fifty Shades Freed (2018),1.5641864226732245,-0.6679917155387913,-2.3172535351669703,0.4156020453075069,0.836788554242657,-0.47179278922816076,0.04596080626530829
Gran Turismo (2023),0.5662273758847047,-0.5846756924401739,0.6275339775245924,1.7632624602198845,-0.07230778928040417,-0.7183757970524641,-0.14789000078708994
Maze Runner: The Death Cure (2018),1.483555694189063,-1.3895845206266701,0.03661963063764563,0.7884203479602081,0.8359888665807815,-0.6139810641335476,-0.12173649658715455
Why Him? (2016),0.3805312234001327,0.6333715708973273,-0.11330702640324805,0.7568978562550227,0.00595012211674803,-0.31262655730473243,0.12528696771789855
Detective K: Secret of the Lost Island (2015),-1.8120310429744628,-1.6291505122733196,0.3343168232092057,-0.045337112651142375,0.3794907894465216,0.9248835781066488,0.06629726734920252
Café Society (2016),-0.9085632253803108,-0.23767211702536248,-0.03421845812410667,0.22957704360334236,-0.7470984001070594,0.2719769306840415,0.18815160113829077
Ghostbusters: Afterlife (2021),1.8264302244146398,0.6428939243123136,0.3928519161861567,1.7180822134477145,-0.22601382924672117,-0.6130099517741733,0.0531653413430233
Frozen II (2019),9.204893495399139,-2.5038515775823633,-3.5602893115573053,0.03381719140277024,-0.07263922667901798,2.7681707278737133,-2.5938838167262643
Overlord (2018),-0.5536034377627,0.6491893786117696,0.37685530308386633,1.0256678488332416,-0.3218780091453771,0.483995028573835,0.2185508194485778
The War with Grandpa (2020),-0.28235210613833434,0.7156349053345502,-0.9719410369300072,1.17670759308895,-0.34193485567590215,-1.10723905391243,0.1320601417129429
Dilwale (2015),-1.4743510026845512,-1.2207712310129537,0.476542887213123,0.48207988865553275,2.107196737566395,0.7574020420408829,0.45097167022237333
White Boy Rick (2018),-0.706400389190266,2.3131688223874463,0.5540998993639631,1.6417737426885335,-0.06345349609671944,1.4169588926484515,-0.05566580689666554
"Dad, Where Are We Going? (2014)",-1.0244462389364821,-1.2770853612058852,-2.276981597740315,-0.5463024058471334,0.8891771331149574,-0.8606112107055186,0.5427223786271664
"Dad, Where Are We Going 2 (2015)",-2.1834054512170478,-1.0804721932312722,-2.164860507212578,-0.4907700350197153,1.1478906168573153,0.5727067260388723,1.1540698984779891
The Left Ear (2015),-1.0565924350602898,-1.6422476722922195,-0.640929542857631,-0.07241258602577699,0.7429916934853998,-0.4876528449948241,0.07523790823761922
Nocturnal Animals (2016),-0.41130340184118347,-0.11344775685801377,1.4027779514408867,0.4558146624630185,-0.7252160119776332,0.7577704016788032,0.8724225313293468
Ae Dil Hai Mushkil (2016),-1.2645083680659253,-1.4132767819928598,0.8873992023378078,0.6580018597090389,1.60827269186335,0.44709634324476855,0.09839614164444431
Mile 22 (2018),-0.3420515707332797,0.9263117010131134,-0.4526814315330897,0.8951882149037796,-0.5000801455806064,0.10462390928481781,0.2536238617584927
Mulan (2020),-0.1675733847348348,-1.5685825981888524,-0.5471407364973038,0.5765077547060212,0.021893469980823723,-1.6284276597972847,0.6836093214648671
Patriots Day (2016),-0.03169569469392332,0.8024369669579019,1.3804398620949847,1.1992380573961954,0.06278143134643258,0.26733033269839107,-0.22182118391319122
Christopher Robin (2018),1.116186971247333,0.3664142540916579,-0.022848493475012166,0.9912340827143022,-0.7943442405346949,-0.4157789822266919,-0.5479737030276778
Five Nights at Freddy's (2023),1.611066236087483,0.049750659443911924,-1.4819095551838808,1.5054836065235502,0.26029703680892813,-0.4468496346687136,0.10948334334922598
The Monkey King 2 (2016),-0.03212978050452275,-1.9659143584219736,-0.7675410568271633,0.044486535305807685,0.4456499358192307,-0.9209314915886547,-0.44066892660090573
Boruto: Naruto the Movie (2015),-1.4259341523918545,-1.5023890627688226,0.5772118417312408,-0.25238281805975415,-1.3912634134804671,0.5407716144579123,-0.469370588560394
Storks (2016),0.6810259747048907,0.205869893377918,-0.6198164338666655,0.37611336151594355,-1.0420318993217712,-0.5127126278552978,-0.4142944351756877
Born in China (2016),-1.2826918596685892,0.8450265695926741,0.10734035422042183,0.48509366687605043,-1.4303836849965779,1.1625337573650079,-0.3598131967185096
The Fate of the Furious (2017),7.460115956154791,-3.258469226990509,-2.2839266623215497,-0.07025255199557258,0.9584810007797732,1.6370491131588256,-2.0927299513693227
Spider-Man: Into the Spider-Verse (2018),3.8837004706204272,-0.16154501751331501,1.4144671172614938,0.714318233095532,-1.4163530212951894,-0.02199938984946962,1.1698707536967057
Assassination Classroom: The Graduation (2016),-1.6902045460597201,-1.6114575923772574,-0.2266477147319788,0.0015044600187180289,0.4350151818507006,0.40254841203333275,0.20211978815650766
Huevos: Little Rooster's Egg-cellent Adventure (2015),-1.7008958039999025,0.0900240376127478,-0.41920380137101587,0.16036958833911075,-0.022778778666011457,1.2379540797099138,0.22478671936935313
Monkey King: Hero Is Back (2015),-0.29701249438482147,-1.6658310051561276,-0.7891003663727681,-0.35154504138716813,-0.9306320746423083,-0.9235036604053752,-0.5605981628540369
Harriet (2019),-0.08227272186800494,2.407898176775495,0.815547263123345,2.095105669033498,0.23631089612843387,0.7087402572058866,-0.3466675937799607
Almost Christmas (2016),-0.30485357637478444,2.6982113663086755,0.2530516212869887,1.5324856191778102,0.20897660351048955,0.7690118267513183,-0.28479799369024045
Kingsman: The Golden Circle (2017),2.842219188951597,-1.4222999813971111,0.23602767436642336,0.5293816505272412,0.5153901480457062,-0.402842404864247,0.2532180831380183
Bad Moms (2016),1.0991236557624922,1.1062416121170076,-0.5324554130680641,0.78629496652865,-0.28299578617984045,-0.3477290227478969,-0.007213779311949976
Kevin Hart: What Now? (2016),-0.9140025475226362,2.8950457694650784,-0.034037343492943,1.3216523500765496,-0.12224919348614108,1.577360407130067,-0.033942526825975185
On the Basis of Sex (2018),-0.5391830938211835,0.985042548693596,0.902428307297474,1.3715206774728612,-0.22300811426803127,0.7208110923469216,-0.3007346086811543
The New Mutants (2020),-0.1388688215797168,0.7265464675995902,-1.1605398022527122,1.1060675263268873,-0.15594109302278494,-1.1889983569474478,0.5429934068760867
Collateral Beauty (2016),-0.11623122009614821,0.05989601403125522,-0.034568390053540864,0.40588111218048667,-0.8117839584994292,-0.29094909072473785,-0.011330538312988227
The Snow Queen 3: Fire and Ice (2016),-1.9897600982500079,-1.3268999384783402,-0.6237867256439686,-0.30941975706992003,-0.6045778438699763,0.8885244161528573,0.2997689240399518
The Death of Stalin (2017),-1.0910315529708825,-0.1401700828904522,0.87550496534998,0.55697217400272,-0.8419079155009196,1.124056235281869,0.18140330516759393
Railroad Tigers (2016),-0.7292255314613306,-1.8074346106244148,-0.41703265359137964,0.12177664714166798,0.6090594773792637,-0.6717823849461122,-0.13036474732163011
Northern Limit Line (2015),-1.4388947971583466,-1.7341618401576775,0.5546886533636204,0.0639937110356508,0.3858887000988085,0.41513010418185925,-0.1545345779553399
Bumblebee (2018),2.795607958727727,-1.1678849070708126,-0.8043764352443036,0.500595153450431,-0.18652024686638619,-0.21800597092494803,-0.5283879699763931
Mr. Six (2015),-0.14945211205531203,-2.02553481775915,0.39770732047219165,0.169571722347447,0.32854625004183424,-0.9300913688471952,-0.7327838648542586
Early Man (2018),-1.0492625729957783,-0.6342859783518155,-0.7651489944582179,0.2815001258724741,-0.7283149670297132,-0.05925333546905174,0.18682629146720306
Book Club (2018),0.10586041164862713,1.5340299342522197,-1.0266317369585916,0.9263978368287493,-1.252862823898318,-0.3043853936584778,-0.3438507407137503
The Wild Life (2016),-1.4673965097416966,-0.4866079501568061,-1.0121105795756218,0.013741260440034434,-0.15078474042331466,0.3145090644774067,0.33176251144013114
A Cure for Wellness (2017),-0.9892082947352762,-0.48678088993340524,1.1329802414372097,0.9141289590030611,0.8684564202309818,0.8785735181971513,0.36249003260217894
The Mauritanian (2021),-1.4196134651069798,-1.366266301185737,1.2691590739218905,1.0384409644283552,-0.450030001304952,1.040361964898928,0.06965807041519995
Pitch Perfect 3 (2017),0.8113482661970038,0.9597313221464089,-1.0839734989228191,0.7795422496502595,-0.2683853929146804,-0.35910549709764156,-0.05935634182878458
Veteran (2015),-0.5970672445690348,-1.812326822489286,0.4312964368707693,0.055290632917497154,-0.11196777708031057,-0.570434782500664,-0.5581645840429819
Maleficent: Mistress of Evil (2019),2.7460249805401777,-1.4749415114618367,-0.9718561095540762,0.649338887046966,0.044196720925814906,-0.27148838725159674,-0.8394567577940514
The Meg (2018),3.0827464198557433,-1.1437382736547133,-1.6020007157458207,0.395424253795763,0.3832833676943847,-0.09613315424477797,-0.2165673603078889
Doraemon: Nobita no Uchû Eiyûki (2015),-1.7311950906422775,-1.506613702490516,-0.06606651603333298,-0.3000578448633629,-0.5407104764860964,0.6781700536799685,-0.047303570946457235
To the Fore (2015),-1.8190513861900262,-1.6827939509226777,0.3186902026502115,-0.04058812268777338,0.4328302313769962,0.894504699340126,0.06538388357249299
How to Be a Latin Lover (2017),-0.3827445162402192,0.6713260975717295,-0.13790127309109057,1.0007347630687682,0.2657774233833338,-0.1265472166273949,-0.09051599786928403
Rough Night (2017),-0.8034015286242832,0.7068933191210159,-0.8369197836799089,0.6933868450302606,0.2608135671777215,0.15779144722254665,0.49729700721943576
Tiny Times 4.0 (2015),-1.4234694484140473,-1.3492491350459226,-2.1968825703169816,-0.23638032878902973,1.951949914514491,-0.5331861718988232,0.9402290879886807
Jian Bing Man (2015),-0.10862892842030573,-1.8368432613255905,-1.0631270251315101,-0.15929602023606906,0.4614704637481533,-1.0475254915338523,-0.3398863634842315
Chronicles of the Ghostly Tribe (2015),-0.7830693223000695,-1.6497179811551366,-1.003158857315071,-0.10402542526967778,0.8633819409067428,-0.8250784984147936,0.08201745974668795
Saving Mr. Wu (2015),-1.7418434154696136,-1.5477341298938472,0.11448691330158264,-0.21300539827878479,-0.3826749477770159,0.7504598881922445,-0.0520266075902711
L.O.R.D: Legend of Ravaging Dynasties (2016),-1.3189331137839393,-1.5644640355928923,-0.8196092443888928,0.0258743063931359,0.8174132801533661,-0.2839032360436598,0.29767814016180716
The SpongeBob Movie: Sponge on the Run (2020),-1.095358478283937,2.7974555531345655,-0.2639213905344886,1.7778585755879277,-0.3620243339868695,1.5333683691327642,0.20647648000278737
God's Not Dead 2 (2016),-1.1485117379008687,2.2466088815081995,-0.6531310738874796,1.2685317994721794,1.5481217484787715,1.316479918122248,0.5858988430972504
Mia and the White Lion (2018),-1.6049344758431356,-1.5347761748339854,-0.25053727489305416,0.09056731317798003,-0.70147434985775,0.4610462275819731,0.07064854414102434
Hidden Figures (2016),2.305034207660983,1.0686664647089312,1.1632439542422057,1.223432412560232,-0.42012646342167786,-0.17823419015851819,-0.27014137256463716
Baahubali 2: The Conclusion (2017),1.2678887927506826,-2.47005083326106,1.803912350605693,0.8275151256373622,0.5179705035326901,-0.75446351601501,-1.081548573525455
A Chinese Odyssey: Part Three (2016),-1.7233774376727864,-1.183715685436871,-2.320308941107209,-0.3341350860705194,0.9169210680227298,-0.23925956268107812,0.9468151923876839
Guy Ritchie's the Covenant (2023),-0.020301054876323943,1.2714586207851177,1.3136120154712765,2.218041075262613,-0.5938581012958284,0.373378200446938,0.1924998994408818
The Emoji Movie (2017),0.41927958433863655,0.49519841088674893,-2.932560844040699,0.29646058846320156,0.8771037439555461,-0.5331196242805153,0.8177476840232699
Jurassic World: Fallen Kingdom (2018),8.566152196266241,-2.4514383942163462,-2.837781242018996,0.1049357663886946,0.9536693856900734,2.2490753674755424,-1.5195997958482543
Fall in Love Like a Star (2012),-2.0985916901952693,-1.165799520908576,-0.7337402128404394,-0.7738491593255683,0.20533775805589244,0.925504068595843,0.4382017639345316
Mission: Impossible - Fallout (2018),5.54302396585395,-2.144292227925454,-0.004953489508194607,0.6052786167694061,0.29776230908578394,0.6343943153623856,-0.9222770581158963
The Curse of La Llorona (2019),0.03390117838884137,0.49311590561586555,-1.3414160807130668,0.8516691300498069,-0.09456753274033972,-0.4780948012910316,0.30117161691438327
The Age of Shadows (2016),-0.9454039773353071,-1.9494844743911257,1.0240278700286491,0.3611336243000522,0.3028733381391812,-0.15353994325930734,-0.4473696580076522
Just Mercy (2019),0.07975720207589579,1.0123736406126405,1.546452873304549,1.823932493766538,-0.034194916464627176,0.26205396702351275,-0.464741225610918
Bad Boys: Ride or Die (2024),2.6308678263620937,-0.29316074306265916,-1.0145898382124081,1.7294818152575273,-0.15981872183338905,-0.220484201703884,-0.5939261665735722
Lady Bird (2017),0.635246839093278,1.0992968576668345,0.7274477655176194,0.7911137036637854,-1.3678828497203608,-0.03826760936437458,0.723471148175621
The Tuche Family: The American Dream (2016),-1.860966055262415,-1.2823801746530523,-1.3156127818273575,-0.30625851384421365,0.1651625111276667,0.3635609527557668,0.6033418352418496
Till (2022),-0.6152926659711473,1.3434659418286115,1.1735268254820104,2.2481615822443746,-0.05518951308639308,0.7828605317856994,-0.3637099899337194
The Hundred Regiments Offensive (2015),-1.463456596439141,-1.384508168156577,-1.6064995887813742,-0.2415177550042494,1.215387888112499,-0.3353290377760985,0.6426570718559634
Camping 3 (2016),-2.181522720894244,-1.3103195981132814,-1.2834269995463286,-0.2418605611815535,0.7973416587327135,0.8711062170715882,0.8439974519338048
Middle School: The Worst Years of My Life (2016),-1.0703509002177145,2.3424104300894126,-0.11345680954637705,1.067435733291874,-0.3446805253296647,1.5219173504484493,0.002279975355390977
Ordinary Angels (2024),-0.14427904454362128,1.95772704821845,0.9083585444639841,2.6553810811014014,-0.5679446192240586,0.24747751080710298,-0.5120972408446719
"Everything, Everything (2017)",-0.35616175449025117,0.9714785028967993,-0.3158338124291883,0.8510140517048224,-0.49510636755017634,-0.04004106172568417,-0.0502030847426675
Never Gone (2016),-1.5334695637043245,-1.4098317879371134,-1.109083014986679,-0.17850428410414196,0.2057426368002028,-0.07100649780745096,0.36289280961233106
Dunkirk (2017),4.55089593054533,-0.9090885438215227,0.42706086468251986,0.07480823096599833,-1.3596484956168293,0.17501967344969338,1.2806495010986632
"Three Billboards Outside Ebbing, Missouri (2017)",1.6680705544029935,-0.4833771054099292,1.576804251838594,0.4643500057992973,-1.3238210246524584,-0.4501143393135051,1.2042004367459307
Mary Poppins Returns (2018),2.286338527795077,-0.07016642914230202,-0.17352425140036098,1.1579037147546465,0.3562309356953508,-0.15713835868703463,-0.7220094364176631
Charlie's Angels (2019),-0.5920633057547093,-0.47206854763718087,-0.8318360612181424,0.7858285271768668,0.7564753747927392,-0.39015614005212185,0.647793903993708
Godzilla vs. Kong (2021),2.7882062045316203,-1.5204827992530627,-1.142348526284106,0.7345138399881678,-0.13321922343273082,-0.4430837822440697,-0.08814202328299493
Nosferatu (2024),0.710887515805176,1.834939968352415,1.1742201470567208,2.7566745470901175,-0.17469114923604107,-0.4020764991134647,-0.0836338589607907
The Priests (2015),-1.6722795855959107,-1.4715284114548508,-0.15142093522113273,-0.2520094588848066,-0.32675118088259814,0.5665714681406565,0.03112635986167883
Get Out (2017),3.193504282919507,1.041618504951722,1.2218705998847181,0.7331117468349383,-1.4682317562079117,-0.0725659084594494,1.758210885680494
Sicario: Day of the Soldado (2018),0.35868258175870316,1.0196903685888639,0.9377801770953812,1.3750235321632738,-0.24313423018880354,0.07532485929647822,0.08131530153201755
Goodbye Mr. Loser (2015),0.28943232978764494,-1.9442096516690706,-0.67526178344988,-0.21544535937836348,-0.4273750468991826,-0.9860779661578877,-0.8236365198101263
Dangal (2016),1.700312507940379,-2.683844928376375,1.762384545511183,0.48446431241334986,0.2810798540352506,-0.7494079402821094,-0.8426565647877098
Two Is a Family (2016),-1.0816836081516117,-1.798145230086182,0.6980731451898361,0.08031051826303984,-0.506574395789438,0.009814619871275193,-0.3302399246376594
2.0 (2018),-1.268171308929891,-1.506723544080476,0.6217828860930361,0.771343784319917,1.147409616209655,0.41865258630045493,0.14397506882817723
The Favourite (2018),0.4893124235417371,-0.2882763678274121,0.9942209393086545,0.8717360768742402,-0.6955671412345278,-0.4524621828649041,0.2420935355238433
Transformers: Rise of the Beasts (2023),2.621257485119561,-0.9510809156994684,-1.1310014671972184,1.4627927724125742,0.5095178418361422,-0.23063969848641025,-0.4437386236963812
Ant-Man and the Wasp (2018),4.570226451765581,-1.1474327400283042,-0.5344753726072942,0.42524024691979295,-0.3171333568140651,0.292652082799323,0.1202181006874218
Morbius (2022),0.746008204568472,0.2127162887868808,-1.361674556755068,1.2888376766916518,0.2075158589936955,-0.8435934717047108,0.6860479588405178
Raya and the Last Dragon (2021),0.7969475746251165,-0.05668233892227094,0.2710439967453149,1.2749580641474452,-0.9759119249930008,-0.8096933658025075,0.003696748268324803
Mother! (2017),-0.2811492758528464,0.07658947759105884,0.7898001706102984,0.7414011076407963,-0.08545086952161395,0.2960088299108395,0.792253729126435
Cold War 2 (2016),-0.6699745591560786,-1.7108590003057,-0.26478972588898303,0.008551229190192598,-0.24001821305521656,-0.6147683377684117,-0.3405708881195914
The Secret Life of Pets 2 (2019),2.361729380463064,-0.3755300627757746,-1.7012960920761915,0.5748235092963244,-0.822509291789703,-0.18438235392955918,-0.7359130188748072
Minions: The Rise of Gru (2022),5.864988814297708,-1.2005317756843699,-3.01596289196785,0.726464471991486,-0.687907486402173,1.339763712531834,-1.6783536668523944
Dügün Dernek 2: Sünnet (2015),-1.8744001000425154,-1.5323007571102067,0.14911058599604218,-0.1918088540723378,-0.04548103539536537,1.0226812420109057,0.14391846146305992
Tini: The New Life of Violetta (2001),-2.041254723032258,-0.6935072988139775,-0.36498324071945454,-2.163857608867418,0.5747864424336945,0.592051269925715,0.1582596162779179
Annabelle: Creation (2017),1.7070902721959946,-0.4885341184674704,-0.6048854836468298,0.517889368785411,-0.23867464491646256,-0.4730821757321253,-0.26002182607683116
The Dry (2021),-1.27219695039427,-1.5355470982008386,0.32137198934478606,0.8174540017031133,-0.4345272351790978,0.04478891511567405,0.1461775068209431
Mrs. Harris Goes to Paris (2022),-0.49638903734530215,-0.33995729939131825,0.4063078781944392,1.4584428341670248,-0.6154654298755033,-0.5304594087722057,-0.200174811497915
Escape Room (2019),-0.1068538716513535,0.3469747294735073,-2.5107239582661913,0.5633742023009072,0.19784611020897613,-0.5843169367604469,0.495669178741196
Ocean's Eight (2018),2.007580091493157,0.11942700193805202,-0.5282029497961855,0.8095694331594491,-0.15532544787003827,-0.2740436442013553,0.22516184596384844
"Love, Simon (2018)",0.09877908168835582,0.9150656311490809,0.8844827959657867,1.2243828845048612,-0.8262687621637227,0.16718566556481773,-0.17329088483282293
The Girl in the Spider's Web (2018),-0.9722162308575868,0.26397853733670523,0.10565181294367569,0.9262783464993852,0.13106744408065502,0.6511211214836682,0.23992655644758892
The Ministry of Ungentlemanly Warfare (2024),-0.03480439026086694,0.99328198108586,0.6078184922355733,2.2467576693467386,-0.2466198053297157,-0.19562142685977016,0.208516125526558
Hotel Transylvania 3: Summer Vacation (2018),2.9522496612586586,-0.8426851929086929,-1.7357706721917519,0.40510025591531007,-0.36507008871689595,0.002386387486795429,-0.8958548070454706
From Vegas to Macau III (2016),-0.6302887102053383,-1.4987583332658858,-2.949147817614847,-0.1966866101411704,2.14761572007898,-0.9618584765190015,0.8516365835922801
One Piece Film: Gold (2016),-0.9120690820733889,-1.8660629159992181,0.6163047310742892,0.17228302576404575,-0.18944240276670746,-0.26355774377837576,-0.4850443893202782
Penny Pincher! (2016),-2.1030610327395194,-1.331018063118854,-0.6509585028763119,-0.35164715747817343,-0.5619345590365323,1.0984144503431046,0.38163347428047883
No Manches Frida (2016),-1.530777101560266,0.494924125758039,-0.15433094853253368,0.663974789811156,0.5901859644264911,1.2918471621209644,0.23181083922486784
Journey to the West: The Demons Strike Back (2017),0.18878445936976151,-1.9807046995136932,-1.495932124193072,0.008847212457012175,0.42723816371615525,-0.8991422429090129,-0.34488360752315583
Quo vado? (2016),-1.0469423919459337,-1.4645244837760902,-0.6111442315349059,-0.2726570180890866,-1.0477992868566297,-0.31392943961920655,-0.1539755445179516
Detective Chinatown (2015),-0.29242401487192177,-2.0065731572476135,0.29015725004609255,0.17225060029472994,0.5553840289530544,-0.9185525556616535,-0.5892214564665672
All the Money in the World (2017),-0.23255124280116427,0.12353653793616878,0.869063479078033,1.05833676355773,0.25423201251832656,-0.013890453164526681,-0.07142614799963944
Ex-Files 2: The Backup Strikes Back (2015),-1.8571301034748904,-1.3570966196335144,-1.255894253523201,-0.28511097279264297,0.8922842498117275,0.3490551973069628,0.6486491398870856
Devil and Angel (2015),-0.9934649370795302,-1.5726370220481747,-1.474269336118174,-0.08983425167732381,1.6250902907092961,-0.7698329493102393,0.45782650377306827
Your Name. (2016),1.9848032675896248,-2.485413564421218,0.6020378118066297,-0.28757151069012343,-1.5609540021256214,-0.7076577413771145,-0.3800994511285165
Wish Upon (2017),-1.432954872802891,1.4173767873576588,-0.9163147957112946,0.7412424958331364,0.05712821662105785,1.31299924565556,0.5552082806742145
A Silent Voice: The Movie (2016),-1.1148329746705776,-1.9567014359671064,1.7612225887596111,0.18922024986817335,-0.6564335904570301,0.5964681437775746,-0.2375820184070843
Boo! A Madea Halloween (2016),-0.07005427796807517,2.880551140223821,-1.0548245485061112,1.3756571085180092,0.8290065446870368,0.2881457354668726,0.18608338536647123
Time Raiders (2016),-0.5332584481095717,-1.7999466909465622,-1.2115915845840457,0.056882023226029726,1.2112547729181795,-0.8681231045784005,0.08353357396008654
The Hurricane Heist (2018),-1.5097385294708585,-0.4649762129904352,-0.926749600786023,0.4082284252478001,0.29276998003923344,0.5300753572104504,0.6230229451907996
Wind River (2017),0.25199299343218523,1.5946603955921685,1.382378556569216,1.1808207695591202,-1.0660933535902601,0.6115034816592952,0.43728564048884777
Mission Milano (2016),-1.9273126191157999,-1.233262223247313,-1.8358887246914897,-0.23978697200720905,1.0912631731996838,0.23275516508155739,0.9557375097028049
Os Dez Mandamentos - O Filme (2016),-2.0180882753213907,-1.2923111720282117,-1.8690179757439507,-0.09360762499815137,2.014382700165898,0.2750402627521541,1.1931614552898548
F9: The Fast Saga (2021),4.229844936697374,-2.027924440780219,-1.9465492448895823,0.9387746155363889,1.6279981227038773,0.25040951141666423,-0.6928162788464943
Fast X (2023),3.99801193813235,-2.26742929874639,-1.7417067487275755,1.1861895952202253,1.2212369059379722,0.15887616276984107,-0.9357211060466755
Logan Lucky (2017),-0.10381646380728675,0.7762784488771242,0.8844583241625409,1.0620232760774402,-0.3032015718856575,0.2164880644435776,0.1932533247533625
A Violent Prosecutor (2015),-0.9370619303570775,-1.7802904668833655,0.3966498346195656,0.05161941536364117,0.15268008217270523,-0.32686257013108305,-0.3418284063711899
Judwaa 2 (2017),-1.894709013774369,-1.4332237786241993,-0.8527525756204052,0.397773724243383,2.4397978110648193,0.6065155310777864,0.9860794023365508
Hotel Mumbai (2019),-0.9747519062089023,0.12027028757953445,1.3690041154088872,1.2236377128762357,-0.5241724050431699,1.2309780028537494,-0.14370024973077417
The Big Sick (2017),0.24273001322519264,1.4682083296346842,1.2546584624493209,1.4129977381134542,-0.46054182357302503,0.2623182892690271,-0.19001757214310194
Deadpool 2 (2018),6.082486528697683,-0.970522516015322,-0.06553569238928718,0.3996412913969118,-0.7149509971776254,0.8198670561649112,0.647706014869136
Boonie Bears: The Big Top Secret (2016),-1.6660969609358516,-1.368717783102629,-1.2961353098895232,-0.21405470243951577,0.3493370407608226,0.05051237787875627,0.49959420639410856
"Yôkai Watch: the Movie: The Flying Whale and the Grand Adventure of the Double Worlds, Meow! (2016)",-1.793679806727093,-1.4563787755677011,-0.2547324974855729,-0.17511146150817725,-0.47442118767249364,0.6729851373466612,0.11919618615488854
League of Gods (2016),-1.6916881542423325,-1.3961541430753668,-1.3127278282291484,-0.12289200743215418,0.8863762400764014,0.05892964980233586,0.6351834630620823
Welcome to Germany (2016),-1.7269247143538007,-1.6041865974196314,0.08080977073541386,-0.0014563960112422606,0.09793516560351187,0.6743500934869096,0.12355966547092956
Spirits' Homecoming (2016),-1.755747271288284,-1.7531431742259374,0.7004910339797271,0.14126462023365127,0.14759693291197412,0.9492828280790873,-0.0903566202264355
The Nutcracker and the Four Realms (2018),0.3189609416212269,-0.1847632269333494,-1.2273187439166837,0.6024022265838409,-0.05031474884288799,-0.6501136778445569,-0.039083060042874186
Killers of the Flower Moon (2023),1.6306221113123736,-1.0956126404996025,2.704351715238903,2.5520184561237462,1.7770622583637035,-0.6809920738537724,-0.004810548050296161
Sword Art Online the Movie: Ordinal Scale (2017),-1.488351697718335,-1.626492785838803,0.8556193049317105,0.28474493311347576,-0.47930468647114555,0.7031826301498691,-0.32120624903909856
Doraemon the Movie: Nobita and the Birth of Japan (2016),-1.2774307882205862,-1.6318261409754797,-0.025382549060442832,-0.07729701343953285,-0.5721103608095629,-0.034142845594331776,-0.23463438861706118
When Larry Meets Mary (2016),-2.4948688342110046,-0.38398354818424846,-3.430913426571798,-1.3318878878072948,-2.639852083016794,0.7785348554591881,0.97740889831107
Wish Dragon (2021),-1.1496216650290305,-1.507161881964196,0.07772423107649584,0.6166791063932339,-1.2586833689595347,-0.2680065256526924,0.008127898486064652
The Good Liar (2019),-0.7844490946178727,0.5631941650490049,0.33863723893249364,1.1618865968635748,-0.4090019213468952,0.594294604857396,0.005389144669391353
"I, Tonya (2017)",0.17468267457976872,0.6279964827393426,1.311005174837051,1.0207756722799846,-0.6189051672230348,0.18268426393557302,0.3294467527102117
The Hate U Give (2018),-0.28227589823615507,1.6991101358737155,1.5672236297749242,1.8493088908566284,0.00712177746006107,0.9732808722360338,-0.5430698156272326
All About Me (2018),-1.5400664829245851,-1.6673731491064838,0.3238143037354504,0.15184260731619126,-1.0949061474733075,0.5458122546765344,-0.21704008720177512
The Beguiled (2017),-1.2439176209337766,0.3340315210096268,-0.16694278870396428,0.48610571669855573,-0.642235524903236,0.9501323240098698,0.31728840071643977
Chongqing Hot Pot (2016),-1.193750164830573,-1.482771854214506,-0.40039105208170833,-0.14525940646867977,-0.7848704805026503,-0.22775871925239505,-0.18903764066793025
Night School (2018),0.36450942429073374,1.7303012325705875,-0.2441812206790198,1.2463071226049294,-1.233898004966239,-0.21417444383425097,-0.6665244835058032
Confidential Assignment (2017),-1.0493064350894412,-1.808804203171897,0.351468889970523,0.3024128820054343,0.01461372863358871,-0.23161705977966968,-0.26571066854509234
Doctor Sleep (2019),0.38335660599996013,-0.24863992194368353,1.691126542314269,1.47156439350038,0.4262215479857947,-0.19178979215857048,0.2371890263263714
Battle of Memories (2017),-1.3327108909949008,-1.6985423627159455,0.08676800451061083,0.23423620536739875,0.06404277762121752,0.05570307381973295,-0.09028009985976598
Flight Crew (2016),-1.5242888227805726,-1.8484911209936075,0.8159311946433218,0.26726717468332584,0.544444248691605,0.5864969265176675,-0.09736600530912083
Alibi.com (2017),-1.778154554831925,-1.4466423512644595,-0.37332473655871334,-0.16713323965664353,-0.9499940393291071,0.6728037161187586,0.13378775050443903
Daddy's Home 2 (2017),0.8656546477270547,0.9214532613332348,-0.7596655103081892,0.8733657591635549,-0.17729238328680688,-0.33615523236041084,-0.08993302137723204
Goosebumps 2: Haunted Halloween (2018),-0.23074611142883966,0.8070833654067323,-1.1040924379750285,0.8155436426054616,-0.29969689825059004,-0.30246936815335035,0.095096644427803
The First Omen (2024),-0.13964220244716607,-0.2681736850996762,-0.01577182484867916,1.7861238860411095,-0.21471464276869887,-0.900690583520002,0.06395081050980006
Slender Man (2018),-0.9913114851485556,1.4572508897229735,-2.2475943586920377,0.8348554925350075,1.1326936466167896,0.20562477299015522,1.1242308588406364
Show Dogs (2018),-1.3539996330966328,0.8480030977352174,-1.838548013051642,0.6585631239941949,0.6822338386981421,0.491498598195156,0.847087426846804
Detective Conan: Crimson Love Letter (2017),-1.016006624594235,-1.7447245484704321,-0.0964931802185811,0.14974128995761266,-0.24553598901842072,-0.45993111046325696,-0.2380967699106848
Cats (2019),-0.8442015567625314,0.3315020537326881,-2.4144014666497426,0.7798630501391235,1.8352679268647538,-0.38384366978541357,1.3337788107364017
Train to Busan (2016),-0.0385411577303384,-1.8532227380741557,1.063676353381126,-0.0017986966778314735,-0.818820791324097,-0.4797196834419098,0.3766608076942824
Son of Bigfoot (2017),-1.2888425522938751,-1.2017112690623726,-0.7188637900521109,-0.02455280894787218,-0.6391282415716311,-0.11637443005857505,0.16598427508983496
Cold Pursuit (2019),-0.17420895817139803,0.12136874794376956,0.013349440733792607,1.1322958024044192,0.14490356508410462,-0.2629735650554247,0.12347363983410407
Insidious: The Last Key (2018),0.496901509611341,0.15952153899696833,-0.9699671191001805,0.7684703526902229,0.011471653370325446,-0.5719730846438495,0.052628628139246306
Call Me by Your Name (2017),0.06710976785686576,-0.04323999843576843,1.9429910662016057,0.9114983357994931,-0.4842086678076804,0.43137942510934824,0.6378749681805651
Uncut Gems (2019),0.7868349457551926,2.236252399811859,1.8589713178014131,2.0661449076168856,-0.05800366073628069,0.5455219190467896,0.5518221786803683
The Possession of Hannah Grace (2018),-1.1843926949195491,0.30831402687837633,-1.252741114064538,0.48141458650529556,-0.2448674650345592,0.3145841132465309,0.5293973103654505
R.A.I.D. Special Unit (2017),-1.7216275308825355,-1.500815393978912,-0.6423779803732422,-0.024279863151018884,0.0636224026155598,0.4102381669589398,0.35405913371251996
Hindi Medium (2017),-1.24993832123371,-1.9829946133017249,1.444193822549936,0.39106899095873865,-0.3624963555040591,0.5118496436021696,-0.41790829287919085
Underwater (2020),-0.21020656050582148,0.40540021034216145,-0.7292956669107173,1.044801241495847,-0.4968456418251383,-1.1028969453976984,0.40374954701598537
Phantom Thread (2017),-0.18322248545463682,0.09332285052083873,1.3383206496113687,1.0275975942907318,-0.19160386884110006,0.1685529501705517,-0.014192964684586563
The Garfield Movie (2024),0.9747097919898688,-0.21180897522407563,-1.5124217102949413,1.530769852304817,-0.18500467656312217,-0.7675393665905546,-0.18397577691238368
Gintama Live Action the Movie (2017),-1.2761810032719172,-1.7975507523052783,0.16618454261362023,0.3251771886475931,0.5842099642099396,-0.028223030530056165,0.008109167742158606
Bleeding Steel (2017),-1.4134571709438422,-1.539275750734909,-0.9449824288830934,0.049475564878976246,0.4388741526685685,-0.22864986547937116,0.38763257305243104
Spies in Disguise (2019),0.6129570078670504,-0.06415530218170562,-0.35367785763623977,0.9268913114363209,-0.6791871575771662,-0.5029400751688146,-0.3885758702646026
Victoria & Abdul (2017),-0.3798135276896581,-0.1337108440578156,0.2176308136437544,0.7145302152021195,-0.3850211602424412,-0.29236795026203366,-0.24250158238807168
Paddington in Peru (2024),-0.7113610603987199,-1.7063146882034832,-0.31627670635987326,1.125984249757197,-0.862834014014108,-1.0652059690308477,-0.06092400913171937
Europe Raiders (2018),-2.2216916946236123,-1.3727154494076776,-1.2205561235376938,0.002850512865350751,0.4516948667673075,1.017016756494806,0.8111595877094061
Moonfall (2022),-0.2371419049100219,-0.5429977393679226,-0.5375124704757792,1.4007793865508515,0.8938207382940145,-0.9045852778079612,0.6485715339040969
Call of Heroes (2016),-1.7581880735500248,-1.6572801782359123,0.31758946026845564,0.051280636073543016,0.10939332057307073,0.8013068760920172,0.047402155939069185
Shock Wave (2017),-1.0898591481426954,-1.7375312504684073,-0.04878721095158176,0.21970497401423308,0.09921716778831152,-0.3047229046035312,-0.10218127522683638
Ralph Breaks the Internet (2018),3.4818983926867992,-0.7539988362810623,-0.7944766057700607,0.6459360888718021,-0.3650340006338989,0.08277735054352547,-0.7833934611453142
The Adventurers (2017),-1.6347752040755086,-1.4935198574850879,-0.5953464558788314,0.04530581952183522,0.16965205252534576,0.28842043627130276,0.31451954018171413
Last Christmas (2019),-0.7446907215626419,0.7068547385824002,-3.7745080640207442,-0.37895364887251165,-2.7761466002270483,-0.5425274289769181,0.48812627683619186
Pokémon: Detective Pikachu (2019),2.622554439783215,-0.7383015745879609,-1.08971339227266,0.6393474834929747,-0.4113784021521121,-0.24629006319716598,-0.3553002407002852
Plane (2023),-0.03648949726580827,0.08448628834217355,-0.21762200508141147,1.570671502426621,-0.5353200784984133,-0.5656100324859206,0.14398924265355906
Line Walker (2016),-0.8977017098015311,-1.634833144405382,-0.5534747762483138,-0.033624816668359286,0.012061113981233018,-0.5308197471611673,-0.1045937778779402
Doraemon: Great Adventure in the Antarctic Kachi Kochi (2017),-1.088178879469863,-1.6631495729703745,-0.1985521232503082,0.036019579333161286,-0.6975116858981056,-0.3546778487664972,-0.2647128122233817
I Am Not Madame Bovary (2016),-0.8823951582288699,-1.8835949415686017,0.5068493581608693,0.22663844231244254,0.08645984087235424,-0.33475806028130956,-0.43877322651500444
Padmaavat (2018),-0.9948427398089397,-0.12028252142565182,1.9862299720474221,1.562425501684441,1.1167751903656349,1.3401095578919204,-0.31874838143096973
Love Off the Cuff (2017),-1.75344756889748,-1.720584681012343,0.37313346258478947,0.1950204087801026,0.05232623521544271,0.8450242548883334,0.029181439594675514
Tiger Zinda Hai (2017),-0.5134136347036116,-1.876117189060725,0.6047138586049462,0.7463599691645922,1.651546084218286,-0.5965239302653144,-0.09195607841880965
Knives Out (2019),1.62568612996741,0.5704167876161462,-1.6465687425847713,0.9550735853450205,-0.38617824216913665,-0.25616064830111185,-0.615207518658076
The Battleship Island (2017),-1.080707858925292,-1.8423228536099052,0.8561798308624713,0.42303517054937334,0.029189441803524303,-0.008997147082380351,-0.37580924851974395
Thugs of Hindostan (2018),-1.4945451276449746,-1.7635851490889933,-0.28178152880923246,0.7507120749206039,2.745099845961135,0.17570492330497728,0.7762833224517106
Jolly LLB 2 (2017),-1.516200739756728,-1.6722146549704395,1.284957807844119,0.492869532140155,0.16695334634251352,1.0104556234613595,-0.18030217737959817
Three Seconds (2017),-1.141099897190974,-1.8838357786622844,0.5925548313364017,0.383468432660765,0.29735450484561876,-0.06924453970821685,-0.2215472284444825
S Storm (2016),-1.909422062234043,-1.291396211076459,-1.1337904354788435,-0.2697777663981029,0.09354902829615715,0.49220218277609823,0.5463585021667805
Diary of a Wimpy Kid: The Long Haul (2017),-1.2036366704081876,1.113248475345899,-1.6157931451966387,0.6254651109787476,0.5229031192817065,0.4754482617939959,0.7067462787580635
Chasing the Dragon (2017),-0.6603712193912947,-1.9044954889628747,0.2840291181530229,0.35077383871092815,0.15448081808919195,-0.6123987656904512,-0.39331786994368345
Épouse-moi mon pote (2017),-2.0612931410926545,-1.4175201264734145,-0.49001203586249625,-0.17484921606517506,-0.6180376529337228,1.0743700053173437,0.3169544467158404
Operation Mekong (2016),-0.06686591704171099,-2.021215497143335,-0.22820438656407804,0.1274394004149194,0.20963913948309065,-0.8657514022584128,-0.6076889006094055
I Belonged to You (2016),-0.6752454106555036,-1.6832427143132387,-0.947344590404435,-0.01684798811211292,0.426085921133788,-0.7766185578954953,-0.0622048597393697
The Protégé (2021),-0.9744946738082999,1.9712010802739475,0.1613827851312749,1.892249048884454,-0.01644531844193815,1.2521219465636706,0.2057490067911495
The Menu (2022),-0.12354957518340241,0.5388798088197555,-0.9113460626888399,1.3938216091576243,-0.7802436756163277,-0.7664628248849557,-0.14190387540918725
Love O2O (2016),-1.4911193265425453,-1.5618813452846785,-0.22076400919597491,-0.095773668297807,-0.3982762709440581,0.16862130126337135,-0.03930174692229163
The Angry Birds Movie 2 (2019),0.16258614279598918,-0.39462145784582264,-0.7212991933576605,0.70849334907668,-0.627024110604109,-0.6038141310476537,-0.22579951409314036
The Lion King (2019),10.721883047500786,-3.005939325074977,-3.6553687224320868,0.022635660355248746,0.4519158924917358,3.4004189433024385,-2.7766679842953375
Late Night (2019),-1.031902459881123,1.4091550356430922,0.2357061747525478,1.3232451305490622,-0.4390525043674207,1.3148731156964633,0.08667516605843523
Secret Superstar (2017),-0.0913599024469824,-2.330851901322518,1.423052476898166,0.6193039379944644,0.21640703442730003,-0.6925921102046989,-0.8662823087418483
Antlers (2021),-1.4834775746485573,1.8932057022489175,-3.1301782213487233,0.3153970271329264,-2.969515980235011,0.27231337118775584,0.6554346576497266
The First Purge (2018),0.29291576733390673,0.7574329507498234,-1.29307389061015,0.8492687346205781,0.13057379138381853,-0.5169784047956989,0.29721399048646735
Once Upon A Time (2017),-1.0510630916321522,-1.5353003165482333,-1.1444002849919086,0.05495711204723453,0.5024263147324435,-0.5678064695007013,0.2663714443967475
John Wick: Chapter 3 - Parabellum (2019),2.9745430720941117,-0.05051501392924862,0.7927175924966481,1.1583630910345095,-0.3148740474227201,-0.19867361998750155,0.5135465534694991
Buddies in India (2017),-1.0698502992562806,-1.4089761045959661,-2.3261724313559737,-0.11934309370945187,0.9747638598691821,-0.7662771959114646,0.6609388870192823
Legend of the Demon Cat (2017),-0.6844824447893748,-1.9347682237676431,-0.07029659788678158,0.3282364963887433,0.4962225315120606,-0.672549566952329,-0.2613885825417542
Wonka (2023),4.073918872147628,-1.3445360695615427,-1.1849778127887742,1.2338982259094553,-0.34127827368646657,0.29344991923224084,-0.9830021391335758
Mr. Donkey (2016),-1.6154939458740916,-1.6836002361963125,0.7705247325551448,0.05498812233954634,-0.6632702612896305,0.7663840799497336,-0.3342265562701125
Monster Hunt 2 (2018),0.8673351270356853,-2.2976563792163125,-1.8177287642114335,0.07563214429417704,0.493885022502213,-0.74961162276964,-0.6245604701960299
Luck-Key (2016),-1.2224694851064464,-1.6602472762351197,0.2933444876862719,0.044313539102002274,-0.43412824287335916,0.025650399008884925,-0.28913644926855453
The Last Warrior (2017),-1.639396740067452,-1.6494709240538623,0.10215217206408772,0.1303263187464706,-0.1062094066793268,0.5550717591270966,0.053856431169771325
Smallfoot (2018),0.8921153901358299,-0.04703169178421774,-0.7539587435402442,0.7057548032205352,-0.6856734749914408,-0.5384325766601962,-0.5015537170695902
Angel Has Fallen (2019),0.6536614930440143,0.19152138628743168,0.0072431502627610675,1.2106830752569508,0.108705288454048,-0.44623938355070825,-0.02598266673060327
A Shaun the Sheep Movie: Farmageddon (2019),-1.3054238313984108,-1.3248264505532175,-0.42566295290709555,0.18258636509310888,-1.2980964748708421,0.08420851931170618,0.04264113497509418
Boo 2! A Madea Halloween (2017),-0.5198508688034534,2.9506820663819044,-1.4751349732689956,1.4431133178985205,1.1386338656601345,0.4307507204201166,0.5308659632646803
Don't Breathe 2 (2021),-0.10445149348725075,1.0664840968020615,-0.5728821802218519,1.4781524315709844,-0.4097851022495853,-0.5649986138405727,0.22690950582254832
Deadpool & Wolverine (2024),9.888565595666647,-1.9126358411148807,-1.9523654042973804,1.179850163412854,-0.1618236512168926,2.8841324164719526,-1.3848551805487144
Free Guy (2021),2.6978705737867816,-0.6806568040462343,0.11962375984105017,0.9941881945232708,-0.7086845660265556,-0.5459626988383214,0.7409859866836479
The Bride of Badrinath (2017),-1.61777672292685,-1.5299927613892754,0.563543920006524,0.4749044267983301,0.8509550015602797,0.8368433812923004,0.14994579340361305
Brahmastra Part One: Shiva (2022),-0.4076127848880226,-1.6444340801032475,0.6026020033358439,1.5734111306287688,1.7966442815062689,-0.8485960609114003,0.48191618508752615
The 8-Year Engagement (2017),-1.7573581041718982,-1.7978322244202938,0.6864881135360958,0.17880200315995212,-0.31214661701258695,0.9588589010212547,-0.17558466337008627
Spider-Man: Far from Home (2019),8.179390666589732,-2.207131463391963,-1.227092339360722,0.3158904920593807,-0.0466553165132785,1.8361646565937944,-0.6315190277199303
The Suicide Squad (2021),1.5737292680410577,-0.738158883902482,0.95904815613511,1.2296478273302727,-0.3220027536304686,-0.953537886951579,0.9123618063541958
Mary and the Witch's Flower (2017),-1.3275155064443167,-1.420920949138448,0.08761934793430971,0.11400032841826825,-0.68716348720941,0.22981837107158776,-0.14629443434410436
Creed II (2018),1.5485859387290901,0.27878222285163784,0.5662875418008368,1.2742682604754358,0.029543626672161503,-0.39040252744357146,-0.3322668572625252
A Quiet Place (2018),1.9759128416760032,0.6374833756120708,-1.1328539533145554,0.7987759172726695,-1.334813033429944,-0.04749381147217605,-1.106640390735964
Missing Link (2019),-0.9687331825923418,1.2056653951278766,0.0628463983927657,1.16490144891976,-0.8465929201218237,0.9896625689492564,-0.029064577631295888
A Bad Moms Christmas (2017),0.30829459846293167,0.8893039582137313,-0.8134877732992319,0.8887574366606937,0.1673935262408979,-0.3518070282656716,0.060194525875482074
Bombshell (2019),-0.12616225220488617,0.5586253460145792,0.34962327151137657,1.16206321850622,-0.5168310207788083,0.0058510056732331275,0.15671850623532796
Downton Abbey (2019),1.1650925021736764,0.12362874940432582,0.45321066835954293,1.3353521900384846,-0.37994479681277143,-0.45286099040725114,-0.7301421302402382
Some Like It Hot (2016),-0.7274454803881668,-1.4466706059374586,-0.6940640609133966,0.08686698928336953,0.43765672539700184,-0.6950432347056816,0.029078751176714386
Wonder Park (2019),-0.14216474122442418,0.2281631557310491,-1.210775250343843,0.7223647707520704,-0.6746371347690368,-0.44575808691567487,-0.05535066529120153
The Personal History of David Copperfield (2020),-0.9133303068817727,-1.0196168862907737,0.060603101163855984,0.9123870823339791,-0.08646548513239376,-0.7092159833450246,0.07466099413003138
Recep Ivedik 5 (2017),-2.108011277311595,-1.3110120285958893,-1.7716529973042268,-0.04265340874686157,1.6197748624798705,0.5748463459740801,1.238013579584561
Black Adam (2022),2.804713681224342,-0.5139277082099892,-0.632791207213531,1.3565450822337464,0.24294986352333703,-0.29460365800544475,0.25321543369082633
I Can Only Imagine (2018),0.5449009204319888,2.4092037985293278,0.6472623231620226,1.8398258181405676,-0.5348131128398542,0.1642892864328832,-0.7470062989762631
Terminator: Dark Fate (2019),1.3910368182130168,-1.064152068275366,-0.2889222222080392,0.8155454750526973,0.37559704869441746,-0.7409265914880802,0.13989646049514842
Sanju (2018),-0.33398427113906703,-1.8708117416331882,1.63389332809063,0.9344920059113806,0.44140357270805164,-0.3443133814533092,-0.5242783257615488
Bhool Bhulaiyaa 2 (2022),-1.3146396292035363,-2.009680587377155,0.1413888579523454,1.1037075248493688,1.0054476098538627,-0.24076544496602628,0.4211914075238099
Duckweed (2017),-0.33853999132656,-1.820082663227111,-0.7370612515114738,0.032677009534811265,-0.4176291988679405,-0.8177357220369947,-0.43580326614395837
The Monkey King 3 (2018),-0.6585851822285983,-1.789379746023896,-0.9663143388650588,0.2658904427612659,0.41693081834582096,-0.8692459407083853,-0.009936481191233446
Sing 2 (2021),2.6122386974611604,-0.5965304886033528,-0.5682453466626644,1.1993025954694525,-0.6946941837563307,-0.3402311823061684,-0.9696217307800399
Suck Me Shakespeer 3 (2017),-1.098611645510063,-1.6569229803929908,-0.6341570369757391,0.18694444482138572,0.6460372280642532,-0.5124637751800757,0.20699624750741347
Five Feet Apart (2019),0.21866802069220703,0.3200756453726518,0.5663141926220909,1.2572912860694292,-0.504710747443034,-0.24573097743994335,-0.27507989437608293
Monster Hunter (2020),-0.3857062838821257,0.1528408521963306,-1.0723439921168374,1.0211979235218296,0.15610950088900283,-1.1881595680883503,0.5277588001830303
1987: When the Day Comes (2017),-0.919900953126795,-1.995170273851861,1.1167730654586483,0.39233811946058095,-0.41495983744251963,-0.1573375157871127,-0.6248901653975908
Destiny: The Tale of Kamakura (2017),-1.4554406915058906,-1.860494735199372,0.5449526101762098,0.2994483360114222,0.2195719554654869,0.3570206264615968,-0.1536242026600512
Migration (2023),1.5187944526679282,-0.061759203253740576,-1.440004188850208,1.25430821874701,-1.192143038924815,-0.43195095709151193,-0.5584422701403944
Fighting with My Family (2019),-0.48677756207838513,0.7165365683984029,0.5336970279852619,1.2198961328640618,-0.6257668362575094,0.46268904258951266,0.0024803098820642897
Immortal Demon Slayer (2017),-0.6958211381280516,-1.860974638178738,-0.42405843164538776,0.24746619554225452,0.4895734077206563,-0.7195623074874765,-0.16075151964495918
Serial (Bad) Weddings 2 (2019),-0.9185227774248071,-1.6888260062991545,-0.7992362485369404,0.22767872953783577,-0.46775361995155346,-0.520442638478544,0.0038881352439037245
The Queen's Corgi (2019),-1.7134313701359705,-1.0883410024163283,-1.632393786180715,0.07332600521887019,-0.22491408303650112,0.16725480425021252,0.7510104245543291
X-Men: Dark Phoenix (2019),1.2249035983940768,-0.7547459930537287,-0.8838996926540184,0.6540519930747482,0.19852600453328506,-0.6628407605330865,0.45167846138466516
Ainbo (2021),-2.0309912716719243,-1.1073187381797727,-1.6083572812136162,0.31825618985580073,-0.32373906477320047,0.4925719297533655,0.8891087875135858
Monster Family (2017),-1.9416272600361013,-1.0386630521252556,-1.366093635778933,-0.12358429633179589,0.15152091628397305,0.6373223854634863,0.7771901795377733
The Boy and the Heron (2023),0.6313947334680032,-1.2695266048351919,0.40167594032983356,1.4448340697831306,-0.5258955341167041,-0.6814835017715204,-0.5184240290661141
Trolls World Tour (2020),-0.6435337980425806,-1.2881155257320271,-1.0049955098598682,0.43726179147893773,-0.8083809262607102,-1.515628934032301,0.16593690497853156
Hichki (2018),-1.5826644223407869,-1.778903356586097,0.9078618575304305,0.34392373204834426,-0.6917318428874145,0.8760823496456758,-0.25678481560189953
The Prison (2017),-1.7306854504770894,-1.4899649804561326,0.5028026218925962,0.3030840301332089,0.15539712251809515,0.9964630373815332,0.09486233992521645
Pokémon the Movie: I Choose You! (2017),-1.514583709747223,-1.286178170804631,-0.3272292896560148,0.04406869398436773,-0.5427219152459561,0.3368067704540076,0.0352089141981481
Bad Times at the El Royale (2018),-0.4073312158233615,0.4714109260727013,1.5722563516929418,1.387299654742594,0.31342433273554965,0.8381509027365504,0.2392444511168532
Crazy Alien (2019),0.7681795858214227,-2.368676478558979,-1.3752551261359276,0.31363686431112836,0.3925527008849935,-0.8437259370177607,-0.6840578400848946
The Spy Who Dumped Me (2018),-0.25478647360841844,0.3054644198937742,-0.08730472412127224,0.995806914066053,0.23945810432002498,-0.08820015500805273,0.20407897793768498
Dolittle (2020),1.1339354431278927,-0.45140666881563046,-1.488757942268651,0.8428546679932323,-0.04908715849071831,-1.0515179287100476,-0.08979330588623859
Mavka: The Forest Song (2023),-1.5833830282074008,-1.7374833103205036,-0.3120223232570556,0.7912922968583757,-0.8971144795291353,0.16660988090057013,0.17270660893775633
Extraordinary Mission (2017),-1.912691224821707,-1.673230601979373,0.09802872823261567,0.13359219364078842,0.1228084992874063,0.9714683684325736,0.15896023577487792
Everything Everywhere All at Once (2022),2.0019091275360648,0.07903083751146162,1.8526600790135124,1.7258056050329655,-0.532302627156457,-0.6857375976448831,1.2974533528753396
The Super Mario Bros. Movie (2023),9.150733255614588,-1.8381437033102532,-3.47678288451,0.6452646846244015,-0.7388660459202558,2.7974015879875274,-2.0282303958747296
Tenet (2020),3.08714882524918,-2.0202297714743995,1.1181054562590862,0.7979264283701547,0.1400591572203526,-0.8545448818432716,1.1492907113636375
Steel Rain (2017),-1.3859041600382307,-1.9823276148851916,1.112331341844691,0.4361782691986234,0.2415854785074566,0.49367376191801177,-0.29815466607863983
This Is Not What I Expected (2017),-1.624046651415597,-1.6031771449054115,0.08535417997797402,0.08046851463151573,-0.5071956271920364,0.525123069369018,-0.07055864697942027
I Feel Pretty (2018),-0.013425281944616658,0.6760473288095412,-0.546390575241642,1.0428123031453687,0.2375339585717773,-0.3472115749886735,0.12379862543212133
Guardians of the Galaxy Vol. 3 (2023),6.453255333367681,-1.6808541530876013,-0.03352379651105825,1.513678575576226,0.14377893299677616,1.0888519169054334,-0.8347067046838401
The 15:17 to Paris (2018),-0.5744656205352111,1.3981700810317201,-0.9629117641247091,1.0211032072473591,0.021330079169348037,0.21701168576473137,0.32908967667758476
Fast & Furious Presents: Hobbs & Shaw (2019),4.6864318686906135,-2.158361395431423,-1.1612225659263313,0.5880737462958294,0.7263224461929572,0.4638122713292539,-0.9645162044252632
The Kid Who Would Be King (2019),-0.9373560628726726,0.5938453079148429,0.1884329313884682,1.2851358512238311,0.30264817094116286,0.7076616222043886,0.07843335258672102
The Thousand Faces of Dunjia (2017),-1.447407965172433,-1.58087714530856,-0.7163866994908268,0.1079356126671276,0.454151330282011,-0.10793147938543733,0.28033752465149075
Baaghi 2 (2018),-1.666194313849477,-1.5704615811793061,-0.40621274455139605,0.4939151713086152,1.5208911113380603,0.4408365082723678,0.5978418703387105
The King's Man (2021),0.5713696693644692,-0.690455077597131,0.14608018718280938,1.2877190209327913,0.29870621973110617,-0.9487874609135956,0.37449871390418604
Fantastica: A Boonie Bears Adventure (2017),-1.137154248293172,-1.4585550292036857,-1.2846953606204348,-0.13188162889974497,-0.3897231293048223,-0.5449016323537859,0.13565561926057695
Killing for the Prosecution (2018),-1.8490183896903147,-1.7959512965734854,0.29979421572762566,0.31570849961000325,0.18338853172078542,0.9422537638123855,0.09858591352563634
Family is Family (2018),-1.4062405971666234,-1.6102953364472317,-0.603844862227626,0.15752573428062164,-0.023261606966405505,-0.005555068489617178,0.20882490914288687
Detective Dee: The Four Heavenly Kings (2018),-0.7137183590776588,-1.9860166503583336,0.05574995246742175,0.5019677530366987,0.495742799259168,-0.6336931622062049,-0.2592779483559741
A Taxi Driver (2017),-0.4030151424643457,-2.084986692720102,1.3206750658966013,0.5084452963656753,-0.2881441063893723,-0.5423285058739027,-0.7533810002675403
News of the World (2020),0.030331193545371678,2.4627639388976066,0.7837320728345382,2.171582865132338,-0.13421465571280436,-0.0040615710656643775,-0.0960064714959618
Operation Red Sea (2018),2.4902160071992707,-3.2136817831399647,-0.9089442812689269,0.34394788869690246,0.906119017720878,-0.4238601449032012,-1.7004864115112168
Sound of Hope: The Story of Possum Trot (2024),-0.40471060642450896,2.11907420548353,1.1635669774279542,2.840705221488486,-0.0484568617385488,0.8231280691816497,-0.46983062697261263
Mirai (2018),-1.66241005695812,-1.5397780896243154,0.17255596723273814,0.12525433847583867,-0.9940305004991258,0.7550967181810542,-0.06570008320666842
The Marksman (2021),-0.5891681741458309,1.3108149371459854,-0.38416877771655344,1.6639021363564839,0.10937425609744145,-0.0001835257581208339,0.28773942466179897
Sky Hunter (2017),-1.368449758075659,-1.636751949112977,-0.5598511879141609,0.13925907390697115,0.39807448566395587,-0.1796761272393016,0.18926546476136227
Mamma Mia! Here We Go Again (2018),2.216958694408034,-0.8621052942746495,-0.7759652471153896,0.6449185255496145,-0.10726014848726356,-0.348960162917008,-0.6647792254494017
Resident Evil: Welcome to Raccoon City (2021),-0.5608439922496385,0.257000732578148,-0.9222866322428764,1.2292098927090687,0.27351240164217083,-0.6072638444297828,0.5768895861016553
Johnny English Strikes Again (2018),-0.04859349961714415,-1.37737713904863,-1.069245450318483,0.05320609801530526,-0.8198077282437134,-0.872405030295669,0.07922683816078738
The Great Battle (2018),-1.2162774369425369,-1.9541247699958257,0.8846393821791914,0.5614739469912354,0.17722057723509999,0.18947829902460525,-0.2931617460531353
The Boss Baby: Family Business (2021),0.4007245101155636,-0.039201741496497994,-0.9053835486276678,1.2533788668400476,-0.06554958841236087,-0.9127727975678148,-0.14819026197172655
Green Book (2018),2.8824467034756105,-1.2962246358367144,1.5141071095992624,0.536152071055504,-0.921717718375302,-0.394364800603539,0.9614896997140612
Creation of the Gods I: Kingdom of Storms (2023),1.342460951454444,-3.003499481438541,-0.3270299091899144,1.206279113960662,0.7489192773562263,-0.801023000045858,-1.1160344676623206
The Accidental Detective 2: In Action (2018),-1.8258641241659652,-1.7037737616557744,0.2601593717746697,0.27479760692154054,-0.13792521995925588,0.9429983024304408,0.06573253724590317
A Simple Favor (2018),0.49622275722024123,0.610802466541417,0.467182413297537,1.1539500565648786,-0.2513679327028858,-0.37036593869565254,0.14227633557120647
A Madea Family Funeral (2019),0.012177023813041778,2.7151024996358855,-1.0407885177801492,1.846570284482339,0.9165747291911558,0.13637375665411708,0.20918286586292525
Brotherhood of Blades 2 (2017),-1.3976617356759025,-1.7807613381547345,0.2642390709345419,0.22600974722743514,-0.025052025409066734,0.1965887772007655,-0.12973922135373248
Midnight Runners (2017),-1.338883968032456,-1.7425527524692728,0.5167371869380897,0.13087426051549889,-0.7974798529530104,0.2833525897959401,-0.3144644348256891
The Magic Tuche (2018),-1.6573582109928318,-1.3724640483772894,-1.5698602992274584,-0.02826685380308596,0.24684713475728207,0.000143992093540711,0.6483316070848154
The Conjuring: The Devil Made Me Do It (2021),1.0757589974515283,-0.5495627587265174,-0.5712654517275415,1.111595093025959,-0.21562230081450917,-0.9550372650580261,0.07003143907347087
Dragon Rider (2020),-1.756123987658268,-1.2076791772219257,-0.9468120184755516,0.33081349420625805,-0.54902317856229,0.16326740216572405,0.5147653857832818
Venom: Let There Be Carnage (2021),3.4092792650664876,-0.38336322230342174,-1.7450587255278482,0.8453331479151299,-0.34976766143146054,-0.03651484067891346,0.15247443322979762
Wonder Woman 1984 (2020),1.1664969251740502,-0.8963135117947504,0.03676493722581968,1.2239969964502448,1.4004198711312936,-1.2781496650531516,0.9557835470458654
Once Upon a Time... in Hollywood (2019),4.0624165876408,-1.140957505260975,2.055120241321574,0.954208059268025,0.22078145362840274,-0.2353674590873947,2.082660234879675
Wolf Warrior 2 (2017),3.921129061058979,-3.584297776537037,-2.5011696145336364,-0.23131758380941295,0.9387947058974591,0.24067947101452422,-2.128726770460343
The Rhythm Section (2020),-0.9763373688731869,2.3233413224926234,-0.2868169499345574,1.841296723068644,0.4442665824353732,0.9960067626846355,0.30853751725519746
Breaking In (2018),-0.40529637923895706,2.5785251360353136,-0.8529231374323482,1.3941271125595918,-0.1856098587596356,0.5083023314185316,0.11674312282612336
A Rainy Day in New York (2019),-1.670951594579744,-1.3049967917310448,-0.34397914812292685,0.16743416053231056,-0.9047236573903426,0.7376630068907276,0.4619491618950061
The Black Phone (2022),1.2253424327758935,0.5298089800108968,-0.08445749019409962,1.5154310415213026,-0.8754555810538287,-0.6717556031220141,0.2550348672619851
Onward (2020),1.0214098563173661,0.06576008870340135,0.181538513164694,1.1343990522664127,-1.1510831201915235,-1.087597732913997,-0.11624790301051702
Along With the Gods: The Two Worlds (2017),-0.33896683406150246,-2.0783526843907403,0.8206358993093268,0.4943058919566513,0.19845255348624777,-0.6449682577542415,-0.6296860551304788
The Zone of Interest (2023),-0.36873156876293306,-1.0607163794405596,0.2815647798695859,1.1571751345348282,-1.1704343177065633,-0.5790447389888898,0.18509965481076252
Project Gutenberg (2018),0.12048285525034291,-2.217105053761876,0.03408240333193727,0.4626298635249398,0.17503510811983963,-0.8743725022653129,-0.7123216856360186
The Founding of an Army (2017),-1.2696405143996456,-1.7037108785451982,-0.9270354992062275,0.2867885407234897,1.5891782672871406,-0.46140896658451924,0.47779173063427705
Klassikokkutulek 2: Pulmad ja matused (2020),-2.119543192454164,-1.373497940375837,-1.1606897806684338,0.20876070909438915,-0.3138396269753803,0.6286880364580599,0.6789194681936433
Simmba (2018),-1.0529748899883034,-1.6307226274129836,0.430586070645923,0.864576071266936,1.7691546250609371,-0.01591578122606688,0.19123815362616034
Pad Man (2018),-1.2564191605377277,-1.8653392597738685,1.7144624085288185,0.6912705036879557,-0.186052406141001,0.7457904124312696,-0.4547922821238336
Guilty of Mind (2017),-1.59962869893303,-1.4873233433941524,-1.2238157874797893,0.03144388563404574,0.7683095770186322,-0.06572560849270394,0.552811644830732
I Want to Eat Your Pancreas (2017),-1.3077569715401425,-1.8121692349826681,1.1090500278568072,0.15022052956274629,-1.2763456140500111,0.5018494649014241,-0.5274887801147078
Taxi 5 (2018),-1.820240293909223,-1.4112774285753455,-1.3906820234132928,0.018498239943412265,0.5149834292347953,0.32681942264179253,0.7678834328167414
The Swindlers (2017),-1.6310230507792236,-1.6872116021449814,0.3207249670761531,0.1798633669207233,-0.13739900273989586,0.6238796065290796,-0.046010658451213944
The Eight Hundred (2020),1.9579861371542926,-3.1096727961227124,-0.4756921568770102,0.7763925875724652,0.9216942753539046,-0.8964030601102256,-1.438996524895204
Triangle of Sadness (2022),-0.24966970449509576,-1.3110149828195001,1.4487304889611747,1.4634502154343316,0.09474495145465134,-0.5372697095374604,0.39302813512074747
47 Meters Down: Uncaged (2019),-0.9751813688469274,0.7532444950120089,-1.2957592695339257,0.8339373300028099,-0.005883800461710858,0.27309687531885046,0.5643712142096491
Uncle Drew (2018),-0.3911653538505846,2.4049299745943435,-0.2939200082698355,1.5643519821278864,0.10184083685831606,0.6211590018511155,-0.01930684991251056
I Can Speak (2017),-1.6822989137760473,-1.8185661943989466,1.0043902908529057,0.21999290055268775,-0.5941184892864495,1.0032752506835025,-0.3258796298277427
BlacKkKlansman (2018),0.8137283837213488,0.27648557229841175,1.5159009426991827,1.2664109479499173,-0.19222270369444255,-0.2630068569282028,0.3755308848258806
It Chapter Two (2019),3.6856649120896146,-0.854601686315437,0.48653889585755017,1.4284538009430596,1.539763446947921,-0.04242704001503333,-0.09860804805298941
Dying to Survive (2018),1.8061972188764106,-2.8416176354747815,-0.36560569068382287,0.2142765916965969,-0.6327972287788797,-0.596539202833937,-1.7423526525224236
Warriors of Future (2022),-1.8622295819818409,-1.7361696556110318,-0.588685899896623,0.7340815577993267,0.13215057670160604,0.4073136846214576,0.522002215669222
"Paul, Apostle of Christ (2018)",-1.0194387721141809,1.3263139515243512,0.40147222533981713,1.2642562583386399,-0.2635641215865705,1.273105943860139,-0.12866972500225196
Instant Family (2018),0.7231539674219938,0.5693348287127564,0.6649007458715378,1.2376034200832369,-0.46772794047805444,-0.4274661769224688,-0.30695752291691486
A Man Called Otto (2022),0.9875212941767679,0.35384668246245715,0.9125653173595565,1.8503294831780108,-0.5147586276390393,-0.7374351314768526,-0.07400505310090005
Teen Titans GO! To the Movies (2018),-0.5747922016236323,1.071430896405347,-0.31610302090765846,0.8928530772757655,-1.1062634287228217,0.2799220215177665,-0.17324213799818755
The Bob's Burgers Movie (2022),0.06608120570179073,2.240394243067933,0.2614666505851469,2.2294464926691977,-0.7718013900160061,-0.20361571895284447,-0.4174621433827987
777 Charlie (2022),-1.298265810140831,-2.5167249308928508,2.711108866271207,1.4073721433425712,-0.10103761250896855,0.937800136094817,-0.5576308283113016
Sink or Swim (2018),-1.3539089087369038,-1.841417113333349,0.49445984626229106,0.3487093497932245,-0.23599007774814576,0.29552336035604854,-0.14592921263662412
Super 30 (2019),-1.18338011205391,-1.8872999051520432,2.0399869036201626,1.0193267916158746,0.21354626195999238,0.7823028869237312,-0.43430981191294976
One Hundred Thousand Bad Jokes 2 (2017),-2.4372076456355645,-0.6513050755349717,-2.263995143530377,-1.1219770512614529,-3.695208612146928,1.1576085949693897,0.37284469525704006
Masquerade Hotel (2019),-1.347124312201777,-1.9530627002341192,0.3332793402802359,0.5995730502889872,0.4488355734792044,0.10993829928476366,-0.041656225270491
Ron's Gone Wrong (2021),-0.12130139810876976,-0.08923489507362672,0.1595250263139689,1.3105244465170893,-0.8133856406256796,-0.7785314613865937,-0.2884084999583499
Despicable Me 4 (2024),5.9006772810941275,-1.4760234953407094,-3.248820164795858,1.0168393281852266,-0.32645105244230366,1.3536869715094146,-1.7630743409358838
Golden Job (2018),-1.4908881828055875,-1.480100605231494,-0.8783060121924381,0.10246142001388717,-0.10639890351498088,0.020460444341172713,0.2950775384400058
Like a Boss (2020),-0.4439620829523149,1.9190204138870923,-1.7096402786435385,1.3648322434093612,-0.02469894090874058,-0.7931334665881309,0.45067743359866147
Dora and the Lost City of Gold (2019),0.18257235126967686,0.5691346467374846,-0.6257484919209203,1.0929930618202857,-0.25078251344452773,-0.3826417316406453,-0.12635157551245962
The Knight of Shadows: Between Yin and Yang (2019),-2.0679610696840243,-1.5540516967013611,-0.9307988329898549,0.24966778612986293,0.5036615413878069,0.8061021519687553,0.6665248113666687
Sound of Freedom (2023),2.181516047576751,0.8418376666273772,0.6636802973196259,2.2818809546989227,-0.3048143115725599,-0.1785086917623349,-0.6466582402670166
The Wandering Earth (2019),3.028963205001849,-3.2673663597055733,-2.031010144697584,0.15694505029255154,0.8147115708860999,-0.08689095298630893,-1.536522063441733
A Dog's Way Home (2019),-0.1666707021559915,0.6886172042792819,-0.2444794218983421,1.0988651178011488,-0.7802126752576185,-0.17375153323676282,-0.2862880081625672
The House That Never Dies II (2017),-1.9698228831180642,-1.3346600929949417,-1.4731099919020978,-0.14092662141664256,0.4307142731820228,0.4405167380973436,0.7227533896158697
What Men Want (2019),-0.08286771250356652,1.6310240125906956,-0.45270911709708755,1.6082602346038106,0.6740247787263228,0.021980940093608643,0.12750665426961552
Total Dhamaal (2019),-1.8302242060400475,-1.3119747458655542,-0.8689148344756937,0.5815997244012675,1.5772238427553273,0.5770432419871837,0.8280724531897156
Gintama 2: Rules are Made to be Broken (2018),-1.5876077213708553,-1.9181927518548905,0.5418109017289039,0.46035394348992437,0.4589787456211311,0.5775786585487688,-0.03127500802039941
Namiya (2017),-1.7019542077111,-1.5712847318661172,-0.6923002597690012,0.10876798594870285,0.6641848806592067,0.27528414553538944,0.4183148271542928
Death on the Nile (2022),0.7144554739615316,-0.5569904629410678,0.024528313771367834,1.4175790805707722,0.15010639079071036,-0.9146761164512566,0.43164221050806234
Searching (2018),-0.0034194840218146516,-0.16495356457188676,0.695343998100954,0.6967853430296415,-1.2415781207332905,-0.10813344013433616,0.10417314477815326
Won't You Be My Neighbor? (2018),-0.578766182798165,2.565040861407783,1.384008234201879,1.6749468637013718,-1.5591121887387043,1.705059960930648,-0.7500689843600434
Birds of Prey and the Fantabulous Emancipation of One Harley Quinn (2020),1.455727849994274,-0.062108049878247314,-0.5431381114005629,1.01238545809842,-0.22037587554151344,-1.0097203055767399,0.6003931853028079
Bharat (2019),-1.4761398945698514,-1.514477099077233,-0.17808525653378754,0.8304817511372449,1.9434225560723122,0.328182554683776,0.6724018819061109
Badhaai Ho (2018),-1.446024566251504,-1.9517104381995194,1.369999330360873,0.41688839246119375,-0.6983006462679072,0.8575239268717781,-0.3245008409799334
Code Blue: The Movie (2018),-0.9123143999855458,-1.9133163630507326,-0.08976436989538106,0.4124108703198106,0.42299144699913593,-0.4682340732828799,-0.151771866177614
Stuber (2019),-0.7957321434437205,1.5173382727231863,-0.2453633945758736,1.2330908735024793,-0.5553777286689738,0.8079041674120241,0.18777495676839062
Greenland (2020),-0.22420040414551817,-1.6309342813640209,-0.045126844210829846,0.6711126966637686,-0.19976651040376367,-1.5858877888091385,0.42420612911663347
Goldbuster (2017),-1.520523180556208,-1.28309467869344,-1.8977033521625757,-0.18931833129382653,0.24169187733456912,-0.3440204944748931,0.6218679282998201
Die Känguru-Chroniken (2020),-2.1883187293525865,-1.3850324101542228,-1.1456004276155074,0.21202086501117964,-0.19684092539672274,0.7846103850027738,0.7349268750417146
Brightburn (2019),-0.8502080121553482,0.8558666284575659,-0.3741860333283094,0.90345703238173,-0.6794736520931068,0.6410919645357539,0.5345203452681604
Detective Chinatown 2 (2018),2.1153264473471496,-2.880428253266384,-1.615619612957286,0.11879594005319459,0.533754125791658,-0.49221843732531556,-1.3846958221869266
Free Solo (2018),-0.6585018826499893,0.8954053144780924,1.203570046234815,1.1009159898837895,-1.450433277891523,1.055630617967871,-0.3719283515432022
Hereditary (2018),0.7986806760406119,0.47252088192293856,1.4398496030917185,1.123156341232442,-0.3903179038659981,-0.06135581794184131,0.9762541351777059
Hanson and the Beast (2017),-1.4942992661222487,-1.5547468001883955,-0.8453966178405918,0.06408767287762519,0.42028573758705906,-0.07885449895430405,0.3282448806279198
The Ex-File 3: Return of the Exes (2017),0.6313350935546501,-2.231621837412842,-1.361012332847687,0.10042552375580303,0.7425801281959195,-0.8913510843634351,-0.5905700865327865
Detective Conan: Zero the Enforcer (2018),-0.662733338506047,-1.8618945696765885,-0.4070610187102366,0.2962902121127753,0.0029550273591572845,-0.7825485584557372,-0.2518592785838394
One Cut of the Dead (2018),-1.6027039051642722,-1.6933438850762812,0.5262339644620004,0.08542305543360483,-1.4192431423584126,0.7862303309621193,-0.20960285115820465
Bodies at Rest (2019),-1.9439954347353088,-1.4503602559517577,-0.8942280541276011,0.1267406365161024,-0.3226714915646497,0.675319765831746,0.47558225609073
Animal World (2018),-0.8983911010284056,-1.979385164154641,0.19848205989333356,0.49325890711068554,0.43214694642923546,-0.3917933764118638,-0.21683615672644935
10 Lives (2024),-1.5420973631859791,-1.3802669247901733,-1.0871665827928818,0.8461424196282703,-0.8870873811182616,-0.16019319062891232,0.4859485680806683
Dragon Ball Super: Broly (2018),-0.018274878653785246,-0.8027697903222907,0.31800616768928724,0.5936338280841731,-1.2651411834474222,-0.5493360750809446,-0.755900713786887
Till The End Of The World (2018),-1.490891372774907,-1.7767743972708534,0.1915858301738345,0.3213459015390951,-0.14579822896459357,0.3426377651855149,-0.07954716983807611
OSS 117: From Africa with Love (2021),-1.703644957218389,-1.7449202104060952,-0.331262217236611,0.6577953475113967,0.17039787390141525,0.24150156113181673,0.39202321366211024
Jumanji: The Next Level (2019),5.523073957401675,-1.1874019186527764,-1.394391699465034,0.6865209838814436,0.24966235198714762,0.9321251083210073,-0.7731668388052149
Operation Fortune: Ruse de Guerre (2023),-0.5992092837679339,-1.149460045459971,-0.19564771086114702,1.176175892156206,-0.3066800266379446,-0.6206129404365497,0.4281534201766332
Asterix: The Secret of the Magic Potion (2018),-1.3895402947467723,-1.4061695383276689,-0.4324591011544617,0.020057308271471803,-1.1538005287151105,0.1595450078440136,-0.022949922218989133
Come Play (2020),-0.5364815929240061,1.9525541317330526,-0.5531362449149918,1.6273692016027304,-0.24050787727792194,-0.19151749579292993,0.09287986244306161
House Party (2023),-1.287877407805258,2.6354020367622564,-1.1713891375833787,2.1542666323488833,0.689396658916102,1.4431748255452215,0.7357410732361895
Boonie Bears: The Big Shrink (2018),-0.9114443715852361,-1.5492929285746389,-1.3815655857175455,0.01305061463677319,-0.38480850102997244,-0.7666191932867418,0.07834311156375914
Spycies (2020),-1.8318483476390233,-1.4900488622667873,-0.900984388816399,0.3313047590097455,-0.17817028564539605,0.1324355003330199,0.5139457618641242
L Storm (2018),-1.2945794892817892,-1.512375178126421,-1.0339920997151608,0.0687873109650895,-0.19510724536358473,-0.2319271940178807,0.22616285535114855
Jurassic World Dominion (2022),6.58950959984631,-1.8619242484774963,-2.2384760754084336,1.1838281281508736,1.6225800288423624,1.396073012384175,-1.1610344114884281
Shoplifters (2018),-0.5903402295508333,-1.8416556859687585,1.123100533163483,0.45206574958393336,-0.8496977835944645,-0.20857178852670838,-0.4026314023833572
Amazing China (2018),-1.79577235884125,-1.0777221168094746,-3.677033353423869,-0.20081574843731764,1.8073090335712185,-0.46870478498635537,1.6123173899687462
Little (2019),-0.41488370419413495,2.030741773416451,-0.439429925426188,1.6373621082102274,0.40379860605811413,0.43143044931793767,0.10435662570618462
Fate/stay night [Heaven's Feel] III. spring song (2020),-0.8375617247603906,-1.905042488665112,0.9271192868714685,0.7800278040490151,-0.9230001641318468,-0.8781579207546918,-0.5853343200910188
The Woman King (2022),0.7438514945961213,0.8842581318889297,0.6779451989035,2.1811084246529786,0.20786226537270552,-0.6726124592023414,-0.32994855758462005
Turning Red (2022),-0.8198298378108518,-1.2785503794899469,0.08305428860741934,0.776725796107936,-1.1223611809253808,-0.3708453272347812,0.6161610497673973
Nobody's Fool (2018),-0.7478417517834325,2.5594000974671576,-0.5509786581296745,1.6267087343858602,0.7976452352576975,0.9942661031233265,0.281756700669538
Doraemon the Movie: Nobita's Treasure Island (2018),-0.895301306261126,-1.7993900340708997,-0.20967453568905217,0.2336679908550552,-0.4483738774512177,-0.4759326520810944,-0.29101065137046733
Andhadhun (2018),-0.526912309579937,-2.117116060072426,1.7596797300211957,0.6262972043423265,-0.4518640466580791,-0.12614314161209148,-0.4221813091837737
Stree (2018),-1.6166060091771346,-1.939099572354907,1.261185125279302,0.42008001826245545,-0.3443063702637996,1.112976757398423,-0.12356587209996882
Pokémon the Movie: The Power of Us (2018),-1.9271233999693207,-1.4512555683192743,-0.1980122314237809,0.11320583223770128,-0.5129186319471992,1.0026403313030512,0.16542822094649676
Tanhaji: The Unsung Warrior (2020),-0.39023634706830285,-2.0987610387588855,0.9300912043437962,0.9165881150264069,-0.2291070068473069,-1.4077132406914077,-0.48077009299477197
The Many Saints of Newark (2021),-0.8094928635314348,0.9590234626126657,0.4005401029896019,1.7065202192193634,0.1134926134433693,0.627769121203456,0.22807251028344291
Bodies Bodies Bodies (2022),-0.6791307467902841,1.9365050098298282,-0.19595142085013403,1.8307172686823645,-0.6135799871990012,0.6606804188466762,0.34446202829276407
Along With the Gods: The Last 49 Days (2018),-0.3925534975368853,-2.1281774419209163,0.7924943969214637,0.664907556601885,0.3128328735480761,-0.7713287654214122,-0.6007672696179659
Dark Figure of Crime (2018),-1.6828055685701406,-1.707004158827468,0.20118757710700041,0.2235944642655459,-0.44365026369901617,0.6823998877149882,-0.025313085617070387
Happy Death Day 2U (2019),-0.38590125508510104,0.37189542363234906,-0.3387432692719143,0.9370563159164631,-0.4411933798789619,-0.08409998888764672,0.2571632885334311
Raging Fire (2021),0.3178637181781616,-2.2949204750091527,-0.43820837770214377,0.808731700296882,0.13228888453772844,-1.210526111003448,-0.5967036992280578
RRR (2022),0.9520798320419585,-2.590637160927904,2.131789755685235,1.7168932457774355,1.11290196326322,-1.1001892890235472,-0.44408210497757045
Long Day's Journey Into Night (2018),-1.166655205917461,-1.9967161806268727,0.9544453493473329,0.5949976425539887,0.20324412040367168,0.12160859841969761,-0.33229941949642156
Overcomer (2019),-0.32394765858054514,2.138866102978541,0.6373300970366972,1.9223128728224395,0.04614839207921934,0.7289020964083981,-0.3894645649833819
Cindy La Regia (2020),-1.9531444205088615,-1.6250794527509365,-0.266769339174012,0.4482148059678166,-0.14328845600686266,0.6966625291639141,0.3694273926821389
Little White Lies 2 (2019),-1.6921572154957012,-1.9282450108702271,0.6064901445856564,0.5774086257403164,0.36933104719087717,0.7995578021675269,0.06049958083530075
The White Storm 2: Drug Lords (2019),-0.14738200546227964,-1.8747374674055373,-1.209527333283703,0.21880295455110793,-0.3397703890111419,-0.8351127417577526,-0.31423163865840703
Capernaum (2018),-0.5088270061887892,-1.9838411828045204,1.5815235741145584,0.49588299887096493,-0.9943100421018253,-0.1389236500001266,-0.43975659023246016
Vakeel Saab (2021),-1.3631209260932386,-2.1772940652743125,1.2007442972709281,1.1301632940727304,0.651531749367098,0.2471573559417716,-0.09830423301854041
His Only Son (2023),-0.8562491839136892,2.1270658162816125,-0.19441203264252094,2.223342196133208,-0.02436122213329507,0.937657790588312,0.11758170196907546
The Spy Gone North (2018),-1.2382720617485783,-1.9845442581031536,1.1261576091591976,0.5832547314763017,0.03589947819653846,0.3316215039795541,-0.3836736967672616
Uri: The Surgical Strike (2019),-0.7982576246706153,-1.742666673801611,1.8093870987963823,0.8880154046213895,-0.4738195228277394,0.26786589763606145,-0.45709731764649575
Pain and Glory (2019),-1.0501942714725419,-1.3594482629180307,0.7898066090388444,0.5984633809823839,-0.8545688933182193,0.32159870855482875,-0.15598071074749895
"Hello, Mrs. Money (2018)",-1.0855837526115883,-1.6282646972045263,-1.451962417185609,0.205541960243418,0.896760779101702,-0.6571848504995778,0.42557544526047264
A Quiet Place Part II (2021),2.4067529005305532,0.32282241637771675,-0.28583612835204925,1.1996251260660062,-1.1938884098209146,-0.44365481059348827,0.16898780203141303
The Lost Prince (2020),-1.773718477559831,-1.4967331550447651,-0.9402833059627203,0.3564180654184564,-0.061851177016457946,-0.01106616736042129,0.5289877221798452
Annabelle Comes Home (2019),0.9325452387363619,-0.39733554580375546,-1.0037175999779324,0.7748279782325234,-0.046593381405436986,-0.619900506009458,-0.07027087567422043
The 355 (2022),-0.5422418222654746,0.5374345721037951,-0.2876618336281827,1.7338754417218074,0.5191174602276821,-0.3873809883090779,0.30243318607646663
Baaghi 3 (2020),-1.5951965164539414,-1.3507080616931424,-2.11737828589048,0.7797474701328238,3.109180301746025,-0.8963117565341894,1.4983928215971802
A or B (2018),-1.2348296043089695,-1.3978872558766449,-0.8181406194234954,0.29926729541150293,0.4732181692512907,-0.24293302577523526,0.35600126189925474
The Gentlemen (2019),0.9233944138357588,-0.5290619683681342,1.2078674018145354,0.7583135456708835,-1.2055370215624497,-0.3985649612861377,0.8946460798259263
About My Father (2023),-0.9775860166741885,1.343289126049543,-0.7512409721754061,1.7063004037647935,-0.5392366196970312,0.5095180737236589,0.30381431874991155
Peter Rabbit 2: The Runaway (2021),0.26138176008830266,-0.5011373776809027,-1.115495183369202,0.9242575879819253,-0.6941484863040359,-1.0250611369591578,-0.23823791240148728
Hitman's Wife's Bodyguard (2021),0.09101003959890085,0.7463644311560874,-0.5013515394939444,1.3833656236477494,-0.44393844915180153,-0.689116765931337,0.31003039636505203
A Dog's Journey (2019),-0.26340773424625774,-0.46992178408459173,0.42177687221142907,0.9176389789301659,-0.8599480024563462,-0.3296315140046544,-0.459984239582784
Snake Eyes (2021),-0.2279202220267546,1.3366699616600197,-0.37785533643208963,1.8568023821674955,0.688547638924271,-0.38981971447388686,0.26703353806029156
How Long Will I Love U (2018),-0.4189586299053486,-1.8056349614400256,-0.753487235525337,0.1682314619346281,-0.4901841701142253,-0.8801163455852841,-0.3726209305531788
Hidden Man (2018),-0.7326625954820801,-2.0451578396473002,0.2511356644916058,0.5565274525495066,0.5888419807178165,-0.5887106840169627,-0.292896058344737
The Faces of My Gene (2018),-2.28592769421639,-1.2370825823001528,-2.1320365774535732,-0.10107677937819642,0.9189392799243461,0.7046558884176579,1.1737046974678835
Bob Marley: One Love (2024),0.9104908862263684,0.38710667099823687,-0.8347259971170278,1.8646303058566125,-0.2863766908428257,-0.7098435574977074,-0.2557437182094548
Hello Mr. Billionaire (2018),1.0473091823439795,-2.4697812602696847,-1.2081998079734793,0.19352653965123004,0.33556419049635583,-0.7578602938357126,-0.9207216816422862
The Witch: Part 1 - The Subversion (2018),-1.660181537595209,-1.8830786525293717,0.8665497049172981,0.38197060040104935,-0.2239203663681134,0.9324520000777887,-0.10584691585796467
1917 (2019),3.7513758256578353,-0.6486978936772144,1.2396572942816797,0.7003930994458463,-1.287732635204762,-0.13849639054480517,1.2470123798150528
Teenage Mutant Ninja Turtles: Mutant Mayhem (2023),1.1814728010373194,0.8870671878023757,-0.22138876151784356,1.8425204556710675,-1.067890299178045,-0.36495941445383984,-0.4784285480299601
Hammamet (2020),-1.7465239414245735,-1.7560316370190863,-0.06914291439794233,0.6390417812138582,0.495217006983298,0.3155698524490803,0.34957985625226606
Violet Evergarden: The Movie (2020),-0.6603011122557951,-2.2194226083456643,1.6525987624620302,0.9893590305831128,-0.5677041569604887,-0.9613528079125228,-0.8132386986609226
The Specials (2019),-1.7594175651182675,-1.8398246841510908,0.7850815928928109,0.389502641528422,-0.7671782778666818,1.0688968662857152,-0.14455642503160088
Child's Play (2019),-0.6727380594019209,1.4237634949029088,-0.7238208469420523,1.1269409996396138,-0.3752097801088992,0.45804978904505544,0.3556607546003357
21 Bridges (2019),-0.42901029346962033,0.9114108868931221,0.008895337031064366,1.1492400257968598,-0.6575687173017695,0.2524747553931096,0.07341282653075837
Queen & Slim (2019),0.009789446257968633,1.9774086600707785,1.1754316446223334,2.0765957612112076,0.1944543448813541,0.5848099501795171,-0.4923468078176734
Clergy (2018),-1.4420826382523968,-1.95960155903726,1.0891879345350644,0.5099438479395239,-0.08107882133921297,0.626710513117185,-0.29158291860254726
M3GAN (2022),1.1432100149433317,0.4582880211855575,-0.6502662998214856,1.4637032502673701,-0.5190342068244763,-0.7478096280893081,0.18723147716682337
Midsommar (2019),0.49329221903261755,0.38387876281488215,1.960218384412613,1.46603658172126,0.31986870781733556,0.3539204786650915,1.2467236544463935
100% Wolf (2020),-1.4393233105596415,-0.9698618493179233,-0.9525314517309211,0.5147326110335767,-0.3277054662428703,-0.3413032148116488,0.44038937247927035
Meng Chong guo Jiang (2018),-2.0521853969323622,-1.3189384050477737,-1.6099065071123693,-0.016645875187505977,0.619026544144552,0.5616334185573361,0.8970296309548448
Last Letter (2020),-1.7483855045866927,-1.8701408289682733,0.5577887084076558,0.6069673344986452,-0.33809904660922396,0.6189885507613538,-0.05153841388479933
T-34 (2019),-1.2427501961454541,-2.0145359401541594,0.8011686760031375,0.696325799468519,0.352588132498805,0.17077893204370476,-0.13252466796597387
Hit Me Anyone One More Time! (2019),-1.5612824811030312,-1.8727700069413484,0.19355037790981292,0.5162478383253379,0.3251581195765783,0.3884390585245726,0.06063929164220486
Fatale (2020),-0.8743283435173236,2.3361651676960937,-0.4381421052449614,1.7778473181601853,0.16578673586583323,0.69087675446155,0.2376016997599006
Fat Buddies (2018),-1.8477901544033926,-1.4718491862284555,-1.3981911472411945,0.11628639980803915,0.8817434266807835,0.2727076230167442,0.755178199176391
The French Dispatch (2021),-0.11646661407283405,-0.2069501744253129,0.37303504623819717,1.1829905826777503,-0.9008375696324992,-0.6331597758049036,0.2475720137516979
Pokémon: Mewtwo Strikes Back - Evolution (2019),-1.8576433755481918,-1.5434799572734434,-0.7329956594634347,0.1633263728298029,-0.27765719513186204,0.5632528225597172,0.38910673274035285
Fly Me to the Saitama (2019),-1.6209882626032044,-1.6922285684254397,-0.22194560816797418,0.29589047291105447,-0.3772755213916822,0.36720792396003676,0.08113514329706983
Transformers One (2024),0.6439610229149498,-0.015765437452046453,0.11960574613151477,1.7966239170732452,-1.2429855504658185,-0.8526008558792794,-0.5867521375884965
iPartment the Movie (2018),-1.4202157672011588,-1.392284930689699,-2.59176230812941,0.13746492292664195,2.1599485204540514,-0.6196138592333233,1.2026953711387391
DC League of Super-Pets (2022),1.1956200128572463,-0.014882999359449159,-0.3561117845368937,1.4528759508403781,-0.7856102573207179,-0.7476342052312486,-0.4557568453628025
Military Wives (2020),-1.8268417191328108,-1.494210933515004,0.13968859305558612,0.5546459561231849,-0.3581687596463261,0.8301243792796823,0.25535405874698003
Radhe Shyam (2022),-1.3595681503152224,-1.4197163281870275,-0.23753866351300293,1.1949409707124914,1.1594301199150974,-0.08270191808160306,0.584035752513023
My Boyfriend's Meds (2020),-1.6446975549075034,0.5207791493511936,-1.2098617088437118,1.0041987000828119,0.5292419295943903,0.6818125060720572,0.6793936296671824
Panga (2020),-1.6999827698841763,-1.4446543218660157,0.8406320590038263,0.9002479755450565,0.13456167118591508,0.9761602292799956,0.004445721883140127
Wotakoi: Love Is Hard for Otaku (2020),-1.5169806741944811,-1.623118623163024,-0.8364874323753257,0.5256712530228016,0.44230185451707044,-0.5459758391475761,0.4446322465121949
No Manches Frida 2 (2019),-1.7242041787863365,0.04798411251133597,-1.4062721272151733,0.6750580075188863,0.7732412406100995,0.8083166694800388,0.7866608652024247
Unplanned (2019),-1.0292338484037724,2.2238295962799897,-0.20147229892740587,1.6473659806579457,0.4281224565039709,1.411390736347848,0.2528667170569958
Eternals (2021),3.2238805037877722,-0.8718252430304361,0.2849670761438783,1.4639728204359612,1.0922030366919333,-0.36126035417553637,0.5457022098058391
"Lost, Found (2018)",-1.4842779986207655,-1.6474426501134216,-0.2447335713402434,0.1572575674456791,-0.5496318962089309,0.19209104903382426,-0.026587561017133384
Cry Me a Sad River (2018),-1.3085570028316351,-1.6740055946306347,-0.3305076409327632,0.1860254548635879,-0.43040956552256854,-0.08203194375518366,-0.05452303752162979
A Piece of Cake (2020),-1.8984736523195085,-1.1239045470649143,-1.0085037456545018,0.18815590677558255,-1.114762067525238,0.46320698759534007,0.4711562578596907
The Vets (2020),-2.201555794421594,-1.46669654247724,-0.740735019697817,0.2144654275265766,-0.5491098330752107,1.0156339232105336,0.5294181923745537
This Is Tomas (2019),-2.1362529470671205,-1.3878583824963262,-0.9231198753335063,0.03562720953682329,-0.5958194497613883,1.0221562153297428,0.5101893251715564
Gretel & Hansel (2020),-0.4272154471820588,1.630599982385012,-1.055987542043543,1.3689192535974986,-0.3916864163312026,-0.6903235742781479,0.27432785478312044
The Rescue (2020),-0.26780452847911124,-2.0030762494413263,0.6751132574490681,0.6553856184744918,-1.540566135894014,-1.5084401110232766,-0.8350168903816563
Black Panther: Wakanda Forever (2022),6.556981929935387,-1.03373908685909,-0.7181607902991797,1.6737139274474933,1.3459719061647084,1.3155424199328363,-0.7765049400364349
Brahms: The Boy II (2020),-0.6899249197423455,1.4588529529750445,-1.621957995804443,1.2211153387205318,0.03115813416969583,-0.6859675798827266,0.5514535018372178
Lindenberg! Mach dein Ding (2020),-1.5917329404798506,-1.9560768816450373,0.6740957852471237,0.8201841273232843,0.48442265583384225,0.3392159159822842,0.04926619512498951
"Are You There God? It's Me, Margaret. (2023)",-0.2656845185150392,2.1822982276438556,0.6717120084981104,2.3861546665104334,-0.846428483507915,0.5302808973822876,-0.3697801945000128
Three Thousand Years of Longing (2022),-0.7000279049361195,0.07844127561727281,0.1578604110359144,1.4290877934555242,-0.5954921519398696,-0.09705034086104108,0.1499166463195738
Skyfire (2019),-2.000678737126441,-1.4790760444397324,-1.03089244825832,0.142622812314992,-0.04177394173629759,0.674962752143537,0.579817742596183
Bigfoot Family (2020),-1.4164820208248237,-1.199438043644449,-1.0375423381811644,0.35932100960505525,-0.6821161474219197,-0.5542813595829343,0.39467490804507155
Impractical Jokers: The Movie (2020),-0.5239363882915014,2.8292248887569937,-0.5968922973106783,1.878451489372237,-0.23182931142347912,0.17741642720491158,0.043857354191185964
Emma. (2020),-0.2625798031170152,-0.06905234228135206,0.44190533453332165,1.3641942387779287,-0.060618585167266585,-0.9369105474013221,-0.05345045957053585
Gladiator II (2024),2.9901267589622322,-1.1552831182303274,-0.17932514336714175,1.8380233053584851,0.7192290686062529,-0.29164783663372307,-0.36143135009196165
Meg 2: The Trench (2023),1.7748745634911771,-1.3676965671868102,-1.989696926020817,1.0894159469253257,0.7147690638866329,-0.5352057738671558,-0.05388663399967485
The Green Knight (2021),-0.11784086417329745,1.9533248091519024,0.9383163430347846,2.2352185931073283,0.2844875195514742,0.39439709717323423,0.1556211696637699
Prey for the Devil (2022),-0.6155950835631588,0.4865664668937649,-1.273883469797959,1.3029166504532728,-0.20352964104511048,-0.6296577059780896,0.3828770395231555
A Cool Fish (2018),-0.4342012676875291,-1.8931105817202674,-0.19741351470481933,0.2898250277247828,-0.5451121695427597,-0.8611168911886854,-0.5257702419026711
Mama Weed (2020),-1.913396584775486,-1.6087351705807391,-0.19432124823425434,0.39878442949687093,-0.47807725390280953,0.6792118449571853,0.2776799824951796
Divorce Club (2020),-2.0443481790368065,-1.5650097657357351,-0.6819794588270116,0.3885101166112189,0.16575039606976144,0.6617580624628198,0.5932368859431101
Fukushima 50 (2020),-1.6267618710806968,-1.7962382120341165,0.019125997509491104,0.6187702860156881,0.1751580297190534,0.08452338154047546,0.1828229051949906
Let Him Go (2020),-0.3297876195766587,1.9734794762921428,0.49181289104981035,1.9381917807963864,-0.22810979034738738,0.05496651246245583,-0.21812018857096424
Dear Evan Hansen (2021),-0.453958587479164,1.447327784669706,0.5703335169017006,2.1691553287688894,0.8186712814004036,0.23698697640529715,-0.06664076676374162
Spider-Man: Across the Spider-Verse (2023),5.8576697091843135,-0.751853991494217,0.5991400197726179,1.7306632166111804,-0.5849295340206535,0.8573201857474281,-0.5940192094357005
Blue Beetle (2023),0.6457666632941668,0.41006698260806723,-0.26270814904235407,1.922277518586157,0.4710616146361681,-0.5902951809253764,0.19532600229342062
The New King of Comedy (2019),-0.8758774269100561,-1.6556204037332425,-1.0085297488255556,0.16618254974360352,-0.7637149515025504,-0.63515989045717,-0.09446044647668933
Shang-Chi and the Legend of the Ten Rings (2021),3.807978268376442,-0.2904254742252293,0.4130787457251721,1.3859744436807198,-0.21964763375797003,-0.10263887194146389,0.4017191467875627
Pushpa: The Rise - Part 1 (2021),-1.1605716460059845,-1.7957612549410633,2.536422425471546,1.6103811284075673,1.0535378923319856,1.0757056527804325,-0.06684424000102603
Kill Mobile (2018),-0.9711923700799736,-1.5232030072091505,-1.497645560302348,0.0008506822858588896,-0.2693569599181416,-0.7305927106276542,0.16310358207735054
Where the Crawdads Sing (2022),1.1804375672178642,0.610910718262263,0.5674638543323851,1.9320194672538047,-0.3133801495744924,-0.6658990540641102,-0.2254098550367753
The Unholy (2021),-0.7911384016867266,0.7575539543187324,-1.1074543548442204,1.295557487933015,0.14093450676572733,-0.26516360666276906,0.5016282746934555
Doctor Strange in the Multiverse of Madness (2022),7.110574919982106,-1.4554007706024967,-1.340688175268736,0.9598790512361203,0.01926384093363981,1.467385355518377,-0.27377485528327583
Weathering with You (2019),0.31828175596127994,-2.044014755037961,0.1476083468130899,0.44542311139682106,-0.8522853370998741,-0.7946500266539692,-0.7250175521441728
One Piece: Stampede (2019),-0.7366090127083259,-1.8106050161602245,0.1836444495021303,0.3571517602994039,-1.2171218889133941,-0.4830969791412788,-0.5602872199701499
Mojin: The Worm Valley (2018),-2.1604850172128285,-1.4927271872379677,-0.9118685363843531,0.12112535931790015,0.6305313809153487,0.9983357088004601,0.6915047007010571
Detective Conan: The Fist of Blue Sapphire (2019),-0.6255853252281756,-1.8905452318849154,-0.5366676620480907,0.35282647269792317,-0.26147167833273244,-0.6826158875044193,-0.27200406010214806
Digimon Adventure: Last Evolution Kizuna (2020),-1.1044258036398917,-1.7047407349349817,0.12745443167356105,0.44382221806724814,-1.5061768368067525,-0.7580350494276343,-0.3898757440535914
Ala Vaikunthapurramuloo (2020),-0.536154610546481,-2.287914463667824,1.4897079178632175,1.2079409829418881,0.7293477941511716,-1.169919524443058,-0.458016931007775
Extreme Job (2019),-0.4044195760685704,-1.9310057587546428,0.013534458301201169,0.4415727111292204,-0.6586689454348426,-0.687333371324501,-0.519240898439193
The Confidence Man JP: The Movie (2019),-1.6826638424029068,-1.8171764046682868,0.3196709209204179,0.40897263647589605,-0.30040726810793794,0.662371541461702,-0.041022898643079835
Integrity (2019),-2.020070262820505,-1.6175220512042014,-0.4558833963902534,0.3211582367598245,0.35263367953457614,0.953562399197556,0.4968212074890623
The Big Shot (2019),-1.2772103257410992,-1.6828881078270777,-0.7171037321660135,0.327263733618252,-0.024381699464778635,-0.28419777479784525,0.1487473358445451
Shock Wave 2 (2020),0.32121641511450677,-2.201118789814908,-0.4858217242964554,0.6327018466131566,-0.08309343699495277,-1.370851505802377,-0.6547071522205113
The Secret Mission (2019),-1.7193860255839475,-1.9571593216533096,0.9164204951062462,0.623451505269702,0.18532035447968162,0.9862084628352238,-0.0822901786525356
Mission: Impossible - Dead Reckoning Part One (2023),4.054436702543603,-1.957740219899067,0.5584873790092663,1.6705449368240728,0.6413989822332594,0.031206797707099575,-0.7795329754812357
Chhapaak (2020),-1.6858263204488793,-1.2897430257972298,-0.3697871595234271,0.694385636238869,0.5754746805650148,0.34550547012845223,0.5745572968273573
Adu (2020),-1.5543819803673045,-1.802689582264564,0.3984971839547118,0.6290514173659242,-0.31208813334991947,0.19914377804210545,-0.005061235287143199
King Richard (2021),0.02439349533961885,-0.4361540817066936,1.4946542266010203,1.6613251776408124,0.019178840852845984,-0.5187522581758294,-0.04359547857867693
Promising Young Woman (2020),-0.09720491789123291,-0.24672245760889575,0.9583990626054855,1.1036136323754324,-0.9746189642144845,-0.6909009598725234,0.3850541979671885
The Climbers (2019),-0.3249396128751529,-2.0196799445336446,-0.8750847415273537,0.4960273629450747,0.7455027696476003,-0.9015598615393856,-0.13647167369633237
Samrat Prithviraj (2022),-1.7783483317377444,-1.9184526908432993,0.07785192427813006,0.9437141612134019,0.8196402776959857,0.6771412563192257,0.6914969725775283
Last Night in Soho (2021),-0.33225733656280076,0.1277476524531301,0.7345092420052923,1.3700965846362585,-0.5605573692209822,-0.07962157978396524,0.46692154245134326
The Wild Goose Lake (2019),-1.5715697670909614,-1.7930936502569381,0.17678901065590907,0.3988285962322141,-0.3653317284558453,0.46592883174855304,-0.015997473279198707
Street Dancer 3D (2020),-1.6362278091576212,-1.711035009112863,-1.0393123312968855,0.8038921741919437,2.3293324678726224,-0.44957234343494784,0.9963485883234126
Fall In Love At First Kiss (2019),-1.6851708655000783,-1.78192470056422,-0.13301588753796303,0.45903772388274755,0.37789500475828147,0.4598679653486645,0.23107274795697064
Aquaman and the Lost Kingdom (2023),2.34003688177179,-1.2263202676460925,-1.4910644161531648,1.2975772870503872,0.6432972188259529,-0.3144294754933554,-0.34092321633443756
Jade Dynasty (2019),-1.2952154786548928,-1.619220646954674,-0.9188932103524076,0.2562504467150005,-0.15226739226000202,-0.30887524227824004,0.20929139799569932
Night Swim (2024),-0.3186305083596481,1.0340804674139987,-1.604252447428658,1.8230678527420532,0.2708037956770178,-0.8063131335069387,0.5600719960524881
A Writer's Odyssey (2021),-0.08834541309227331,-2.212698155326054,-0.40606018815185363,0.8694447924118895,0.4152353659867714,-1.2483537411880135,-0.36981126338805675
The Night House (2021),-0.9042677151475297,0.3691059674880474,0.0747760788147129,1.3204687109599529,-0.4014137864677246,0.34088344007321986,0.2957452452531849
Bros (2022),-0.6103020497890917,1.585483456804193,0.30691841269496856,2.0541471603388595,-0.06916266128039686,0.4968309954306601,0.02173755372461391
Aline (2021),-1.6413655137476666,-1.6377635178252588,0.2475121692423456,0.8605153432428999,0.17982038033912728,0.49625547075330856,0.1755843852399441
Doraemon: Nobita's Chronicle of the Moon Exploration (2019),-1.0049687787517385,-1.856459446736626,0.015796347093097966,0.40674951078692617,-0.5106379491488927,-0.3496483601153207,-0.29093570164683596
Persian Lessons (2020),-1.7488969481015284,-1.9527319040814222,1.0823708467518265,0.6899295903239983,-0.4009416415464393,0.9668719919580085,-0.12381225371769011
Beasts Clawing at Straws (2020),-1.762279951292289,-1.7496102509470461,0.3459883699634096,0.4930534219786868,-0.7600170830751456,0.6174335783241943,-0.010116760822075993
Nomadland (2021),-0.39067845430651316,-1.2639760428284241,0.4830650585181716,0.7809029973022384,-1.1139569936387155,-0.6627033628574308,0.44151592685002855
The Tomorrow War (2021),-0.9010738495938723,-1.8157937779734714,0.9570827885680788,0.8617660542646748,0.18800137906511596,0.12829787646410412,1.0093101492769587
I Still Believe (2020),-0.44049092129076406,0.9576735349091451,0.23431110421330748,1.6204801642633808,-0.08532183562762377,-0.43732068718834327,-0.194869686238552
Judas and the Black Messiah (2021),-0.8339896369127755,1.182391145935676,1.439931179011131,1.9134309362987065,-0.31395796489034955,1.4622383506491252,-0.022766674067909304
Kaguya-sama: Love Is War (2021),-1.9993361561238094,-1.722046482632414,-0.3885221603606137,0.5878916895347035,0.11509172739137502,0.7339298531313458,0.4430238356921204
Jim Button and the Wild 13 (2020),-1.7153132198554601,-1.6567889941677483,-0.18822339218555176,0.4975486524904485,-0.23300186253704416,0.23704697248417086,0.2306873382396592
Kaamelott: First Installment (2021),-1.3579167385552462,-1.7802919586084966,-0.17052858345458236,0.7523179195023367,0.08614860508830915,-0.28693555677351246,0.17396610320147057
Escape Room: Tournament of Champions (2021),-0.3243808880673177,0.25562107814820384,-1.1470258037451349,1.0255929879815469,-0.5953434025089898,-0.8065905343914275,0.3567864921486564
The Asadas (2020),-1.1367467554530621,-1.9760775281229817,0.7955347661265528,0.7764843828781911,-0.37566389430514036,-0.5153998551798286,-0.3694636940426883
Caught in Time (2020),-0.5883988072057419,-1.6718502588725117,-1.1427168514418464,0.41151693153415286,-0.554540464953236,-1.5822726705608932,-0.08135075445254664
Malang (2020),-1.3938444948858073,-1.9221475186245356,0.5510728027201873,0.8099407040830402,0.37336516640567974,-0.0835327437756969,0.048234284199600845
Moonage Daydream (2022),-0.9108541412161707,-0.6136564676762284,1.3291258699699051,1.6381630341133642,-0.27282402450443094,0.394038062519166,-0.35941181387184873
The Marriage Escape (2020),-1.4638279576672724,-1.7169972442901087,0.39249058729482594,0.5021830461745064,-1.146892564604173,0.0555398594685644,-0.21213745197235223
